<?xml version="1.0" encoding="UTF-8"?>
<!DOCTYPE beans PUBLIC "-//SPRING//DTD BEAN//EN"
    "http://www.springframework.org/dtd/spring-beans.dtd">

<beans>
  
  <bean id="customEditorConfigurer"
        class="org.springframework.beans.factory.config.CustomEditorConfigurer">
    <property name="customEditors">
      <map>

        <entry key="java.util.Date">
          <bean class="org.springframework.beans.propertyeditors.CustomDateEditor">
            <constructor-arg index="0">
              <bean class="java.text.SimpleDateFormat">
                <constructor-arg><value>M/d/yy</value></constructor-arg>
              </bean>
            </constructor-arg>
            <constructor-arg index="1"><value>true</value></constructor-arg>
          </bean>
        </entry>
        
      </map>
    </property>
  </bean>

  <bean id="startEndDatesBean" class="ch02.sample9.StartEndDatesBean">
    <property name="startDate"><value>10/09/1968</value></property>
    <property name="endDate"><value>10/26/2004</value></property>
  </bean>

</beans>
