<?xml version="1.0" encoding="UTF-8"?>
<!DOCTYPE beans PUBLIC "-//SPRING//DTD BEAN//EN" "http://www.springframework.org/dtd/spring-beans.dtd">

<!--
  - Application context definition for JPetStore's business layer.
	- Contains bean references to the transaction manager and to the DAOs in
	- dataAccessContext-local/jta.xml (see web.xml's "contextConfigLocation").
	-->
<beans>

	<!-- ========================= GENERAL DEFINITIONS ========================= -->

	<!-- Configurer that replaces ${...} placeholders with values from properties files -->
	<!-- (in this case, mail and JDBC related properties) -->
	<bean id="propertyConfigurer" class="org.springframework.beans.factory.config.PropertyPlaceholderConfigurer">
		<property name="locations">
			<list>
				<value>WEB-INF/mail.properties</value>
				<value>WEB-INF/jdbc.properties</value>
			</list>
		</property>
	</bean>
	
	<!-- MailSender used by EmailAdvice -->
	<!--
	<bean id="mailSender" class="org.springframework.mail.javamail.JavaMailSenderImpl">
		<property name="host"><value>${mail.host}</value></property>
	</bean>
	-->

	<!-- ========================= BUSINESS OBJECT DEFINITIONS ======================== -->

	<!-- Generic validator for Account objects, to be used for example by the Spring web tier -->
	<bean id="accountValidator" class="org.springframework.samples.jpetstore.domain.logic.AccountValidator"/>

	<!-- Generic validator for Order objects, to be used for example by the Spring web tier -->
	<bean id="orderValidator" class="org.springframework.samples.jpetstore.domain.logic.OrderValidator"/>

	<!-- AOP advice used to send confirmation email after order has been submitted -->
	<!--
	<bean id="emailAdvice" class="org.springframework.samples.jpetstore.domain.logic.SendOrderConfirmationEmailAdvice">
		<property name="mailSender"><ref local="mailSender"/></property>
	</bean>
	-->

	<!-- Advisor encapsulating email advice -->
	<!--
	<bean id="emailAdvisor" class="org.springframework.aop.support.RegexpMethodPointcutAdvisor">
		<constructor-arg><ref local="emailAdvice"/></constructor-arg>
		<property name="pattern"><value>.*insertOrder.*</value></property>
	</bean>
	-->

	<!--
		- A parent bean definition which is a base definition for transaction proxies.
		- It's marked as abstract, since it's not supposed to be instantiated itself.
		- We set shared transaction attributes here, following our naming patterns.
		- The attributes can still be overridden in child bean definitions.
    -->
	<bean id="baseTransactionProxy" class="org.springframework.transaction.interceptor.TransactionProxyFactoryBean"
		  abstract="true">
		<property name="transactionManager"><ref bean="transactionManager"/></property>
		<property name="transactionAttributes">
			<props>
				<prop key="insert*">PROPAGATION_REQUIRED</prop>
				<prop key="update*">PROPAGATION_REQUIRED</prop>
				<prop key="*">PROPAGATION_REQUIRED,readOnly</prop>
			</props>
		</property>
	</bean>

	<!--
	  - JPetStore primary business object (default implementation), as an inner bean wrapped
		- by an outer transactional proxy. The two bean definitions could have been separate,
		- but this is cleaner as there is no need to ever access the unwrapped object.
		-->
	<bean id="petStore" parent="baseTransactionProxy">
		<property name="target">
			<bean class="org.springframework.samples.jpetstore.domain.logic.PetStoreImpl">
				<property name="accountDao"><ref bean="accountDao"/></property>
				<property name="categoryDao"><ref bean="categoryDao"/></property>
				<property name="productDao"><ref bean="productDao"/></property>
				<property name="itemDao"><ref bean="itemDao"/></property>
				<property name="orderDao"><ref bean="orderDao"/></property>
			</bean>
		</property>
		<!-- Uncomment the following in order to enable mail sending aspect -->
		<!--
		<property name="postInterceptors">
			<list>
				<ref local="emailAdvisor"/>
			</list>
		</property>
 		-->
	</bean>

	<!-- ========================= REMOTE EXPORTER DEFINITIONS ======================== -->

	<!-- RMI exporter for the JPetStore OrderService -->
	<!-- Commented out by default to avoid conflicts with EJB containers -->
	<!--
	<bean id="order-rmi" class="org.springframework.remoting.rmi.RmiServiceExporter">
		<property name="service"><ref local="petStore"/></property>
		<property name="serviceInterface">
			<value>org.springframework.samples.jpetstore.domain.logic.OrderService</value>
		</property>
		<property name="serviceName"><value>order</value></property>
		<property name="registryPort"><value>1099</value></property>
	</bean>
	-->

</beans>
