INSERT INTO ACCESS_RIGHTS ( ID, ACTIVE, FK_EMPLOYEE, FK_RIGHT ) VALUES ( 
774, 1, 1, 43); 
INSERT INTO ACCESS_RIGHTS ( ID, ACTIVE, FK_EMPLOYEE, FK_RIGHT ) VALUES ( 
775, 1, 1, 44); 
INSERT INTO ACCESS_RIGHTS ( ID, ACTIVE, FK_EMPLOYEE, FK_RIGHT ) VALUES ( 
776, 1, 1, 45); 
INSERT INTO ACCESS_RIGHTS ( ID, ACTIVE, FK_EMPLOYEE, FK_RIGHT ) VALUES ( 
777, 1, 2, 43); 
INSERT INTO ACCESS_RIGHTS ( ID, ACTIVE, FK_EMPLOYEE, FK_RIGHT ) VALUES ( 
778, 1, 2, 44); 
INSERT INTO ACCESS_RIGHTS ( ID, ACTIVE, FK_EMPLOYEE, FK_RIGHT ) VALUES ( 
779, 1, 2, 45); 
INSERT INTO ACCESS_RIGHTS ( ID, ACTIVE, FK_EMPLOYEE, FK_RIGHT ) VALUES ( 
780, 1, 3, 43); 
INSERT INTO ACCESS_RIGHTS ( ID, ACTIVE, FK_EMPLOYEE, FK_RIGHT ) VALUES ( 
781, 1, 3, 44); 
INSERT INTO ACCESS_RIGHTS ( ID, ACTIVE, FK_EMPLOYEE, FK_RIGHT ) VALUES ( 
782, 1, 3, 45); 
INSERT INTO ACCESS_RIGHTS ( ID, ACTIVE, FK_EMPLOYEE, FK_RIGHT ) VALUES ( 
783, 1, 4, 43); 
INSERT INTO ACCESS_RIGHTS ( ID, ACTIVE, FK_EMPLOYEE, FK_RIGHT ) VALUES ( 
784, 1, 4, 44); 
INSERT INTO ACCESS_RIGHTS ( ID, ACTIVE, FK_EMPLOYEE, FK_RIGHT ) VALUES ( 
785, 1, 4, 45); 
INSERT INTO ACCESS_RIGHTS ( ID, ACTIVE, FK_EMPLOYEE, FK_RIGHT ) VALUES ( 
786, 1, 5, 43); 
INSERT INTO ACCESS_RIGHTS ( ID, ACTIVE, FK_EMPLOYEE, FK_RIGHT ) VALUES ( 
787, 1, 5, 44); 
INSERT INTO ACCESS_RIGHTS ( ID, ACTIVE, FK_EMPLOYEE, FK_RIGHT ) VALUES ( 
788, 1, 5, 45); 
INSERT INTO ACCESS_RIGHTS ( ID, ACTIVE, FK_EMPLOYEE, FK_RIGHT ) VALUES ( 
789, 1, 6, 43); 
INSERT INTO ACCESS_RIGHTS ( ID, ACTIVE, FK_EMPLOYEE, FK_RIGHT ) VALUES ( 
790, 1, 6, 44); 
INSERT INTO ACCESS_RIGHTS ( ID, ACTIVE, FK_EMPLOYEE, FK_RIGHT ) VALUES ( 
791, 1, 6, 45); 
INSERT INTO ACCESS_RIGHTS ( ID, ACTIVE, FK_EMPLOYEE, FK_RIGHT ) VALUES ( 
792, 1, 7, 43); 
INSERT INTO ACCESS_RIGHTS ( ID, ACTIVE, FK_EMPLOYEE, FK_RIGHT ) VALUES ( 
793, 1, 7, 44); 
INSERT INTO ACCESS_RIGHTS ( ID, ACTIVE, FK_EMPLOYEE, FK_RIGHT ) VALUES ( 
794, 1, 7, 45); 
INSERT INTO ACCESS_RIGHTS ( ID, ACTIVE, FK_EMPLOYEE, FK_RIGHT ) VALUES ( 
795, 1, 181, 43); 
INSERT INTO ACCESS_RIGHTS ( ID, ACTIVE, FK_EMPLOYEE, FK_RIGHT ) VALUES ( 
796, 1, 181, 44); 
INSERT INTO ACCESS_RIGHTS ( ID, ACTIVE, FK_EMPLOYEE, FK_RIGHT ) VALUES ( 
797, 1, 181, 45); 
INSERT INTO ACCESS_RIGHTS ( ID, ACTIVE, FK_EMPLOYEE, FK_RIGHT ) VALUES ( 
798, 1, 241, 43); 
INSERT INTO ACCESS_RIGHTS ( ID, ACTIVE, FK_EMPLOYEE, FK_RIGHT ) VALUES ( 
799, 1, 241, 44); 
INSERT INTO ACCESS_RIGHTS ( ID, ACTIVE, FK_EMPLOYEE, FK_RIGHT ) VALUES ( 
800, 1, 241, 45); 
INSERT INTO ACCESS_RIGHTS ( ID, ACTIVE, FK_EMPLOYEE, FK_RIGHT ) VALUES ( 
801, 1, 541, 43); 
INSERT INTO ACCESS_RIGHTS ( ID, ACTIVE, FK_EMPLOYEE, FK_RIGHT ) VALUES ( 
802, 1, 541, 44); 
INSERT INTO ACCESS_RIGHTS ( ID, ACTIVE, FK_EMPLOYEE, FK_RIGHT ) VALUES ( 
803, 1, 541, 45); 
INSERT INTO ACCESS_RIGHTS ( ID, ACTIVE, FK_EMPLOYEE, FK_RIGHT ) VALUES ( 
804, 1, 542, 43); 
INSERT INTO ACCESS_RIGHTS ( ID, ACTIVE, FK_EMPLOYEE, FK_RIGHT ) VALUES ( 
805, 1, 542, 44); 
INSERT INTO ACCESS_RIGHTS ( ID, ACTIVE, FK_EMPLOYEE, FK_RIGHT ) VALUES ( 
806, 1, 542, 45); 
INSERT INTO ACCESS_RIGHTS ( ID, ACTIVE, FK_EMPLOYEE, FK_RIGHT ) VALUES ( 
807, 1, 543, 43); 
INSERT INTO ACCESS_RIGHTS ( ID, ACTIVE, FK_EMPLOYEE, FK_RIGHT ) VALUES ( 
808, 1, 543, 44); 
INSERT INTO ACCESS_RIGHTS ( ID, ACTIVE, FK_EMPLOYEE, FK_RIGHT ) VALUES ( 
809, 1, 543, 45); 
INSERT INTO ACCESS_RIGHTS ( ID, ACTIVE, FK_EMPLOYEE, FK_RIGHT ) VALUES ( 
810, 1, 544, 43); 
INSERT INTO ACCESS_RIGHTS ( ID, ACTIVE, FK_EMPLOYEE, FK_RIGHT ) VALUES ( 
811, 1, 544, 44); 
INSERT INTO ACCESS_RIGHTS ( ID, ACTIVE, FK_EMPLOYEE, FK_RIGHT ) VALUES ( 
812, 1, 544, 45); 
INSERT INTO ACCESS_RIGHTS ( ID, ACTIVE, FK_EMPLOYEE, FK_RIGHT ) VALUES ( 
813, 1, 545, 43); 
INSERT INTO ACCESS_RIGHTS ( ID, ACTIVE, FK_EMPLOYEE, FK_RIGHT ) VALUES ( 
814, 1, 545, 44); 
INSERT INTO ACCESS_RIGHTS ( ID, ACTIVE, FK_EMPLOYEE, FK_RIGHT ) VALUES ( 
815, 1, 545, 45); 
INSERT INTO ACCESS_RIGHTS ( ID, ACTIVE, FK_EMPLOYEE, FK_RIGHT ) VALUES ( 
816, 1, 546, 43); 
INSERT INTO ACCESS_RIGHTS ( ID, ACTIVE, FK_EMPLOYEE, FK_RIGHT ) VALUES ( 
817, 1, 546, 44); 
INSERT INTO ACCESS_RIGHTS ( ID, ACTIVE, FK_EMPLOYEE, FK_RIGHT ) VALUES ( 
818, 1, 546, 45); 
INSERT INTO ACCESS_RIGHTS ( ID, ACTIVE, FK_EMPLOYEE, FK_RIGHT ) VALUES ( 
819, 1, 547, 43); 
INSERT INTO ACCESS_RIGHTS ( ID, ACTIVE, FK_EMPLOYEE, FK_RIGHT ) VALUES ( 
820, 1, 547, 44); 
INSERT INTO ACCESS_RIGHTS ( ID, ACTIVE, FK_EMPLOYEE, FK_RIGHT ) VALUES ( 
821, 1, 547, 45); 
INSERT INTO ACCESS_RIGHTS ( ID, ACTIVE, FK_EMPLOYEE, FK_RIGHT ) VALUES ( 
822, 1, 548, 43); 
INSERT INTO ACCESS_RIGHTS ( ID, ACTIVE, FK_EMPLOYEE, FK_RIGHT ) VALUES ( 
823, 1, 548, 44); 
INSERT INTO ACCESS_RIGHTS ( ID, ACTIVE, FK_EMPLOYEE, FK_RIGHT ) VALUES ( 
824, 1, 548, 45); 
INSERT INTO ACCESS_RIGHTS ( ID, ACTIVE, FK_EMPLOYEE, FK_RIGHT ) VALUES ( 
825, 1, 549, 43); 
INSERT INTO ACCESS_RIGHTS ( ID, ACTIVE, FK_EMPLOYEE, FK_RIGHT ) VALUES ( 
826, 1, 549, 44); 
INSERT INTO ACCESS_RIGHTS ( ID, ACTIVE, FK_EMPLOYEE, FK_RIGHT ) VALUES ( 
827, 1, 549, 45); 
INSERT INTO ACCESS_RIGHTS ( ID, ACTIVE, FK_EMPLOYEE, FK_RIGHT ) VALUES ( 
1, 1, 1, 1); 
INSERT INTO ACCESS_RIGHTS ( ID, ACTIVE, FK_EMPLOYEE, FK_RIGHT ) VALUES ( 
2, 1, 1, 2); 
INSERT INTO ACCESS_RIGHTS ( ID, ACTIVE, FK_EMPLOYEE, FK_RIGHT ) VALUES ( 
3, 1, 1, 3); 
INSERT INTO ACCESS_RIGHTS ( ID, ACTIVE, FK_EMPLOYEE, FK_RIGHT ) VALUES ( 
4, 1, 1, 4); 
INSERT INTO ACCESS_RIGHTS ( ID, ACTIVE, FK_EMPLOYEE, FK_RIGHT ) VALUES ( 
5, 1, 1, 5); 
INSERT INTO ACCESS_RIGHTS ( ID, ACTIVE, FK_EMPLOYEE, FK_RIGHT ) VALUES ( 
6, 1, 1, 6); 
INSERT INTO ACCESS_RIGHTS ( ID, ACTIVE, FK_EMPLOYEE, FK_RIGHT ) VALUES ( 
7, 1, 1, 7); 
INSERT INTO ACCESS_RIGHTS ( ID, ACTIVE, FK_EMPLOYEE, FK_RIGHT ) VALUES ( 
8, 1, 1, 8); 
INSERT INTO ACCESS_RIGHTS ( ID, ACTIVE, FK_EMPLOYEE, FK_RIGHT ) VALUES ( 
9, 1, 1, 9); 
INSERT INTO ACCESS_RIGHTS ( ID, ACTIVE, FK_EMPLOYEE, FK_RIGHT ) VALUES ( 
10, 1, 1, 10); 
INSERT INTO ACCESS_RIGHTS ( ID, ACTIVE, FK_EMPLOYEE, FK_RIGHT ) VALUES ( 
11, 1, 1, 11); 
INSERT INTO ACCESS_RIGHTS ( ID, ACTIVE, FK_EMPLOYEE, FK_RIGHT ) VALUES ( 
12, 1, 1, 12); 
INSERT INTO ACCESS_RIGHTS ( ID, ACTIVE, FK_EMPLOYEE, FK_RIGHT ) VALUES ( 
13, 1, 1, 13); 
INSERT INTO ACCESS_RIGHTS ( ID, ACTIVE, FK_EMPLOYEE, FK_RIGHT ) VALUES ( 
14, 1, 1, 14); 
INSERT INTO ACCESS_RIGHTS ( ID, ACTIVE, FK_EMPLOYEE, FK_RIGHT ) VALUES ( 
15, 1, 1, 15); 
INSERT INTO ACCESS_RIGHTS ( ID, ACTIVE, FK_EMPLOYEE, FK_RIGHT ) VALUES ( 
16, 1, 1, 16); 
INSERT INTO ACCESS_RIGHTS ( ID, ACTIVE, FK_EMPLOYEE, FK_RIGHT ) VALUES ( 
17, 1, 1, 17); 
INSERT INTO ACCESS_RIGHTS ( ID, ACTIVE, FK_EMPLOYEE, FK_RIGHT ) VALUES ( 
18, 1, 1, 18); 
INSERT INTO ACCESS_RIGHTS ( ID, ACTIVE, FK_EMPLOYEE, FK_RIGHT ) VALUES ( 
19, 1, 1, 19); 
INSERT INTO ACCESS_RIGHTS ( ID, ACTIVE, FK_EMPLOYEE, FK_RIGHT ) VALUES ( 
20, 1, 1, 20); 
INSERT INTO ACCESS_RIGHTS ( ID, ACTIVE, FK_EMPLOYEE, FK_RIGHT ) VALUES ( 
21, 1, 1, 21); 
INSERT INTO ACCESS_RIGHTS ( ID, ACTIVE, FK_EMPLOYEE, FK_RIGHT ) VALUES ( 
22, 1, 1, 22); 
INSERT INTO ACCESS_RIGHTS ( ID, ACTIVE, FK_EMPLOYEE, FK_RIGHT ) VALUES ( 
23, 1, 1, 23); 
INSERT INTO ACCESS_RIGHTS ( ID, ACTIVE, FK_EMPLOYEE, FK_RIGHT ) VALUES ( 
24, 1, 1, 24); 
INSERT INTO ACCESS_RIGHTS ( ID, ACTIVE, FK_EMPLOYEE, FK_RIGHT ) VALUES ( 
25, 1, 1, 25); 
INSERT INTO ACCESS_RIGHTS ( ID, ACTIVE, FK_EMPLOYEE, FK_RIGHT ) VALUES ( 
26, 1, 1, 26); 
INSERT INTO ACCESS_RIGHTS ( ID, ACTIVE, FK_EMPLOYEE, FK_RIGHT ) VALUES ( 
27, 1, 1, 27); 
INSERT INTO ACCESS_RIGHTS ( ID, ACTIVE, FK_EMPLOYEE, FK_RIGHT ) VALUES ( 
28, 1, 1, 28); 
INSERT INTO ACCESS_RIGHTS ( ID, ACTIVE, FK_EMPLOYEE, FK_RIGHT ) VALUES ( 
29, 1, 1, 29); 
INSERT INTO ACCESS_RIGHTS ( ID, ACTIVE, FK_EMPLOYEE, FK_RIGHT ) VALUES ( 
30, 1, 1, 30); 
INSERT INTO ACCESS_RIGHTS ( ID, ACTIVE, FK_EMPLOYEE, FK_RIGHT ) VALUES ( 
31, 1, 1, 31); 
INSERT INTO ACCESS_RIGHTS ( ID, ACTIVE, FK_EMPLOYEE, FK_RIGHT ) VALUES ( 
32, 1, 1, 32); 
INSERT INTO ACCESS_RIGHTS ( ID, ACTIVE, FK_EMPLOYEE, FK_RIGHT ) VALUES ( 
33, 1, 1, 33); 
INSERT INTO ACCESS_RIGHTS ( ID, ACTIVE, FK_EMPLOYEE, FK_RIGHT ) VALUES ( 
34, 1, 1, 34); 
INSERT INTO ACCESS_RIGHTS ( ID, ACTIVE, FK_EMPLOYEE, FK_RIGHT ) VALUES ( 
35, 1, 1, 35); 
INSERT INTO ACCESS_RIGHTS ( ID, ACTIVE, FK_EMPLOYEE, FK_RIGHT ) VALUES ( 
36, 1, 1, 36); 
INSERT INTO ACCESS_RIGHTS ( ID, ACTIVE, FK_EMPLOYEE, FK_RIGHT ) VALUES ( 
37, 1, 1, 37); 
INSERT INTO ACCESS_RIGHTS ( ID, ACTIVE, FK_EMPLOYEE, FK_RIGHT ) VALUES ( 
38, 1, 1, 38); 
INSERT INTO ACCESS_RIGHTS ( ID, ACTIVE, FK_EMPLOYEE, FK_RIGHT ) VALUES ( 
39, 1, 1, 39); 
INSERT INTO ACCESS_RIGHTS ( ID, ACTIVE, FK_EMPLOYEE, FK_RIGHT ) VALUES ( 
40, 1, 1, 40); 
INSERT INTO ACCESS_RIGHTS ( ID, ACTIVE, FK_EMPLOYEE, FK_RIGHT ) VALUES ( 
41, 0, 1, 41); 
INSERT INTO ACCESS_RIGHTS ( ID, ACTIVE, FK_EMPLOYEE, FK_RIGHT ) VALUES ( 
42, 0, 1, 42); 
INSERT INTO ACCESS_RIGHTS ( ID, ACTIVE, FK_EMPLOYEE, FK_RIGHT ) VALUES ( 
44, 1, 2, 1); 
INSERT INTO ACCESS_RIGHTS ( ID, ACTIVE, FK_EMPLOYEE, FK_RIGHT ) VALUES ( 
45, 1, 2, 2); 
INSERT INTO ACCESS_RIGHTS ( ID, ACTIVE, FK_EMPLOYEE, FK_RIGHT ) VALUES ( 
46, 1, 2, 3); 
INSERT INTO ACCESS_RIGHTS ( ID, ACTIVE, FK_EMPLOYEE, FK_RIGHT ) VALUES ( 
47, 1, 2, 4); 
INSERT INTO ACCESS_RIGHTS ( ID, ACTIVE, FK_EMPLOYEE, FK_RIGHT ) VALUES ( 
48, 1, 2, 5); 
INSERT INTO ACCESS_RIGHTS ( ID, ACTIVE, FK_EMPLOYEE, FK_RIGHT ) VALUES ( 
49, 1, 2, 6); 
INSERT INTO ACCESS_RIGHTS ( ID, ACTIVE, FK_EMPLOYEE, FK_RIGHT ) VALUES ( 
50, 1, 2, 7); 
INSERT INTO ACCESS_RIGHTS ( ID, ACTIVE, FK_EMPLOYEE, FK_RIGHT ) VALUES ( 
51, 1, 2, 8); 
INSERT INTO ACCESS_RIGHTS ( ID, ACTIVE, FK_EMPLOYEE, FK_RIGHT ) VALUES ( 
52, 1, 2, 9); 
INSERT INTO ACCESS_RIGHTS ( ID, ACTIVE, FK_EMPLOYEE, FK_RIGHT ) VALUES ( 
53, 1, 2, 10); 
INSERT INTO ACCESS_RIGHTS ( ID, ACTIVE, FK_EMPLOYEE, FK_RIGHT ) VALUES ( 
54, 1, 2, 11); 
INSERT INTO ACCESS_RIGHTS ( ID, ACTIVE, FK_EMPLOYEE, FK_RIGHT ) VALUES ( 
55, 1, 2, 12); 
INSERT INTO ACCESS_RIGHTS ( ID, ACTIVE, FK_EMPLOYEE, FK_RIGHT ) VALUES ( 
56, 1, 2, 13); 
INSERT INTO ACCESS_RIGHTS ( ID, ACTIVE, FK_EMPLOYEE, FK_RIGHT ) VALUES ( 
57, 1, 2, 14); 
INSERT INTO ACCESS_RIGHTS ( ID, ACTIVE, FK_EMPLOYEE, FK_RIGHT ) VALUES ( 
58, 1, 2, 15); 
INSERT INTO ACCESS_RIGHTS ( ID, ACTIVE, FK_EMPLOYEE, FK_RIGHT ) VALUES ( 
59, 1, 2, 16); 
INSERT INTO ACCESS_RIGHTS ( ID, ACTIVE, FK_EMPLOYEE, FK_RIGHT ) VALUES ( 
60, 1, 2, 17); 
INSERT INTO ACCESS_RIGHTS ( ID, ACTIVE, FK_EMPLOYEE, FK_RIGHT ) VALUES ( 
61, 1, 2, 18); 
INSERT INTO ACCESS_RIGHTS ( ID, ACTIVE, FK_EMPLOYEE, FK_RIGHT ) VALUES ( 
62, 1, 2, 19); 
INSERT INTO ACCESS_RIGHTS ( ID, ACTIVE, FK_EMPLOYEE, FK_RIGHT ) VALUES ( 
63, 1, 2, 20); 
INSERT INTO ACCESS_RIGHTS ( ID, ACTIVE, FK_EMPLOYEE, FK_RIGHT ) VALUES ( 
64, 1, 2, 21); 
INSERT INTO ACCESS_RIGHTS ( ID, ACTIVE, FK_EMPLOYEE, FK_RIGHT ) VALUES ( 
65, 1, 2, 22); 
INSERT INTO ACCESS_RIGHTS ( ID, ACTIVE, FK_EMPLOYEE, FK_RIGHT ) VALUES ( 
66, 1, 2, 23); 
INSERT INTO ACCESS_RIGHTS ( ID, ACTIVE, FK_EMPLOYEE, FK_RIGHT ) VALUES ( 
67, 1, 2, 24); 
INSERT INTO ACCESS_RIGHTS ( ID, ACTIVE, FK_EMPLOYEE, FK_RIGHT ) VALUES ( 
68, 1, 2, 25); 
INSERT INTO ACCESS_RIGHTS ( ID, ACTIVE, FK_EMPLOYEE, FK_RIGHT ) VALUES ( 
69, 1, 2, 26); 
INSERT INTO ACCESS_RIGHTS ( ID, ACTIVE, FK_EMPLOYEE, FK_RIGHT ) VALUES ( 
70, 1, 2, 27); 
INSERT INTO ACCESS_RIGHTS ( ID, ACTIVE, FK_EMPLOYEE, FK_RIGHT ) VALUES ( 
71, 1, 2, 28); 
INSERT INTO ACCESS_RIGHTS ( ID, ACTIVE, FK_EMPLOYEE, FK_RIGHT ) VALUES ( 
72, 1, 2, 29); 
INSERT INTO ACCESS_RIGHTS ( ID, ACTIVE, FK_EMPLOYEE, FK_RIGHT ) VALUES ( 
73, 1, 2, 30); 
INSERT INTO ACCESS_RIGHTS ( ID, ACTIVE, FK_EMPLOYEE, FK_RIGHT ) VALUES ( 
74, 1, 2, 31); 
INSERT INTO ACCESS_RIGHTS ( ID, ACTIVE, FK_EMPLOYEE, FK_RIGHT ) VALUES ( 
75, 1, 2, 32); 
INSERT INTO ACCESS_RIGHTS ( ID, ACTIVE, FK_EMPLOYEE, FK_RIGHT ) VALUES ( 
76, 1, 2, 33); 
INSERT INTO ACCESS_RIGHTS ( ID, ACTIVE, FK_EMPLOYEE, FK_RIGHT ) VALUES ( 
77, 1, 2, 34); 
INSERT INTO ACCESS_RIGHTS ( ID, ACTIVE, FK_EMPLOYEE, FK_RIGHT ) VALUES ( 
78, 1, 2, 35); 
INSERT INTO ACCESS_RIGHTS ( ID, ACTIVE, FK_EMPLOYEE, FK_RIGHT ) VALUES ( 
79, 1, 2, 36); 
INSERT INTO ACCESS_RIGHTS ( ID, ACTIVE, FK_EMPLOYEE, FK_RIGHT ) VALUES ( 
80, 1, 2, 37); 
INSERT INTO ACCESS_RIGHTS ( ID, ACTIVE, FK_EMPLOYEE, FK_RIGHT ) VALUES ( 
81, 1, 2, 38); 
INSERT INTO ACCESS_RIGHTS ( ID, ACTIVE, FK_EMPLOYEE, FK_RIGHT ) VALUES ( 
82, 1, 2, 39); 
INSERT INTO ACCESS_RIGHTS ( ID, ACTIVE, FK_EMPLOYEE, FK_RIGHT ) VALUES ( 
83, 1, 2, 40); 
INSERT INTO ACCESS_RIGHTS ( ID, ACTIVE, FK_EMPLOYEE, FK_RIGHT ) VALUES ( 
84, 0, 2, 41); 
INSERT INTO ACCESS_RIGHTS ( ID, ACTIVE, FK_EMPLOYEE, FK_RIGHT ) VALUES ( 
85, 0, 2, 42); 
INSERT INTO ACCESS_RIGHTS ( ID, ACTIVE, FK_EMPLOYEE, FK_RIGHT ) VALUES ( 
87, 1, 3, 1); 
INSERT INTO ACCESS_RIGHTS ( ID, ACTIVE, FK_EMPLOYEE, FK_RIGHT ) VALUES ( 
88, 1, 3, 2); 
INSERT INTO ACCESS_RIGHTS ( ID, ACTIVE, FK_EMPLOYEE, FK_RIGHT ) VALUES ( 
89, 1, 3, 3); 
INSERT INTO ACCESS_RIGHTS ( ID, ACTIVE, FK_EMPLOYEE, FK_RIGHT ) VALUES ( 
90, 1, 3, 4); 
INSERT INTO ACCESS_RIGHTS ( ID, ACTIVE, FK_EMPLOYEE, FK_RIGHT ) VALUES ( 
91, 1, 3, 5); 
INSERT INTO ACCESS_RIGHTS ( ID, ACTIVE, FK_EMPLOYEE, FK_RIGHT ) VALUES ( 
92, 1, 3, 6); 
INSERT INTO ACCESS_RIGHTS ( ID, ACTIVE, FK_EMPLOYEE, FK_RIGHT ) VALUES ( 
93, 1, 3, 7); 
INSERT INTO ACCESS_RIGHTS ( ID, ACTIVE, FK_EMPLOYEE, FK_RIGHT ) VALUES ( 
94, 1, 3, 8); 
INSERT INTO ACCESS_RIGHTS ( ID, ACTIVE, FK_EMPLOYEE, FK_RIGHT ) VALUES ( 
95, 1, 3, 9); 
INSERT INTO ACCESS_RIGHTS ( ID, ACTIVE, FK_EMPLOYEE, FK_RIGHT ) VALUES ( 
96, 1, 3, 10); 
INSERT INTO ACCESS_RIGHTS ( ID, ACTIVE, FK_EMPLOYEE, FK_RIGHT ) VALUES ( 
97, 1, 3, 11); 
INSERT INTO ACCESS_RIGHTS ( ID, ACTIVE, FK_EMPLOYEE, FK_RIGHT ) VALUES ( 
98, 1, 3, 12); 
INSERT INTO ACCESS_RIGHTS ( ID, ACTIVE, FK_EMPLOYEE, FK_RIGHT ) VALUES ( 
99, 1, 3, 13); 
INSERT INTO ACCESS_RIGHTS ( ID, ACTIVE, FK_EMPLOYEE, FK_RIGHT ) VALUES ( 
100, 1, 3, 14); 
INSERT INTO ACCESS_RIGHTS ( ID, ACTIVE, FK_EMPLOYEE, FK_RIGHT ) VALUES ( 
101, 1, 3, 15); 
INSERT INTO ACCESS_RIGHTS ( ID, ACTIVE, FK_EMPLOYEE, FK_RIGHT ) VALUES ( 
102, 1, 3, 16); 
INSERT INTO ACCESS_RIGHTS ( ID, ACTIVE, FK_EMPLOYEE, FK_RIGHT ) VALUES ( 
103, 1, 3, 17); 
INSERT INTO ACCESS_RIGHTS ( ID, ACTIVE, FK_EMPLOYEE, FK_RIGHT ) VALUES ( 
104, 1, 3, 18); 
INSERT INTO ACCESS_RIGHTS ( ID, ACTIVE, FK_EMPLOYEE, FK_RIGHT ) VALUES ( 
105, 1, 3, 19); 
INSERT INTO ACCESS_RIGHTS ( ID, ACTIVE, FK_EMPLOYEE, FK_RIGHT ) VALUES ( 
106, 1, 3, 20); 
INSERT INTO ACCESS_RIGHTS ( ID, ACTIVE, FK_EMPLOYEE, FK_RIGHT ) VALUES ( 
107, 1, 3, 21); 
INSERT INTO ACCESS_RIGHTS ( ID, ACTIVE, FK_EMPLOYEE, FK_RIGHT ) VALUES ( 
108, 1, 3, 22); 
INSERT INTO ACCESS_RIGHTS ( ID, ACTIVE, FK_EMPLOYEE, FK_RIGHT ) VALUES ( 
109, 1, 3, 23); 
INSERT INTO ACCESS_RIGHTS ( ID, ACTIVE, FK_EMPLOYEE, FK_RIGHT ) VALUES ( 
110, 1, 3, 24); 
INSERT INTO ACCESS_RIGHTS ( ID, ACTIVE, FK_EMPLOYEE, FK_RIGHT ) VALUES ( 
111, 1, 3, 25); 
INSERT INTO ACCESS_RIGHTS ( ID, ACTIVE, FK_EMPLOYEE, FK_RIGHT ) VALUES ( 
112, 1, 3, 26); 
INSERT INTO ACCESS_RIGHTS ( ID, ACTIVE, FK_EMPLOYEE, FK_RIGHT ) VALUES ( 
113, 1, 3, 27); 
INSERT INTO ACCESS_RIGHTS ( ID, ACTIVE, FK_EMPLOYEE, FK_RIGHT ) VALUES ( 
114, 1, 3, 28); 
INSERT INTO ACCESS_RIGHTS ( ID, ACTIVE, FK_EMPLOYEE, FK_RIGHT ) VALUES ( 
115, 1, 3, 29); 
INSERT INTO ACCESS_RIGHTS ( ID, ACTIVE, FK_EMPLOYEE, FK_RIGHT ) VALUES ( 
116, 1, 3, 30); 
INSERT INTO ACCESS_RIGHTS ( ID, ACTIVE, FK_EMPLOYEE, FK_RIGHT ) VALUES ( 
117, 1, 3, 31); 
INSERT INTO ACCESS_RIGHTS ( ID, ACTIVE, FK_EMPLOYEE, FK_RIGHT ) VALUES ( 
118, 1, 3, 32); 
INSERT INTO ACCESS_RIGHTS ( ID, ACTIVE, FK_EMPLOYEE, FK_RIGHT ) VALUES ( 
119, 1, 3, 33); 
INSERT INTO ACCESS_RIGHTS ( ID, ACTIVE, FK_EMPLOYEE, FK_RIGHT ) VALUES ( 
120, 1, 3, 34); 
INSERT INTO ACCESS_RIGHTS ( ID, ACTIVE, FK_EMPLOYEE, FK_RIGHT ) VALUES ( 
121, 1, 3, 35); 
INSERT INTO ACCESS_RIGHTS ( ID, ACTIVE, FK_EMPLOYEE, FK_RIGHT ) VALUES ( 
122, 1, 3, 36); 
INSERT INTO ACCESS_RIGHTS ( ID, ACTIVE, FK_EMPLOYEE, FK_RIGHT ) VALUES ( 
123, 1, 3, 37); 
INSERT INTO ACCESS_RIGHTS ( ID, ACTIVE, FK_EMPLOYEE, FK_RIGHT ) VALUES ( 
124, 1, 3, 38); 
INSERT INTO ACCESS_RIGHTS ( ID, ACTIVE, FK_EMPLOYEE, FK_RIGHT ) VALUES ( 
125, 1, 3, 39); 
INSERT INTO ACCESS_RIGHTS ( ID, ACTIVE, FK_EMPLOYEE, FK_RIGHT ) VALUES ( 
126, 1, 3, 40); 
INSERT INTO ACCESS_RIGHTS ( ID, ACTIVE, FK_EMPLOYEE, FK_RIGHT ) VALUES ( 
127, 1, 3, 41); 
INSERT INTO ACCESS_RIGHTS ( ID, ACTIVE, FK_EMPLOYEE, FK_RIGHT ) VALUES ( 
128, 1, 3, 42); 
INSERT INTO ACCESS_RIGHTS ( ID, ACTIVE, FK_EMPLOYEE, FK_RIGHT ) VALUES ( 
130, 1, 4, 1); 
INSERT INTO ACCESS_RIGHTS ( ID, ACTIVE, FK_EMPLOYEE, FK_RIGHT ) VALUES ( 
131, 1, 4, 2); 
INSERT INTO ACCESS_RIGHTS ( ID, ACTIVE, FK_EMPLOYEE, FK_RIGHT ) VALUES ( 
132, 1, 4, 3); 
INSERT INTO ACCESS_RIGHTS ( ID, ACTIVE, FK_EMPLOYEE, FK_RIGHT ) VALUES ( 
133, 1, 4, 4); 
INSERT INTO ACCESS_RIGHTS ( ID, ACTIVE, FK_EMPLOYEE, FK_RIGHT ) VALUES ( 
134, 1, 4, 5); 
INSERT INTO ACCESS_RIGHTS ( ID, ACTIVE, FK_EMPLOYEE, FK_RIGHT ) VALUES ( 
135, 1, 4, 6); 
INSERT INTO ACCESS_RIGHTS ( ID, ACTIVE, FK_EMPLOYEE, FK_RIGHT ) VALUES ( 
136, 1, 4, 7); 
INSERT INTO ACCESS_RIGHTS ( ID, ACTIVE, FK_EMPLOYEE, FK_RIGHT ) VALUES ( 
137, 1, 4, 8); 
INSERT INTO ACCESS_RIGHTS ( ID, ACTIVE, FK_EMPLOYEE, FK_RIGHT ) VALUES ( 
138, 1, 4, 9); 
INSERT INTO ACCESS_RIGHTS ( ID, ACTIVE, FK_EMPLOYEE, FK_RIGHT ) VALUES ( 
139, 1, 4, 10); 
INSERT INTO ACCESS_RIGHTS ( ID, ACTIVE, FK_EMPLOYEE, FK_RIGHT ) VALUES ( 
140, 1, 4, 11); 
INSERT INTO ACCESS_RIGHTS ( ID, ACTIVE, FK_EMPLOYEE, FK_RIGHT ) VALUES ( 
141, 1, 4, 12); 
INSERT INTO ACCESS_RIGHTS ( ID, ACTIVE, FK_EMPLOYEE, FK_RIGHT ) VALUES ( 
142, 1, 4, 13); 
INSERT INTO ACCESS_RIGHTS ( ID, ACTIVE, FK_EMPLOYEE, FK_RIGHT ) VALUES ( 
143, 1, 4, 14); 
INSERT INTO ACCESS_RIGHTS ( ID, ACTIVE, FK_EMPLOYEE, FK_RIGHT ) VALUES ( 
144, 1, 4, 15); 
INSERT INTO ACCESS_RIGHTS ( ID, ACTIVE, FK_EMPLOYEE, FK_RIGHT ) VALUES ( 
145, 1, 4, 16); 
INSERT INTO ACCESS_RIGHTS ( ID, ACTIVE, FK_EMPLOYEE, FK_RIGHT ) VALUES ( 
146, 1, 4, 17); 
INSERT INTO ACCESS_RIGHTS ( ID, ACTIVE, FK_EMPLOYEE, FK_RIGHT ) VALUES ( 
147, 1, 4, 18); 
INSERT INTO ACCESS_RIGHTS ( ID, ACTIVE, FK_EMPLOYEE, FK_RIGHT ) VALUES ( 
148, 1, 4, 19); 
INSERT INTO ACCESS_RIGHTS ( ID, ACTIVE, FK_EMPLOYEE, FK_RIGHT ) VALUES ( 
149, 1, 4, 20); 
INSERT INTO ACCESS_RIGHTS ( ID, ACTIVE, FK_EMPLOYEE, FK_RIGHT ) VALUES ( 
150, 1, 4, 21); 
INSERT INTO ACCESS_RIGHTS ( ID, ACTIVE, FK_EMPLOYEE, FK_RIGHT ) VALUES ( 
151, 1, 4, 22); 
INSERT INTO ACCESS_RIGHTS ( ID, ACTIVE, FK_EMPLOYEE, FK_RIGHT ) VALUES ( 
152, 1, 4, 23); 
INSERT INTO ACCESS_RIGHTS ( ID, ACTIVE, FK_EMPLOYEE, FK_RIGHT ) VALUES ( 
153, 1, 4, 24); 
INSERT INTO ACCESS_RIGHTS ( ID, ACTIVE, FK_EMPLOYEE, FK_RIGHT ) VALUES ( 
154, 1, 4, 25); 
INSERT INTO ACCESS_RIGHTS ( ID, ACTIVE, FK_EMPLOYEE, FK_RIGHT ) VALUES ( 
155, 1, 4, 26); 
INSERT INTO ACCESS_RIGHTS ( ID, ACTIVE, FK_EMPLOYEE, FK_RIGHT ) VALUES ( 
156, 1, 4, 27); 
INSERT INTO ACCESS_RIGHTS ( ID, ACTIVE, FK_EMPLOYEE, FK_RIGHT ) VALUES ( 
157, 1, 4, 28); 
INSERT INTO ACCESS_RIGHTS ( ID, ACTIVE, FK_EMPLOYEE, FK_RIGHT ) VALUES ( 
158, 1, 4, 29); 
INSERT INTO ACCESS_RIGHTS ( ID, ACTIVE, FK_EMPLOYEE, FK_RIGHT ) VALUES ( 
159, 1, 4, 30); 
INSERT INTO ACCESS_RIGHTS ( ID, ACTIVE, FK_EMPLOYEE, FK_RIGHT ) VALUES ( 
160, 1, 4, 31); 
INSERT INTO ACCESS_RIGHTS ( ID, ACTIVE, FK_EMPLOYEE, FK_RIGHT ) VALUES ( 
161, 1, 4, 32); 
INSERT INTO ACCESS_RIGHTS ( ID, ACTIVE, FK_EMPLOYEE, FK_RIGHT ) VALUES ( 
162, 1, 4, 33); 
INSERT INTO ACCESS_RIGHTS ( ID, ACTIVE, FK_EMPLOYEE, FK_RIGHT ) VALUES ( 
163, 1, 4, 34); 
INSERT INTO ACCESS_RIGHTS ( ID, ACTIVE, FK_EMPLOYEE, FK_RIGHT ) VALUES ( 
164, 1, 4, 35); 
INSERT INTO ACCESS_RIGHTS ( ID, ACTIVE, FK_EMPLOYEE, FK_RIGHT ) VALUES ( 
165, 1, 4, 36); 
INSERT INTO ACCESS_RIGHTS ( ID, ACTIVE, FK_EMPLOYEE, FK_RIGHT ) VALUES ( 
166, 1, 4, 37); 
INSERT INTO ACCESS_RIGHTS ( ID, ACTIVE, FK_EMPLOYEE, FK_RIGHT ) VALUES ( 
167, 1, 4, 38); 
INSERT INTO ACCESS_RIGHTS ( ID, ACTIVE, FK_EMPLOYEE, FK_RIGHT ) VALUES ( 
168, 1, 4, 39); 
INSERT INTO ACCESS_RIGHTS ( ID, ACTIVE, FK_EMPLOYEE, FK_RIGHT ) VALUES ( 
169, 1, 4, 40); 
INSERT INTO ACCESS_RIGHTS ( ID, ACTIVE, FK_EMPLOYEE, FK_RIGHT ) VALUES ( 
170, 0, 4, 41); 
INSERT INTO ACCESS_RIGHTS ( ID, ACTIVE, FK_EMPLOYEE, FK_RIGHT ) VALUES ( 
171, 0, 4, 42); 
INSERT INTO ACCESS_RIGHTS ( ID, ACTIVE, FK_EMPLOYEE, FK_RIGHT ) VALUES ( 
173, 0, 5, 1); 
INSERT INTO ACCESS_RIGHTS ( ID, ACTIVE, FK_EMPLOYEE, FK_RIGHT ) VALUES ( 
174, 0, 5, 2); 
INSERT INTO ACCESS_RIGHTS ( ID, ACTIVE, FK_EMPLOYEE, FK_RIGHT ) VALUES ( 
175, 0, 5, 3); 
INSERT INTO ACCESS_RIGHTS ( ID, ACTIVE, FK_EMPLOYEE, FK_RIGHT ) VALUES ( 
176, 1, 5, 4); 
INSERT INTO ACCESS_RIGHTS ( ID, ACTIVE, FK_EMPLOYEE, FK_RIGHT ) VALUES ( 
177, 1, 5, 5); 
INSERT INTO ACCESS_RIGHTS ( ID, ACTIVE, FK_EMPLOYEE, FK_RIGHT ) VALUES ( 
178, 1, 5, 6); 
INSERT INTO ACCESS_RIGHTS ( ID, ACTIVE, FK_EMPLOYEE, FK_RIGHT ) VALUES ( 
179, 1, 5, 7); 
INSERT INTO ACCESS_RIGHTS ( ID, ACTIVE, FK_EMPLOYEE, FK_RIGHT ) VALUES ( 
180, 1, 5, 8); 
INSERT INTO ACCESS_RIGHTS ( ID, ACTIVE, FK_EMPLOYEE, FK_RIGHT ) VALUES ( 
181, 1, 5, 9); 
INSERT INTO ACCESS_RIGHTS ( ID, ACTIVE, FK_EMPLOYEE, FK_RIGHT ) VALUES ( 
182, 1, 5, 10); 
INSERT INTO ACCESS_RIGHTS ( ID, ACTIVE, FK_EMPLOYEE, FK_RIGHT ) VALUES ( 
183, 1, 5, 11); 
INSERT INTO ACCESS_RIGHTS ( ID, ACTIVE, FK_EMPLOYEE, FK_RIGHT ) VALUES ( 
184, 1, 5, 12); 
INSERT INTO ACCESS_RIGHTS ( ID, ACTIVE, FK_EMPLOYEE, FK_RIGHT ) VALUES ( 
185, 1, 5, 13); 
INSERT INTO ACCESS_RIGHTS ( ID, ACTIVE, FK_EMPLOYEE, FK_RIGHT ) VALUES ( 
186, 1, 5, 14); 
INSERT INTO ACCESS_RIGHTS ( ID, ACTIVE, FK_EMPLOYEE, FK_RIGHT ) VALUES ( 
187, 1, 5, 15); 
INSERT INTO ACCESS_RIGHTS ( ID, ACTIVE, FK_EMPLOYEE, FK_RIGHT ) VALUES ( 
188, 1, 5, 16); 
INSERT INTO ACCESS_RIGHTS ( ID, ACTIVE, FK_EMPLOYEE, FK_RIGHT ) VALUES ( 
189, 1, 5, 17); 
INSERT INTO ACCESS_RIGHTS ( ID, ACTIVE, FK_EMPLOYEE, FK_RIGHT ) VALUES ( 
190, 1, 5, 18); 
INSERT INTO ACCESS_RIGHTS ( ID, ACTIVE, FK_EMPLOYEE, FK_RIGHT ) VALUES ( 
191, 1, 5, 19); 
INSERT INTO ACCESS_RIGHTS ( ID, ACTIVE, FK_EMPLOYEE, FK_RIGHT ) VALUES ( 
192, 1, 5, 20); 
INSERT INTO ACCESS_RIGHTS ( ID, ACTIVE, FK_EMPLOYEE, FK_RIGHT ) VALUES ( 
193, 1, 5, 21); 
INSERT INTO ACCESS_RIGHTS ( ID, ACTIVE, FK_EMPLOYEE, FK_RIGHT ) VALUES ( 
194, 1, 5, 22); 
INSERT INTO ACCESS_RIGHTS ( ID, ACTIVE, FK_EMPLOYEE, FK_RIGHT ) VALUES ( 
195, 1, 5, 23); 
INSERT INTO ACCESS_RIGHTS ( ID, ACTIVE, FK_EMPLOYEE, FK_RIGHT ) VALUES ( 
196, 1, 5, 24); 
INSERT INTO ACCESS_RIGHTS ( ID, ACTIVE, FK_EMPLOYEE, FK_RIGHT ) VALUES ( 
197, 1, 5, 25); 
INSERT INTO ACCESS_RIGHTS ( ID, ACTIVE, FK_EMPLOYEE, FK_RIGHT ) VALUES ( 
198, 1, 5, 26); 
INSERT INTO ACCESS_RIGHTS ( ID, ACTIVE, FK_EMPLOYEE, FK_RIGHT ) VALUES ( 
199, 1, 5, 27); 
INSERT INTO ACCESS_RIGHTS ( ID, ACTIVE, FK_EMPLOYEE, FK_RIGHT ) VALUES ( 
200, 1, 5, 28); 
INSERT INTO ACCESS_RIGHTS ( ID, ACTIVE, FK_EMPLOYEE, FK_RIGHT ) VALUES ( 
201, 1, 5, 29); 
INSERT INTO ACCESS_RIGHTS ( ID, ACTIVE, FK_EMPLOYEE, FK_RIGHT ) VALUES ( 
202, 1, 5, 30); 
INSERT INTO ACCESS_RIGHTS ( ID, ACTIVE, FK_EMPLOYEE, FK_RIGHT ) VALUES ( 
203, 1, 5, 31); 
INSERT INTO ACCESS_RIGHTS ( ID, ACTIVE, FK_EMPLOYEE, FK_RIGHT ) VALUES ( 
204, 1, 5, 32); 
INSERT INTO ACCESS_RIGHTS ( ID, ACTIVE, FK_EMPLOYEE, FK_RIGHT ) VALUES ( 
205, 1, 5, 33); 
INSERT INTO ACCESS_RIGHTS ( ID, ACTIVE, FK_EMPLOYEE, FK_RIGHT ) VALUES ( 
206, 1, 5, 34); 
INSERT INTO ACCESS_RIGHTS ( ID, ACTIVE, FK_EMPLOYEE, FK_RIGHT ) VALUES ( 
207, 1, 5, 35); 
INSERT INTO ACCESS_RIGHTS ( ID, ACTIVE, FK_EMPLOYEE, FK_RIGHT ) VALUES ( 
208, 1, 5, 36); 
INSERT INTO ACCESS_RIGHTS ( ID, ACTIVE, FK_EMPLOYEE, FK_RIGHT ) VALUES ( 
209, 1, 5, 37); 
INSERT INTO ACCESS_RIGHTS ( ID, ACTIVE, FK_EMPLOYEE, FK_RIGHT ) VALUES ( 
210, 1, 5, 38); 
INSERT INTO ACCESS_RIGHTS ( ID, ACTIVE, FK_EMPLOYEE, FK_RIGHT ) VALUES ( 
211, 1, 5, 39); 
INSERT INTO ACCESS_RIGHTS ( ID, ACTIVE, FK_EMPLOYEE, FK_RIGHT ) VALUES ( 
212, 1, 5, 40); 
INSERT INTO ACCESS_RIGHTS ( ID, ACTIVE, FK_EMPLOYEE, FK_RIGHT ) VALUES ( 
213, 0, 5, 41); 
INSERT INTO ACCESS_RIGHTS ( ID, ACTIVE, FK_EMPLOYEE, FK_RIGHT ) VALUES ( 
214, 0, 5, 42); 
INSERT INTO ACCESS_RIGHTS ( ID, ACTIVE, FK_EMPLOYEE, FK_RIGHT ) VALUES ( 
216, 1, 6, 1); 
INSERT INTO ACCESS_RIGHTS ( ID, ACTIVE, FK_EMPLOYEE, FK_RIGHT ) VALUES ( 
217, 1, 6, 2); 
INSERT INTO ACCESS_RIGHTS ( ID, ACTIVE, FK_EMPLOYEE, FK_RIGHT ) VALUES ( 
218, 1, 6, 3); 
INSERT INTO ACCESS_RIGHTS ( ID, ACTIVE, FK_EMPLOYEE, FK_RIGHT ) VALUES ( 
219, 1, 6, 4); 
INSERT INTO ACCESS_RIGHTS ( ID, ACTIVE, FK_EMPLOYEE, FK_RIGHT ) VALUES ( 
220, 1, 6, 5); 
INSERT INTO ACCESS_RIGHTS ( ID, ACTIVE, FK_EMPLOYEE, FK_RIGHT ) VALUES ( 
221, 1, 6, 6); 
INSERT INTO ACCESS_RIGHTS ( ID, ACTIVE, FK_EMPLOYEE, FK_RIGHT ) VALUES ( 
222, 1, 6, 7); 
INSERT INTO ACCESS_RIGHTS ( ID, ACTIVE, FK_EMPLOYEE, FK_RIGHT ) VALUES ( 
223, 1, 6, 8); 
INSERT INTO ACCESS_RIGHTS ( ID, ACTIVE, FK_EMPLOYEE, FK_RIGHT ) VALUES ( 
224, 1, 6, 9); 
INSERT INTO ACCESS_RIGHTS ( ID, ACTIVE, FK_EMPLOYEE, FK_RIGHT ) VALUES ( 
225, 1, 6, 10); 
INSERT INTO ACCESS_RIGHTS ( ID, ACTIVE, FK_EMPLOYEE, FK_RIGHT ) VALUES ( 
226, 1, 6, 11); 
INSERT INTO ACCESS_RIGHTS ( ID, ACTIVE, FK_EMPLOYEE, FK_RIGHT ) VALUES ( 
227, 1, 6, 12); 
INSERT INTO ACCESS_RIGHTS ( ID, ACTIVE, FK_EMPLOYEE, FK_RIGHT ) VALUES ( 
228, 1, 6, 13); 
INSERT INTO ACCESS_RIGHTS ( ID, ACTIVE, FK_EMPLOYEE, FK_RIGHT ) VALUES ( 
229, 1, 6, 14); 
INSERT INTO ACCESS_RIGHTS ( ID, ACTIVE, FK_EMPLOYEE, FK_RIGHT ) VALUES ( 
230, 1, 6, 15); 
INSERT INTO ACCESS_RIGHTS ( ID, ACTIVE, FK_EMPLOYEE, FK_RIGHT ) VALUES ( 
231, 1, 6, 16); 
INSERT INTO ACCESS_RIGHTS ( ID, ACTIVE, FK_EMPLOYEE, FK_RIGHT ) VALUES ( 
232, 1, 6, 17); 
INSERT INTO ACCESS_RIGHTS ( ID, ACTIVE, FK_EMPLOYEE, FK_RIGHT ) VALUES ( 
233, 1, 6, 18); 
INSERT INTO ACCESS_RIGHTS ( ID, ACTIVE, FK_EMPLOYEE, FK_RIGHT ) VALUES ( 
234, 1, 6, 19); 
INSERT INTO ACCESS_RIGHTS ( ID, ACTIVE, FK_EMPLOYEE, FK_RIGHT ) VALUES ( 
235, 1, 6, 20); 
INSERT INTO ACCESS_RIGHTS ( ID, ACTIVE, FK_EMPLOYEE, FK_RIGHT ) VALUES ( 
236, 1, 6, 21); 
INSERT INTO ACCESS_RIGHTS ( ID, ACTIVE, FK_EMPLOYEE, FK_RIGHT ) VALUES ( 
237, 1, 6, 22); 
INSERT INTO ACCESS_RIGHTS ( ID, ACTIVE, FK_EMPLOYEE, FK_RIGHT ) VALUES ( 
238, 1, 6, 23); 
INSERT INTO ACCESS_RIGHTS ( ID, ACTIVE, FK_EMPLOYEE, FK_RIGHT ) VALUES ( 
239, 1, 6, 24); 
INSERT INTO ACCESS_RIGHTS ( ID, ACTIVE, FK_EMPLOYEE, FK_RIGHT ) VALUES ( 
240, 1, 6, 25); 
INSERT INTO ACCESS_RIGHTS ( ID, ACTIVE, FK_EMPLOYEE, FK_RIGHT ) VALUES ( 
241, 1, 6, 26); 
INSERT INTO ACCESS_RIGHTS ( ID, ACTIVE, FK_EMPLOYEE, FK_RIGHT ) VALUES ( 
242, 1, 6, 27); 
INSERT INTO ACCESS_RIGHTS ( ID, ACTIVE, FK_EMPLOYEE, FK_RIGHT ) VALUES ( 
243, 1, 6, 28); 
INSERT INTO ACCESS_RIGHTS ( ID, ACTIVE, FK_EMPLOYEE, FK_RIGHT ) VALUES ( 
244, 1, 6, 29); 
INSERT INTO ACCESS_RIGHTS ( ID, ACTIVE, FK_EMPLOYEE, FK_RIGHT ) VALUES ( 
245, 1, 6, 30); 
INSERT INTO ACCESS_RIGHTS ( ID, ACTIVE, FK_EMPLOYEE, FK_RIGHT ) VALUES ( 
246, 1, 6, 31); 
INSERT INTO ACCESS_RIGHTS ( ID, ACTIVE, FK_EMPLOYEE, FK_RIGHT ) VALUES ( 
247, 1, 6, 32); 
INSERT INTO ACCESS_RIGHTS ( ID, ACTIVE, FK_EMPLOYEE, FK_RIGHT ) VALUES ( 
248, 1, 6, 33); 
INSERT INTO ACCESS_RIGHTS ( ID, ACTIVE, FK_EMPLOYEE, FK_RIGHT ) VALUES ( 
249, 1, 6, 34); 
INSERT INTO ACCESS_RIGHTS ( ID, ACTIVE, FK_EMPLOYEE, FK_RIGHT ) VALUES ( 
250, 1, 6, 35); 
INSERT INTO ACCESS_RIGHTS ( ID, ACTIVE, FK_EMPLOYEE, FK_RIGHT ) VALUES ( 
251, 1, 6, 36); 
INSERT INTO ACCESS_RIGHTS ( ID, ACTIVE, FK_EMPLOYEE, FK_RIGHT ) VALUES ( 
252, 1, 6, 37); 
INSERT INTO ACCESS_RIGHTS ( ID, ACTIVE, FK_EMPLOYEE, FK_RIGHT ) VALUES ( 
253, 1, 6, 38); 
INSERT INTO ACCESS_RIGHTS ( ID, ACTIVE, FK_EMPLOYEE, FK_RIGHT ) VALUES ( 
254, 1, 6, 39); 
INSERT INTO ACCESS_RIGHTS ( ID, ACTIVE, FK_EMPLOYEE, FK_RIGHT ) VALUES ( 
255, 1, 6, 40); 
INSERT INTO ACCESS_RIGHTS ( ID, ACTIVE, FK_EMPLOYEE, FK_RIGHT ) VALUES ( 
256, 0, 6, 41); 
INSERT INTO ACCESS_RIGHTS ( ID, ACTIVE, FK_EMPLOYEE, FK_RIGHT ) VALUES ( 
257, 0, 6, 42); 
INSERT INTO ACCESS_RIGHTS ( ID, ACTIVE, FK_EMPLOYEE, FK_RIGHT ) VALUES ( 
259, 1, 7, 1); 
INSERT INTO ACCESS_RIGHTS ( ID, ACTIVE, FK_EMPLOYEE, FK_RIGHT ) VALUES ( 
260, 1, 7, 2); 
INSERT INTO ACCESS_RIGHTS ( ID, ACTIVE, FK_EMPLOYEE, FK_RIGHT ) VALUES ( 
261, 1, 7, 3); 
INSERT INTO ACCESS_RIGHTS ( ID, ACTIVE, FK_EMPLOYEE, FK_RIGHT ) VALUES ( 
262, 1, 7, 4); 
INSERT INTO ACCESS_RIGHTS ( ID, ACTIVE, FK_EMPLOYEE, FK_RIGHT ) VALUES ( 
263, 1, 7, 5); 
INSERT INTO ACCESS_RIGHTS ( ID, ACTIVE, FK_EMPLOYEE, FK_RIGHT ) VALUES ( 
264, 1, 7, 6); 
INSERT INTO ACCESS_RIGHTS ( ID, ACTIVE, FK_EMPLOYEE, FK_RIGHT ) VALUES ( 
265, 1, 7, 7); 
INSERT INTO ACCESS_RIGHTS ( ID, ACTIVE, FK_EMPLOYEE, FK_RIGHT ) VALUES ( 
266, 1, 7, 8); 
INSERT INTO ACCESS_RIGHTS ( ID, ACTIVE, FK_EMPLOYEE, FK_RIGHT ) VALUES ( 
267, 1, 7, 9); 
INSERT INTO ACCESS_RIGHTS ( ID, ACTIVE, FK_EMPLOYEE, FK_RIGHT ) VALUES ( 
268, 1, 7, 10); 
INSERT INTO ACCESS_RIGHTS ( ID, ACTIVE, FK_EMPLOYEE, FK_RIGHT ) VALUES ( 
269, 1, 7, 11); 
INSERT INTO ACCESS_RIGHTS ( ID, ACTIVE, FK_EMPLOYEE, FK_RIGHT ) VALUES ( 
270, 1, 7, 12); 
INSERT INTO ACCESS_RIGHTS ( ID, ACTIVE, FK_EMPLOYEE, FK_RIGHT ) VALUES ( 
271, 1, 7, 13); 
INSERT INTO ACCESS_RIGHTS ( ID, ACTIVE, FK_EMPLOYEE, FK_RIGHT ) VALUES ( 
272, 1, 7, 14); 
INSERT INTO ACCESS_RIGHTS ( ID, ACTIVE, FK_EMPLOYEE, FK_RIGHT ) VALUES ( 
273, 1, 7, 15); 
INSERT INTO ACCESS_RIGHTS ( ID, ACTIVE, FK_EMPLOYEE, FK_RIGHT ) VALUES ( 
274, 1, 7, 16); 
INSERT INTO ACCESS_RIGHTS ( ID, ACTIVE, FK_EMPLOYEE, FK_RIGHT ) VALUES ( 
275, 1, 7, 17); 
INSERT INTO ACCESS_RIGHTS ( ID, ACTIVE, FK_EMPLOYEE, FK_RIGHT ) VALUES ( 
276, 1, 7, 18); 
INSERT INTO ACCESS_RIGHTS ( ID, ACTIVE, FK_EMPLOYEE, FK_RIGHT ) VALUES ( 
277, 1, 7, 19); 
INSERT INTO ACCESS_RIGHTS ( ID, ACTIVE, FK_EMPLOYEE, FK_RIGHT ) VALUES ( 
278, 1, 7, 20); 
INSERT INTO ACCESS_RIGHTS ( ID, ACTIVE, FK_EMPLOYEE, FK_RIGHT ) VALUES ( 
279, 1, 7, 21); 
INSERT INTO ACCESS_RIGHTS ( ID, ACTIVE, FK_EMPLOYEE, FK_RIGHT ) VALUES ( 
280, 1, 7, 22); 
INSERT INTO ACCESS_RIGHTS ( ID, ACTIVE, FK_EMPLOYEE, FK_RIGHT ) VALUES ( 
281, 1, 7, 23); 
INSERT INTO ACCESS_RIGHTS ( ID, ACTIVE, FK_EMPLOYEE, FK_RIGHT ) VALUES ( 
282, 1, 7, 24); 
INSERT INTO ACCESS_RIGHTS ( ID, ACTIVE, FK_EMPLOYEE, FK_RIGHT ) VALUES ( 
283, 1, 7, 25); 
INSERT INTO ACCESS_RIGHTS ( ID, ACTIVE, FK_EMPLOYEE, FK_RIGHT ) VALUES ( 
284, 1, 7, 26); 
INSERT INTO ACCESS_RIGHTS ( ID, ACTIVE, FK_EMPLOYEE, FK_RIGHT ) VALUES ( 
285, 1, 7, 27); 
INSERT INTO ACCESS_RIGHTS ( ID, ACTIVE, FK_EMPLOYEE, FK_RIGHT ) VALUES ( 
286, 1, 7, 28); 
INSERT INTO ACCESS_RIGHTS ( ID, ACTIVE, FK_EMPLOYEE, FK_RIGHT ) VALUES ( 
287, 1, 7, 29); 
INSERT INTO ACCESS_RIGHTS ( ID, ACTIVE, FK_EMPLOYEE, FK_RIGHT ) VALUES ( 
288, 1, 7, 30); 
INSERT INTO ACCESS_RIGHTS ( ID, ACTIVE, FK_EMPLOYEE, FK_RIGHT ) VALUES ( 
289, 1, 7, 31); 
INSERT INTO ACCESS_RIGHTS ( ID, ACTIVE, FK_EMPLOYEE, FK_RIGHT ) VALUES ( 
290, 1, 7, 32); 
INSERT INTO ACCESS_RIGHTS ( ID, ACTIVE, FK_EMPLOYEE, FK_RIGHT ) VALUES ( 
291, 1, 7, 33); 
INSERT INTO ACCESS_RIGHTS ( ID, ACTIVE, FK_EMPLOYEE, FK_RIGHT ) VALUES ( 
292, 1, 7, 34); 
INSERT INTO ACCESS_RIGHTS ( ID, ACTIVE, FK_EMPLOYEE, FK_RIGHT ) VALUES ( 
293, 1, 7, 35); 
INSERT INTO ACCESS_RIGHTS ( ID, ACTIVE, FK_EMPLOYEE, FK_RIGHT ) VALUES ( 
294, 1, 7, 36); 
INSERT INTO ACCESS_RIGHTS ( ID, ACTIVE, FK_EMPLOYEE, FK_RIGHT ) VALUES ( 
295, 1, 7, 37); 
INSERT INTO ACCESS_RIGHTS ( ID, ACTIVE, FK_EMPLOYEE, FK_RIGHT ) VALUES ( 
296, 1, 7, 38); 
INSERT INTO ACCESS_RIGHTS ( ID, ACTIVE, FK_EMPLOYEE, FK_RIGHT ) VALUES ( 
297, 1, 7, 39); 
INSERT INTO ACCESS_RIGHTS ( ID, ACTIVE, FK_EMPLOYEE, FK_RIGHT ) VALUES ( 
298, 1, 7, 40); 
INSERT INTO ACCESS_RIGHTS ( ID, ACTIVE, FK_EMPLOYEE, FK_RIGHT ) VALUES ( 
299, 0, 7, 41); 
INSERT INTO ACCESS_RIGHTS ( ID, ACTIVE, FK_EMPLOYEE, FK_RIGHT ) VALUES ( 
300, 0, 7, 42); 
INSERT INTO ACCESS_RIGHTS ( ID, ACTIVE, FK_EMPLOYEE, FK_RIGHT ) VALUES ( 
302, 1, 181, 1); 
INSERT INTO ACCESS_RIGHTS ( ID, ACTIVE, FK_EMPLOYEE, FK_RIGHT ) VALUES ( 
303, 1, 181, 2); 
INSERT INTO ACCESS_RIGHTS ( ID, ACTIVE, FK_EMPLOYEE, FK_RIGHT ) VALUES ( 
304, 1, 181, 3); 
INSERT INTO ACCESS_RIGHTS ( ID, ACTIVE, FK_EMPLOYEE, FK_RIGHT ) VALUES ( 
305, 1, 181, 4); 
INSERT INTO ACCESS_RIGHTS ( ID, ACTIVE, FK_EMPLOYEE, FK_RIGHT ) VALUES ( 
306, 1, 181, 5); 
INSERT INTO ACCESS_RIGHTS ( ID, ACTIVE, FK_EMPLOYEE, FK_RIGHT ) VALUES ( 
307, 1, 181, 6); 
INSERT INTO ACCESS_RIGHTS ( ID, ACTIVE, FK_EMPLOYEE, FK_RIGHT ) VALUES ( 
308, 1, 181, 7); 
INSERT INTO ACCESS_RIGHTS ( ID, ACTIVE, FK_EMPLOYEE, FK_RIGHT ) VALUES ( 
309, 1, 181, 8); 
INSERT INTO ACCESS_RIGHTS ( ID, ACTIVE, FK_EMPLOYEE, FK_RIGHT ) VALUES ( 
310, 1, 181, 9); 
INSERT INTO ACCESS_RIGHTS ( ID, ACTIVE, FK_EMPLOYEE, FK_RIGHT ) VALUES ( 
311, 1, 181, 10); 
INSERT INTO ACCESS_RIGHTS ( ID, ACTIVE, FK_EMPLOYEE, FK_RIGHT ) VALUES ( 
312, 1, 181, 11); 
INSERT INTO ACCESS_RIGHTS ( ID, ACTIVE, FK_EMPLOYEE, FK_RIGHT ) VALUES ( 
313, 1, 181, 12); 
INSERT INTO ACCESS_RIGHTS ( ID, ACTIVE, FK_EMPLOYEE, FK_RIGHT ) VALUES ( 
314, 1, 181, 13); 
INSERT INTO ACCESS_RIGHTS ( ID, ACTIVE, FK_EMPLOYEE, FK_RIGHT ) VALUES ( 
315, 1, 181, 14); 
INSERT INTO ACCESS_RIGHTS ( ID, ACTIVE, FK_EMPLOYEE, FK_RIGHT ) VALUES ( 
316, 1, 181, 15); 
INSERT INTO ACCESS_RIGHTS ( ID, ACTIVE, FK_EMPLOYEE, FK_RIGHT ) VALUES ( 
317, 1, 181, 16); 
INSERT INTO ACCESS_RIGHTS ( ID, ACTIVE, FK_EMPLOYEE, FK_RIGHT ) VALUES ( 
318, 1, 181, 17); 
INSERT INTO ACCESS_RIGHTS ( ID, ACTIVE, FK_EMPLOYEE, FK_RIGHT ) VALUES ( 
319, 1, 181, 18); 
INSERT INTO ACCESS_RIGHTS ( ID, ACTIVE, FK_EMPLOYEE, FK_RIGHT ) VALUES ( 
320, 1, 181, 19); 
INSERT INTO ACCESS_RIGHTS ( ID, ACTIVE, FK_EMPLOYEE, FK_RIGHT ) VALUES ( 
321, 1, 181, 20); 
INSERT INTO ACCESS_RIGHTS ( ID, ACTIVE, FK_EMPLOYEE, FK_RIGHT ) VALUES ( 
322, 1, 181, 21); 
INSERT INTO ACCESS_RIGHTS ( ID, ACTIVE, FK_EMPLOYEE, FK_RIGHT ) VALUES ( 
323, 1, 181, 22); 
INSERT INTO ACCESS_RIGHTS ( ID, ACTIVE, FK_EMPLOYEE, FK_RIGHT ) VALUES ( 
324, 1, 181, 23); 
INSERT INTO ACCESS_RIGHTS ( ID, ACTIVE, FK_EMPLOYEE, FK_RIGHT ) VALUES ( 
325, 1, 181, 24); 
INSERT INTO ACCESS_RIGHTS ( ID, ACTIVE, FK_EMPLOYEE, FK_RIGHT ) VALUES ( 
326, 1, 181, 25); 
INSERT INTO ACCESS_RIGHTS ( ID, ACTIVE, FK_EMPLOYEE, FK_RIGHT ) VALUES ( 
327, 1, 181, 26); 
INSERT INTO ACCESS_RIGHTS ( ID, ACTIVE, FK_EMPLOYEE, FK_RIGHT ) VALUES ( 
328, 1, 181, 27); 
INSERT INTO ACCESS_RIGHTS ( ID, ACTIVE, FK_EMPLOYEE, FK_RIGHT ) VALUES ( 
329, 1, 181, 28); 
INSERT INTO ACCESS_RIGHTS ( ID, ACTIVE, FK_EMPLOYEE, FK_RIGHT ) VALUES ( 
330, 1, 181, 29); 
INSERT INTO ACCESS_RIGHTS ( ID, ACTIVE, FK_EMPLOYEE, FK_RIGHT ) VALUES ( 
331, 1, 181, 30); 
INSERT INTO ACCESS_RIGHTS ( ID, ACTIVE, FK_EMPLOYEE, FK_RIGHT ) VALUES ( 
332, 1, 181, 31); 
INSERT INTO ACCESS_RIGHTS ( ID, ACTIVE, FK_EMPLOYEE, FK_RIGHT ) VALUES ( 
333, 1, 181, 32); 
INSERT INTO ACCESS_RIGHTS ( ID, ACTIVE, FK_EMPLOYEE, FK_RIGHT ) VALUES ( 
334, 1, 181, 33); 
INSERT INTO ACCESS_RIGHTS ( ID, ACTIVE, FK_EMPLOYEE, FK_RIGHT ) VALUES ( 
335, 1, 181, 34); 
INSERT INTO ACCESS_RIGHTS ( ID, ACTIVE, FK_EMPLOYEE, FK_RIGHT ) VALUES ( 
336, 1, 181, 35); 
INSERT INTO ACCESS_RIGHTS ( ID, ACTIVE, FK_EMPLOYEE, FK_RIGHT ) VALUES ( 
337, 1, 181, 36); 
INSERT INTO ACCESS_RIGHTS ( ID, ACTIVE, FK_EMPLOYEE, FK_RIGHT ) VALUES ( 
338, 1, 181, 37); 
INSERT INTO ACCESS_RIGHTS ( ID, ACTIVE, FK_EMPLOYEE, FK_RIGHT ) VALUES ( 
339, 1, 181, 38); 
INSERT INTO ACCESS_RIGHTS ( ID, ACTIVE, FK_EMPLOYEE, FK_RIGHT ) VALUES ( 
340, 1, 181, 39); 
INSERT INTO ACCESS_RIGHTS ( ID, ACTIVE, FK_EMPLOYEE, FK_RIGHT ) VALUES ( 
341, 1, 181, 40); 
INSERT INTO ACCESS_RIGHTS ( ID, ACTIVE, FK_EMPLOYEE, FK_RIGHT ) VALUES ( 
342, 0, 181, 41); 
INSERT INTO ACCESS_RIGHTS ( ID, ACTIVE, FK_EMPLOYEE, FK_RIGHT ) VALUES ( 
343, 0, 181, 42); 
INSERT INTO ACCESS_RIGHTS ( ID, ACTIVE, FK_EMPLOYEE, FK_RIGHT ) VALUES ( 
345, 1, 241, 1); 
INSERT INTO ACCESS_RIGHTS ( ID, ACTIVE, FK_EMPLOYEE, FK_RIGHT ) VALUES ( 
346, 1, 241, 2); 
INSERT INTO ACCESS_RIGHTS ( ID, ACTIVE, FK_EMPLOYEE, FK_RIGHT ) VALUES ( 
347, 1, 241, 3); 
INSERT INTO ACCESS_RIGHTS ( ID, ACTIVE, FK_EMPLOYEE, FK_RIGHT ) VALUES ( 
348, 1, 241, 4); 
INSERT INTO ACCESS_RIGHTS ( ID, ACTIVE, FK_EMPLOYEE, FK_RIGHT ) VALUES ( 
349, 1, 241, 5); 
INSERT INTO ACCESS_RIGHTS ( ID, ACTIVE, FK_EMPLOYEE, FK_RIGHT ) VALUES ( 
350, 1, 241, 6); 
INSERT INTO ACCESS_RIGHTS ( ID, ACTIVE, FK_EMPLOYEE, FK_RIGHT ) VALUES ( 
351, 1, 241, 7); 
INSERT INTO ACCESS_RIGHTS ( ID, ACTIVE, FK_EMPLOYEE, FK_RIGHT ) VALUES ( 
352, 1, 241, 8); 
INSERT INTO ACCESS_RIGHTS ( ID, ACTIVE, FK_EMPLOYEE, FK_RIGHT ) VALUES ( 
353, 1, 241, 9); 
INSERT INTO ACCESS_RIGHTS ( ID, ACTIVE, FK_EMPLOYEE, FK_RIGHT ) VALUES ( 
354, 1, 241, 10); 
INSERT INTO ACCESS_RIGHTS ( ID, ACTIVE, FK_EMPLOYEE, FK_RIGHT ) VALUES ( 
355, 1, 241, 11); 
INSERT INTO ACCESS_RIGHTS ( ID, ACTIVE, FK_EMPLOYEE, FK_RIGHT ) VALUES ( 
356, 1, 241, 12); 
INSERT INTO ACCESS_RIGHTS ( ID, ACTIVE, FK_EMPLOYEE, FK_RIGHT ) VALUES ( 
357, 1, 241, 13); 
INSERT INTO ACCESS_RIGHTS ( ID, ACTIVE, FK_EMPLOYEE, FK_RIGHT ) VALUES ( 
358, 1, 241, 14); 
INSERT INTO ACCESS_RIGHTS ( ID, ACTIVE, FK_EMPLOYEE, FK_RIGHT ) VALUES ( 
359, 1, 241, 15); 
INSERT INTO ACCESS_RIGHTS ( ID, ACTIVE, FK_EMPLOYEE, FK_RIGHT ) VALUES ( 
360, 1, 241, 16); 
INSERT INTO ACCESS_RIGHTS ( ID, ACTIVE, FK_EMPLOYEE, FK_RIGHT ) VALUES ( 
361, 1, 241, 17); 
INSERT INTO ACCESS_RIGHTS ( ID, ACTIVE, FK_EMPLOYEE, FK_RIGHT ) VALUES ( 
362, 1, 241, 18); 
INSERT INTO ACCESS_RIGHTS ( ID, ACTIVE, FK_EMPLOYEE, FK_RIGHT ) VALUES ( 
363, 1, 241, 19); 
INSERT INTO ACCESS_RIGHTS ( ID, ACTIVE, FK_EMPLOYEE, FK_RIGHT ) VALUES ( 
364, 1, 241, 20); 
INSERT INTO ACCESS_RIGHTS ( ID, ACTIVE, FK_EMPLOYEE, FK_RIGHT ) VALUES ( 
365, 1, 241, 21); 
INSERT INTO ACCESS_RIGHTS ( ID, ACTIVE, FK_EMPLOYEE, FK_RIGHT ) VALUES ( 
366, 1, 241, 22); 
INSERT INTO ACCESS_RIGHTS ( ID, ACTIVE, FK_EMPLOYEE, FK_RIGHT ) VALUES ( 
367, 1, 241, 23); 
INSERT INTO ACCESS_RIGHTS ( ID, ACTIVE, FK_EMPLOYEE, FK_RIGHT ) VALUES ( 
368, 1, 241, 24); 
INSERT INTO ACCESS_RIGHTS ( ID, ACTIVE, FK_EMPLOYEE, FK_RIGHT ) VALUES ( 
369, 1, 241, 25); 
INSERT INTO ACCESS_RIGHTS ( ID, ACTIVE, FK_EMPLOYEE, FK_RIGHT ) VALUES ( 
370, 1, 241, 26); 
INSERT INTO ACCESS_RIGHTS ( ID, ACTIVE, FK_EMPLOYEE, FK_RIGHT ) VALUES ( 
371, 1, 241, 27); 
INSERT INTO ACCESS_RIGHTS ( ID, ACTIVE, FK_EMPLOYEE, FK_RIGHT ) VALUES ( 
372, 1, 241, 28); 
INSERT INTO ACCESS_RIGHTS ( ID, ACTIVE, FK_EMPLOYEE, FK_RIGHT ) VALUES ( 
373, 0, 241, 29); 
INSERT INTO ACCESS_RIGHTS ( ID, ACTIVE, FK_EMPLOYEE, FK_RIGHT ) VALUES ( 
374, 1, 241, 30); 
INSERT INTO ACCESS_RIGHTS ( ID, ACTIVE, FK_EMPLOYEE, FK_RIGHT ) VALUES ( 
375, 1, 241, 31); 
INSERT INTO ACCESS_RIGHTS ( ID, ACTIVE, FK_EMPLOYEE, FK_RIGHT ) VALUES ( 
376, 1, 241, 32); 
INSERT INTO ACCESS_RIGHTS ( ID, ACTIVE, FK_EMPLOYEE, FK_RIGHT ) VALUES ( 
377, 1, 241, 33); 
INSERT INTO ACCESS_RIGHTS ( ID, ACTIVE, FK_EMPLOYEE, FK_RIGHT ) VALUES ( 
378, 1, 241, 34); 
INSERT INTO ACCESS_RIGHTS ( ID, ACTIVE, FK_EMPLOYEE, FK_RIGHT ) VALUES ( 
379, 1, 241, 35); 
INSERT INTO ACCESS_RIGHTS ( ID, ACTIVE, FK_EMPLOYEE, FK_RIGHT ) VALUES ( 
380, 1, 241, 36); 
INSERT INTO ACCESS_RIGHTS ( ID, ACTIVE, FK_EMPLOYEE, FK_RIGHT ) VALUES ( 
381, 1, 241, 37); 
INSERT INTO ACCESS_RIGHTS ( ID, ACTIVE, FK_EMPLOYEE, FK_RIGHT ) VALUES ( 
382, 1, 241, 38); 
INSERT INTO ACCESS_RIGHTS ( ID, ACTIVE, FK_EMPLOYEE, FK_RIGHT ) VALUES ( 
383, 1, 241, 39); 
INSERT INTO ACCESS_RIGHTS ( ID, ACTIVE, FK_EMPLOYEE, FK_RIGHT ) VALUES ( 
384, 1, 241, 40); 
INSERT INTO ACCESS_RIGHTS ( ID, ACTIVE, FK_EMPLOYEE, FK_RIGHT ) VALUES ( 
385, 0, 241, 41); 
INSERT INTO ACCESS_RIGHTS ( ID, ACTIVE, FK_EMPLOYEE, FK_RIGHT ) VALUES ( 
386, 0, 241, 42); 
INSERT INTO ACCESS_RIGHTS ( ID, ACTIVE, FK_EMPLOYEE, FK_RIGHT ) VALUES ( 
388, 1, 541, 1); 
INSERT INTO ACCESS_RIGHTS ( ID, ACTIVE, FK_EMPLOYEE, FK_RIGHT ) VALUES ( 
389, 1, 541, 2); 
INSERT INTO ACCESS_RIGHTS ( ID, ACTIVE, FK_EMPLOYEE, FK_RIGHT ) VALUES ( 
390, 1, 541, 3); 
INSERT INTO ACCESS_RIGHTS ( ID, ACTIVE, FK_EMPLOYEE, FK_RIGHT ) VALUES ( 
391, 1, 541, 4); 
INSERT INTO ACCESS_RIGHTS ( ID, ACTIVE, FK_EMPLOYEE, FK_RIGHT ) VALUES ( 
392, 1, 541, 5); 
INSERT INTO ACCESS_RIGHTS ( ID, ACTIVE, FK_EMPLOYEE, FK_RIGHT ) VALUES ( 
393, 1, 541, 6); 
INSERT INTO ACCESS_RIGHTS ( ID, ACTIVE, FK_EMPLOYEE, FK_RIGHT ) VALUES ( 
394, 1, 541, 7); 
INSERT INTO ACCESS_RIGHTS ( ID, ACTIVE, FK_EMPLOYEE, FK_RIGHT ) VALUES ( 
395, 1, 541, 8); 
INSERT INTO ACCESS_RIGHTS ( ID, ACTIVE, FK_EMPLOYEE, FK_RIGHT ) VALUES ( 
396, 1, 541, 9); 
INSERT INTO ACCESS_RIGHTS ( ID, ACTIVE, FK_EMPLOYEE, FK_RIGHT ) VALUES ( 
397, 1, 541, 10); 
INSERT INTO ACCESS_RIGHTS ( ID, ACTIVE, FK_EMPLOYEE, FK_RIGHT ) VALUES ( 
398, 1, 541, 11); 
INSERT INTO ACCESS_RIGHTS ( ID, ACTIVE, FK_EMPLOYEE, FK_RIGHT ) VALUES ( 
399, 1, 541, 12); 
INSERT INTO ACCESS_RIGHTS ( ID, ACTIVE, FK_EMPLOYEE, FK_RIGHT ) VALUES ( 
400, 1, 541, 13); 
INSERT INTO ACCESS_RIGHTS ( ID, ACTIVE, FK_EMPLOYEE, FK_RIGHT ) VALUES ( 
401, 1, 541, 14); 
INSERT INTO ACCESS_RIGHTS ( ID, ACTIVE, FK_EMPLOYEE, FK_RIGHT ) VALUES ( 
402, 1, 541, 15); 
INSERT INTO ACCESS_RIGHTS ( ID, ACTIVE, FK_EMPLOYEE, FK_RIGHT ) VALUES ( 
403, 1, 541, 16); 
INSERT INTO ACCESS_RIGHTS ( ID, ACTIVE, FK_EMPLOYEE, FK_RIGHT ) VALUES ( 
404, 1, 541, 17); 
INSERT INTO ACCESS_RIGHTS ( ID, ACTIVE, FK_EMPLOYEE, FK_RIGHT ) VALUES ( 
405, 1, 541, 18); 
INSERT INTO ACCESS_RIGHTS ( ID, ACTIVE, FK_EMPLOYEE, FK_RIGHT ) VALUES ( 
406, 1, 541, 19); 
INSERT INTO ACCESS_RIGHTS ( ID, ACTIVE, FK_EMPLOYEE, FK_RIGHT ) VALUES ( 
407, 1, 541, 20); 
INSERT INTO ACCESS_RIGHTS ( ID, ACTIVE, FK_EMPLOYEE, FK_RIGHT ) VALUES ( 
408, 1, 541, 21); 
INSERT INTO ACCESS_RIGHTS ( ID, ACTIVE, FK_EMPLOYEE, FK_RIGHT ) VALUES ( 
409, 1, 541, 22); 
INSERT INTO ACCESS_RIGHTS ( ID, ACTIVE, FK_EMPLOYEE, FK_RIGHT ) VALUES ( 
410, 1, 541, 23); 
INSERT INTO ACCESS_RIGHTS ( ID, ACTIVE, FK_EMPLOYEE, FK_RIGHT ) VALUES ( 
411, 1, 541, 24); 
INSERT INTO ACCESS_RIGHTS ( ID, ACTIVE, FK_EMPLOYEE, FK_RIGHT ) VALUES ( 
412, 1, 541, 25); 
INSERT INTO ACCESS_RIGHTS ( ID, ACTIVE, FK_EMPLOYEE, FK_RIGHT ) VALUES ( 
413, 1, 541, 26); 
INSERT INTO ACCESS_RIGHTS ( ID, ACTIVE, FK_EMPLOYEE, FK_RIGHT ) VALUES ( 
414, 1, 541, 27); 
INSERT INTO ACCESS_RIGHTS ( ID, ACTIVE, FK_EMPLOYEE, FK_RIGHT ) VALUES ( 
415, 1, 541, 28); 
INSERT INTO ACCESS_RIGHTS ( ID, ACTIVE, FK_EMPLOYEE, FK_RIGHT ) VALUES ( 
416, 1, 541, 29); 
INSERT INTO ACCESS_RIGHTS ( ID, ACTIVE, FK_EMPLOYEE, FK_RIGHT ) VALUES ( 
417, 1, 541, 30); 
INSERT INTO ACCESS_RIGHTS ( ID, ACTIVE, FK_EMPLOYEE, FK_RIGHT ) VALUES ( 
418, 1, 541, 31); 
INSERT INTO ACCESS_RIGHTS ( ID, ACTIVE, FK_EMPLOYEE, FK_RIGHT ) VALUES ( 
419, 1, 541, 32); 
INSERT INTO ACCESS_RIGHTS ( ID, ACTIVE, FK_EMPLOYEE, FK_RIGHT ) VALUES ( 
420, 1, 541, 33); 
INSERT INTO ACCESS_RIGHTS ( ID, ACTIVE, FK_EMPLOYEE, FK_RIGHT ) VALUES ( 
421, 1, 541, 34); 
INSERT INTO ACCESS_RIGHTS ( ID, ACTIVE, FK_EMPLOYEE, FK_RIGHT ) VALUES ( 
422, 1, 541, 35); 
INSERT INTO ACCESS_RIGHTS ( ID, ACTIVE, FK_EMPLOYEE, FK_RIGHT ) VALUES ( 
423, 1, 541, 36); 
INSERT INTO ACCESS_RIGHTS ( ID, ACTIVE, FK_EMPLOYEE, FK_RIGHT ) VALUES ( 
424, 1, 541, 37); 
INSERT INTO ACCESS_RIGHTS ( ID, ACTIVE, FK_EMPLOYEE, FK_RIGHT ) VALUES ( 
425, 1, 541, 38); 
INSERT INTO ACCESS_RIGHTS ( ID, ACTIVE, FK_EMPLOYEE, FK_RIGHT ) VALUES ( 
426, 1, 541, 39); 
INSERT INTO ACCESS_RIGHTS ( ID, ACTIVE, FK_EMPLOYEE, FK_RIGHT ) VALUES ( 
427, 1, 541, 40); 
INSERT INTO ACCESS_RIGHTS ( ID, ACTIVE, FK_EMPLOYEE, FK_RIGHT ) VALUES ( 
428, 0, 541, 41); 
INSERT INTO ACCESS_RIGHTS ( ID, ACTIVE, FK_EMPLOYEE, FK_RIGHT ) VALUES ( 
429, 0, 541, 42); 
INSERT INTO ACCESS_RIGHTS ( ID, ACTIVE, FK_EMPLOYEE, FK_RIGHT ) VALUES ( 
431, 1, 542, 1); 
INSERT INTO ACCESS_RIGHTS ( ID, ACTIVE, FK_EMPLOYEE, FK_RIGHT ) VALUES ( 
432, 1, 542, 2); 
INSERT INTO ACCESS_RIGHTS ( ID, ACTIVE, FK_EMPLOYEE, FK_RIGHT ) VALUES ( 
433, 1, 542, 3); 
INSERT INTO ACCESS_RIGHTS ( ID, ACTIVE, FK_EMPLOYEE, FK_RIGHT ) VALUES ( 
434, 1, 542, 4); 
INSERT INTO ACCESS_RIGHTS ( ID, ACTIVE, FK_EMPLOYEE, FK_RIGHT ) VALUES ( 
435, 1, 542, 5); 
INSERT INTO ACCESS_RIGHTS ( ID, ACTIVE, FK_EMPLOYEE, FK_RIGHT ) VALUES ( 
436, 1, 542, 6); 
INSERT INTO ACCESS_RIGHTS ( ID, ACTIVE, FK_EMPLOYEE, FK_RIGHT ) VALUES ( 
437, 1, 542, 7); 
INSERT INTO ACCESS_RIGHTS ( ID, ACTIVE, FK_EMPLOYEE, FK_RIGHT ) VALUES ( 
438, 1, 542, 8); 
INSERT INTO ACCESS_RIGHTS ( ID, ACTIVE, FK_EMPLOYEE, FK_RIGHT ) VALUES ( 
439, 1, 542, 9); 
INSERT INTO ACCESS_RIGHTS ( ID, ACTIVE, FK_EMPLOYEE, FK_RIGHT ) VALUES ( 
440, 1, 542, 10); 
INSERT INTO ACCESS_RIGHTS ( ID, ACTIVE, FK_EMPLOYEE, FK_RIGHT ) VALUES ( 
441, 1, 542, 11); 
INSERT INTO ACCESS_RIGHTS ( ID, ACTIVE, FK_EMPLOYEE, FK_RIGHT ) VALUES ( 
442, 1, 542, 12); 
INSERT INTO ACCESS_RIGHTS ( ID, ACTIVE, FK_EMPLOYEE, FK_RIGHT ) VALUES ( 
443, 1, 542, 13); 
INSERT INTO ACCESS_RIGHTS ( ID, ACTIVE, FK_EMPLOYEE, FK_RIGHT ) VALUES ( 
444, 1, 542, 14); 
INSERT INTO ACCESS_RIGHTS ( ID, ACTIVE, FK_EMPLOYEE, FK_RIGHT ) VALUES ( 
445, 1, 542, 15); 
INSERT INTO ACCESS_RIGHTS ( ID, ACTIVE, FK_EMPLOYEE, FK_RIGHT ) VALUES ( 
446, 1, 542, 16); 
INSERT INTO ACCESS_RIGHTS ( ID, ACTIVE, FK_EMPLOYEE, FK_RIGHT ) VALUES ( 
447, 1, 542, 17); 
INSERT INTO ACCESS_RIGHTS ( ID, ACTIVE, FK_EMPLOYEE, FK_RIGHT ) VALUES ( 
448, 1, 542, 18); 
INSERT INTO ACCESS_RIGHTS ( ID, ACTIVE, FK_EMPLOYEE, FK_RIGHT ) VALUES ( 
449, 1, 542, 19); 
INSERT INTO ACCESS_RIGHTS ( ID, ACTIVE, FK_EMPLOYEE, FK_RIGHT ) VALUES ( 
450, 1, 542, 20); 
INSERT INTO ACCESS_RIGHTS ( ID, ACTIVE, FK_EMPLOYEE, FK_RIGHT ) VALUES ( 
451, 1, 542, 21); 
INSERT INTO ACCESS_RIGHTS ( ID, ACTIVE, FK_EMPLOYEE, FK_RIGHT ) VALUES ( 
452, 1, 542, 22); 
INSERT INTO ACCESS_RIGHTS ( ID, ACTIVE, FK_EMPLOYEE, FK_RIGHT ) VALUES ( 
453, 1, 542, 23); 
INSERT INTO ACCESS_RIGHTS ( ID, ACTIVE, FK_EMPLOYEE, FK_RIGHT ) VALUES ( 
454, 1, 542, 24); 
INSERT INTO ACCESS_RIGHTS ( ID, ACTIVE, FK_EMPLOYEE, FK_RIGHT ) VALUES ( 
455, 1, 542, 25); 
INSERT INTO ACCESS_RIGHTS ( ID, ACTIVE, FK_EMPLOYEE, FK_RIGHT ) VALUES ( 
456, 1, 542, 26); 
INSERT INTO ACCESS_RIGHTS ( ID, ACTIVE, FK_EMPLOYEE, FK_RIGHT ) VALUES ( 
457, 1, 542, 27); 
INSERT INTO ACCESS_RIGHTS ( ID, ACTIVE, FK_EMPLOYEE, FK_RIGHT ) VALUES ( 
458, 1, 542, 28); 
INSERT INTO ACCESS_RIGHTS ( ID, ACTIVE, FK_EMPLOYEE, FK_RIGHT ) VALUES ( 
459, 1, 542, 29); 
INSERT INTO ACCESS_RIGHTS ( ID, ACTIVE, FK_EMPLOYEE, FK_RIGHT ) VALUES ( 
460, 1, 542, 30); 
INSERT INTO ACCESS_RIGHTS ( ID, ACTIVE, FK_EMPLOYEE, FK_RIGHT ) VALUES ( 
461, 1, 542, 31); 
INSERT INTO ACCESS_RIGHTS ( ID, ACTIVE, FK_EMPLOYEE, FK_RIGHT ) VALUES ( 
462, 1, 542, 32); 
INSERT INTO ACCESS_RIGHTS ( ID, ACTIVE, FK_EMPLOYEE, FK_RIGHT ) VALUES ( 
463, 1, 542, 33); 
INSERT INTO ACCESS_RIGHTS ( ID, ACTIVE, FK_EMPLOYEE, FK_RIGHT ) VALUES ( 
464, 1, 542, 34); 
INSERT INTO ACCESS_RIGHTS ( ID, ACTIVE, FK_EMPLOYEE, FK_RIGHT ) VALUES ( 
465, 1, 542, 35); 
INSERT INTO ACCESS_RIGHTS ( ID, ACTIVE, FK_EMPLOYEE, FK_RIGHT ) VALUES ( 
466, 1, 542, 36); 
INSERT INTO ACCESS_RIGHTS ( ID, ACTIVE, FK_EMPLOYEE, FK_RIGHT ) VALUES ( 
467, 1, 542, 37); 
INSERT INTO ACCESS_RIGHTS ( ID, ACTIVE, FK_EMPLOYEE, FK_RIGHT ) VALUES ( 
468, 1, 542, 38); 
INSERT INTO ACCESS_RIGHTS ( ID, ACTIVE, FK_EMPLOYEE, FK_RIGHT ) VALUES ( 
469, 1, 542, 39); 
INSERT INTO ACCESS_RIGHTS ( ID, ACTIVE, FK_EMPLOYEE, FK_RIGHT ) VALUES ( 
470, 1, 542, 40); 
INSERT INTO ACCESS_RIGHTS ( ID, ACTIVE, FK_EMPLOYEE, FK_RIGHT ) VALUES ( 
471, 0, 542, 41); 
INSERT INTO ACCESS_RIGHTS ( ID, ACTIVE, FK_EMPLOYEE, FK_RIGHT ) VALUES ( 
472, 0, 542, 42); 
INSERT INTO ACCESS_RIGHTS ( ID, ACTIVE, FK_EMPLOYEE, FK_RIGHT ) VALUES ( 
474, 0, 543, 1); 
INSERT INTO ACCESS_RIGHTS ( ID, ACTIVE, FK_EMPLOYEE, FK_RIGHT ) VALUES ( 
475, 1, 543, 2); 
INSERT INTO ACCESS_RIGHTS ( ID, ACTIVE, FK_EMPLOYEE, FK_RIGHT ) VALUES ( 
476, 1, 543, 3); 
INSERT INTO ACCESS_RIGHTS ( ID, ACTIVE, FK_EMPLOYEE, FK_RIGHT ) VALUES ( 
477, 1, 543, 4); 
INSERT INTO ACCESS_RIGHTS ( ID, ACTIVE, FK_EMPLOYEE, FK_RIGHT ) VALUES ( 
478, 1, 543, 5); 
INSERT INTO ACCESS_RIGHTS ( ID, ACTIVE, FK_EMPLOYEE, FK_RIGHT ) VALUES ( 
479, 1, 543, 6); 
INSERT INTO ACCESS_RIGHTS ( ID, ACTIVE, FK_EMPLOYEE, FK_RIGHT ) VALUES ( 
480, 0, 543, 7); 
INSERT INTO ACCESS_RIGHTS ( ID, ACTIVE, FK_EMPLOYEE, FK_RIGHT ) VALUES ( 
481, 1, 543, 8); 
INSERT INTO ACCESS_RIGHTS ( ID, ACTIVE, FK_EMPLOYEE, FK_RIGHT ) VALUES ( 
482, 1, 543, 9); 
INSERT INTO ACCESS_RIGHTS ( ID, ACTIVE, FK_EMPLOYEE, FK_RIGHT ) VALUES ( 
483, 1, 543, 10); 
INSERT INTO ACCESS_RIGHTS ( ID, ACTIVE, FK_EMPLOYEE, FK_RIGHT ) VALUES ( 
484, 1, 543, 11); 
INSERT INTO ACCESS_RIGHTS ( ID, ACTIVE, FK_EMPLOYEE, FK_RIGHT ) VALUES ( 
485, 1, 543, 12); 
INSERT INTO ACCESS_RIGHTS ( ID, ACTIVE, FK_EMPLOYEE, FK_RIGHT ) VALUES ( 
486, 1, 543, 13); 
INSERT INTO ACCESS_RIGHTS ( ID, ACTIVE, FK_EMPLOYEE, FK_RIGHT ) VALUES ( 
487, 1, 543, 14); 
INSERT INTO ACCESS_RIGHTS ( ID, ACTIVE, FK_EMPLOYEE, FK_RIGHT ) VALUES ( 
488, 1, 543, 15); 
INSERT INTO ACCESS_RIGHTS ( ID, ACTIVE, FK_EMPLOYEE, FK_RIGHT ) VALUES ( 
489, 1, 543, 16); 
INSERT INTO ACCESS_RIGHTS ( ID, ACTIVE, FK_EMPLOYEE, FK_RIGHT ) VALUES ( 
490, 1, 543, 17); 
INSERT INTO ACCESS_RIGHTS ( ID, ACTIVE, FK_EMPLOYEE, FK_RIGHT ) VALUES ( 
491, 1, 543, 18); 
INSERT INTO ACCESS_RIGHTS ( ID, ACTIVE, FK_EMPLOYEE, FK_RIGHT ) VALUES ( 
492, 1, 543, 19); 
INSERT INTO ACCESS_RIGHTS ( ID, ACTIVE, FK_EMPLOYEE, FK_RIGHT ) VALUES ( 
493, 1, 543, 20); 
INSERT INTO ACCESS_RIGHTS ( ID, ACTIVE, FK_EMPLOYEE, FK_RIGHT ) VALUES ( 
494, 1, 543, 21); 
INSERT INTO ACCESS_RIGHTS ( ID, ACTIVE, FK_EMPLOYEE, FK_RIGHT ) VALUES ( 
495, 0, 543, 22); 
INSERT INTO ACCESS_RIGHTS ( ID, ACTIVE, FK_EMPLOYEE, FK_RIGHT ) VALUES ( 
496, 0, 543, 23); 
INSERT INTO ACCESS_RIGHTS ( ID, ACTIVE, FK_EMPLOYEE, FK_RIGHT ) VALUES ( 
497, 0, 543, 24); 
INSERT INTO ACCESS_RIGHTS ( ID, ACTIVE, FK_EMPLOYEE, FK_RIGHT ) VALUES ( 
498, 0, 543, 25); 
INSERT INTO ACCESS_RIGHTS ( ID, ACTIVE, FK_EMPLOYEE, FK_RIGHT ) VALUES ( 
499, 0, 543, 26); 
INSERT INTO ACCESS_RIGHTS ( ID, ACTIVE, FK_EMPLOYEE, FK_RIGHT ) VALUES ( 
500, 0, 543, 27); 
INSERT INTO ACCESS_RIGHTS ( ID, ACTIVE, FK_EMPLOYEE, FK_RIGHT ) VALUES ( 
501, 0, 543, 28); 
INSERT INTO ACCESS_RIGHTS ( ID, ACTIVE, FK_EMPLOYEE, FK_RIGHT ) VALUES ( 
502, 0, 543, 29); 
INSERT INTO ACCESS_RIGHTS ( ID, ACTIVE, FK_EMPLOYEE, FK_RIGHT ) VALUES ( 
503, 0, 543, 30); 
INSERT INTO ACCESS_RIGHTS ( ID, ACTIVE, FK_EMPLOYEE, FK_RIGHT ) VALUES ( 
504, 0, 543, 31); 
INSERT INTO ACCESS_RIGHTS ( ID, ACTIVE, FK_EMPLOYEE, FK_RIGHT ) VALUES ( 
505, 0, 543, 32); 
INSERT INTO ACCESS_RIGHTS ( ID, ACTIVE, FK_EMPLOYEE, FK_RIGHT ) VALUES ( 
506, 0, 543, 33); 
INSERT INTO ACCESS_RIGHTS ( ID, ACTIVE, FK_EMPLOYEE, FK_RIGHT ) VALUES ( 
507, 1, 543, 34); 
INSERT INTO ACCESS_RIGHTS ( ID, ACTIVE, FK_EMPLOYEE, FK_RIGHT ) VALUES ( 
508, 1, 543, 35); 
INSERT INTO ACCESS_RIGHTS ( ID, ACTIVE, FK_EMPLOYEE, FK_RIGHT ) VALUES ( 
509, 0, 543, 36); 
INSERT INTO ACCESS_RIGHTS ( ID, ACTIVE, FK_EMPLOYEE, FK_RIGHT ) VALUES ( 
510, 1, 543, 37); 
INSERT INTO ACCESS_RIGHTS ( ID, ACTIVE, FK_EMPLOYEE, FK_RIGHT ) VALUES ( 
511, 1, 543, 38); 
INSERT INTO ACCESS_RIGHTS ( ID, ACTIVE, FK_EMPLOYEE, FK_RIGHT ) VALUES ( 
512, 0, 543, 39); 
INSERT INTO ACCESS_RIGHTS ( ID, ACTIVE, FK_EMPLOYEE, FK_RIGHT ) VALUES ( 
513, 0, 543, 40); 
INSERT INTO ACCESS_RIGHTS ( ID, ACTIVE, FK_EMPLOYEE, FK_RIGHT ) VALUES ( 
514, 0, 543, 41); 
INSERT INTO ACCESS_RIGHTS ( ID, ACTIVE, FK_EMPLOYEE, FK_RIGHT ) VALUES ( 
515, 0, 543, 42); 
INSERT INTO ACCESS_RIGHTS ( ID, ACTIVE, FK_EMPLOYEE, FK_RIGHT ) VALUES ( 
517, 1, 544, 1); 
INSERT INTO ACCESS_RIGHTS ( ID, ACTIVE, FK_EMPLOYEE, FK_RIGHT ) VALUES ( 
518, 1, 544, 2); 
INSERT INTO ACCESS_RIGHTS ( ID, ACTIVE, FK_EMPLOYEE, FK_RIGHT ) VALUES ( 
519, 1, 544, 3); 
INSERT INTO ACCESS_RIGHTS ( ID, ACTIVE, FK_EMPLOYEE, FK_RIGHT ) VALUES ( 
520, 1, 544, 4); 
INSERT INTO ACCESS_RIGHTS ( ID, ACTIVE, FK_EMPLOYEE, FK_RIGHT ) VALUES ( 
521, 1, 544, 5); 
INSERT INTO ACCESS_RIGHTS ( ID, ACTIVE, FK_EMPLOYEE, FK_RIGHT ) VALUES ( 
522, 1, 544, 6); 
INSERT INTO ACCESS_RIGHTS ( ID, ACTIVE, FK_EMPLOYEE, FK_RIGHT ) VALUES ( 
523, 1, 544, 7); 
INSERT INTO ACCESS_RIGHTS ( ID, ACTIVE, FK_EMPLOYEE, FK_RIGHT ) VALUES ( 
524, 1, 544, 8); 
INSERT INTO ACCESS_RIGHTS ( ID, ACTIVE, FK_EMPLOYEE, FK_RIGHT ) VALUES ( 
525, 1, 544, 9); 
INSERT INTO ACCESS_RIGHTS ( ID, ACTIVE, FK_EMPLOYEE, FK_RIGHT ) VALUES ( 
526, 1, 544, 10); 
INSERT INTO ACCESS_RIGHTS ( ID, ACTIVE, FK_EMPLOYEE, FK_RIGHT ) VALUES ( 
527, 1, 544, 11); 
INSERT INTO ACCESS_RIGHTS ( ID, ACTIVE, FK_EMPLOYEE, FK_RIGHT ) VALUES ( 
528, 1, 544, 12); 
INSERT INTO ACCESS_RIGHTS ( ID, ACTIVE, FK_EMPLOYEE, FK_RIGHT ) VALUES ( 
529, 1, 544, 13); 
INSERT INTO ACCESS_RIGHTS ( ID, ACTIVE, FK_EMPLOYEE, FK_RIGHT ) VALUES ( 
530, 1, 544, 14); 
INSERT INTO ACCESS_RIGHTS ( ID, ACTIVE, FK_EMPLOYEE, FK_RIGHT ) VALUES ( 
531, 1, 544, 15); 
INSERT INTO ACCESS_RIGHTS ( ID, ACTIVE, FK_EMPLOYEE, FK_RIGHT ) VALUES ( 
532, 1, 544, 16); 
INSERT INTO ACCESS_RIGHTS ( ID, ACTIVE, FK_EMPLOYEE, FK_RIGHT ) VALUES ( 
533, 1, 544, 17); 
INSERT INTO ACCESS_RIGHTS ( ID, ACTIVE, FK_EMPLOYEE, FK_RIGHT ) VALUES ( 
534, 1, 544, 18); 
INSERT INTO ACCESS_RIGHTS ( ID, ACTIVE, FK_EMPLOYEE, FK_RIGHT ) VALUES ( 
535, 1, 544, 19); 
INSERT INTO ACCESS_RIGHTS ( ID, ACTIVE, FK_EMPLOYEE, FK_RIGHT ) VALUES ( 
536, 1, 544, 20); 
INSERT INTO ACCESS_RIGHTS ( ID, ACTIVE, FK_EMPLOYEE, FK_RIGHT ) VALUES ( 
537, 1, 544, 21); 
INSERT INTO ACCESS_RIGHTS ( ID, ACTIVE, FK_EMPLOYEE, FK_RIGHT ) VALUES ( 
538, 1, 544, 22); 
INSERT INTO ACCESS_RIGHTS ( ID, ACTIVE, FK_EMPLOYEE, FK_RIGHT ) VALUES ( 
539, 1, 544, 23); 
INSERT INTO ACCESS_RIGHTS ( ID, ACTIVE, FK_EMPLOYEE, FK_RIGHT ) VALUES ( 
540, 1, 544, 24); 
INSERT INTO ACCESS_RIGHTS ( ID, ACTIVE, FK_EMPLOYEE, FK_RIGHT ) VALUES ( 
541, 1, 544, 25); 
INSERT INTO ACCESS_RIGHTS ( ID, ACTIVE, FK_EMPLOYEE, FK_RIGHT ) VALUES ( 
542, 1, 544, 26); 
INSERT INTO ACCESS_RIGHTS ( ID, ACTIVE, FK_EMPLOYEE, FK_RIGHT ) VALUES ( 
543, 1, 544, 27); 
INSERT INTO ACCESS_RIGHTS ( ID, ACTIVE, FK_EMPLOYEE, FK_RIGHT ) VALUES ( 
544, 1, 544, 28); 
INSERT INTO ACCESS_RIGHTS ( ID, ACTIVE, FK_EMPLOYEE, FK_RIGHT ) VALUES ( 
545, 1, 544, 29); 
INSERT INTO ACCESS_RIGHTS ( ID, ACTIVE, FK_EMPLOYEE, FK_RIGHT ) VALUES ( 
546, 1, 544, 30); 
INSERT INTO ACCESS_RIGHTS ( ID, ACTIVE, FK_EMPLOYEE, FK_RIGHT ) VALUES ( 
547, 1, 544, 31); 
INSERT INTO ACCESS_RIGHTS ( ID, ACTIVE, FK_EMPLOYEE, FK_RIGHT ) VALUES ( 
548, 1, 544, 32); 
INSERT INTO ACCESS_RIGHTS ( ID, ACTIVE, FK_EMPLOYEE, FK_RIGHT ) VALUES ( 
549, 1, 544, 33); 
INSERT INTO ACCESS_RIGHTS ( ID, ACTIVE, FK_EMPLOYEE, FK_RIGHT ) VALUES ( 
550, 1, 544, 34); 
INSERT INTO ACCESS_RIGHTS ( ID, ACTIVE, FK_EMPLOYEE, FK_RIGHT ) VALUES ( 
551, 1, 544, 35); 
INSERT INTO ACCESS_RIGHTS ( ID, ACTIVE, FK_EMPLOYEE, FK_RIGHT ) VALUES ( 
552, 1, 544, 36); 
INSERT INTO ACCESS_RIGHTS ( ID, ACTIVE, FK_EMPLOYEE, FK_RIGHT ) VALUES ( 
553, 1, 544, 37); 
INSERT INTO ACCESS_RIGHTS ( ID, ACTIVE, FK_EMPLOYEE, FK_RIGHT ) VALUES ( 
554, 1, 544, 38); 
INSERT INTO ACCESS_RIGHTS ( ID, ACTIVE, FK_EMPLOYEE, FK_RIGHT ) VALUES ( 
555, 1, 544, 39); 
INSERT INTO ACCESS_RIGHTS ( ID, ACTIVE, FK_EMPLOYEE, FK_RIGHT ) VALUES ( 
556, 1, 544, 40); 
INSERT INTO ACCESS_RIGHTS ( ID, ACTIVE, FK_EMPLOYEE, FK_RIGHT ) VALUES ( 
557, 0, 544, 41); 
INSERT INTO ACCESS_RIGHTS ( ID, ACTIVE, FK_EMPLOYEE, FK_RIGHT ) VALUES ( 
558, 0, 544, 42); 
INSERT INTO ACCESS_RIGHTS ( ID, ACTIVE, FK_EMPLOYEE, FK_RIGHT ) VALUES ( 
560, 0, 545, 1); 
INSERT INTO ACCESS_RIGHTS ( ID, ACTIVE, FK_EMPLOYEE, FK_RIGHT ) VALUES ( 
561, 1, 545, 2); 
INSERT INTO ACCESS_RIGHTS ( ID, ACTIVE, FK_EMPLOYEE, FK_RIGHT ) VALUES ( 
562, 1, 545, 3); 
INSERT INTO ACCESS_RIGHTS ( ID, ACTIVE, FK_EMPLOYEE, FK_RIGHT ) VALUES ( 
563, 1, 545, 4); 
INSERT INTO ACCESS_RIGHTS ( ID, ACTIVE, FK_EMPLOYEE, FK_RIGHT ) VALUES ( 
564, 1, 545, 5); 
INSERT INTO ACCESS_RIGHTS ( ID, ACTIVE, FK_EMPLOYEE, FK_RIGHT ) VALUES ( 
565, 1, 545, 6); 
INSERT INTO ACCESS_RIGHTS ( ID, ACTIVE, FK_EMPLOYEE, FK_RIGHT ) VALUES ( 
566, 1, 545, 7); 
INSERT INTO ACCESS_RIGHTS ( ID, ACTIVE, FK_EMPLOYEE, FK_RIGHT ) VALUES ( 
567, 1, 545, 8); 
INSERT INTO ACCESS_RIGHTS ( ID, ACTIVE, FK_EMPLOYEE, FK_RIGHT ) VALUES ( 
568, 1, 545, 9); 
INSERT INTO ACCESS_RIGHTS ( ID, ACTIVE, FK_EMPLOYEE, FK_RIGHT ) VALUES ( 
569, 1, 545, 10); 
INSERT INTO ACCESS_RIGHTS ( ID, ACTIVE, FK_EMPLOYEE, FK_RIGHT ) VALUES ( 
570, 1, 545, 11); 
INSERT INTO ACCESS_RIGHTS ( ID, ACTIVE, FK_EMPLOYEE, FK_RIGHT ) VALUES ( 
571, 1, 545, 12); 
INSERT INTO ACCESS_RIGHTS ( ID, ACTIVE, FK_EMPLOYEE, FK_RIGHT ) VALUES ( 
572, 1, 545, 13); 
INSERT INTO ACCESS_RIGHTS ( ID, ACTIVE, FK_EMPLOYEE, FK_RIGHT ) VALUES ( 
573, 1, 545, 14); 
INSERT INTO ACCESS_RIGHTS ( ID, ACTIVE, FK_EMPLOYEE, FK_RIGHT ) VALUES ( 
574, 1, 545, 15); 
INSERT INTO ACCESS_RIGHTS ( ID, ACTIVE, FK_EMPLOYEE, FK_RIGHT ) VALUES ( 
575, 1, 545, 16); 
INSERT INTO ACCESS_RIGHTS ( ID, ACTIVE, FK_EMPLOYEE, FK_RIGHT ) VALUES ( 
576, 1, 545, 17); 
INSERT INTO ACCESS_RIGHTS ( ID, ACTIVE, FK_EMPLOYEE, FK_RIGHT ) VALUES ( 
577, 1, 545, 18); 
INSERT INTO ACCESS_RIGHTS ( ID, ACTIVE, FK_EMPLOYEE, FK_RIGHT ) VALUES ( 
578, 1, 545, 19); 
INSERT INTO ACCESS_RIGHTS ( ID, ACTIVE, FK_EMPLOYEE, FK_RIGHT ) VALUES ( 
579, 1, 545, 20); 
INSERT INTO ACCESS_RIGHTS ( ID, ACTIVE, FK_EMPLOYEE, FK_RIGHT ) VALUES ( 
580, 1, 545, 21); 
INSERT INTO ACCESS_RIGHTS ( ID, ACTIVE, FK_EMPLOYEE, FK_RIGHT ) VALUES ( 
581, 1, 545, 22); 
INSERT INTO ACCESS_RIGHTS ( ID, ACTIVE, FK_EMPLOYEE, FK_RIGHT ) VALUES ( 
582, 1, 545, 23); 
INSERT INTO ACCESS_RIGHTS ( ID, ACTIVE, FK_EMPLOYEE, FK_RIGHT ) VALUES ( 
583, 1, 545, 24); 
INSERT INTO ACCESS_RIGHTS ( ID, ACTIVE, FK_EMPLOYEE, FK_RIGHT ) VALUES ( 
584, 1, 545, 25); 
INSERT INTO ACCESS_RIGHTS ( ID, ACTIVE, FK_EMPLOYEE, FK_RIGHT ) VALUES ( 
585, 1, 545, 26); 
INSERT INTO ACCESS_RIGHTS ( ID, ACTIVE, FK_EMPLOYEE, FK_RIGHT ) VALUES ( 
586, 1, 545, 27); 
INSERT INTO ACCESS_RIGHTS ( ID, ACTIVE, FK_EMPLOYEE, FK_RIGHT ) VALUES ( 
587, 1, 545, 28); 
INSERT INTO ACCESS_RIGHTS ( ID, ACTIVE, FK_EMPLOYEE, FK_RIGHT ) VALUES ( 
588, 0, 545, 29); 
INSERT INTO ACCESS_RIGHTS ( ID, ACTIVE, FK_EMPLOYEE, FK_RIGHT ) VALUES ( 
589, 1, 545, 30); 
INSERT INTO ACCESS_RIGHTS ( ID, ACTIVE, FK_EMPLOYEE, FK_RIGHT ) VALUES ( 
590, 1, 545, 31); 
INSERT INTO ACCESS_RIGHTS ( ID, ACTIVE, FK_EMPLOYEE, FK_RIGHT ) VALUES ( 
591, 1, 545, 32); 
INSERT INTO ACCESS_RIGHTS ( ID, ACTIVE, FK_EMPLOYEE, FK_RIGHT ) VALUES ( 
592, 1, 545, 33); 
INSERT INTO ACCESS_RIGHTS ( ID, ACTIVE, FK_EMPLOYEE, FK_RIGHT ) VALUES ( 
593, 1, 545, 34); 
INSERT INTO ACCESS_RIGHTS ( ID, ACTIVE, FK_EMPLOYEE, FK_RIGHT ) VALUES ( 
594, 1, 545, 35); 
INSERT INTO ACCESS_RIGHTS ( ID, ACTIVE, FK_EMPLOYEE, FK_RIGHT ) VALUES ( 
595, 0, 545, 36); 
INSERT INTO ACCESS_RIGHTS ( ID, ACTIVE, FK_EMPLOYEE, FK_RIGHT ) VALUES ( 
596, 1, 545, 37); 
INSERT INTO ACCESS_RIGHTS ( ID, ACTIVE, FK_EMPLOYEE, FK_RIGHT ) VALUES ( 
597, 1, 545, 38); 
INSERT INTO ACCESS_RIGHTS ( ID, ACTIVE, FK_EMPLOYEE, FK_RIGHT ) VALUES ( 
598, 1, 545, 39); 
INSERT INTO ACCESS_RIGHTS ( ID, ACTIVE, FK_EMPLOYEE, FK_RIGHT ) VALUES ( 
599, 1, 545, 40); 
INSERT INTO ACCESS_RIGHTS ( ID, ACTIVE, FK_EMPLOYEE, FK_RIGHT ) VALUES ( 
600, 0, 545, 41); 
INSERT INTO ACCESS_RIGHTS ( ID, ACTIVE, FK_EMPLOYEE, FK_RIGHT ) VALUES ( 
601, 0, 545, 42); 
INSERT INTO ACCESS_RIGHTS ( ID, ACTIVE, FK_EMPLOYEE, FK_RIGHT ) VALUES ( 
603, 1, 546, 1); 
INSERT INTO ACCESS_RIGHTS ( ID, ACTIVE, FK_EMPLOYEE, FK_RIGHT ) VALUES ( 
604, 1, 546, 2); 
INSERT INTO ACCESS_RIGHTS ( ID, ACTIVE, FK_EMPLOYEE, FK_RIGHT ) VALUES ( 
605, 1, 546, 3); 
INSERT INTO ACCESS_RIGHTS ( ID, ACTIVE, FK_EMPLOYEE, FK_RIGHT ) VALUES ( 
606, 1, 546, 4); 
INSERT INTO ACCESS_RIGHTS ( ID, ACTIVE, FK_EMPLOYEE, FK_RIGHT ) VALUES ( 
607, 1, 546, 5); 
INSERT INTO ACCESS_RIGHTS ( ID, ACTIVE, FK_EMPLOYEE, FK_RIGHT ) VALUES ( 
608, 1, 546, 6); 
INSERT INTO ACCESS_RIGHTS ( ID, ACTIVE, FK_EMPLOYEE, FK_RIGHT ) VALUES ( 
609, 1, 546, 7); 
INSERT INTO ACCESS_RIGHTS ( ID, ACTIVE, FK_EMPLOYEE, FK_RIGHT ) VALUES ( 
610, 1, 546, 8); 
INSERT INTO ACCESS_RIGHTS ( ID, ACTIVE, FK_EMPLOYEE, FK_RIGHT ) VALUES ( 
611, 1, 546, 9); 
INSERT INTO ACCESS_RIGHTS ( ID, ACTIVE, FK_EMPLOYEE, FK_RIGHT ) VALUES ( 
612, 1, 546, 10); 
INSERT INTO ACCESS_RIGHTS ( ID, ACTIVE, FK_EMPLOYEE, FK_RIGHT ) VALUES ( 
613, 1, 546, 11); 
INSERT INTO ACCESS_RIGHTS ( ID, ACTIVE, FK_EMPLOYEE, FK_RIGHT ) VALUES ( 
614, 1, 546, 12); 
INSERT INTO ACCESS_RIGHTS ( ID, ACTIVE, FK_EMPLOYEE, FK_RIGHT ) VALUES ( 
615, 1, 546, 13); 
INSERT INTO ACCESS_RIGHTS ( ID, ACTIVE, FK_EMPLOYEE, FK_RIGHT ) VALUES ( 
616, 1, 546, 14); 
INSERT INTO ACCESS_RIGHTS ( ID, ACTIVE, FK_EMPLOYEE, FK_RIGHT ) VALUES ( 
617, 1, 546, 15); 
INSERT INTO ACCESS_RIGHTS ( ID, ACTIVE, FK_EMPLOYEE, FK_RIGHT ) VALUES ( 
618, 1, 546, 16); 
INSERT INTO ACCESS_RIGHTS ( ID, ACTIVE, FK_EMPLOYEE, FK_RIGHT ) VALUES ( 
619, 1, 546, 17); 
INSERT INTO ACCESS_RIGHTS ( ID, ACTIVE, FK_EMPLOYEE, FK_RIGHT ) VALUES ( 
620, 1, 546, 18); 
INSERT INTO ACCESS_RIGHTS ( ID, ACTIVE, FK_EMPLOYEE, FK_RIGHT ) VALUES ( 
621, 1, 546, 19); 
INSERT INTO ACCESS_RIGHTS ( ID, ACTIVE, FK_EMPLOYEE, FK_RIGHT ) VALUES ( 
622, 1, 546, 20); 
INSERT INTO ACCESS_RIGHTS ( ID, ACTIVE, FK_EMPLOYEE, FK_RIGHT ) VALUES ( 
623, 1, 546, 21); 
INSERT INTO ACCESS_RIGHTS ( ID, ACTIVE, FK_EMPLOYEE, FK_RIGHT ) VALUES ( 
624, 1, 546, 22); 
INSERT INTO ACCESS_RIGHTS ( ID, ACTIVE, FK_EMPLOYEE, FK_RIGHT ) VALUES ( 
625, 1, 546, 23); 
INSERT INTO ACCESS_RIGHTS ( ID, ACTIVE, FK_EMPLOYEE, FK_RIGHT ) VALUES ( 
626, 1, 546, 24); 
INSERT INTO ACCESS_RIGHTS ( ID, ACTIVE, FK_EMPLOYEE, FK_RIGHT ) VALUES ( 
627, 1, 546, 25); 
INSERT INTO ACCESS_RIGHTS ( ID, ACTIVE, FK_EMPLOYEE, FK_RIGHT ) VALUES ( 
628, 1, 546, 26); 
INSERT INTO ACCESS_RIGHTS ( ID, ACTIVE, FK_EMPLOYEE, FK_RIGHT ) VALUES ( 
629, 1, 546, 27); 
INSERT INTO ACCESS_RIGHTS ( ID, ACTIVE, FK_EMPLOYEE, FK_RIGHT ) VALUES ( 
630, 1, 546, 28); 
INSERT INTO ACCESS_RIGHTS ( ID, ACTIVE, FK_EMPLOYEE, FK_RIGHT ) VALUES ( 
631, 1, 546, 29); 
INSERT INTO ACCESS_RIGHTS ( ID, ACTIVE, FK_EMPLOYEE, FK_RIGHT ) VALUES ( 
632, 1, 546, 30); 
INSERT INTO ACCESS_RIGHTS ( ID, ACTIVE, FK_EMPLOYEE, FK_RIGHT ) VALUES ( 
633, 1, 546, 31); 
INSERT INTO ACCESS_RIGHTS ( ID, ACTIVE, FK_EMPLOYEE, FK_RIGHT ) VALUES ( 
634, 1, 546, 32); 
INSERT INTO ACCESS_RIGHTS ( ID, ACTIVE, FK_EMPLOYEE, FK_RIGHT ) VALUES ( 
635, 1, 546, 33); 
INSERT INTO ACCESS_RIGHTS ( ID, ACTIVE, FK_EMPLOYEE, FK_RIGHT ) VALUES ( 
636, 1, 546, 34); 
INSERT INTO ACCESS_RIGHTS ( ID, ACTIVE, FK_EMPLOYEE, FK_RIGHT ) VALUES ( 
637, 1, 546, 35); 
INSERT INTO ACCESS_RIGHTS ( ID, ACTIVE, FK_EMPLOYEE, FK_RIGHT ) VALUES ( 
638, 1, 546, 36); 
INSERT INTO ACCESS_RIGHTS ( ID, ACTIVE, FK_EMPLOYEE, FK_RIGHT ) VALUES ( 
639, 1, 546, 37); 
INSERT INTO ACCESS_RIGHTS ( ID, ACTIVE, FK_EMPLOYEE, FK_RIGHT ) VALUES ( 
640, 1, 546, 38); 
INSERT INTO ACCESS_RIGHTS ( ID, ACTIVE, FK_EMPLOYEE, FK_RIGHT ) VALUES ( 
641, 1, 546, 39); 
INSERT INTO ACCESS_RIGHTS ( ID, ACTIVE, FK_EMPLOYEE, FK_RIGHT ) VALUES ( 
642, 1, 546, 40); 
INSERT INTO ACCESS_RIGHTS ( ID, ACTIVE, FK_EMPLOYEE, FK_RIGHT ) VALUES ( 
643, 0, 546, 41); 
INSERT INTO ACCESS_RIGHTS ( ID, ACTIVE, FK_EMPLOYEE, FK_RIGHT ) VALUES ( 
644, 0, 546, 42); 
INSERT INTO ACCESS_RIGHTS ( ID, ACTIVE, FK_EMPLOYEE, FK_RIGHT ) VALUES ( 
646, 1, 547, 1); 
INSERT INTO ACCESS_RIGHTS ( ID, ACTIVE, FK_EMPLOYEE, FK_RIGHT ) VALUES ( 
647, 1, 547, 2); 
INSERT INTO ACCESS_RIGHTS ( ID, ACTIVE, FK_EMPLOYEE, FK_RIGHT ) VALUES ( 
648, 1, 547, 3); 
INSERT INTO ACCESS_RIGHTS ( ID, ACTIVE, FK_EMPLOYEE, FK_RIGHT ) VALUES ( 
649, 1, 547, 4); 
INSERT INTO ACCESS_RIGHTS ( ID, ACTIVE, FK_EMPLOYEE, FK_RIGHT ) VALUES ( 
650, 1, 547, 5); 
INSERT INTO ACCESS_RIGHTS ( ID, ACTIVE, FK_EMPLOYEE, FK_RIGHT ) VALUES ( 
651, 1, 547, 6); 
INSERT INTO ACCESS_RIGHTS ( ID, ACTIVE, FK_EMPLOYEE, FK_RIGHT ) VALUES ( 
652, 1, 547, 7); 
INSERT INTO ACCESS_RIGHTS ( ID, ACTIVE, FK_EMPLOYEE, FK_RIGHT ) VALUES ( 
653, 1, 547, 8); 
INSERT INTO ACCESS_RIGHTS ( ID, ACTIVE, FK_EMPLOYEE, FK_RIGHT ) VALUES ( 
654, 1, 547, 9); 
INSERT INTO ACCESS_RIGHTS ( ID, ACTIVE, FK_EMPLOYEE, FK_RIGHT ) VALUES ( 
655, 1, 547, 10); 
INSERT INTO ACCESS_RIGHTS ( ID, ACTIVE, FK_EMPLOYEE, FK_RIGHT ) VALUES ( 
656, 1, 547, 11); 
INSERT INTO ACCESS_RIGHTS ( ID, ACTIVE, FK_EMPLOYEE, FK_RIGHT ) VALUES ( 
657, 1, 547, 12); 
INSERT INTO ACCESS_RIGHTS ( ID, ACTIVE, FK_EMPLOYEE, FK_RIGHT ) VALUES ( 
658, 1, 547, 13); 
INSERT INTO ACCESS_RIGHTS ( ID, ACTIVE, FK_EMPLOYEE, FK_RIGHT ) VALUES ( 
659, 1, 547, 14); 
INSERT INTO ACCESS_RIGHTS ( ID, ACTIVE, FK_EMPLOYEE, FK_RIGHT ) VALUES ( 
660, 1, 547, 15); 
INSERT INTO ACCESS_RIGHTS ( ID, ACTIVE, FK_EMPLOYEE, FK_RIGHT ) VALUES ( 
661, 1, 547, 16); 
INSERT INTO ACCESS_RIGHTS ( ID, ACTIVE, FK_EMPLOYEE, FK_RIGHT ) VALUES ( 
662, 1, 547, 17); 
INSERT INTO ACCESS_RIGHTS ( ID, ACTIVE, FK_EMPLOYEE, FK_RIGHT ) VALUES ( 
663, 1, 547, 18); 
INSERT INTO ACCESS_RIGHTS ( ID, ACTIVE, FK_EMPLOYEE, FK_RIGHT ) VALUES ( 
664, 1, 547, 19); 
INSERT INTO ACCESS_RIGHTS ( ID, ACTIVE, FK_EMPLOYEE, FK_RIGHT ) VALUES ( 
665, 1, 547, 20); 
INSERT INTO ACCESS_RIGHTS ( ID, ACTIVE, FK_EMPLOYEE, FK_RIGHT ) VALUES ( 
666, 1, 547, 21); 
INSERT INTO ACCESS_RIGHTS ( ID, ACTIVE, FK_EMPLOYEE, FK_RIGHT ) VALUES ( 
667, 1, 547, 22); 
INSERT INTO ACCESS_RIGHTS ( ID, ACTIVE, FK_EMPLOYEE, FK_RIGHT ) VALUES ( 
668, 1, 547, 23); 
INSERT INTO ACCESS_RIGHTS ( ID, ACTIVE, FK_EMPLOYEE, FK_RIGHT ) VALUES ( 
669, 1, 547, 24); 
INSERT INTO ACCESS_RIGHTS ( ID, ACTIVE, FK_EMPLOYEE, FK_RIGHT ) VALUES ( 
670, 1, 547, 25); 
INSERT INTO ACCESS_RIGHTS ( ID, ACTIVE, FK_EMPLOYEE, FK_RIGHT ) VALUES ( 
671, 1, 547, 26); 
INSERT INTO ACCESS_RIGHTS ( ID, ACTIVE, FK_EMPLOYEE, FK_RIGHT ) VALUES ( 
672, 1, 547, 27); 
INSERT INTO ACCESS_RIGHTS ( ID, ACTIVE, FK_EMPLOYEE, FK_RIGHT ) VALUES ( 
673, 1, 547, 28); 
INSERT INTO ACCESS_RIGHTS ( ID, ACTIVE, FK_EMPLOYEE, FK_RIGHT ) VALUES ( 
674, 1, 547, 29); 
INSERT INTO ACCESS_RIGHTS ( ID, ACTIVE, FK_EMPLOYEE, FK_RIGHT ) VALUES ( 
675, 1, 547, 30); 
INSERT INTO ACCESS_RIGHTS ( ID, ACTIVE, FK_EMPLOYEE, FK_RIGHT ) VALUES ( 
676, 1, 547, 31); 
INSERT INTO ACCESS_RIGHTS ( ID, ACTIVE, FK_EMPLOYEE, FK_RIGHT ) VALUES ( 
677, 1, 547, 32); 
INSERT INTO ACCESS_RIGHTS ( ID, ACTIVE, FK_EMPLOYEE, FK_RIGHT ) VALUES ( 
678, 1, 547, 33); 
INSERT INTO ACCESS_RIGHTS ( ID, ACTIVE, FK_EMPLOYEE, FK_RIGHT ) VALUES ( 
679, 1, 547, 34); 
INSERT INTO ACCESS_RIGHTS ( ID, ACTIVE, FK_EMPLOYEE, FK_RIGHT ) VALUES ( 
680, 1, 547, 35); 
INSERT INTO ACCESS_RIGHTS ( ID, ACTIVE, FK_EMPLOYEE, FK_RIGHT ) VALUES ( 
681, 1, 547, 36); 
INSERT INTO ACCESS_RIGHTS ( ID, ACTIVE, FK_EMPLOYEE, FK_RIGHT ) VALUES ( 
682, 1, 547, 37); 
INSERT INTO ACCESS_RIGHTS ( ID, ACTIVE, FK_EMPLOYEE, FK_RIGHT ) VALUES ( 
683, 1, 547, 38); 
INSERT INTO ACCESS_RIGHTS ( ID, ACTIVE, FK_EMPLOYEE, FK_RIGHT ) VALUES ( 
684, 1, 547, 39); 
INSERT INTO ACCESS_RIGHTS ( ID, ACTIVE, FK_EMPLOYEE, FK_RIGHT ) VALUES ( 
685, 1, 547, 40); 
INSERT INTO ACCESS_RIGHTS ( ID, ACTIVE, FK_EMPLOYEE, FK_RIGHT ) VALUES ( 
686, 0, 547, 41); 
INSERT INTO ACCESS_RIGHTS ( ID, ACTIVE, FK_EMPLOYEE, FK_RIGHT ) VALUES ( 
687, 0, 547, 42); 
INSERT INTO ACCESS_RIGHTS ( ID, ACTIVE, FK_EMPLOYEE, FK_RIGHT ) VALUES ( 
689, 1, 548, 1); 
INSERT INTO ACCESS_RIGHTS ( ID, ACTIVE, FK_EMPLOYEE, FK_RIGHT ) VALUES ( 
690, 1, 548, 2); 
INSERT INTO ACCESS_RIGHTS ( ID, ACTIVE, FK_EMPLOYEE, FK_RIGHT ) VALUES ( 
691, 1, 548, 3); 
INSERT INTO ACCESS_RIGHTS ( ID, ACTIVE, FK_EMPLOYEE, FK_RIGHT ) VALUES ( 
692, 1, 548, 4); 
INSERT INTO ACCESS_RIGHTS ( ID, ACTIVE, FK_EMPLOYEE, FK_RIGHT ) VALUES ( 
693, 1, 548, 5); 
INSERT INTO ACCESS_RIGHTS ( ID, ACTIVE, FK_EMPLOYEE, FK_RIGHT ) VALUES ( 
694, 1, 548, 6); 
INSERT INTO ACCESS_RIGHTS ( ID, ACTIVE, FK_EMPLOYEE, FK_RIGHT ) VALUES ( 
695, 1, 548, 7); 
INSERT INTO ACCESS_RIGHTS ( ID, ACTIVE, FK_EMPLOYEE, FK_RIGHT ) VALUES ( 
696, 1, 548, 8); 
INSERT INTO ACCESS_RIGHTS ( ID, ACTIVE, FK_EMPLOYEE, FK_RIGHT ) VALUES ( 
697, 1, 548, 9); 
INSERT INTO ACCESS_RIGHTS ( ID, ACTIVE, FK_EMPLOYEE, FK_RIGHT ) VALUES ( 
698, 1, 548, 10); 
INSERT INTO ACCESS_RIGHTS ( ID, ACTIVE, FK_EMPLOYEE, FK_RIGHT ) VALUES ( 
699, 1, 548, 11); 
INSERT INTO ACCESS_RIGHTS ( ID, ACTIVE, FK_EMPLOYEE, FK_RIGHT ) VALUES ( 
700, 1, 548, 12); 
INSERT INTO ACCESS_RIGHTS ( ID, ACTIVE, FK_EMPLOYEE, FK_RIGHT ) VALUES ( 
701, 1, 548, 13); 
INSERT INTO ACCESS_RIGHTS ( ID, ACTIVE, FK_EMPLOYEE, FK_RIGHT ) VALUES ( 
702, 1, 548, 14); 
INSERT INTO ACCESS_RIGHTS ( ID, ACTIVE, FK_EMPLOYEE, FK_RIGHT ) VALUES ( 
703, 1, 548, 15); 
INSERT INTO ACCESS_RIGHTS ( ID, ACTIVE, FK_EMPLOYEE, FK_RIGHT ) VALUES ( 
704, 1, 548, 16); 
INSERT INTO ACCESS_RIGHTS ( ID, ACTIVE, FK_EMPLOYEE, FK_RIGHT ) VALUES ( 
705, 1, 548, 17); 
INSERT INTO ACCESS_RIGHTS ( ID, ACTIVE, FK_EMPLOYEE, FK_RIGHT ) VALUES ( 
706, 1, 548, 18); 
INSERT INTO ACCESS_RIGHTS ( ID, ACTIVE, FK_EMPLOYEE, FK_RIGHT ) VALUES ( 
707, 1, 548, 19); 
INSERT INTO ACCESS_RIGHTS ( ID, ACTIVE, FK_EMPLOYEE, FK_RIGHT ) VALUES ( 
708, 1, 548, 20); 
INSERT INTO ACCESS_RIGHTS ( ID, ACTIVE, FK_EMPLOYEE, FK_RIGHT ) VALUES ( 
709, 1, 548, 21); 
INSERT INTO ACCESS_RIGHTS ( ID, ACTIVE, FK_EMPLOYEE, FK_RIGHT ) VALUES ( 
710, 1, 548, 22); 
INSERT INTO ACCESS_RIGHTS ( ID, ACTIVE, FK_EMPLOYEE, FK_RIGHT ) VALUES ( 
711, 1, 548, 23); 
INSERT INTO ACCESS_RIGHTS ( ID, ACTIVE, FK_EMPLOYEE, FK_RIGHT ) VALUES ( 
712, 1, 548, 24); 
INSERT INTO ACCESS_RIGHTS ( ID, ACTIVE, FK_EMPLOYEE, FK_RIGHT ) VALUES ( 
713, 1, 548, 25); 
INSERT INTO ACCESS_RIGHTS ( ID, ACTIVE, FK_EMPLOYEE, FK_RIGHT ) VALUES ( 
714, 1, 548, 26); 
INSERT INTO ACCESS_RIGHTS ( ID, ACTIVE, FK_EMPLOYEE, FK_RIGHT ) VALUES ( 
715, 1, 548, 27); 
INSERT INTO ACCESS_RIGHTS ( ID, ACTIVE, FK_EMPLOYEE, FK_RIGHT ) VALUES ( 
716, 1, 548, 28); 
INSERT INTO ACCESS_RIGHTS ( ID, ACTIVE, FK_EMPLOYEE, FK_RIGHT ) VALUES ( 
717, 1, 548, 29); 
INSERT INTO ACCESS_RIGHTS ( ID, ACTIVE, FK_EMPLOYEE, FK_RIGHT ) VALUES ( 
718, 1, 548, 30); 
INSERT INTO ACCESS_RIGHTS ( ID, ACTIVE, FK_EMPLOYEE, FK_RIGHT ) VALUES ( 
719, 1, 548, 31); 
INSERT INTO ACCESS_RIGHTS ( ID, ACTIVE, FK_EMPLOYEE, FK_RIGHT ) VALUES ( 
720, 1, 548, 32); 
INSERT INTO ACCESS_RIGHTS ( ID, ACTIVE, FK_EMPLOYEE, FK_RIGHT ) VALUES ( 
721, 1, 548, 33); 
INSERT INTO ACCESS_RIGHTS ( ID, ACTIVE, FK_EMPLOYEE, FK_RIGHT ) VALUES ( 
722, 1, 548, 34); 
INSERT INTO ACCESS_RIGHTS ( ID, ACTIVE, FK_EMPLOYEE, FK_RIGHT ) VALUES ( 
723, 1, 548, 35); 
INSERT INTO ACCESS_RIGHTS ( ID, ACTIVE, FK_EMPLOYEE, FK_RIGHT ) VALUES ( 
724, 1, 548, 36); 
INSERT INTO ACCESS_RIGHTS ( ID, ACTIVE, FK_EMPLOYEE, FK_RIGHT ) VALUES ( 
725, 1, 548, 37); 
INSERT INTO ACCESS_RIGHTS ( ID, ACTIVE, FK_EMPLOYEE, FK_RIGHT ) VALUES ( 
726, 1, 548, 38); 
INSERT INTO ACCESS_RIGHTS ( ID, ACTIVE, FK_EMPLOYEE, FK_RIGHT ) VALUES ( 
727, 1, 548, 39); 
INSERT INTO ACCESS_RIGHTS ( ID, ACTIVE, FK_EMPLOYEE, FK_RIGHT ) VALUES ( 
728, 1, 548, 40); 
INSERT INTO ACCESS_RIGHTS ( ID, ACTIVE, FK_EMPLOYEE, FK_RIGHT ) VALUES ( 
729, 0, 548, 41); 
INSERT INTO ACCESS_RIGHTS ( ID, ACTIVE, FK_EMPLOYEE, FK_RIGHT ) VALUES ( 
730, 0, 548, 42); 
INSERT INTO ACCESS_RIGHTS ( ID, ACTIVE, FK_EMPLOYEE, FK_RIGHT ) VALUES ( 
732, 1, 549, 1); 
INSERT INTO ACCESS_RIGHTS ( ID, ACTIVE, FK_EMPLOYEE, FK_RIGHT ) VALUES ( 
733, 1, 549, 2); 
INSERT INTO ACCESS_RIGHTS ( ID, ACTIVE, FK_EMPLOYEE, FK_RIGHT ) VALUES ( 
734, 1, 549, 3); 
INSERT INTO ACCESS_RIGHTS ( ID, ACTIVE, FK_EMPLOYEE, FK_RIGHT ) VALUES ( 
735, 1, 549, 4); 
INSERT INTO ACCESS_RIGHTS ( ID, ACTIVE, FK_EMPLOYEE, FK_RIGHT ) VALUES ( 
736, 1, 549, 5); 
INSERT INTO ACCESS_RIGHTS ( ID, ACTIVE, FK_EMPLOYEE, FK_RIGHT ) VALUES ( 
737, 1, 549, 6); 
INSERT INTO ACCESS_RIGHTS ( ID, ACTIVE, FK_EMPLOYEE, FK_RIGHT ) VALUES ( 
738, 1, 549, 7); 
INSERT INTO ACCESS_RIGHTS ( ID, ACTIVE, FK_EMPLOYEE, FK_RIGHT ) VALUES ( 
739, 1, 549, 8); 
INSERT INTO ACCESS_RIGHTS ( ID, ACTIVE, FK_EMPLOYEE, FK_RIGHT ) VALUES ( 
740, 1, 549, 9); 
INSERT INTO ACCESS_RIGHTS ( ID, ACTIVE, FK_EMPLOYEE, FK_RIGHT ) VALUES ( 
741, 1, 549, 10); 
INSERT INTO ACCESS_RIGHTS ( ID, ACTIVE, FK_EMPLOYEE, FK_RIGHT ) VALUES ( 
742, 1, 549, 11); 
INSERT INTO ACCESS_RIGHTS ( ID, ACTIVE, FK_EMPLOYEE, FK_RIGHT ) VALUES ( 
743, 1, 549, 12); 
INSERT INTO ACCESS_RIGHTS ( ID, ACTIVE, FK_EMPLOYEE, FK_RIGHT ) VALUES ( 
744, 1, 549, 13); 
INSERT INTO ACCESS_RIGHTS ( ID, ACTIVE, FK_EMPLOYEE, FK_RIGHT ) VALUES ( 
745, 1, 549, 14); 
INSERT INTO ACCESS_RIGHTS ( ID, ACTIVE, FK_EMPLOYEE, FK_RIGHT ) VALUES ( 
746, 1, 549, 15); 
INSERT INTO ACCESS_RIGHTS ( ID, ACTIVE, FK_EMPLOYEE, FK_RIGHT ) VALUES ( 
747, 1, 549, 16); 
INSERT INTO ACCESS_RIGHTS ( ID, ACTIVE, FK_EMPLOYEE, FK_RIGHT ) VALUES ( 
748, 1, 549, 17); 
INSERT INTO ACCESS_RIGHTS ( ID, ACTIVE, FK_EMPLOYEE, FK_RIGHT ) VALUES ( 
749, 1, 549, 18); 
INSERT INTO ACCESS_RIGHTS ( ID, ACTIVE, FK_EMPLOYEE, FK_RIGHT ) VALUES ( 
750, 1, 549, 19); 
INSERT INTO ACCESS_RIGHTS ( ID, ACTIVE, FK_EMPLOYEE, FK_RIGHT ) VALUES ( 
751, 1, 549, 20); 
INSERT INTO ACCESS_RIGHTS ( ID, ACTIVE, FK_EMPLOYEE, FK_RIGHT ) VALUES ( 
752, 1, 549, 21); 
INSERT INTO ACCESS_RIGHTS ( ID, ACTIVE, FK_EMPLOYEE, FK_RIGHT ) VALUES ( 
753, 1, 549, 22); 
INSERT INTO ACCESS_RIGHTS ( ID, ACTIVE, FK_EMPLOYEE, FK_RIGHT ) VALUES ( 
754, 1, 549, 23); 
INSERT INTO ACCESS_RIGHTS ( ID, ACTIVE, FK_EMPLOYEE, FK_RIGHT ) VALUES ( 
755, 1, 549, 24); 
INSERT INTO ACCESS_RIGHTS ( ID, ACTIVE, FK_EMPLOYEE, FK_RIGHT ) VALUES ( 
756, 1, 549, 25); 
INSERT INTO ACCESS_RIGHTS ( ID, ACTIVE, FK_EMPLOYEE, FK_RIGHT ) VALUES ( 
757, 1, 549, 26); 
INSERT INTO ACCESS_RIGHTS ( ID, ACTIVE, FK_EMPLOYEE, FK_RIGHT ) VALUES ( 
758, 1, 549, 27); 
INSERT INTO ACCESS_RIGHTS ( ID, ACTIVE, FK_EMPLOYEE, FK_RIGHT ) VALUES ( 
759, 1, 549, 28); 
INSERT INTO ACCESS_RIGHTS ( ID, ACTIVE, FK_EMPLOYEE, FK_RIGHT ) VALUES ( 
760, 1, 549, 29); 
INSERT INTO ACCESS_RIGHTS ( ID, ACTIVE, FK_EMPLOYEE, FK_RIGHT ) VALUES ( 
761, 1, 549, 30); 
INSERT INTO ACCESS_RIGHTS ( ID, ACTIVE, FK_EMPLOYEE, FK_RIGHT ) VALUES ( 
762, 1, 549, 31); 
INSERT INTO ACCESS_RIGHTS ( ID, ACTIVE, FK_EMPLOYEE, FK_RIGHT ) VALUES ( 
763, 1, 549, 32); 
INSERT INTO ACCESS_RIGHTS ( ID, ACTIVE, FK_EMPLOYEE, FK_RIGHT ) VALUES ( 
764, 1, 549, 33); 
INSERT INTO ACCESS_RIGHTS ( ID, ACTIVE, FK_EMPLOYEE, FK_RIGHT ) VALUES ( 
765, 1, 549, 34); 
INSERT INTO ACCESS_RIGHTS ( ID, ACTIVE, FK_EMPLOYEE, FK_RIGHT ) VALUES ( 
766, 1, 549, 35); 
INSERT INTO ACCESS_RIGHTS ( ID, ACTIVE, FK_EMPLOYEE, FK_RIGHT ) VALUES ( 
767, 1, 549, 36); 
INSERT INTO ACCESS_RIGHTS ( ID, ACTIVE, FK_EMPLOYEE, FK_RIGHT ) VALUES ( 
768, 1, 549, 37); 
INSERT INTO ACCESS_RIGHTS ( ID, ACTIVE, FK_EMPLOYEE, FK_RIGHT ) VALUES ( 
769, 1, 549, 38); 
INSERT INTO ACCESS_RIGHTS ( ID, ACTIVE, FK_EMPLOYEE, FK_RIGHT ) VALUES ( 
770, 1, 549, 39); 
INSERT INTO ACCESS_RIGHTS ( ID, ACTIVE, FK_EMPLOYEE, FK_RIGHT ) VALUES ( 
771, 1, 549, 40); 
INSERT INTO ACCESS_RIGHTS ( ID, ACTIVE, FK_EMPLOYEE, FK_RIGHT ) VALUES ( 
772, 0, 549, 41); 
INSERT INTO ACCESS_RIGHTS ( ID, ACTIVE, FK_EMPLOYEE, FK_RIGHT ) VALUES ( 
773, 0, 549, 42); 
commit;
 
INSERT INTO ACTIVITIES ( ID, STATUS, TODO, COMMENTS, VERSION, STARTDATE, UPDATEDATE, ENDDATE,
MISSION_ID, TASK_ID, ORDRE ) VALUES ( 
63005, 'FIELD WORK TO FINALISE', 'TO_REVIEW', NULL, 0,  TO_Date( '04/09/2010 12:00:00 AM', 'MM/DD/YYYY HH:MI:SS AM')
, NULL, NULL, 63004, 62732, 1); 
INSERT INTO ACTIVITIES ( ID, STATUS, TODO, COMMENTS, VERSION, STARTDATE, UPDATEDATE, ENDDATE,
MISSION_ID, TASK_ID, ORDRE ) VALUES ( 
63007, 'FIELD WORK TO FINALISE', 'TO_REVIEW', NULL, 0,  TO_Date( '04/09/2010 12:00:00 AM', 'MM/DD/YYYY HH:MI:SS AM')
, NULL, NULL, 63006, 62747, 1); 
INSERT INTO ACTIVITIES ( ID, STATUS, TODO, COMMENTS, VERSION, STARTDATE, UPDATEDATE, ENDDATE,
MISSION_ID, TASK_ID, ORDRE ) VALUES ( 
63009, 'FIELD WORK TO FINALISE', 'TO_REVIEW', NULL, 0,  TO_Date( '04/09/2010 12:00:00 AM', 'MM/DD/YYYY HH:MI:SS AM')
, NULL, NULL, 63008, 62730, 1); 
INSERT INTO ACTIVITIES ( ID, STATUS, TODO, COMMENTS, VERSION, STARTDATE, UPDATEDATE, ENDDATE,
MISSION_ID, TASK_ID, ORDRE ) VALUES ( 
63011, 'FIELD WORK TO FINALISE', 'TO_REVIEW', NULL, 0,  TO_Date( '04/09/2010 12:00:00 AM', 'MM/DD/YYYY HH:MI:SS AM')
, NULL, NULL, 63010, 62744, 1); 
INSERT INTO ACTIVITIES ( ID, STATUS, TODO, COMMENTS, VERSION, STARTDATE, UPDATEDATE, ENDDATE,
MISSION_ID, TASK_ID, ORDRE ) VALUES ( 
63013, 'FIELD WORK TO FINALISE', 'TO_REVIEW', NULL, 0,  TO_Date( '04/09/2010 12:00:00 AM', 'MM/DD/YYYY HH:MI:SS AM')
, NULL, NULL, 63012, 62751, 1); 
INSERT INTO ACTIVITIES ( ID, STATUS, TODO, COMMENTS, VERSION, STARTDATE, UPDATEDATE, ENDDATE,
MISSION_ID, TASK_ID, ORDRE ) VALUES ( 
63015, 'FIELD WORK TO FINALISE', 'TO_REVIEW', NULL, 0,  TO_Date( '04/09/2010 12:00:00 AM', 'MM/DD/YYYY HH:MI:SS AM')
, NULL, NULL, 63014, 62732, 1); 
INSERT INTO ACTIVITIES ( ID, STATUS, TODO, COMMENTS, VERSION, STARTDATE, UPDATEDATE, ENDDATE,
MISSION_ID, TASK_ID, ORDRE ) VALUES ( 
63017, 'FIELD WORK TO FINALISE', 'TO_REVIEW', NULL, 0,  TO_Date( '04/09/2010 12:00:00 AM', 'MM/DD/YYYY HH:MI:SS AM')
, NULL, NULL, 63016, 62743, 1); 
INSERT INTO ACTIVITIES ( ID, STATUS, TODO, COMMENTS, VERSION, STARTDATE, UPDATEDATE, ENDDATE,
MISSION_ID, TASK_ID, ORDRE ) VALUES ( 
63019, 'FIELD WORK TO FINALISE', 'TO_REVIEW', NULL, 0,  TO_Date( '04/09/2010 12:00:00 AM', 'MM/DD/YYYY HH:MI:SS AM')
, NULL, NULL, 63018, 62704, 1); 
INSERT INTO ACTIVITIES ( ID, STATUS, TODO, COMMENTS, VERSION, STARTDATE, UPDATEDATE, ENDDATE,
MISSION_ID, TASK_ID, ORDRE ) VALUES ( 
63021, 'FIELD WORK TO FINALISE', 'TO_REVIEW', NULL, 0,  TO_Date( '04/09/2010 12:00:00 AM', 'MM/DD/YYYY HH:MI:SS AM')
, NULL, NULL, 63020, 62730, 1); 
INSERT INTO ACTIVITIES ( ID, STATUS, TODO, COMMENTS, VERSION, STARTDATE, UPDATEDATE, ENDDATE,
MISSION_ID, TASK_ID, ORDRE ) VALUES ( 
63023, 'FIELD WORK TO FINALISE', 'TO_REVIEW', NULL, 0,  TO_Date( '04/09/2010 12:00:00 AM', 'MM/DD/YYYY HH:MI:SS AM')
, NULL, NULL, 63022, 62732, 1); 
INSERT INTO ACTIVITIES ( ID, STATUS, TODO, COMMENTS, VERSION, STARTDATE, UPDATEDATE, ENDDATE,
MISSION_ID, TASK_ID, ORDRE ) VALUES ( 
63025, 'FIELD WORK TO FINALISE', 'TO_REVIEW', NULL, 0,  TO_Date( '04/09/2010 12:00:00 AM', 'MM/DD/YYYY HH:MI:SS AM')
, NULL, NULL, 63024, 62729, 1); 
INSERT INTO ACTIVITIES ( ID, STATUS, TODO, COMMENTS, VERSION, STARTDATE, UPDATEDATE, ENDDATE,
MISSION_ID, TASK_ID, ORDRE ) VALUES ( 
63027, 'FIELD WORK TO FINALISE', 'TO_REVIEW', NULL, 0,  TO_Date( '04/09/2010 12:00:00 AM', 'MM/DD/YYYY HH:MI:SS AM')
, NULL, NULL, 63026, 62743, 1); 
INSERT INTO ACTIVITIES ( ID, STATUS, TODO, COMMENTS, VERSION, STARTDATE, UPDATEDATE, ENDDATE,
MISSION_ID, TASK_ID, ORDRE ) VALUES ( 
63029, 'FIELD WORK TO FINALISE', 'TO_REVIEW', NULL, 0,  TO_Date( '04/09/2010 12:00:00 AM', 'MM/DD/YYYY HH:MI:SS AM')
, NULL, NULL, 63028, 62729, 1); 
INSERT INTO ACTIVITIES ( ID, STATUS, TODO, COMMENTS, VERSION, STARTDATE, UPDATEDATE, ENDDATE,
MISSION_ID, TASK_ID, ORDRE ) VALUES ( 
63031, 'FIELD WORK TO FINALISE', 'TO_REVIEW', NULL, 0,  TO_Date( '04/09/2010 12:00:00 AM', 'MM/DD/YYYY HH:MI:SS AM')
, NULL, NULL, 63030, 62748, 1); 
INSERT INTO ACTIVITIES ( ID, STATUS, TODO, COMMENTS, VERSION, STARTDATE, UPDATEDATE, ENDDATE,
MISSION_ID, TASK_ID, ORDRE ) VALUES ( 
63033, 'FIELD WORK TO FINALISE', 'TO_REVIEW', NULL, 0,  TO_Date( '04/09/2010 12:00:00 AM', 'MM/DD/YYYY HH:MI:SS AM')
, NULL, NULL, 63032, 62729, 1); 
INSERT INTO ACTIVITIES ( ID, STATUS, TODO, COMMENTS, VERSION, STARTDATE, UPDATEDATE, ENDDATE,
MISSION_ID, TASK_ID, ORDRE ) VALUES ( 
63035, 'FIELD WORK TO FINALISE', 'TO_REVIEW', NULL, 0,  TO_Date( '04/09/2010 12:00:00 AM', 'MM/DD/YYYY HH:MI:SS AM')
, NULL, NULL, 63034, 62729, 1); 
INSERT INTO ACTIVITIES ( ID, STATUS, TODO, COMMENTS, VERSION, STARTDATE, UPDATEDATE, ENDDATE,
MISSION_ID, TASK_ID, ORDRE ) VALUES ( 
63037, 'FIELD WORK TO FINALISE', 'TO_REVIEW', NULL, 0,  TO_Date( '04/09/2010 12:00:00 AM', 'MM/DD/YYYY HH:MI:SS AM')
, NULL, NULL, 63036, 62729, 1); 
INSERT INTO ACTIVITIES ( ID, STATUS, TODO, COMMENTS, VERSION, STARTDATE, UPDATEDATE, ENDDATE,
MISSION_ID, TASK_ID, ORDRE ) VALUES ( 
63039, 'FIELD WORK TO FINALISE', 'TO_REVIEW', NULL, 0,  TO_Date( '04/09/2010 12:00:00 AM', 'MM/DD/YYYY HH:MI:SS AM')
, NULL, NULL, 63038, 62748, 1); 
INSERT INTO ACTIVITIES ( ID, STATUS, TODO, COMMENTS, VERSION, STARTDATE, UPDATEDATE, ENDDATE,
MISSION_ID, TASK_ID, ORDRE ) VALUES ( 
63041, 'FIELD WORK TO FINALISE', 'TO_REVIEW', NULL, 0,  TO_Date( '04/09/2010 12:00:00 AM', 'MM/DD/YYYY HH:MI:SS AM')
, NULL, NULL, 63040, 62729, 1); 
INSERT INTO ACTIVITIES ( ID, STATUS, TODO, COMMENTS, VERSION, STARTDATE, UPDATEDATE, ENDDATE,
MISSION_ID, TASK_ID, ORDRE ) VALUES ( 
63043, 'FIELD WORK TO FINALISE', 'TO_REVIEW', NULL, 0,  TO_Date( '04/09/2010 12:00:00 AM', 'MM/DD/YYYY HH:MI:SS AM')
, NULL, NULL, 63042, 62751, 1); 
INSERT INTO ACTIVITIES ( ID, STATUS, TODO, COMMENTS, VERSION, STARTDATE, UPDATEDATE, ENDDATE,
MISSION_ID, TASK_ID, ORDRE ) VALUES ( 
63045, 'FIELD WORK TO FINALISE', 'TO_REVIEW', NULL, 0,  TO_Date( '04/09/2010 12:00:00 AM', 'MM/DD/YYYY HH:MI:SS AM')
, NULL, NULL, 63044, 62730, 1); 
INSERT INTO ACTIVITIES ( ID, STATUS, TODO, COMMENTS, VERSION, STARTDATE, UPDATEDATE, ENDDATE,
MISSION_ID, TASK_ID, ORDRE ) VALUES ( 
63047, 'FIELD WORK TO FINALISE', 'TO_REVIEW', NULL, 0,  TO_Date( '04/09/2010 12:00:00 AM', 'MM/DD/YYYY HH:MI:SS AM')
, NULL, NULL, 63046, 62751, 1); 
INSERT INTO ACTIVITIES ( ID, STATUS, TODO, COMMENTS, VERSION, STARTDATE, UPDATEDATE, ENDDATE,
MISSION_ID, TASK_ID, ORDRE ) VALUES ( 
63049, 'FIELD WORK TO FINALISE', 'TO_REVIEW', NULL, 0,  TO_Date( '04/09/2010 12:00:00 AM', 'MM/DD/YYYY HH:MI:SS AM')
, NULL, NULL, 63048, 62748, 1); 
INSERT INTO ACTIVITIES ( ID, STATUS, TODO, COMMENTS, VERSION, STARTDATE, UPDATEDATE, ENDDATE,
MISSION_ID, TASK_ID, ORDRE ) VALUES ( 
63051, 'FIELD WORK TO FINALISE', 'TO_REVIEW', NULL, 0,  TO_Date( '04/09/2010 12:00:00 AM', 'MM/DD/YYYY HH:MI:SS AM')
, NULL, NULL, 63050, 62748, 1); 
INSERT INTO ACTIVITIES ( ID, STATUS, TODO, COMMENTS, VERSION, STARTDATE, UPDATEDATE, ENDDATE,
MISSION_ID, TASK_ID, ORDRE ) VALUES ( 
63053, 'FIELD WORK TO FINALISE', 'TO_REVIEW', NULL, 0,  TO_Date( '04/09/2010 12:00:00 AM', 'MM/DD/YYYY HH:MI:SS AM')
, NULL, NULL, 63052, 62730, 1); 
INSERT INTO ACTIVITIES ( ID, STATUS, TODO, COMMENTS, VERSION, STARTDATE, UPDATEDATE, ENDDATE,
MISSION_ID, TASK_ID, ORDRE ) VALUES ( 
63055, 'FIELD WORK TO FINALISE', 'TO_REVIEW', NULL, 0,  TO_Date( '04/09/2010 12:00:00 AM', 'MM/DD/YYYY HH:MI:SS AM')
, NULL, NULL, 63054, 62704, 1); 
commit;
 
INSERT INTO BANKS ( ID, NAME, CODE, ACCOUNT, CONTACTPERSON, CONTACTPERSONEMAIL, CONTACTPERSONPHONE,
CONTACTPERSONFAX, ACTIVE ) VALUES ( 
302, 'Banque et Caisse d''Epargne de l''Etat', 'bceelull', '19556012', 'Hocheid '
, 'hocheid@bcee.lu', '491212', NULL, 1); 
INSERT INTO BANKS ( ID, NAME, CODE, ACCOUNT, CONTACTPERSON, CONTACTPERSONEMAIL, CONTACTPERSONPHONE,
CONTACTPERSONFAX, ACTIVE ) VALUES ( 
303, 'BGL BNP Parisbas', 'BGLLLULL', 'LU945583698', 'Scorpionne', 'scorpionne@bgl.lu'
, '494448', '256365', 1); 
INSERT INTO BANKS ( ID, NAME, CODE, ACCOUNT, CONTACTPERSON, CONTACTPERSONEMAIL, CONTACTPERSONPHONE,
CONTACTPERSONFAX, ACTIVE ) VALUES ( 
242, 'Societe generale', 'SG', 'LU 456987-789444', 'Alan Johns', 'alan.johns@interaudit.lu'
, '4578963210', NULL, 1); 
commit;
 
INSERT INTO BUDGETS ( ID, VERSION, EXP_AMOUNT, REAL_AMOUNT, REP_AMOUNT, COMMENTS, STATUS, FIABLE,
FK_CONTRACT, FK_ASSOCIE, FK_MANAGER, FK_EXERCISE ) VALUES ( 
62848, 1, 6000, 0, 0, NULL, 'ONGOING', 1, 34, 2, 4, 62847); 
INSERT INTO BUDGETS ( ID, VERSION, EXP_AMOUNT, REAL_AMOUNT, REP_AMOUNT, COMMENTS, STATUS, FIABLE,
FK_CONTRACT, FK_ASSOCIE, FK_MANAGER, FK_EXERCISE ) VALUES ( 
62849, 1, 4500, 0, 0, NULL, 'ONGOING', 1, 22, 7, 4, 62847); 
INSERT INTO BUDGETS ( ID, VERSION, EXP_AMOUNT, REAL_AMOUNT, REP_AMOUNT, COMMENTS, STATUS, FIABLE,
FK_CONTRACT, FK_ASSOCIE, FK_MANAGER, FK_EXERCISE ) VALUES ( 
62850, 1, 6987, 0, 0, NULL, 'ONGOING', 1, 41, 7, 6, 62847); 
INSERT INTO BUDGETS ( ID, VERSION, EXP_AMOUNT, REAL_AMOUNT, REP_AMOUNT, COMMENTS, STATUS, FIABLE,
FK_CONTRACT, FK_ASSOCIE, FK_MANAGER, FK_EXERCISE ) VALUES ( 
62851, 1, 8000, 0, 0, NULL, 'ONGOING', 1, 33, 7, 6, 62847); 
INSERT INTO BUDGETS ( ID, VERSION, EXP_AMOUNT, REAL_AMOUNT, REP_AMOUNT, COMMENTS, STATUS, FIABLE,
FK_CONTRACT, FK_ASSOCIE, FK_MANAGER, FK_EXERCISE ) VALUES ( 
62852, 1, 5600, 0, 0, NULL, 'ONGOING', 1, 36, 3, 6, 62847); 
INSERT INTO BUDGETS ( ID, VERSION, EXP_AMOUNT, REAL_AMOUNT, REP_AMOUNT, COMMENTS, STATUS, FIABLE,
FK_CONTRACT, FK_ASSOCIE, FK_MANAGER, FK_EXERCISE ) VALUES ( 
62853, 1, 5360, 0, 0, NULL, 'ONGOING', 1, 32, 2, 4, 62847); 
INSERT INTO BUDGETS ( ID, VERSION, EXP_AMOUNT, REAL_AMOUNT, REP_AMOUNT, COMMENTS, STATUS, FIABLE,
FK_CONTRACT, FK_ASSOCIE, FK_MANAGER, FK_EXERCISE ) VALUES ( 
62854, 1, 4698, 0, 0, NULL, 'ONGOING', 1, 23, 3, 5, 62847); 
INSERT INTO BUDGETS ( ID, VERSION, EXP_AMOUNT, REAL_AMOUNT, REP_AMOUNT, COMMENTS, STATUS, FIABLE,
FK_CONTRACT, FK_ASSOCIE, FK_MANAGER, FK_EXERCISE ) VALUES ( 
62855, 1, 6000, 0, 0, NULL, 'ONGOING', 1, 30, 1, 4, 62847); 
INSERT INTO BUDGETS ( ID, VERSION, EXP_AMOUNT, REAL_AMOUNT, REP_AMOUNT, COMMENTS, STATUS, FIABLE,
FK_CONTRACT, FK_ASSOCIE, FK_MANAGER, FK_EXERCISE ) VALUES ( 
62856, 1, 4598, 0, 0, NULL, 'ONGOING', 1, 24, 3, 4, 62847); 
INSERT INTO BUDGETS ( ID, VERSION, EXP_AMOUNT, REAL_AMOUNT, REP_AMOUNT, COMMENTS, STATUS, FIABLE,
FK_CONTRACT, FK_ASSOCIE, FK_MANAGER, FK_EXERCISE ) VALUES ( 
62857, 1, 12000, 0, 0, NULL, 'ONGOING', 1, 1, 2, 5, 62847); 
INSERT INTO BUDGETS ( ID, VERSION, EXP_AMOUNT, REAL_AMOUNT, REP_AMOUNT, COMMENTS, STATUS, FIABLE,
FK_CONTRACT, FK_ASSOCIE, FK_MANAGER, FK_EXERCISE ) VALUES ( 
62858, 1, 6300, 0, 0, NULL, 'ONGOING', 1, 38, 3, 4, 62847); 
INSERT INTO BUDGETS ( ID, VERSION, EXP_AMOUNT, REAL_AMOUNT, REP_AMOUNT, COMMENTS, STATUS, FIABLE,
FK_CONTRACT, FK_ASSOCIE, FK_MANAGER, FK_EXERCISE ) VALUES ( 
62859, 1, 2000, 0, 0, NULL, 'ONGOING', 1, 37, 1, 6, 62847); 
INSERT INTO BUDGETS ( ID, VERSION, EXP_AMOUNT, REAL_AMOUNT, REP_AMOUNT, COMMENTS, STATUS, FIABLE,
FK_CONTRACT, FK_ASSOCIE, FK_MANAGER, FK_EXERCISE ) VALUES ( 
62860, 1, 8751, 0, 0, NULL, 'ONGOING', 1, 40, 1, 5, 62847); 
INSERT INTO BUDGETS ( ID, VERSION, EXP_AMOUNT, REAL_AMOUNT, REP_AMOUNT, COMMENTS, STATUS, FIABLE,
FK_CONTRACT, FK_ASSOCIE, FK_MANAGER, FK_EXERCISE ) VALUES ( 
62861, 1, 14500, 0, 0, NULL, 'ONGOING', 1, 2, 7, 4, 62847); 
INSERT INTO BUDGETS ( ID, VERSION, EXP_AMOUNT, REAL_AMOUNT, REP_AMOUNT, COMMENTS, STATUS, FIABLE,
FK_CONTRACT, FK_ASSOCIE, FK_MANAGER, FK_EXERCISE ) VALUES ( 
62862, 1, 9874, 0, 0, NULL, 'ONGOING', 1, 43, 3, 5, 62847); 
INSERT INTO BUDGETS ( ID, VERSION, EXP_AMOUNT, REAL_AMOUNT, REP_AMOUNT, COMMENTS, STATUS, FIABLE,
FK_CONTRACT, FK_ASSOCIE, FK_MANAGER, FK_EXERCISE ) VALUES ( 
62863, 1, 9870, 0, 0, NULL, 'ONGOING', 1, 35, 1, 6, 62847); 
INSERT INTO BUDGETS ( ID, VERSION, EXP_AMOUNT, REAL_AMOUNT, REP_AMOUNT, COMMENTS, STATUS, FIABLE,
FK_CONTRACT, FK_ASSOCIE, FK_MANAGER, FK_EXERCISE ) VALUES ( 
62864, 1, 7895, 0, 0, NULL, 'ONGOING', 1, 39, 7, 6, 62847); 
INSERT INTO BUDGETS ( ID, VERSION, EXP_AMOUNT, REAL_AMOUNT, REP_AMOUNT, COMMENTS, STATUS, FIABLE,
FK_CONTRACT, FK_ASSOCIE, FK_MANAGER, FK_EXERCISE ) VALUES ( 
62865, 1, 16000, 0, 0, NULL, 'ONGOING', 1, 44, 1, 5, 62847); 
INSERT INTO BUDGETS ( ID, VERSION, EXP_AMOUNT, REAL_AMOUNT, REP_AMOUNT, COMMENTS, STATUS, FIABLE,
FK_CONTRACT, FK_ASSOCIE, FK_MANAGER, FK_EXERCISE ) VALUES ( 
62866, 1, 12560, 0, 0, NULL, 'ONGOING', 1, 25, 2, 5, 62847); 
INSERT INTO BUDGETS ( ID, VERSION, EXP_AMOUNT, REAL_AMOUNT, REP_AMOUNT, COMMENTS, STATUS, FIABLE,
FK_CONTRACT, FK_ASSOCIE, FK_MANAGER, FK_EXERCISE ) VALUES ( 
62867, 1, 25000, 0, 0, NULL, 'ONGOING', 1, 26, 2, 6, 62847); 
INSERT INTO BUDGETS ( ID, VERSION, EXP_AMOUNT, REAL_AMOUNT, REP_AMOUNT, COMMENTS, STATUS, FIABLE,
FK_CONTRACT, FK_ASSOCIE, FK_MANAGER, FK_EXERCISE ) VALUES ( 
62868, 1, 9876, 0, 0, NULL, 'ONGOING', 1, 42, 7, 5, 62847); 
INSERT INTO BUDGETS ( ID, VERSION, EXP_AMOUNT, REAL_AMOUNT, REP_AMOUNT, COMMENTS, STATUS, FIABLE,
FK_CONTRACT, FK_ASSOCIE, FK_MANAGER, FK_EXERCISE ) VALUES ( 
62869, 1, 15600, 0, 0, NULL, 'ONGOING', 1, 29, 3, 4, 62847); 
INSERT INTO BUDGETS ( ID, VERSION, EXP_AMOUNT, REAL_AMOUNT, REP_AMOUNT, COMMENTS, STATUS, FIABLE,
FK_CONTRACT, FK_ASSOCIE, FK_MANAGER, FK_EXERCISE ) VALUES ( 
62870, 1, 12300, 0, 0, NULL, 'ONGOING', 1, 21, 2, 5, 62847); 
INSERT INTO BUDGETS ( ID, VERSION, EXP_AMOUNT, REAL_AMOUNT, REP_AMOUNT, COMMENTS, STATUS, FIABLE,
FK_CONTRACT, FK_ASSOCIE, FK_MANAGER, FK_EXERCISE ) VALUES ( 
62871, 1, 14500, 0, 0, NULL, 'ONGOING', 1, 28, 1, 5, 62847); 
INSERT INTO BUDGETS ( ID, VERSION, EXP_AMOUNT, REAL_AMOUNT, REP_AMOUNT, COMMENTS, STATUS, FIABLE,
FK_CONTRACT, FK_ASSOCIE, FK_MANAGER, FK_EXERCISE ) VALUES ( 
62872, 1, 50000, 0, 0, NULL, 'ONGOING', 1, 232, 7, 4, 62847); 
INSERT INTO BUDGETS ( ID, VERSION, EXP_AMOUNT, REAL_AMOUNT, REP_AMOUNT, COMMENTS, STATUS, FIABLE,
FK_CONTRACT, FK_ASSOCIE, FK_MANAGER, FK_EXERCISE ) VALUES ( 
62873, 1, 12000, 0, 0, NULL, 'ONGOING', 1, 27, 1, 5, 62847); 
commit;
 
INSERT INTO CONTACTS ( ID, NAME, F_NAME, L_NAME, JOB, B_PHONE, B_MOBILE, B_FAX, P_PHONE, P_MOBILE,
B_EMAIL, P_EMAIL, B_WEB_ADDR, ACTIVE, B_ACTIVITY, UPDATEDUSER, COMPANY, ADDRESS, CREATEDATE,
UPDATEDATE, VERSION, FK_CUSTOMER, SEX ) VALUES ( 
233, 'Jones', 'Brian', 'Jones', 'Commercial', '1245633', NULL, NULL, '1245633', '1245633'
, 'contact@europarl.eu.lu', 'brian.jones@fortis.lu', NULL, 1, 'EUROPEAN PARLIAMENT-Imprest qtrly reviews
'
, NULL, 'EUROPEAN PARLIAMENT-Imprest qtrly reviews', NULL,  TO_Date( '01/10/2010 12:00:00 AM', 'MM/DD/YYYY HH:MI:SS AM')
,  TO_Date( '01/15/2010 12:00:00 AM', 'MM/DD/YYYY HH:MI:SS AM'), 1, 1, 'F'); 
INSERT INTO CONTACTS ( ID, NAME, F_NAME, L_NAME, JOB, B_PHONE, B_MOBILE, B_FAX, P_PHONE, P_MOBILE,
B_EMAIL, P_EMAIL, B_WEB_ADDR, ACTIVE, B_ACTIVITY, UPDATEDUSER, COMPANY, ADDRESS, CREATEDATE,
UPDATEDATE, VERSION, FK_CUSTOMER, SEX ) VALUES ( 
261, 'Clark', 'Jones', 'Clark', 'Commercial', '12 30 45 69', NULL, NULL, '12 30 45 69'
, '12 30 45 69', 'example@server.lu', 'jones.clark@sgbt.lu', NULL, 1, 'Activity', NULL
, 'ANGLESEA CAPITAL SA', NULL,  TO_Date( '01/15/2010 12:00:00 AM', 'MM/DD/YYYY HH:MI:SS AM')
,  TO_Date( '01/15/2010 12:00:00 AM', 'MM/DD/YYYY HH:MI:SS AM'), 0, 3, 'F'); 
INSERT INTO CONTACTS ( ID, NAME, F_NAME, L_NAME, JOB, B_PHONE, B_MOBILE, B_FAX, P_PHONE, P_MOBILE,
B_EMAIL, P_EMAIL, B_WEB_ADDR, ACTIVE, B_ACTIVITY, UPDATEDUSER, COMPANY, ADDRESS, CREATEDATE,
UPDATEDATE, VERSION, FK_CUSTOMER, SEX ) VALUES ( 
161, 'stuart', 'marlene', 'stuart', 'Manager', '+ 333 96 78 63 45', NULL, NULL, '+ 333 96 78 63 45'
, '+ 333 96 78 63 45', 'contact@email.fr', 'marlene.stuart@matsa.lu', NULL, 1, 'MATSA SA
'
, NULL, 'MATSA SA', NULL,  TO_Date( '03/22/2010 12:00:00 AM', 'MM/DD/YYYY HH:MI:SS AM')
,  TO_Date( '03/22/2010 12:00:00 AM', 'MM/DD/YYYY HH:MI:SS AM'), 0, 18, 'F'); 
commit;
 
INSERT INTO CONTRACTS ( ID, REFERENCE, DESCRIPTION, FROMDATE, TODATE, DURATION, LANGUAGE, VAL, CUR,
VERSION, MISSIONTYPE, AGREED, FK_CUSTOMER ) VALUES ( 
1, 'CARYOSSA_1', 'Caryos SA mission',  TO_Date( '01/01/2009 12:00:00 AM', 'MM/DD/YYYY HH:MI:SS AM')
,  TO_Date( '12/31/2010 12:00:00 AM', 'MM/DD/YYYY HH:MI:SS AM'), NULL, 'EN', 12000
, 'EUR', 0, 'RC', 0, 15); 
INSERT INTO CONTRACTS ( ID, REFERENCE, DESCRIPTION, FROMDATE, TODATE, DURATION, LANGUAGE, VAL, CUR,
VERSION, MISSIONTYPE, AGREED, FK_CUSTOMER ) VALUES ( 
21, 'ANGLESEACAPITALSA_1', 'ANGLESEA CAPITAL SA',  TO_Date( '01/01/2009 12:00:00 AM', 'MM/DD/YYYY HH:MI:SS AM')
,  TO_Date( '12/22/2010 12:00:00 AM', 'MM/DD/YYYY HH:MI:SS AM'), NULL, 'EN', 12300
, 'EUR', 1, 'AC', 1, 3); 
INSERT INTO CONTRACTS ( ID, REFERENCE, DESCRIPTION, FROMDATE, TODATE, DURATION, LANGUAGE, VAL, CUR,
VERSION, MISSIONTYPE, AGREED, FK_CUSTOMER ) VALUES ( 
22, 'APKIEFFER_1', 'APKieffer',  TO_Date( '01/01/2009 12:00:00 AM', 'MM/DD/YYYY HH:MI:SS AM')
,  TO_Date( '12/31/2010 12:00:00 AM', 'MM/DD/YYYY HH:MI:SS AM'), NULL, 'FR', 4500
, 'EUR', 0, 'MADM', 1, 14); 
INSERT INTO CONTRACTS ( ID, REFERENCE, DESCRIPTION, FROMDATE, TODATE, DURATION, LANGUAGE, VAL, CUR,
VERSION, MISSIONTYPE, AGREED, FK_CUSTOMER ) VALUES ( 
23, 'BORGLUXEMBOURGSA_1', 'BORG LUXEMBOURG SA',  TO_Date( '01/01/2009 12:00:00 AM', 'MM/DD/YYYY HH:MI:SS AM')
,  TO_Date( '12/31/2010 12:00:00 AM', 'MM/DD/YYYY HH:MI:SS AM'), NULL, 'DE', 4698
, 'EUR', 0, 'RA', 1, 653); 
INSERT INTO CONTRACTS ( ID, REFERENCE, DESCRIPTION, FROMDATE, TODATE, DURATION, LANGUAGE, VAL, CUR,
VERSION, MISSIONTYPE, AGREED, FK_CUSTOMER ) VALUES ( 
24, 'COLOGIC_1', 'Cologic',  TO_Date( '01/01/2009 12:00:00 AM', 'MM/DD/YYYY HH:MI:SS AM')
,  TO_Date( '01/01/2011 12:00:00 AM', 'MM/DD/YYYY HH:MI:SS AM'), NULL, 'FR', 4598
, 'EUR', 0, 'CONSO', 0, 16); 
INSERT INTO CONTRACTS ( ID, REFERENCE, DESCRIPTION, FROMDATE, TODATE, DURATION, LANGUAGE, VAL, CUR,
VERSION, MISSIONTYPE, AGREED, FK_CUSTOMER ) VALUES ( 
25, 'DIMPEXSA_1', 'DIMPEX SA',  TO_Date( '01/01/2009 12:00:00 AM', 'MM/DD/YYYY HH:MI:SS AM')
,  TO_Date( '12/31/2010 12:00:00 AM', 'MM/DD/YYYY HH:MI:SS AM'), NULL, 'DE', 12560
, 'EUR', 0, 'RC', 1, 651); 
INSERT INTO CONTRACTS ( ID, REFERENCE, DESCRIPTION, FROMDATE, TODATE, DURATION, LANGUAGE, VAL, CUR,
VERSION, MISSIONTYPE, AGREED, FK_CUSTOMER ) VALUES ( 
26, 'EASYDISTRIBUTIONSA(EXEASYCARSSA)_1', 'Easy Distribution SA (ex EASYCARS SA)'
,  TO_Date( '01/01/2009 12:00:00 AM', 'MM/DD/YYYY HH:MI:SS AM'),  TO_Date( '12/31/2010 12:00:00 AM', 'MM/DD/YYYY HH:MI:SS AM')
, NULL, 'EN', 25000, 'EUR', 0, 'DOM', 1, 9); 
INSERT INTO CONTRACTS ( ID, REFERENCE, DESCRIPTION, FROMDATE, TODATE, DURATION, LANGUAGE, VAL, CUR,
VERSION, MISSIONTYPE, AGREED, FK_CUSTOMER ) VALUES ( 
27, 'EUROPEANPARLIAMENT-CANTEEN_1', 'EUROPEAN PARLIAMENT-canteen',  TO_Date( '01/01/2009 12:00:00 AM', 'MM/DD/YYYY HH:MI:SS AM')
,  TO_Date( '12/31/2010 12:00:00 AM', 'MM/DD/YYYY HH:MI:SS AM'), NULL, 'DE', 12000
, 'EUR', 0, 'RC', 0, 2); 
INSERT INTO CONTRACTS ( ID, REFERENCE, DESCRIPTION, FROMDATE, TODATE, DURATION, LANGUAGE, VAL, CUR,
VERSION, MISSIONTYPE, AGREED, FK_CUSTOMER ) VALUES ( 
28, 'EUROPEANPARLIAMENT-IMPRESTQTRLYREVIEWS_1', 'EUROPEAN PARLIAMENT-Imprest qtrly reviews'
,  TO_Date( '01/01/2009 12:00:00 AM', 'MM/DD/YYYY HH:MI:SS AM'),  TO_Date( '12/31/2010 12:00:00 AM', 'MM/DD/YYYY HH:MI:SS AM')
, NULL, 'FR', 14500, 'EUR', 0, 'MCOMM', 1, 1); 
INSERT INTO CONTRACTS ( ID, REFERENCE, DESCRIPTION, FROMDATE, TODATE, DURATION, LANGUAGE, VAL, CUR,
VERSION, MISSIONTYPE, AGREED, FK_CUSTOMER ) VALUES ( 
29, 'EUROPEANPARLIAMENT-SUPERMARKET_1', 'EUROPEAN PARLIAMENT-supermarket',  TO_Date( '01/01/2009 12:00:00 AM', 'MM/DD/YYYY HH:MI:SS AM')
,  TO_Date( '12/31/2010 12:00:00 AM', 'MM/DD/YYYY HH:MI:SS AM'), NULL, 'DE', 15600
, 'EUR', 0, 'CONSO', 1, 4); 
INSERT INTO CONTRACTS ( ID, REFERENCE, DESCRIPTION, FROMDATE, TODATE, DURATION, LANGUAGE, VAL, CUR,
VERSION, MISSIONTYPE, AGREED, FK_CUSTOMER ) VALUES ( 
30, 'GAMETINVESTMENTSA_1', 'GAMET INVESTMENT SA',  TO_Date( '01/01/2009 12:00:00 AM', 'MM/DD/YYYY HH:MI:SS AM')
,  TO_Date( '01/01/2011 12:00:00 AM', 'MM/DD/YYYY HH:MI:SS AM'), NULL, 'DE', 6000
, 'EUR', 0, 'RA', 1, 654); 
INSERT INTO CONTRACTS ( ID, REFERENCE, DESCRIPTION, FROMDATE, TODATE, DURATION, LANGUAGE, VAL, CUR,
VERSION, MISSIONTYPE, AGREED, FK_CUSTOMER ) VALUES ( 
32, 'HERMESPARTNERSTRUSTSERVICESSA_1', 'HERMES PARTNERS TRUST SERVICES SA',  TO_Date( '01/04/2009 12:00:00 AM', 'MM/DD/YYYY HH:MI:SS AM')
,  TO_Date( '12/31/2010 12:00:00 AM', 'MM/DD/YYYY HH:MI:SS AM'), NULL, 'FR', 5360
, 'EUR', 0, 'CI', 1, 11); 
INSERT INTO CONTRACTS ( ID, REFERENCE, DESCRIPTION, FROMDATE, TODATE, DURATION, LANGUAGE, VAL, CUR,
VERSION, MISSIONTYPE, AGREED, FK_CUSTOMER ) VALUES ( 
33, 'HOLDUNSA_1', 'HOLDUN SA',  TO_Date( '01/01/2009 12:00:00 AM', 'MM/DD/YYYY HH:MI:SS AM')
,  TO_Date( '12/31/2010 12:00:00 AM', 'MM/DD/YYYY HH:MI:SS AM'), NULL, 'FR', 8000
, 'EUR', 0, 'MADM', 1, 6); 
INSERT INTO CONTRACTS ( ID, REFERENCE, DESCRIPTION, FROMDATE, TODATE, DURATION, LANGUAGE, VAL, CUR,
VERSION, MISSIONTYPE, AGREED, FK_CUSTOMER ) VALUES ( 
34, 'HPMC1SRL_1', 'HPMC1 Srl',  TO_Date( '01/01/2009 12:00:00 AM', 'MM/DD/YYYY HH:MI:SS AM')
,  TO_Date( '01/01/2011 12:00:00 AM', 'MM/DD/YYYY HH:MI:SS AM'), NULL, 'EN', 6000
, 'EUR', 0, 'DOM', 1, 5); 
INSERT INTO CONTRACTS ( ID, REFERENCE, DESCRIPTION, FROMDATE, TODATE, DURATION, LANGUAGE, VAL, CUR,
VERSION, MISSIONTYPE, AGREED, FK_CUSTOMER ) VALUES ( 
35, 'INTRUMACORPORATESERVICESSA_1', 'Intruma Corporate Services SA',  TO_Date( '01/01/2009 12:00:00 AM', 'MM/DD/YYYY HH:MI:SS AM')
,  TO_Date( '01/01/2011 12:00:00 AM', 'MM/DD/YYYY HH:MI:SS AM'), NULL, 'EN', 9870
, 'EUR', 0, 'DOM', 1, 12); 
INSERT INTO CONTRACTS ( ID, REFERENCE, DESCRIPTION, FROMDATE, TODATE, DURATION, LANGUAGE, VAL, CUR,
VERSION, MISSIONTYPE, AGREED, FK_CUSTOMER ) VALUES ( 
36, 'LAURADHOLDING_1', 'Laurad Holding',  TO_Date( '01/01/2009 12:00:00 AM', 'MM/DD/YYYY HH:MI:SS AM')
,  TO_Date( '01/01/2011 12:00:00 AM', 'MM/DD/YYYY HH:MI:SS AM'), NULL, 'DE', 5600
, 'EUR', 0, 'CI', 1, 17); 
INSERT INTO CONTRACTS ( ID, REFERENCE, DESCRIPTION, FROMDATE, TODATE, DURATION, LANGUAGE, VAL, CUR,
VERSION, MISSIONTYPE, AGREED, FK_CUSTOMER ) VALUES ( 
37, 'LUXLAITSA_1', 'LUXLAIT SA',  TO_Date( '01/01/2009 12:00:00 AM', 'MM/DD/YYYY HH:MI:SS AM')
,  TO_Date( '01/01/2011 12:00:00 AM', 'MM/DD/YYYY HH:MI:SS AM'), NULL, 'EN', 2000
, 'EUR', 0, 'RA', 1, 655); 
INSERT INTO CONTRACTS ( ID, REFERENCE, DESCRIPTION, FROMDATE, TODATE, DURATION, LANGUAGE, VAL, CUR,
VERSION, MISSIONTYPE, AGREED, FK_CUSTOMER ) VALUES ( 
38, 'LUXYSSA_1', 'Luxys SA',  TO_Date( '01/01/2009 12:00:00 AM', 'MM/DD/YYYY HH:MI:SS AM')
,  TO_Date( '01/01/2011 12:00:00 AM', 'MM/DD/YYYY HH:MI:SS AM'), NULL, 'FR', 6300
, 'EUR', 0, 'CONSO', 1, 8); 
INSERT INTO CONTRACTS ( ID, REFERENCE, DESCRIPTION, FROMDATE, TODATE, DURATION, LANGUAGE, VAL, CUR,
VERSION, MISSIONTYPE, AGREED, FK_CUSTOMER ) VALUES ( 
39, 'MATSASA_1', 'MATSA',  TO_Date( '01/01/2009 12:00:00 AM', 'MM/DD/YYYY HH:MI:SS AM')
,  TO_Date( '01/01/2011 12:00:00 AM', 'MM/DD/YYYY HH:MI:SS AM'), NULL, 'DE', 7895
, 'EUR', 0, 'MISSPE', 1, 18); 
INSERT INTO CONTRACTS ( ID, REFERENCE, DESCRIPTION, FROMDATE, TODATE, DURATION, LANGUAGE, VAL, CUR,
VERSION, MISSIONTYPE, AGREED, FK_CUSTOMER ) VALUES ( 
40, 'PARFIMATSA_1', 'Parfimat SA',  TO_Date( '01/01/2009 12:00:00 AM', 'MM/DD/YYYY HH:MI:SS AM')
,  TO_Date( '01/01/2011 12:00:00 AM', 'MM/DD/YYYY HH:MI:SS AM'), NULL, 'EN', 8751
, 'EUR', 0, 'RC', 1, 19); 
INSERT INTO CONTRACTS ( ID, REFERENCE, DESCRIPTION, FROMDATE, TODATE, DURATION, LANGUAGE, VAL, CUR,
VERSION, MISSIONTYPE, AGREED, FK_CUSTOMER ) VALUES ( 
41, 'SABLIEREHEINSA_1', 'SABLIERE HEIN SA',  TO_Date( '01/01/2009 12:00:00 AM', 'MM/DD/YYYY HH:MI:SS AM')
,  TO_Date( '12/31/2010 12:00:00 AM', 'MM/DD/YYYY HH:MI:SS AM'), NULL, 'DE', 6987
, 'EUR', 0, 'RA', 1, 650); 
INSERT INTO CONTRACTS ( ID, REFERENCE, DESCRIPTION, FROMDATE, TODATE, DURATION, LANGUAGE, VAL, CUR,
VERSION, MISSIONTYPE, AGREED, FK_CUSTOMER ) VALUES ( 
42, 'SCANCARGOSA_1', 'Scancargo SA',  TO_Date( '01/01/2009 12:00:00 AM', 'MM/DD/YYYY HH:MI:SS AM')
,  TO_Date( '01/01/2011 12:00:00 AM', 'MM/DD/YYYY HH:MI:SS AM'), NULL, 'FR', 9876
, 'EUR', 0, 'RA', 1, 7); 
INSERT INTO CONTRACTS ( ID, REFERENCE, DESCRIPTION, FROMDATE, TODATE, DURATION, LANGUAGE, VAL, CUR,
VERSION, MISSIONTYPE, AGREED, FK_CUSTOMER ) VALUES ( 
43, 'SUMMERWINDSA_1', 'Summerwind SA',  TO_Date( '01/01/2009 12:00:00 AM', 'MM/DD/YYYY HH:MI:SS AM')
,  TO_Date( '01/01/2011 12:00:00 AM', 'MM/DD/YYYY HH:MI:SS AM'), NULL, 'EN', 9874
, 'EUR', 0, 'RA', 1, 13); 
INSERT INTO CONTRACTS ( ID, REFERENCE, DESCRIPTION, FROMDATE, TODATE, DURATION, LANGUAGE, VAL, CUR,
VERSION, MISSIONTYPE, AGREED, FK_CUSTOMER ) VALUES ( 
44, 'WEISGERBEREXPERTISE_1', 'Weisgerber Expertise',  TO_Date( '01/01/2009 12:00:00 AM', 'MM/DD/YYYY HH:MI:SS AM')
,  TO_Date( '01/01/2011 12:00:00 AM', 'MM/DD/YYYY HH:MI:SS AM'), NULL, 'FR', 16000
, 'EUR', 0, 'AC', 1, 10); 
INSERT INTO CONTRACTS ( ID, REFERENCE, DESCRIPTION, FROMDATE, TODATE, DURATION, LANGUAGE, VAL, CUR,
VERSION, MISSIONTYPE, AGREED, FK_CUSTOMER ) VALUES ( 
2, 'GULFOILINTERNATIONALLTD_1', 'GULF OIL INTERNATIONAL LTD',  TO_Date( '01/01/2010 12:00:00 AM', 'MM/DD/YYYY HH:MI:SS AM')
,  TO_Date( '12/31/2010 12:00:00 AM', 'MM/DD/YYYY HH:MI:SS AM'), NULL, 'EN', 14500
, 'EUR', 0, 'CI', 1, 652); 
INSERT INTO CONTRACTS ( ID, REFERENCE, DESCRIPTION, FROMDATE, TODATE, DURATION, LANGUAGE, VAL, CUR,
VERSION, MISSIONTYPE, AGREED, FK_CUSTOMER ) VALUES ( 
232, 'APKIEFFER_2', 'APKieffer',  TO_Date( '01/01/2010 12:00:00 AM', 'MM/DD/YYYY HH:MI:SS AM')
,  TO_Date( '12/31/2010 12:00:00 AM', 'MM/DD/YYYY HH:MI:SS AM'), NULL, 'EN', 50000
, 'EUR', 0, 'CONSO', 1, 14); 
commit;
 
INSERT INTO CUSTOMERS ( ID, WEB_ADDRESS, ACTIVE, COUNTRY, MAINADDRESS, MAINBILLINGADDRESS, ACTIVITY,
CREATEDATE, UPDATEDATE, UPDATEDUSER, COMPY_NAME, FAX, PHONE, MOBILE, P_PHONE, P_MOBILE, EMAIL, CODE,
VERSION, FK_ASSOCIE, FK_ORIGIN, FK_MANAGER ) VALUES ( 
4, 'contact@europarl.eu.lu', 1, 'LU', 'Kirchberg', 'Kirchberg', 'EUROPEAN PARLIAMENT-supermarket
'
, NULL, NULL, NULL, 'EUROPEAN PARLIAMENT-supermarket', NULL, '+352 44 10 12 2000'
, NULL, NULL, NULL, 'contact@europarl.eu.lu', '6666', 1, 3, 2, 4); 
INSERT INTO CUSTOMERS ( ID, WEB_ADDRESS, ACTIVE, COUNTRY, MAINADDRESS, MAINBILLINGADDRESS, ACTIVITY,
CREATEDATE, UPDATEDATE, UPDATEDUSER, COMPY_NAME, FAX, PHONE, MOBILE, P_PHONE, P_MOBILE, EMAIL, CODE,
VERSION, FK_ASSOCIE, FK_ORIGIN, FK_MANAGER ) VALUES ( 
6, 'contact@europarl.eu.lu', 1, 'LU', 'Kirchberg', 'Kirchberg', 'HOLDUN SA
', NULL
, NULL, NULL, 'HOLDUN SA', '+352 44 10 12 2000', '+352 44 10 12 2000', NULL, NULL
, NULL, 'contact@europarl.eu.lu', '9280', 0, 7, 4, 6); 
INSERT INTO CUSTOMERS ( ID, WEB_ADDRESS, ACTIVE, COUNTRY, MAINADDRESS, MAINBILLINGADDRESS, ACTIVITY,
CREATEDATE, UPDATEDATE, UPDATEDUSER, COMPY_NAME, FAX, PHONE, MOBILE, P_PHONE, P_MOBILE, EMAIL, CODE,
VERSION, FK_ASSOCIE, FK_ORIGIN, FK_MANAGER ) VALUES ( 
7, 'contact@europarl.eu.lu', 1, 'LU', 'Kirchberg', 'Kirchberg', 'Scancargo SA', NULL
, NULL, NULL, 'Scancargo SA', '+352 44 10 12 2000', '+352 44 10 12 2000', NULL, NULL
, NULL, 'contact@europarl.eu.lu', '9281', 1, 7, 3, 5); 
INSERT INTO CUSTOMERS ( ID, WEB_ADDRESS, ACTIVE, COUNTRY, MAINADDRESS, MAINBILLINGADDRESS, ACTIVITY,
CREATEDATE, UPDATEDATE, UPDATEDUSER, COMPY_NAME, FAX, PHONE, MOBILE, P_PHONE, P_MOBILE, EMAIL, CODE,
VERSION, FK_ASSOCIE, FK_ORIGIN, FK_MANAGER ) VALUES ( 
8, 'Luxys SA', 1, 'LU', 'Kichberg', 'Kichberg', 'Luxys SA
', NULL, NULL, NULL, 'Luxys SA'
, NULL, '+352 44 10 12 2000', NULL, NULL, NULL, 'contact@europarl.eu.lu', '9282', 1
, 3, 5, 4); 
INSERT INTO CUSTOMERS ( ID, WEB_ADDRESS, ACTIVE, COUNTRY, MAINADDRESS, MAINBILLINGADDRESS, ACTIVITY,
CREATEDATE, UPDATEDATE, UPDATEDUSER, COMPY_NAME, FAX, PHONE, MOBILE, P_PHONE, P_MOBILE, EMAIL, CODE,
VERSION, FK_ASSOCIE, FK_ORIGIN, FK_MANAGER ) VALUES ( 
9, 'contact@email.lu', 1, 'LU', 'Kirchberg', 'Kirchberg', 'Easy Distribution SA (ex EASYCARS SA)
'
, NULL, NULL, NULL, 'Easy Distribution SA (ex EASYCARS SA)', '+352 44 10 12 2000'
, '+352 44 10 12 2000', NULL, NULL, NULL, 'contact@email.lu', '9283', 1, 2, 3, 6); 
INSERT INTO CUSTOMERS ( ID, WEB_ADDRESS, ACTIVE, COUNTRY, MAINADDRESS, MAINBILLINGADDRESS, ACTIVITY,
CREATEDATE, UPDATEDATE, UPDATEDUSER, COMPY_NAME, FAX, PHONE, MOBILE, P_PHONE, P_MOBILE, EMAIL, CODE,
VERSION, FK_ASSOCIE, FK_ORIGIN, FK_MANAGER ) VALUES ( 
10, 'contact@email.lu', 1, 'LU', 'Kirchberg', 'Kirchberg', 'Weisgerber Expertise
'
, NULL, NULL, NULL, 'Weisgerber Expertise', '+352 44 10 12 2000', '+352 44 10 12 2000'
, NULL, NULL, NULL, 'contact@email.lu', '9284', 1, 1, 4, 5); 
INSERT INTO CUSTOMERS ( ID, WEB_ADDRESS, ACTIVE, COUNTRY, MAINADDRESS, MAINBILLINGADDRESS, ACTIVITY,
CREATEDATE, UPDATEDATE, UPDATEDUSER, COMPY_NAME, FAX, PHONE, MOBILE, P_PHONE, P_MOBILE, EMAIL, CODE,
VERSION, FK_ASSOCIE, FK_ORIGIN, FK_MANAGER ) VALUES ( 
11, 'contact@email.lu', 1, 'LU', 'Kirchberg', 'Kirchberg', 'HERMES PARTNERS TRUST SERVICES SA
'
, NULL, NULL, NULL, 'HERMES PARTNERS TRUST SERVICES SA', NULL, '+352 44 10 12 20000'
, NULL, NULL, NULL, 'contact@email.lu', '9286', 1, 2, 3, 4); 
INSERT INTO CUSTOMERS ( ID, WEB_ADDRESS, ACTIVE, COUNTRY, MAINADDRESS, MAINBILLINGADDRESS, ACTIVITY,
CREATEDATE, UPDATEDATE, UPDATEDUSER, COMPY_NAME, FAX, PHONE, MOBILE, P_PHONE, P_MOBILE, EMAIL, CODE,
VERSION, FK_ASSOCIE, FK_ORIGIN, FK_MANAGER ) VALUES ( 
12, 'contact@email.lu', 1, 'LU', 'Kirchberg', 'Kirchberg', 'Intruma Corporate Services SA
'
, NULL, NULL, NULL, 'Intruma Corporate Services SA', '+352 44 10 12 20000', '+352 44 10 12 20000'
, NULL, NULL, NULL, 'contact@email.lu', '9287', 1, 1, 3, 6); 
INSERT INTO CUSTOMERS ( ID, WEB_ADDRESS, ACTIVE, COUNTRY, MAINADDRESS, MAINBILLINGADDRESS, ACTIVITY,
CREATEDATE, UPDATEDATE, UPDATEDUSER, COMPY_NAME, FAX, PHONE, MOBILE, P_PHONE, P_MOBILE, EMAIL, CODE,
VERSION, FK_ASSOCIE, FK_ORIGIN, FK_MANAGER ) VALUES ( 
13, 'contact@email.lu', 1, 'LU', 'Kirchberg', 'Kirchberg', 'Summerwind SA
', NULL
, NULL, NULL, 'Summerwind SA', NULL, '+352 44 10 12 2000', NULL, NULL, NULL, 'contact@email.lu'
, '9289', 2, 3, 3, 5); 
INSERT INTO CUSTOMERS ( ID, WEB_ADDRESS, ACTIVE, COUNTRY, MAINADDRESS, MAINBILLINGADDRESS, ACTIVITY,
CREATEDATE, UPDATEDATE, UPDATEDUSER, COMPY_NAME, FAX, PHONE, MOBILE, P_PHONE, P_MOBILE, EMAIL, CODE,
VERSION, FK_ASSOCIE, FK_ORIGIN, FK_MANAGER ) VALUES ( 
14, 'contact@email.fr', 1, 'LU', 'Kirchberg', 'Kirchberg', 'APKieffer
', NULL, NULL
, NULL, 'APKieffer', NULL, '+352 44 10122000', NULL, NULL, NULL, 'contact@email.fr'
, '9290', 2, 7, 3, 4); 
INSERT INTO CUSTOMERS ( ID, WEB_ADDRESS, ACTIVE, COUNTRY, MAINADDRESS, MAINBILLINGADDRESS, ACTIVITY,
CREATEDATE, UPDATEDATE, UPDATEDUSER, COMPY_NAME, FAX, PHONE, MOBILE, P_PHONE, P_MOBILE, EMAIL, CODE,
VERSION, FK_ASSOCIE, FK_ORIGIN, FK_MANAGER ) VALUES ( 
17, NULL, 1, 'LU', 'Metz', 'Metz', 'Laurad Holding
', NULL, NULL, NULL, 'Laurad Holding'
, NULL, '+333 87 96 368542', NULL, NULL, NULL, 'contact@email.fr', '9293', 2, 3, 3
, 6); 
INSERT INTO CUSTOMERS ( ID, WEB_ADDRESS, ACTIVE, COUNTRY, MAINADDRESS, MAINBILLINGADDRESS, ACTIVITY,
CREATEDATE, UPDATEDATE, UPDATEDUSER, COMPY_NAME, FAX, PHONE, MOBILE, P_PHONE, P_MOBILE, EMAIL, CODE,
VERSION, FK_ASSOCIE, FK_ORIGIN, FK_MANAGER ) VALUES ( 
1, 'europarl.eu.lu', 1, 'LU', 'Kirchberg', 'Kirchberg', 'EUROPEAN PARLIAMENT-Imprest qtrly reviews
'
, NULL, NULL, NULL, 'EUROPEAN PARLIAMENT-Imprest qtrly reviews', '+352 44 10 12 2000'
, '+352 44 10 12 2000', NULL, NULL, NULL, 'contact@europarl.eu.lu', '6363', 1, 1, 3
, 5); 
INSERT INTO CUSTOMERS ( ID, WEB_ADDRESS, ACTIVE, COUNTRY, MAINADDRESS, MAINBILLINGADDRESS, ACTIVITY,
CREATEDATE, UPDATEDATE, UPDATEDUSER, COMPY_NAME, FAX, PHONE, MOBILE, P_PHONE, P_MOBILE, EMAIL, CODE,
VERSION, FK_ASSOCIE, FK_ORIGIN, FK_MANAGER ) VALUES ( 
5, 'contact@europarl.eu.lu', 1, 'LU', 'Kirchberg', 'Kirchberg', 'HPMC1 Srl
', NULL
, NULL, NULL, 'HPMC1 Srl', NULL, '+352 44 10 12 2000', NULL, NULL, NULL, 'contact@europarl.eu.lu'
, '9000', 1, 2, 6, 4); 
INSERT INTO CUSTOMERS ( ID, WEB_ADDRESS, ACTIVE, COUNTRY, MAINADDRESS, MAINBILLINGADDRESS, ACTIVITY,
CREATEDATE, UPDATEDATE, UPDATEDUSER, COMPY_NAME, FAX, PHONE, MOBILE, P_PHONE, P_MOBILE, EMAIL, CODE,
VERSION, FK_ASSOCIE, FK_ORIGIN, FK_MANAGER ) VALUES ( 
650, NULL, 1, 'LU', NULL, NULL, 'Fournisseur de sable',  TO_Date( '05/18/2009 12:00:00 AM', 'MM/DD/YYYY HH:MI:SS AM')
,  TO_Date( '05/18/2009 12:00:00 AM', 'MM/DD/YYYY HH:MI:SS AM'), NULL, 'SABLIERE HEIN SA'
, NULL, '20.45.96.369', NULL, NULL, NULL, 'a.marx@sabliere.lu', '10388', 2, 7, 1, 6); 
INSERT INTO CUSTOMERS ( ID, WEB_ADDRESS, ACTIVE, COUNTRY, MAINADDRESS, MAINBILLINGADDRESS, ACTIVITY,
CREATEDATE, UPDATEDATE, UPDATEDUSER, COMPY_NAME, FAX, PHONE, MOBILE, P_PHONE, P_MOBILE, EMAIL, CODE,
VERSION, FK_ASSOCIE, FK_ORIGIN, FK_MANAGER ) VALUES ( 
651, NULL, 1, 'LU', NULL, NULL, 'Fournisseur de sable',  TO_Date( '05/18/2009 12:00:00 AM', 'MM/DD/YYYY HH:MI:SS AM')
,  TO_Date( '05/18/2009 12:00:00 AM', 'MM/DD/YYYY HH:MI:SS AM'), NULL, 'DIMPEX SA'
, NULL, '20.45.96.369', NULL, NULL, NULL, 'a.marx@sabliere.lu', '82633', 2, 2, 2, 5); 
INSERT INTO CUSTOMERS ( ID, WEB_ADDRESS, ACTIVE, COUNTRY, MAINADDRESS, MAINBILLINGADDRESS, ACTIVITY,
CREATEDATE, UPDATEDATE, UPDATEDUSER, COMPY_NAME, FAX, PHONE, MOBILE, P_PHONE, P_MOBILE, EMAIL, CODE,
VERSION, FK_ASSOCIE, FK_ORIGIN, FK_MANAGER ) VALUES ( 
652, NULL, 1, 'LU', NULL, NULL, 'Fournisseur de sable',  TO_Date( '05/18/2009 12:00:00 AM', 'MM/DD/YYYY HH:MI:SS AM')
,  TO_Date( '05/18/2009 12:00:00 AM', 'MM/DD/YYYY HH:MI:SS AM'), NULL, 'GULF OIL INTERNATIONAL LTD'
, NULL, '20.45.96.369', NULL, NULL, NULL, 'a.marx@sabliere.lu', '11261', 3, 7, 3, 4); 
INSERT INTO CUSTOMERS ( ID, WEB_ADDRESS, ACTIVE, COUNTRY, MAINADDRESS, MAINBILLINGADDRESS, ACTIVITY,
CREATEDATE, UPDATEDATE, UPDATEDUSER, COMPY_NAME, FAX, PHONE, MOBILE, P_PHONE, P_MOBILE, EMAIL, CODE,
VERSION, FK_ASSOCIE, FK_ORIGIN, FK_MANAGER ) VALUES ( 
653, NULL, 1, 'LU', NULL, NULL, 'Fournisseur de sable',  TO_Date( '05/18/2009 12:00:00 AM', 'MM/DD/YYYY HH:MI:SS AM')
,  TO_Date( '05/18/2009 12:00:00 AM', 'MM/DD/YYYY HH:MI:SS AM'), NULL, 'BORG LUXEMBOURG SA'
, NULL, '20.45.96.369', NULL, NULL, NULL, 'a.marx@sabliere.lu', '16000', 3, 3, 4, 5); 
INSERT INTO CUSTOMERS ( ID, WEB_ADDRESS, ACTIVE, COUNTRY, MAINADDRESS, MAINBILLINGADDRESS, ACTIVITY,
CREATEDATE, UPDATEDATE, UPDATEDUSER, COMPY_NAME, FAX, PHONE, MOBILE, P_PHONE, P_MOBILE, EMAIL, CODE,
VERSION, FK_ASSOCIE, FK_ORIGIN, FK_MANAGER ) VALUES ( 
654, NULL, 1, 'LU', NULL, NULL, 'Fournisseur de sable',  TO_Date( '05/18/2009 12:00:00 AM', 'MM/DD/YYYY HH:MI:SS AM')
,  TO_Date( '05/18/2009 12:00:00 AM', 'MM/DD/YYYY HH:MI:SS AM'), NULL, 'GAMET INVESTMENT SA'
, NULL, '20.45.96.369', NULL, NULL, NULL, 'a.marx@sabliere.lu', '12084', 2, 1, 5, 4); 
INSERT INTO CUSTOMERS ( ID, WEB_ADDRESS, ACTIVE, COUNTRY, MAINADDRESS, MAINBILLINGADDRESS, ACTIVITY,
CREATEDATE, UPDATEDATE, UPDATEDUSER, COMPY_NAME, FAX, PHONE, MOBILE, P_PHONE, P_MOBILE, EMAIL, CODE,
VERSION, FK_ASSOCIE, FK_ORIGIN, FK_MANAGER ) VALUES ( 
655, NULL, 1, 'LU', NULL, NULL, 'Fournisseur de sable',  TO_Date( '05/18/2009 12:00:00 AM', 'MM/DD/YYYY HH:MI:SS AM')
,  TO_Date( '05/18/2009 12:00:00 AM', 'MM/DD/YYYY HH:MI:SS AM'), NULL, 'LUXLAIT SA'
, NULL, '20.45.96.369', NULL, NULL, NULL, 'a.marx@sabliere.lu', '12085', 2, 1, 6, 6); 
INSERT INTO CUSTOMERS ( ID, WEB_ADDRESS, ACTIVE, COUNTRY, MAINADDRESS, MAINBILLINGADDRESS, ACTIVITY,
CREATEDATE, UPDATEDATE, UPDATEDUSER, COMPY_NAME, FAX, PHONE, MOBILE, P_PHONE, P_MOBILE, EMAIL, CODE,
VERSION, FK_ASSOCIE, FK_ORIGIN, FK_MANAGER ) VALUES ( 
2, '0352 44 10 12 2000', 1, 'LU', 'Kirchberg', 'Kirchberg', 'EUROPEAN PARLIAMENT-canteen
'
, NULL, NULL, NULL, 'EUROPEAN PARLIAMENT-canteen', '0352 44 10 12 2000', '0352 44 10 12 2000'
, NULL, NULL, NULL, 'contact@europarl.eu.lu', '6464', 1, 1, 5, 5); 
INSERT INTO CUSTOMERS ( ID, WEB_ADDRESS, ACTIVE, COUNTRY, MAINADDRESS, MAINBILLINGADDRESS, ACTIVITY,
CREATEDATE, UPDATEDATE, UPDATEDUSER, COMPY_NAME, FAX, PHONE, MOBILE, P_PHONE, P_MOBILE, EMAIL, CODE,
VERSION, FK_ASSOCIE, FK_ORIGIN, FK_MANAGER ) VALUES ( 
3, NULL, 1, 'LU', 'Kirchberg', 'Kirchberg', 'Activity', NULL, NULL, NULL, 'ANGLESEA CAPITAL SA'
, '+352 44 10 12 2000', '+352 44 10 12 2000', NULL, NULL, NULL, 'example@server.lu'
, '6565', 2, 2, 2, 5); 
INSERT INTO CUSTOMERS ( ID, WEB_ADDRESS, ACTIVE, COUNTRY, MAINADDRESS, MAINBILLINGADDRESS, ACTIVITY,
CREATEDATE, UPDATEDATE, UPDATEDUSER, COMPY_NAME, FAX, PHONE, MOBILE, P_PHONE, P_MOBILE, EMAIL, CODE,
VERSION, FK_ASSOCIE, FK_ORIGIN, FK_MANAGER ) VALUES ( 
15, NULL, 1, 'LU', 'Kirchberg', 'Kirchberg', 'Caryos SA', NULL, NULL, NULL, 'Caryos SA'
, NULL, '+352 44 10 12 2000', NULL, NULL, NULL, 'contact.email@wanadoo.fr', '9291'
, 1, 2, 3, 5); 
INSERT INTO CUSTOMERS ( ID, WEB_ADDRESS, ACTIVE, COUNTRY, MAINADDRESS, MAINBILLINGADDRESS, ACTIVITY,
CREATEDATE, UPDATEDATE, UPDATEDUSER, COMPY_NAME, FAX, PHONE, MOBILE, P_PHONE, P_MOBILE, EMAIL, CODE,
VERSION, FK_ASSOCIE, FK_ORIGIN, FK_MANAGER ) VALUES ( 
16, NULL, 1, 'FR', 'Kirchberg', 'Kirchberg', 'Cologic
', NULL, NULL, NULL, 'Cologic'
, NULL, '+ 333 45 96 33210254', NULL, NULL, NULL, 'contact.email@pt.lu', '9292', 1
, 3, 4, 4); 
INSERT INTO CUSTOMERS ( ID, WEB_ADDRESS, ACTIVE, COUNTRY, MAINADDRESS, MAINBILLINGADDRESS, ACTIVITY,
CREATEDATE, UPDATEDATE, UPDATEDUSER, COMPY_NAME, FAX, PHONE, MOBILE, P_PHONE, P_MOBILE, EMAIL, CODE,
VERSION, FK_ASSOCIE, FK_ORIGIN, FK_MANAGER ) VALUES ( 
18, NULL, 1, 'LU', 'Nancy', 'Nancy', 'MATSA SA
', NULL, NULL, NULL, 'MATSA SA', NULL
, '+333 98 75 963210', NULL, NULL, NULL, 'contact@email.fr', '9294', 1, 7, 2, 6); 
INSERT INTO CUSTOMERS ( ID, WEB_ADDRESS, ACTIVE, COUNTRY, MAINADDRESS, MAINBILLINGADDRESS, ACTIVITY,
CREATEDATE, UPDATEDATE, UPDATEDUSER, COMPY_NAME, FAX, PHONE, MOBILE, P_PHONE, P_MOBILE, EMAIL, CODE,
VERSION, FK_ASSOCIE, FK_ORIGIN, FK_MANAGER ) VALUES ( 
19, NULL, 1, 'LU', 'Luxembourg', 'Luxembourg', 'Parfimat SA
', NULL, NULL, NULL, 'Parfimat SA'
, NULL, '+352 44 52 69 78', NULL, NULL, NULL, 'contactemail@sa.kh', '9296', 1, 1, 5
, 5); 
commit;
 
INSERT INTO EMPLOYEES ( ID, VERSION, USERNAME, FIRSTNAME, LASTNAME, JOBTITLE, COUNTRY, PHONE,
MOBILE, PERSONALPHONE, PERSONALMOBILE, EMAIL, WEBADDRESS, PHOTO, CODE, ACTIVE, PASSWORD, LOGIN,
UPDATEUSER, DATE_OF_BIRTH, CREATEDATE, MODIFIEDDATE, ADDRESS, PRIXVENTE, PRIXREVIENT, COUTHORAIRE,
FK_POSITION ) VALUES ( 
181, 1, NULL, 'Valentin', 'Nedeltchev', NULL, 'LU', NULL, NULL, '476846853', '476846853'
, 'valentin.nedeltchev@interaudit.lu', NULL, NULL, 'VN', 1, 'Nedeltchev', 'Nedeltchev'
, NULL,  TO_Date( '11/25/2009 12:00:00 AM', 'MM/DD/YYYY HH:MI:SS AM'),  TO_Date( '11/07/2009 08:07:05 AM', 'MM/DD/YYYY HH:MI:SS AM')
, NULL, 'Glacis', 130, 120, 50, 3); 
INSERT INTO EMPLOYEES ( ID, VERSION, USERNAME, FIRSTNAME, LASTNAME, JOBTITLE, COUNTRY, PHONE,
MOBILE, PERSONALPHONE, PERSONALMOBILE, EMAIL, WEBADDRESS, PHOTO, CODE, ACTIVE, PASSWORD, LOGIN,
UPDATEUSER, DATE_OF_BIRTH, CREATEDATE, MODIFIEDDATE, ADDRESS, PRIXVENTE, PRIXREVIENT, COUTHORAIRE,
FK_POSITION ) VALUES ( 
241, 0, NULL, 'Jonathan', 'Picard', NULL, 'LU', NULL, NULL, '476846853', '476846853'
, 'jonathan.picard@interaudit.lu', NULL, NULL, 'JP', 1, 'picard', 'picard', NULL,  TO_Date( '11/04/2009 12:00:00 AM', 'MM/DD/YYYY HH:MI:SS AM')
,  TO_Date( '11/08/2009 02:26:26 PM', 'MM/DD/YYYY HH:MI:SS AM'), NULL, 'Glacis', 0
, 0, 0, 3); 
INSERT INTO EMPLOYEES ( ID, VERSION, USERNAME, FIRSTNAME, LASTNAME, JOBTITLE, COUNTRY, PHONE,
MOBILE, PERSONALPHONE, PERSONALMOBILE, EMAIL, WEBADDRESS, PHOTO, CODE, ACTIVE, PASSWORD, LOGIN,
UPDATEUSER, DATE_OF_BIRTH, CREATEDATE, MODIFIEDDATE, ADDRESS, PRIXVENTE, PRIXREVIENT, COUTHORAIRE,
FK_POSITION ) VALUES ( 
1, 0, NULL, 'Vincent', 'Dog', NULL, 'LU', NULL, NULL, '476846580', '476846580', 'vincent.dog@interaudit.lu'
, NULL, NULL, 'VD', 1, 'vincentdog', 'vincentdog', NULL,  TO_Date( '11/03/2009 12:00:00 AM', 'MM/DD/YYYY HH:MI:SS AM')
,  TO_Date( '11/01/2009 01:36:19 PM', 'MM/DD/YYYY HH:MI:SS AM'), NULL, 'Glacis', 150
, 150, 100, 4); 
INSERT INTO EMPLOYEES ( ID, VERSION, USERNAME, FIRSTNAME, LASTNAME, JOBTITLE, COUNTRY, PHONE,
MOBILE, PERSONALPHONE, PERSONALMOBILE, EMAIL, WEBADDRESS, PHOTO, CODE, ACTIVE, PASSWORD, LOGIN,
UPDATEUSER, DATE_OF_BIRTH, CREATEDATE, MODIFIEDDATE, ADDRESS, PRIXVENTE, PRIXREVIENT, COUTHORAIRE,
FK_POSITION ) VALUES ( 
2, 0, NULL, 'Edouard', 'Kostka', NULL, 'LU', NULL, NULL, '476879632', '476879632'
, 'edouard.kostka@interausit.lu', NULL, NULL, 'EK', 1, 'edouard', 'ekostka', NULL
,  TO_Date( '11/30/1959 12:00:00 AM', 'MM/DD/YYYY HH:MI:SS AM'),  TO_Date( '11/01/2009 01:38:30 PM', 'MM/DD/YYYY HH:MI:SS AM')
, NULL, 'Glacis', 150, 120, 100, 4); 
INSERT INTO EMPLOYEES ( ID, VERSION, USERNAME, FIRSTNAME, LASTNAME, JOBTITLE, COUNTRY, PHONE,
MOBILE, PERSONALPHONE, PERSONALMOBILE, EMAIL, WEBADDRESS, PHOTO, CODE, ACTIVE, PASSWORD, LOGIN,
UPDATEUSER, DATE_OF_BIRTH, CREATEDATE, MODIFIEDDATE, ADDRESS, PRIXVENTE, PRIXREVIENT, COUTHORAIRE,
FK_POSITION ) VALUES ( 
3, 0, NULL, 'Murielle', 'Badoux', NULL, 'LU', NULL, NULL, '47657896', '47657896', 'murielle.badoux@interaudit.lu'
, NULL, NULL, 'MB', 1, 'badoux', 'badoux', NULL,  TO_Date( '11/10/2009 12:00:00 AM', 'MM/DD/YYYY HH:MI:SS AM')
,  TO_Date( '11/01/2009 01:41:39 PM', 'MM/DD/YYYY HH:MI:SS AM'), NULL, 'Glacis', 120
, 100, 90, 5); 
INSERT INTO EMPLOYEES ( ID, VERSION, USERNAME, FIRSTNAME, LASTNAME, JOBTITLE, COUNTRY, PHONE,
MOBILE, PERSONALPHONE, PERSONALMOBILE, EMAIL, WEBADDRESS, PHOTO, CODE, ACTIVE, PASSWORD, LOGIN,
UPDATEUSER, DATE_OF_BIRTH, CREATEDATE, MODIFIEDDATE, ADDRESS, PRIXVENTE, PRIXREVIENT, COUTHORAIRE,
FK_POSITION ) VALUES ( 
4, 0, NULL, 'Stephane', 'Gaillard', NULL, 'LU', NULL, NULL, '476846589', '476846589'
, 'stephane.gaillard@interaudit.lu', NULL, NULL, 'SG', 1, 'gaillard', 'gaillard', NULL
,  TO_Date( '11/11/2009 12:00:00 AM', 'MM/DD/YYYY HH:MI:SS AM'),  TO_Date( '11/01/2009 01:48:02 PM', 'MM/DD/YYYY HH:MI:SS AM')
, NULL, 'Glacis...Luxembourg', 125, 120, 80, 7); 
INSERT INTO EMPLOYEES ( ID, VERSION, USERNAME, FIRSTNAME, LASTNAME, JOBTITLE, COUNTRY, PHONE,
MOBILE, PERSONALPHONE, PERSONALMOBILE, EMAIL, WEBADDRESS, PHOTO, CODE, ACTIVE, PASSWORD, LOGIN,
UPDATEUSER, DATE_OF_BIRTH, CREATEDATE, MODIFIEDDATE, ADDRESS, PRIXVENTE, PRIXREVIENT, COUTHORAIRE,
FK_POSITION ) VALUES ( 
6, 0, NULL, 'Olivier', 'Jansen', NULL, 'LU', NULL, NULL, '4758963212', '4758963212'
, 'olivier.jansen@interaudit.lu', NULL, NULL, 'OJ', 1, 'jansen', 'jansen', NULL,  TO_Date( '11/27/2009 12:00:00 AM', 'MM/DD/YYYY HH:MI:SS AM')
,  TO_Date( '11/01/2009 01:52:48 PM', 'MM/DD/YYYY HH:MI:SS AM'), NULL, 'Glacis', 120
, 140, 56, 7); 
INSERT INTO EMPLOYEES ( ID, VERSION, USERNAME, FIRSTNAME, LASTNAME, JOBTITLE, COUNTRY, PHONE,
MOBILE, PERSONALPHONE, PERSONALMOBILE, EMAIL, WEBADDRESS, PHOTO, CODE, ACTIVE, PASSWORD, LOGIN,
UPDATEUSER, DATE_OF_BIRTH, CREATEDATE, MODIFIEDDATE, ADDRESS, PRIXVENTE, PRIXREVIENT, COUTHORAIRE,
FK_POSITION ) VALUES ( 
5, 0, NULL, 'Laurent', 'Mariani', NULL, 'LU', NULL, NULL, '476845698', '476845698'
, 'laurent.mariani@interausit.lu', NULL, NULL, 'LM', 1, 'mariani', 'mariani', NULL
,  TO_Date( '11/26/2009 12:00:00 AM', 'MM/DD/YYYY HH:MI:SS AM'),  TO_Date( '11/01/2009 01:50:01 PM', 'MM/DD/YYYY HH:MI:SS AM')
, NULL, 'Glacis...', 170, 150, 100, 7); 
INSERT INTO EMPLOYEES ( ID, VERSION, USERNAME, FIRSTNAME, LASTNAME, JOBTITLE, COUNTRY, PHONE,
MOBILE, PERSONALPHONE, PERSONALMOBILE, EMAIL, WEBADDRESS, PHOTO, CODE, ACTIVE, PASSWORD, LOGIN,
UPDATEUSER, DATE_OF_BIRTH, CREATEDATE, MODIFIEDDATE, ADDRESS, PRIXVENTE, PRIXREVIENT, COUTHORAIRE,
FK_POSITION ) VALUES ( 
7, 0, NULL, 'Olivier', 'Biren', NULL, 'LU', NULL, NULL, '47687596', '47687596', 'olivier.biren@interaudit.lu'
, NULL, NULL, 'OB', 1, 'biren', 'biren', NULL,  TO_Date( '11/05/2009 12:00:00 AM', 'MM/DD/YYYY HH:MI:SS AM')
,  TO_Date( '11/01/2009 02:00:31 PM', 'MM/DD/YYYY HH:MI:SS AM'), NULL, 'Glacis', 170
, 150, 100, 5); 
INSERT INTO EMPLOYEES ( ID, VERSION, USERNAME, FIRSTNAME, LASTNAME, JOBTITLE, COUNTRY, PHONE,
MOBILE, PERSONALPHONE, PERSONALMOBILE, EMAIL, WEBADDRESS, PHOTO, CODE, ACTIVE, PASSWORD, LOGIN,
UPDATEUSER, DATE_OF_BIRTH, CREATEDATE, MODIFIEDDATE, ADDRESS, PRIXVENTE, PRIXREVIENT, COUTHORAIRE,
FK_POSITION ) VALUES ( 
541, 1, NULL, 'Veronique', 'Blocail', NULL, 'FR', NULL, NULL, '476846853', '0698177277'
, 'veronique.blocail@interaudit.lu', NULL, NULL, 'VB', 1, 'blocabe12', 'blocabe', NULL
,  TO_Date( '12/03/2009 12:00:00 AM', 'MM/DD/YYYY HH:MI:SS AM'),  TO_Date( '12/13/2009 05:02:23 PM', 'MM/DD/YYYY HH:MI:SS AM')
, NULL, '11 rue robert parisot 57000 Metz', 150, 120, 100, 6); 
INSERT INTO EMPLOYEES ( ID, VERSION, USERNAME, FIRSTNAME, LASTNAME, JOBTITLE, COUNTRY, PHONE,
MOBILE, PERSONALPHONE, PERSONALMOBILE, EMAIL, WEBADDRESS, PHOTO, CODE, ACTIVE, PASSWORD, LOGIN,
UPDATEUSER, DATE_OF_BIRTH, CREATEDATE, MODIFIEDDATE, ADDRESS, PRIXVENTE, PRIXREVIENT, COUTHORAIRE,
FK_POSITION ) VALUES ( 
544, 1, NULL, 'Phillippe', 'Lemoine', NULL, 'LU', NULL, NULL, '4555', '45644', 'Phillippe.Lemoine@interaudit.lu'
, NULL, NULL, 'PL', 1, 'Lemoine', 'Lemoine', NULL,  TO_Date( '12/01/2009 12:00:00 AM', 'MM/DD/YYYY HH:MI:SS AM')
,  TO_Date( '12/13/2009 05:32:42 PM', 'MM/DD/YYYY HH:MI:SS AM'), NULL, 'Kirchberg'
, 0, 0, 0, 3); 
INSERT INTO EMPLOYEES ( ID, VERSION, USERNAME, FIRSTNAME, LASTNAME, JOBTITLE, COUNTRY, PHONE,
MOBILE, PERSONALPHONE, PERSONALMOBILE, EMAIL, WEBADDRESS, PHOTO, CODE, ACTIVE, PASSWORD, LOGIN,
UPDATEUSER, DATE_OF_BIRTH, CREATEDATE, MODIFIEDDATE, ADDRESS, PRIXVENTE, PRIXREVIENT, COUTHORAIRE,
FK_POSITION ) VALUES ( 
542, 2, NULL, 'Dimitri', 'Hubin', NULL, 'LU', NULL, NULL, '478965', '545454454', 'dimitri.hubin@interaudit.lu'
, NULL, NULL, 'DH', 1, 'Hubin', 'Hubin', NULL,  TO_Date( '12/08/2009 12:00:00 AM', 'MM/DD/YYYY HH:MI:SS AM')
,  TO_Date( '12/13/2009 05:29:35 PM', 'MM/DD/YYYY HH:MI:SS AM'), NULL, 'Kircbherg'
, 455, 120, 89, 3); 
INSERT INTO EMPLOYEES ( ID, VERSION, USERNAME, FIRSTNAME, LASTNAME, JOBTITLE, COUNTRY, PHONE,
MOBILE, PERSONALPHONE, PERSONALMOBILE, EMAIL, WEBADDRESS, PHOTO, CODE, ACTIVE, PASSWORD, LOGIN,
UPDATEUSER, DATE_OF_BIRTH, CREATEDATE, MODIFIEDDATE, ADDRESS, PRIXVENTE, PRIXREVIENT, COUTHORAIRE,
FK_POSITION ) VALUES ( 
543, 2, NULL, 'Calogero', 'Midioni', NULL, 'LU', NULL, NULL, '145639', '145639', 'Calogero.Midioni@interaudit.lu'
, NULL, NULL, 'CM', 1, 'Calogero', 'Calogero', NULL,  TO_Date( '12/17/2009 12:00:00 AM', 'MM/DD/YYYY HH:MI:SS AM')
,  TO_Date( '12/13/2009 05:31:21 PM', 'MM/DD/YYYY HH:MI:SS AM'), NULL, 'Kirchberg'
, 120, 115, 90, 3); 
INSERT INTO EMPLOYEES ( ID, VERSION, USERNAME, FIRSTNAME, LASTNAME, JOBTITLE, COUNTRY, PHONE,
MOBILE, PERSONALPHONE, PERSONALMOBILE, EMAIL, WEBADDRESS, PHOTO, CODE, ACTIVE, PASSWORD, LOGIN,
UPDATEUSER, DATE_OF_BIRTH, CREATEDATE, MODIFIEDDATE, ADDRESS, PRIXVENTE, PRIXREVIENT, COUTHORAIRE,
FK_POSITION ) VALUES ( 
545, 2, NULL, 'Claire', 'Pignot', NULL, 'LU', NULL, NULL, '8878787', '8878787', 'claire.pignot@interaduit.lu'
, NULL, NULL, 'CP', 1, 'Pignot', 'Pignot', NULL,  TO_Date( '12/11/2009 12:00:00 AM', 'MM/DD/YYYY HH:MI:SS AM')
,  TO_Date( '12/13/2009 05:34:08 PM', 'MM/DD/YYYY HH:MI:SS AM'), NULL, 'Kirchberg'
, 170, 150, 100, 3); 
INSERT INTO EMPLOYEES ( ID, VERSION, USERNAME, FIRSTNAME, LASTNAME, JOBTITLE, COUNTRY, PHONE,
MOBILE, PERSONALPHONE, PERSONALMOBILE, EMAIL, WEBADDRESS, PHOTO, CODE, ACTIVE, PASSWORD, LOGIN,
UPDATEUSER, DATE_OF_BIRTH, CREATEDATE, MODIFIEDDATE, ADDRESS, PRIXVENTE, PRIXREVIENT, COUTHORAIRE,
FK_POSITION ) VALUES ( 
546, 0, NULL, 'Lancelot', 'Szraberg', NULL, 'LU', NULL, NULL, '54545454', '7987987989'
, 'Lancelot.Szraberg@interaudit.lu', NULL, NULL, 'LS', 1, 'Szraberg', 'Szraberg', NULL
,  TO_Date( '12/15/2009 12:00:00 AM', 'MM/DD/YYYY HH:MI:SS AM'),  TO_Date( '12/13/2009 05:35:46 PM', 'MM/DD/YYYY HH:MI:SS AM')
, NULL, 'Kirchbreg', 0, 0, 0, 3); 
INSERT INTO EMPLOYEES ( ID, VERSION, USERNAME, FIRSTNAME, LASTNAME, JOBTITLE, COUNTRY, PHONE,
MOBILE, PERSONALPHONE, PERSONALMOBILE, EMAIL, WEBADDRESS, PHOTO, CODE, ACTIVE, PASSWORD, LOGIN,
UPDATEUSER, DATE_OF_BIRTH, CREATEDATE, MODIFIEDDATE, ADDRESS, PRIXVENTE, PRIXREVIENT, COUTHORAIRE,
FK_POSITION ) VALUES ( 
547, 0, NULL, 'Sebastien', 'Radelet', NULL, 'LU', NULL, NULL, '54554', '545454', 'Sebastien.Radelet@interaudit.lu'
, NULL, NULL, 'SR', 1, 'Radelet', 'Radelet', NULL,  TO_Date( '12/02/2009 12:00:00 AM', 'MM/DD/YYYY HH:MI:SS AM')
,  TO_Date( '12/13/2009 05:37:06 PM', 'MM/DD/YYYY HH:MI:SS AM'), NULL, 'Kirchberg'
, 0, 0, 0, 3); 
INSERT INTO EMPLOYEES ( ID, VERSION, USERNAME, FIRSTNAME, LASTNAME, JOBTITLE, COUNTRY, PHONE,
MOBILE, PERSONALPHONE, PERSONALMOBILE, EMAIL, WEBADDRESS, PHOTO, CODE, ACTIVE, PASSWORD, LOGIN,
UPDATEUSER, DATE_OF_BIRTH, CREATEDATE, MODIFIEDDATE, ADDRESS, PRIXVENTE, PRIXREVIENT, COUTHORAIRE,
FK_POSITION ) VALUES ( 
548, 2, NULL, 'Elsa', 'Gaspard', NULL, 'LU', NULL, NULL, '5545454', '87878787', 'Elsa.Gaspard@interaudit.lu'
, NULL, NULL, 'EG', 1, 'Gaspard', 'Gaspard', NULL,  TO_Date( '12/18/2009 12:00:00 AM', 'MM/DD/YYYY HH:MI:SS AM')
,  TO_Date( '12/13/2009 05:38:32 PM', 'MM/DD/YYYY HH:MI:SS AM'), NULL, 'Kirchberg'
, 60, 50, 25, 3); 
INSERT INTO EMPLOYEES ( ID, VERSION, USERNAME, FIRSTNAME, LASTNAME, JOBTITLE, COUNTRY, PHONE,
MOBILE, PERSONALPHONE, PERSONALMOBILE, EMAIL, WEBADDRESS, PHOTO, CODE, ACTIVE, PASSWORD, LOGIN,
UPDATEUSER, DATE_OF_BIRTH, CREATEDATE, MODIFIEDDATE, ADDRESS, PRIXVENTE, PRIXREVIENT, COUTHORAIRE,
FK_POSITION ) VALUES ( 
549, 0, NULL, 'Medhi', 'Zidane', NULL, 'LU', NULL, NULL, '54545454', '5545454', 'Medhi.Zidane@interaudit.lu'
, NULL, NULL, 'MZ', 1, 'Zidane', 'Zidane', NULL,  TO_Date( '12/10/2009 12:00:00 AM', 'MM/DD/YYYY HH:MI:SS AM')
,  TO_Date( '12/13/2009 05:40:00 PM', 'MM/DD/YYYY HH:MI:SS AM'), NULL, 'Kirchberg'
, 0, 0, 0, 3); 
commit;
 
INSERT INTO EXERCISES ( ID, VERSION, YEAR, STATUS, STARTDATE, ENDDATE, ISAPPPROVED, TOT_EXP_AMOUNT,
INFLATIONPERCENTAGE, TOT_REP_AMOUNT, TOT_REAL_AMOUNT,
TOT_INACTIF_AMOUNT ) VALUES ( 
62847, 4, 2010, 'PENDING',  TO_Date( '01/01/2010 12:00:00 AM', 'MM/DD/YYYY HH:MI:SS AM')
,  TO_Date( '12/31/2010 12:00:00 AM', 'MM/DD/YYYY HH:MI:SS AM'), 1, 290769, 1, 0, 0
, 0); 
commit;
 
INSERT INTO MISSIONS ( ID, EXERCISE, TITLE, REFER, COMMENTS, CREATEDATE, STARTDATE, DUEDATE,
UPDATEDATE, UPDATEDUSER, STATUS, TYP, VERSION, LANGUAGE,
ANNUALBUDGET_ID ) VALUES ( 
63004, '2010', 'GULF OIL INTERNATIONAL LTD', '11261_2010', 'GULF OIL INTERNATIONAL LTD'
,  TO_Date( '04/09/2010 12:00:00 AM', 'MM/DD/YYYY HH:MI:SS AM'), NULL, NULL, NULL
, NULL, 'PENDING', 'CI', 0, 'EN', 62861); 
INSERT INTO MISSIONS ( ID, EXERCISE, TITLE, REFER, COMMENTS, CREATEDATE, STARTDATE, DUEDATE,
UPDATEDATE, UPDATEDUSER, STATUS, TYP, VERSION, LANGUAGE,
ANNUALBUDGET_ID ) VALUES ( 
63006, '2010', 'MATSA SA', '9294_2010', 'MATSA SA',  TO_Date( '04/09/2010 12:00:00 AM', 'MM/DD/YYYY HH:MI:SS AM')
, NULL, NULL, NULL, NULL, 'PENDING', 'MISSPE', 0, 'DE', 62864); 
INSERT INTO MISSIONS ( ID, EXERCISE, TITLE, REFER, COMMENTS, CREATEDATE, STARTDATE, DUEDATE,
UPDATEDATE, UPDATEDUSER, STATUS, TYP, VERSION, LANGUAGE,
ANNUALBUDGET_ID ) VALUES ( 
63008, '2010', 'PARFIMAT SA', '9296_2010', 'PARFIMAT SA',  TO_Date( '04/09/2010 12:00:00 AM', 'MM/DD/YYYY HH:MI:SS AM')
, NULL, NULL, NULL, NULL, 'PENDING', 'RC', 0, 'EN', 62860); 
INSERT INTO MISSIONS ( ID, EXERCISE, TITLE, REFER, COMMENTS, CREATEDATE, STARTDATE, DUEDATE,
UPDATEDATE, UPDATEDUSER, STATUS, TYP, VERSION, LANGUAGE,
ANNUALBUDGET_ID ) VALUES ( 
63010, '2010', 'EUROPEAN PARLIAMENT-IMPREST QTRLY REVIEWS', '6363_2010', 'EUROPEAN PARLIAMENT-IMPREST QTRLY REVIEWS'
,  TO_Date( '04/09/2010 12:00:00 AM', 'MM/DD/YYYY HH:MI:SS AM'), NULL, NULL, NULL
, NULL, 'PENDING', 'MCOMM', 0, 'FR', 62871); 
INSERT INTO MISSIONS ( ID, EXERCISE, TITLE, REFER, COMMENTS, CREATEDATE, STARTDATE, DUEDATE,
UPDATEDATE, UPDATEDUSER, STATUS, TYP, VERSION, LANGUAGE,
ANNUALBUDGET_ID ) VALUES ( 
63012, '2010', 'HPMC1 SRL', '9000_2010', 'HPMC1 SRL',  TO_Date( '04/09/2010 12:00:00 AM', 'MM/DD/YYYY HH:MI:SS AM')
, NULL, NULL, NULL, NULL, 'PENDING', 'DOM', 0, 'EN', 62848); 
INSERT INTO MISSIONS ( ID, EXERCISE, TITLE, REFER, COMMENTS, CREATEDATE, STARTDATE, DUEDATE,
UPDATEDATE, UPDATEDUSER, STATUS, TYP, VERSION, LANGUAGE,
ANNUALBUDGET_ID ) VALUES ( 
63014, '2010', 'LAURAD HOLDING', '9293_2010', 'LAURAD HOLDING',  TO_Date( '04/09/2010 12:00:00 AM', 'MM/DD/YYYY HH:MI:SS AM')
, NULL, NULL, NULL, NULL, 'PENDING', 'CI', 0, 'DE', 62852); 
INSERT INTO MISSIONS ( ID, EXERCISE, TITLE, REFER, COMMENTS, CREATEDATE, STARTDATE, DUEDATE,
UPDATEDATE, UPDATEDUSER, STATUS, TYP, VERSION, LANGUAGE,
ANNUALBUDGET_ID ) VALUES ( 
63016, '2010', 'APKIEFFER', '9290_2010', 'APKIEFFER',  TO_Date( '04/09/2010 12:00:00 AM', 'MM/DD/YYYY HH:MI:SS AM')
, NULL, NULL, NULL, NULL, 'PENDING', 'MADM', 0, 'FR', 62849); 
INSERT INTO MISSIONS ( ID, EXERCISE, TITLE, REFER, COMMENTS, CREATEDATE, STARTDATE, DUEDATE,
UPDATEDATE, UPDATEDUSER, STATUS, TYP, VERSION, LANGUAGE,
ANNUALBUDGET_ID ) VALUES ( 
63018, '2010', 'ANGLESEA CAPITAL SA', '6565_2010', 'ANGLESEA CAPITAL SA',  TO_Date( '04/09/2010 12:00:00 AM', 'MM/DD/YYYY HH:MI:SS AM')
, NULL, NULL, NULL, NULL, 'PENDING', 'AC', 0, 'EN', 62870); 
INSERT INTO MISSIONS ( ID, EXERCISE, TITLE, REFER, COMMENTS, CREATEDATE, STARTDATE, DUEDATE,
UPDATEDATE, UPDATEDUSER, STATUS, TYP, VERSION, LANGUAGE,
ANNUALBUDGET_ID ) VALUES ( 
63020, '2010', 'CARYOS SA', '9291_2010', 'CARYOS SA',  TO_Date( '04/09/2010 12:00:00 AM', 'MM/DD/YYYY HH:MI:SS AM')
, NULL, NULL, NULL, NULL, 'PENDING', 'RC', 0, 'EN', 62857); 
INSERT INTO MISSIONS ( ID, EXERCISE, TITLE, REFER, COMMENTS, CREATEDATE, STARTDATE, DUEDATE,
UPDATEDATE, UPDATEDUSER, STATUS, TYP, VERSION, LANGUAGE,
ANNUALBUDGET_ID ) VALUES ( 
63022, '2010', 'HERMES PARTNERS TRUST SERVICES SA', '9286_2010', 'HERMES PARTNERS TRUST SERVICES SA'
,  TO_Date( '04/09/2010 12:00:00 AM', 'MM/DD/YYYY HH:MI:SS AM'), NULL, NULL, NULL
, NULL, 'PENDING', 'CI', 0, 'FR', 62853); 
INSERT INTO MISSIONS ( ID, EXERCISE, TITLE, REFER, COMMENTS, CREATEDATE, STARTDATE, DUEDATE,
UPDATEDATE, UPDATEDUSER, STATUS, TYP, VERSION, LANGUAGE,
ANNUALBUDGET_ID ) VALUES ( 
63024, '2010', 'LUXLAIT SA', '12085_2010', 'LUXLAIT SA',  TO_Date( '04/09/2010 12:00:00 AM', 'MM/DD/YYYY HH:MI:SS AM')
, NULL, NULL, NULL, NULL, 'PENDING', 'RA', 0, 'EN', 62859); 
INSERT INTO MISSIONS ( ID, EXERCISE, TITLE, REFER, COMMENTS, CREATEDATE, STARTDATE, DUEDATE,
UPDATEDATE, UPDATEDUSER, STATUS, TYP, VERSION, LANGUAGE,
ANNUALBUDGET_ID ) VALUES ( 
63026, '2010', 'HOLDUN SA', '9280_2010', 'HOLDUN SA',  TO_Date( '04/09/2010 12:00:00 AM', 'MM/DD/YYYY HH:MI:SS AM')
, NULL, NULL, NULL, NULL, 'PENDING', 'MADM', 0, 'FR', 62851); 
INSERT INTO MISSIONS ( ID, EXERCISE, TITLE, REFER, COMMENTS, CREATEDATE, STARTDATE, DUEDATE,
UPDATEDATE, UPDATEDUSER, STATUS, TYP, VERSION, LANGUAGE,
ANNUALBUDGET_ID ) VALUES ( 
63028, '2010', 'SCANCARGO SA', '9281_2010', 'SCANCARGO SA',  TO_Date( '04/09/2010 12:00:00 AM', 'MM/DD/YYYY HH:MI:SS AM')
, NULL, NULL, NULL, NULL, 'PENDING', 'RA', 0, 'FR', 62868); 
INSERT INTO MISSIONS ( ID, EXERCISE, TITLE, REFER, COMMENTS, CREATEDATE, STARTDATE, DUEDATE,
UPDATEDATE, UPDATEDUSER, STATUS, TYP, VERSION, LANGUAGE,
ANNUALBUDGET_ID ) VALUES ( 
63030, '2010', 'EUROPEAN PARLIAMENT-SUPERMARKET', '6666_2010', 'EUROPEAN PARLIAMENT-SUPERMARKET'
,  TO_Date( '04/09/2010 12:00:00 AM', 'MM/DD/YYYY HH:MI:SS AM'), NULL, NULL, NULL
, NULL, 'PENDING', 'CONSO', 0, 'DE', 62869); 
INSERT INTO MISSIONS ( ID, EXERCISE, TITLE, REFER, COMMENTS, CREATEDATE, STARTDATE, DUEDATE,
UPDATEDATE, UPDATEDUSER, STATUS, TYP, VERSION, LANGUAGE,
ANNUALBUDGET_ID ) VALUES ( 
63032, '2010', 'GAMET INVESTMENT SA', '12084_2010', 'GAMET INVESTMENT SA',  TO_Date( '04/09/2010 12:00:00 AM', 'MM/DD/YYYY HH:MI:SS AM')
, NULL, NULL, NULL, NULL, 'PENDING', 'RA', 0, 'DE', 62855); 
INSERT INTO MISSIONS ( ID, EXERCISE, TITLE, REFER, COMMENTS, CREATEDATE, STARTDATE, DUEDATE,
UPDATEDATE, UPDATEDUSER, STATUS, TYP, VERSION, LANGUAGE,
ANNUALBUDGET_ID ) VALUES ( 
63034, '2010', 'SABLIERE HEIN SA', '10388_2010', 'SABLIERE HEIN SA',  TO_Date( '04/09/2010 12:00:00 AM', 'MM/DD/YYYY HH:MI:SS AM')
, NULL, NULL, NULL, NULL, 'PENDING', 'RA', 0, 'DE', 62850); 
INSERT INTO MISSIONS ( ID, EXERCISE, TITLE, REFER, COMMENTS, CREATEDATE, STARTDATE, DUEDATE,
UPDATEDATE, UPDATEDUSER, STATUS, TYP, VERSION, LANGUAGE,
ANNUALBUDGET_ID ) VALUES ( 
63036, '2010', 'SUMMERWIND SA', '9289_2010', 'SUMMERWIND SA',  TO_Date( '04/09/2010 12:00:00 AM', 'MM/DD/YYYY HH:MI:SS AM')
, NULL, NULL, NULL, NULL, 'PENDING', 'RA', 0, 'EN', 62862); 
INSERT INTO MISSIONS ( ID, EXERCISE, TITLE, REFER, COMMENTS, CREATEDATE, STARTDATE, DUEDATE,
UPDATEDATE, UPDATEDUSER, STATUS, TYP, VERSION, LANGUAGE,
ANNUALBUDGET_ID ) VALUES ( 
63038, '2010', 'COLOGIC', '9292_2010', 'COLOGIC',  TO_Date( '04/09/2010 12:00:00 AM', 'MM/DD/YYYY HH:MI:SS AM')
, NULL, NULL, NULL, NULL, 'PENDING', 'CONSO', 0, 'FR', 62856); 
INSERT INTO MISSIONS ( ID, EXERCISE, TITLE, REFER, COMMENTS, CREATEDATE, STARTDATE, DUEDATE,
UPDATEDATE, UPDATEDUSER, STATUS, TYP, VERSION, LANGUAGE,
ANNUALBUDGET_ID ) VALUES ( 
63040, '2010', 'BORG LUXEMBOURG SA', '16000_2010', 'BORG LUXEMBOURG SA',  TO_Date( '04/09/2010 12:00:00 AM', 'MM/DD/YYYY HH:MI:SS AM')
, NULL, NULL, NULL, NULL, 'PENDING', 'RA', 0, 'DE', 62854); 
INSERT INTO MISSIONS ( ID, EXERCISE, TITLE, REFER, COMMENTS, CREATEDATE, STARTDATE, DUEDATE,
UPDATEDATE, UPDATEDUSER, STATUS, TYP, VERSION, LANGUAGE,
ANNUALBUDGET_ID ) VALUES ( 
63042, '2010', 'INTRUMA CORPORATE SERVICES SA', '9287_2010', 'INTRUMA CORPORATE SERVICES SA'
,  TO_Date( '04/09/2010 12:00:00 AM', 'MM/DD/YYYY HH:MI:SS AM'), NULL, NULL, NULL
, NULL, 'PENDING', 'DOM', 0, 'EN', 62863); 
INSERT INTO MISSIONS ( ID, EXERCISE, TITLE, REFER, COMMENTS, CREATEDATE, STARTDATE, DUEDATE,
UPDATEDATE, UPDATEDUSER, STATUS, TYP, VERSION, LANGUAGE,
ANNUALBUDGET_ID ) VALUES ( 
63044, '2010', 'EUROPEAN PARLIAMENT-CANTEEN', '6464_2010', 'EUROPEAN PARLIAMENT-CANTEEN'
,  TO_Date( '04/09/2010 12:00:00 AM', 'MM/DD/YYYY HH:MI:SS AM'), NULL, NULL, NULL
, NULL, 'PENDING', 'RC', 0, 'DE', 62873); 
INSERT INTO MISSIONS ( ID, EXERCISE, TITLE, REFER, COMMENTS, CREATEDATE, STARTDATE, DUEDATE,
UPDATEDATE, UPDATEDUSER, STATUS, TYP, VERSION, LANGUAGE,
ANNUALBUDGET_ID ) VALUES ( 
63046, '2010', 'EASY DISTRIBUTION SA (EX EASYCARS SA)', '9283_2010', 'EASY DISTRIBUTION SA (EX EASYCARS SA)'
,  TO_Date( '04/09/2010 12:00:00 AM', 'MM/DD/YYYY HH:MI:SS AM'), NULL, NULL, NULL
, NULL, 'PENDING', 'DOM', 0, 'EN', 62867); 
INSERT INTO MISSIONS ( ID, EXERCISE, TITLE, REFER, COMMENTS, CREATEDATE, STARTDATE, DUEDATE,
UPDATEDATE, UPDATEDUSER, STATUS, TYP, VERSION, LANGUAGE,
ANNUALBUDGET_ID ) VALUES ( 
63048, '2010', 'APKIEFFER', '9290_2010', 'APKIEFFER',  TO_Date( '04/09/2010 12:00:00 AM', 'MM/DD/YYYY HH:MI:SS AM')
, NULL, NULL, NULL, NULL, 'PENDING', 'CONSO', 0, 'EN', 62872); 
INSERT INTO MISSIONS ( ID, EXERCISE, TITLE, REFER, COMMENTS, CREATEDATE, STARTDATE, DUEDATE,
UPDATEDATE, UPDATEDUSER, STATUS, TYP, VERSION, LANGUAGE,
ANNUALBUDGET_ID ) VALUES ( 
63050, '2010', 'LUXYS SA', '9282_2010', 'LUXYS SA',  TO_Date( '04/09/2010 12:00:00 AM', 'MM/DD/YYYY HH:MI:SS AM')
, NULL, NULL, NULL, NULL, 'PENDING', 'CONSO', 0, 'FR', 62858); 
INSERT INTO MISSIONS ( ID, EXERCISE, TITLE, REFER, COMMENTS, CREATEDATE, STARTDATE, DUEDATE,
UPDATEDATE, UPDATEDUSER, STATUS, TYP, VERSION, LANGUAGE,
ANNUALBUDGET_ID ) VALUES ( 
63052, '2010', 'DIMPEX SA', '82633_2010', 'DIMPEX SA',  TO_Date( '04/09/2010 12:00:00 AM', 'MM/DD/YYYY HH:MI:SS AM')
, NULL, NULL, NULL, NULL, 'PENDING', 'RC', 0, 'DE', 62866); 
INSERT INTO MISSIONS ( ID, EXERCISE, TITLE, REFER, COMMENTS, CREATEDATE, STARTDATE, DUEDATE,
UPDATEDATE, UPDATEDUSER, STATUS, TYP, VERSION, LANGUAGE,
ANNUALBUDGET_ID ) VALUES ( 
63054, '2010', 'WEISGERBER EXPERTISE', '9284_2010', 'WEISGERBER EXPERTISE',  TO_Date( '04/09/2010 12:00:00 AM', 'MM/DD/YYYY HH:MI:SS AM')
, NULL, NULL, NULL, NULL, 'PENDING', 'AC', 0, 'FR', 62865); 
commit;
 
INSERT INTO MISSIONTYPE_TASK ( ID, MISSIONTYPECODE, LIBELLE,
TASKCODE ) VALUES ( 
1, 'RA', 'Revision annuelle', 'RA'); 
INSERT INTO MISSIONTYPE_TASK ( ID, MISSIONTYPECODE, LIBELLE,
TASKCODE ) VALUES ( 
2, 'RC', 'Revision contractuelle', 'RC'); 
INSERT INTO MISSIONTYPE_TASK ( ID, MISSIONTYPECODE, LIBELLE,
TASKCODE ) VALUES ( 
3, 'AC', 'Audit consolidation', 'AC'); 
INSERT INTO MISSIONTYPE_TASK ( ID, MISSIONTYPECODE, LIBELLE,
TASKCODE ) VALUES ( 
4, 'CI', 'Controle interne', 'CI'); 
INSERT INTO MISSIONTYPE_TASK ( ID, MISSIONTYPECODE, LIBELLE,
TASKCODE ) VALUES ( 
5, 'MCOMM', 'Mandat  commissaire', 'MCOMM'); 
INSERT INTO MISSIONTYPE_TASK ( ID, MISSIONTYPECODE, LIBELLE,
TASKCODE ) VALUES ( 
6, 'MADM', 'Mandat administrateur', 'MADM'); 
INSERT INTO MISSIONTYPE_TASK ( ID, MISSIONTYPECODE, LIBELLE,
TASKCODE ) VALUES ( 
7, 'MISSPE', 'Mission speciale', 'MISSPE'); 
INSERT INTO MISSIONTYPE_TASK ( ID, MISSIONTYPECODE, LIBELLE,
TASKCODE ) VALUES ( 
8, 'CONSO', 'Consolidation', 'CONSO'); 
INSERT INTO MISSIONTYPE_TASK ( ID, MISSIONTYPECODE, LIBELLE,
TASKCODE ) VALUES ( 
9, 'DOM', 'Domiciliation', 'DOM'); 
commit;
 
INSERT INTO ORIGINS ( ID, NAME, CODE ) VALUES ( 
1, 'InterFiduciaire', 'IF'); 
INSERT INTO ORIGINS ( ID, NAME, CODE ) VALUES ( 
2, 'InterAudit', 'IA'); 
INSERT INTO ORIGINS ( ID, NAME, CODE ) VALUES ( 
3, 'Atoz', 'AT'); 
INSERT INTO ORIGINS ( ID, NAME, CODE ) VALUES ( 
4, 'Fideos', 'FD'); 
INSERT INTO ORIGINS ( ID, NAME, CODE ) VALUES ( 
5, 'Bob Bernard', 'BB'); 
INSERT INTO ORIGINS ( ID, NAME, CODE ) VALUES ( 
6, 'Signes', 'SG'); 
INSERT INTO ORIGINS ( ID, NAME, CODE ) VALUES ( 
7, 'Inconnue', 'IC'); 
commit;
 
INSERT INTO PROFILES ( ID, VERSION, NAME, FROMDATE, TODATE, ACTIVE ) VALUES ( 
1, 0, 'SENIOR_MANAGER',  TO_Date( '05/18/2009 10:20:49 AM', 'MM/DD/YYYY HH:MI:SS AM')
,  TO_Date( '05/18/2009 10:20:49 AM', 'MM/DD/YYYY HH:MI:SS AM'), 1); 
INSERT INTO PROFILES ( ID, VERSION, NAME, FROMDATE, TODATE, ACTIVE ) VALUES ( 
2, 0, 'DIRECTOR',  TO_Date( '05/18/2009 10:20:50 AM', 'MM/DD/YYYY HH:MI:SS AM'),  TO_Date( '05/18/2009 10:20:50 AM', 'MM/DD/YYYY HH:MI:SS AM')
, 1); 
INSERT INTO PROFILES ( ID, VERSION, NAME, FROMDATE, TODATE, ACTIVE ) VALUES ( 
3, 0, 'ASSISTANTS',  TO_Date( '05/18/2009 10:20:50 AM', 'MM/DD/YYYY HH:MI:SS AM')
,  TO_Date( '05/18/2009 10:20:50 AM', 'MM/DD/YYYY HH:MI:SS AM'), 1); 
INSERT INTO PROFILES ( ID, VERSION, NAME, FROMDATE, TODATE, ACTIVE ) VALUES ( 
4, 0, 'PARTNER',  TO_Date( '05/18/2009 10:20:50 AM', 'MM/DD/YYYY HH:MI:SS AM'),  TO_Date( '05/18/2009 10:20:50 AM', 'MM/DD/YYYY HH:MI:SS AM')
, 1); 
INSERT INTO PROFILES ( ID, VERSION, NAME, FROMDATE, TODATE, ACTIVE ) VALUES ( 
5, 0, 'MGMT_PARTNER',  TO_Date( '05/18/2009 10:20:50 AM', 'MM/DD/YYYY HH:MI:SS AM')
,  TO_Date( '05/18/2009 10:20:50 AM', 'MM/DD/YYYY HH:MI:SS AM'), 1); 
INSERT INTO PROFILES ( ID, VERSION, NAME, FROMDATE, TODATE, ACTIVE ) VALUES ( 
6, 0, 'SECRETAIRE',  TO_Date( '05/18/2009 10:20:50 AM', 'MM/DD/YYYY HH:MI:SS AM')
,  TO_Date( '05/18/2009 10:20:50 AM', 'MM/DD/YYYY HH:MI:SS AM'), 1); 
INSERT INTO PROFILES ( ID, VERSION, NAME, FROMDATE, TODATE, ACTIVE ) VALUES ( 
7, 0, 'MANAGER',  TO_Date( '05/18/2009 10:20:50 AM', 'MM/DD/YYYY HH:MI:SS AM'),  TO_Date( '05/18/2009 10:20:50 AM', 'MM/DD/YYYY HH:MI:SS AM')
, 1); 
INSERT INTO PROFILES ( ID, VERSION, NAME, FROMDATE, TODATE, ACTIVE ) VALUES ( 
8, 0, 'ASSISTANT_MANAGER',  TO_Date( '05/18/2009 10:20:50 AM', 'MM/DD/YYYY HH:MI:SS AM')
,  TO_Date( '05/18/2009 10:20:50 AM', 'MM/DD/YYYY HH:MI:SS AM'), 1); 
INSERT INTO PROFILES ( ID, VERSION, NAME, FROMDATE, TODATE, ACTIVE ) VALUES ( 
9, 0, 'SENIOR_MANAGER',  TO_Date( '05/18/2009 10:20:50 AM', 'MM/DD/YYYY HH:MI:SS AM')
,  TO_Date( '05/18/2009 10:20:50 AM', 'MM/DD/YYYY HH:MI:SS AM'), 1); 
INSERT INTO PROFILES ( ID, VERSION, NAME, FROMDATE, TODATE, ACTIVE ) VALUES ( 
10, 0, 'SENIORS',  TO_Date( '05/18/2009 10:20:50 AM', 'MM/DD/YYYY HH:MI:SS AM'),  TO_Date( '05/18/2009 10:20:50 AM', 'MM/DD/YYYY HH:MI:SS AM')
, 1); 
commit;
 
INSERT INTO RIGHTS ( ID, NAME, DESCRIPTION, CODE, TYPE ) VALUES ( 
43, 'Consulter facture', 'Consulter les factures', 'CONSULT_INVOICE', 'INVOICE'); 
INSERT INTO RIGHTS ( ID, NAME, DESCRIPTION, CODE, TYPE ) VALUES ( 
44, 'Consulter document', 'Consulter document', 'CONSULT_DOCUMENT', 'DOCUMENT'); 
INSERT INTO RIGHTS ( ID, NAME, DESCRIPTION, CODE, TYPE ) VALUES ( 
45, 'Enregister timesheet', 'Enregistrer timesheet', 'REGISTER_TIMESHEET', 'TIMESHEET'); 
INSERT INTO RIGHTS ( ID, NAME, DESCRIPTION, CODE, TYPE ) VALUES ( 
1, 'Enregister employee', 'Enregister un employee', 'REGISTER_USER', 'EMPLOYEE'); 
INSERT INTO RIGHTS ( ID, NAME, DESCRIPTION, CODE, TYPE ) VALUES ( 
2, 'Modifier employee', 'Permet de modifier un employee', 'MODIFY_USER', 'EMPLOYEE'); 
INSERT INTO RIGHTS ( ID, NAME, DESCRIPTION, CODE, TYPE ) VALUES ( 
3, 'Consulter employee ', 'Consulter les details d''un employee', 'CONSULT_USER', 'EMPLOYEE'); 
INSERT INTO RIGHTS ( ID, NAME, DESCRIPTION, CODE, TYPE ) VALUES ( 
4, 'Enregistrer client', 'Enregistrer un client ', 'REGISTER_CUST', 'CLIENT'); 
INSERT INTO RIGHTS ( ID, NAME, DESCRIPTION, CODE, TYPE ) VALUES ( 
5, 'Modifier client', 'Permet de modifier un client', 'MODIFY_CUST', 'CLIENT'); 
INSERT INTO RIGHTS ( ID, NAME, DESCRIPTION, CODE, TYPE ) VALUES ( 
6, 'Consulter client', 'Permet de modifier les details d''un client', 'CONSULT_CUST'
, 'CLIENT'); 
INSERT INTO RIGHTS ( ID, NAME, DESCRIPTION, CODE, TYPE ) VALUES ( 
7, 'Enregistrer banque', 'Enregistrer une banque', 'REGISTER_BANK', 'BANK'); 
INSERT INTO RIGHTS ( ID, NAME, DESCRIPTION, CODE, TYPE ) VALUES ( 
8, 'Modifier  banque', 'Modifier une banque', 'MODIFY_BANK', 'BANK'); 
INSERT INTO RIGHTS ( ID, NAME, DESCRIPTION, CODE, TYPE ) VALUES ( 
9, 'Consulter banque', 'Consulter banque', 'CONSULT_BANK', 'BANK'); 
INSERT INTO RIGHTS ( ID, NAME, DESCRIPTION, CODE, TYPE ) VALUES ( 
10, 'Enregistrer payment', 'Enregistrer payment', 'REGISTER_PAYMENT', 'PAYMENT'); 
INSERT INTO RIGHTS ( ID, NAME, DESCRIPTION, CODE, TYPE ) VALUES ( 
11, 'Modifier payment', 'Modifier payment', 'MODIFY_PAYMENT', 'PAYMENT'); 
INSERT INTO RIGHTS ( ID, NAME, DESCRIPTION, CODE, TYPE ) VALUES ( 
12, 'Consulter payment', 'Consulter payment', 'CONSULT_PAYMENT', 'PAYMENT'); 
INSERT INTO RIGHTS ( ID, NAME, DESCRIPTION, CODE, TYPE ) VALUES ( 
13, 'Enregistrer contact', 'Enregistrer contact', 'REGISTER_CONTACT', 'CONTACT'); 
INSERT INTO RIGHTS ( ID, NAME, DESCRIPTION, CODE, TYPE ) VALUES ( 
14, 'Modifier contact', 'Modifier contact', 'MODIFY_CONTACT', 'CONTACT'); 
INSERT INTO RIGHTS ( ID, NAME, DESCRIPTION, CODE, TYPE ) VALUES ( 
15, 'Consulter contact', 'Consulter contact', 'CONSULT_CONTACT', 'CONTACT'); 
INSERT INTO RIGHTS ( ID, NAME, DESCRIPTION, CODE, TYPE ) VALUES ( 
16, 'Enregistrer declaration', 'Enregistrer declarartion', 'REGISTER_DECLARATION'
, 'DECLARATION'); 
INSERT INTO RIGHTS ( ID, NAME, DESCRIPTION, CODE, TYPE ) VALUES ( 
17, 'Modifier declaration', 'Modifier dclaration', 'MODIFY_DECLARATION', 'DECLARATION'); 
INSERT INTO RIGHTS ( ID, NAME, DESCRIPTION, CODE, TYPE ) VALUES ( 
18, 'Consulter declaration', 'Consulter declaration', 'CONSULT_DECLARATION', 'DECLARATION'); 
INSERT INTO RIGHTS ( ID, NAME, DESCRIPTION, CODE, TYPE ) VALUES ( 
19, 'Enregistrer contrat', 'Enregistrer contrat', 'REGISTER_CONTRACT', 'CONTRAT'); 
INSERT INTO RIGHTS ( ID, NAME, DESCRIPTION, CODE, TYPE ) VALUES ( 
20, 'Modifier contrat', 'Modifier contrat', 'MODIFY_CONTRACT', 'CONTRAT'); 
INSERT INTO RIGHTS ( ID, NAME, DESCRIPTION, CODE, TYPE ) VALUES ( 
21, 'Consulter contrat', 'Consulter contrat', 'CONSULT_CONTRACT', 'CONTRAT'); 
INSERT INTO RIGHTS ( ID, NAME, DESCRIPTION, CODE, TYPE ) VALUES ( 
22, 'Consulter budget', 'Consulter budget', 'CONSULT_BUDGET', 'BUDGET'); 
INSERT INTO RIGHTS ( ID, NAME, DESCRIPTION, CODE, TYPE ) VALUES ( 
23, 'Modify budget', 'Modify budget', 'MODIFY_BUDGET', 'BUDGET'); 
INSERT INTO RIGHTS ( ID, NAME, DESCRIPTION, CODE, TYPE ) VALUES ( 
24, 'Build budget', 'Build budget', 'BUILD_BUDGET', 'BUDGET'); 
INSERT INTO RIGHTS ( ID, NAME, DESCRIPTION, CODE, TYPE ) VALUES ( 
25, 'Export budget to excel file', 'Export budget to excel file', 'EXPORT_BUDGET_TO_EXCEL'
, 'BUDGET'); 
INSERT INTO RIGHTS ( ID, NAME, DESCRIPTION, CODE, TYPE ) VALUES ( 
26, 'Consult  resultats', 'Consult resultats', 'CONSULT_RESULTATS', 'BUDGET'); 
INSERT INTO RIGHTS ( ID, NAME, DESCRIPTION, CODE, TYPE ) VALUES ( 
27, 'Consult rentabilite clients', 'Consulter rentablilite clients', 'CONSULT_RENTABILITE_CLIENTS'
, 'BUDGET'); 
INSERT INTO RIGHTS ( ID, NAME, DESCRIPTION, CODE, TYPE ) VALUES ( 
28, 'Consult financial data', 'Consulter financial data', 'CONSULT_FINANCIAL_DATA'
, 'BUDGET'); 
INSERT INTO RIGHTS ( ID, NAME, DESCRIPTION, CODE, TYPE ) VALUES ( 
29, 'Modifier droits ', 'Modifier droits', 'MODIFY_ACCESS_RIGHTS', 'DROITS'); 
INSERT INTO RIGHTS ( ID, NAME, DESCRIPTION, CODE, TYPE ) VALUES ( 
30, 'Consulter planning missions', 'Consulter planning missions', 'CONSULT_PLANNING_MISSIONS'
, 'PLANNING'); 
INSERT INTO RIGHTS ( ID, NAME, DESCRIPTION, CODE, TYPE ) VALUES ( 
31, 'Consulter planning general', 'Consulter planning general', 'CONSULT_GENERAL_PLANNING'
, 'PLANNING'); 
INSERT INTO RIGHTS ( ID, NAME, DESCRIPTION, CODE, TYPE ) VALUES ( 
32, 'Modifier planning general', 'Modifier planning general', 'MODIFY_GENERAL_PLANNING'
, 'PLANNING'); 
INSERT INTO RIGHTS ( ID, NAME, DESCRIPTION, CODE, TYPE ) VALUES ( 
33, 'Consulter calendrier', 'Consulter calendrier', 'CONSULT_CALENDAR', 'PLANNING'); 
INSERT INTO RIGHTS ( ID, NAME, DESCRIPTION, CODE, TYPE ) VALUES ( 
34, 'Modifier calendrier', 'Modifier calendrier', 'MODIFY_CALENDAR', 'PLANNING'); 
INSERT INTO RIGHTS ( ID, NAME, DESCRIPTION, CODE, TYPE ) VALUES ( 
35, 'Consulter missions', 'Consulter missions', 'CONSULT_MISSIONS', 'PLANNING'); 
INSERT INTO RIGHTS ( ID, NAME, DESCRIPTION, CODE, TYPE ) VALUES ( 
36, 'Modifier mission', 'Modifier mission', 'MODIFY_MISSIONS', 'PLANNING'); 
INSERT INTO RIGHTS ( ID, NAME, DESCRIPTION, CODE, TYPE ) VALUES ( 
37, 'Creer facture', 'Creer facture', 'CREATE_INVOICE', 'INVOICE'); 
INSERT INTO RIGHTS ( ID, NAME, DESCRIPTION, CODE, TYPE ) VALUES ( 
38, 'Modifier facture', 'Modifier facture', 'MODIFY_INVOICE', 'INVOICE'); 
INSERT INTO RIGHTS ( ID, NAME, DESCRIPTION, CODE, TYPE ) VALUES ( 
39, 'Enregistrer depense', 'Enregistrer depense', 'REGISTER_EXPENSE', 'BUDGET'); 
INSERT INTO RIGHTS ( ID, NAME, DESCRIPTION, CODE, TYPE ) VALUES ( 
40, 'Modifier depense', 'Modifier depense', 'MODIFY_EXPENSE', 'BUDGET'); 
INSERT INTO RIGHTS ( ID, NAME, DESCRIPTION, CODE, TYPE ) VALUES ( 
41, 'Valider timesheet', 'Validate timesheet', 'VALIDATE_TIMESHEET', 'TIMESHEET'); 
INSERT INTO RIGHTS ( ID, NAME, DESCRIPTION, CODE, TYPE ) VALUES ( 
42, 'Reject timesheet', 'Reject timeshet', 'REJECT_TIMESHEET', 'TIMESHEET'); 
commit;
 
INSERT INTO TASKS ( ID, NAME, DESCRIPTION, CODEPRESTATION, CHARGEABLE, CODE, VERSION,
OPTIONAL ) VALUES ( 
62807, 'Preparation des confirmations', 'banques , avocats, cadastre', '4002', 1, 'PDC'
, 0, 0); 
INSERT INTO TASKS ( ID, NAME, DESCRIPTION, CODEPRESTATION, CHARGEABLE, CODE, VERSION,
OPTIONAL ) VALUES ( 
62808, 'Preparation lancement du dossier (DA,LS)', 'Preparation lancement du dossier (DA,LS)'
, '4003', 1, 'PLDD', 0, 0); 
INSERT INTO TASKS ( ID, NAME, DESCRIPTION, CODEPRESTATION, CHARGEABLE, CODE, VERSION,
OPTIONAL ) VALUES ( 
62809, 'Dossier administratif', 'Dossier administratif', '4004', 1, 'DA', 0, 0); 
INSERT INTO TASKS ( ID, NAME, DESCRIPTION, CODEPRESTATION, CHARGEABLE, CODE, VERSION,
OPTIONAL ) VALUES ( 
62810, 'Compte annuels', 'controle: report,sommes pointage B/G', '4005', 1, 'CA', 0
, 0); 
INSERT INTO TASKS ( ID, NAME, DESCRIPTION, CODEPRESTATION, CHARGEABLE, CODE, VERSION,
OPTIONAL ) VALUES ( 
62811, 'Prise de connaissance du dossier - repartition du travail', 'Prise de connaissance du dossier - repartition du travail'
, '4006', 1, 'PCDRT', 0, 0); 
INSERT INTO TASKS ( ID, NAME, DESCRIPTION, CODEPRESTATION, CHARGEABLE, CODE, VERSION,
OPTIONAL ) VALUES ( 
62812, 'Suivi du dossier chez le client/Supervision', 'Suivi du dossier chez le client/Supervision'
, '4007', 1, 'SDCS', 0, 0); 
INSERT INTO TASKS ( ID, NAME, DESCRIPTION, CODEPRESTATION, CHARGEABLE, CODE, VERSION,
OPTIONAL ) VALUES ( 
62813, 'Frais d''tablissement', 'Frais d''tablissement', '4008', 1, 'FRE', 0, 0); 
INSERT INTO TASKS ( ID, NAME, DESCRIPTION, CODEPRESTATION, CHARGEABLE, CODE, VERSION,
OPTIONAL ) VALUES ( 
62814, 'Immobilisations incorporelles', 'Immobilisations incorporelles', '4009', 1
, 'IMINC', 0, 0); 
INSERT INTO TASKS ( ID, NAME, DESCRIPTION, CODEPRESTATION, CHARGEABLE, CODE, VERSION,
OPTIONAL ) VALUES ( 
62815, 'Immobilisations corporelles', 'Immobilisations corporelles', '4010', 1, 'IMCP'
, 0, 0); 
INSERT INTO TASKS ( ID, NAME, DESCRIPTION, CODEPRESTATION, CHARGEABLE, CODE, VERSION,
OPTIONAL ) VALUES ( 
62816, 'Immobilisations financieres', 'Immobilisations financieres', '4011', 1, 'IMFI'
, 0, 0); 
INSERT INTO TASKS ( ID, NAME, DESCRIPTION, CODEPRESTATION, CHARGEABLE, CODE, VERSION,
OPTIONAL ) VALUES ( 
62817, 'Stock-Inventaire physique', 'Stock-Inventaire physique', '4012', 1, 'SIPH'
, 0, 0); 
INSERT INTO TASKS ( ID, NAME, DESCRIPTION, CODEPRESTATION, CHARGEABLE, CODE, VERSION,
OPTIONAL ) VALUES ( 
62818, 'Stock-Audit de la section', 'Stock-Audit de la section', '4013', 1, 'SAS'
, 0, 0); 
INSERT INTO TASKS ( ID, NAME, DESCRIPTION, CODEPRESTATION, CHARGEABLE, CODE, VERSION,
OPTIONAL ) VALUES ( 
62819, 'Client-Preparation et suivi de la circularisation', 'Client-Preparation et suivi de la circularisation'
, '4014', 1, 'CPSC', 0, 0); 
INSERT INTO TASKS ( ID, NAME, DESCRIPTION, CODEPRESTATION, CHARGEABLE, CODE, VERSION,
OPTIONAL ) VALUES ( 
62820, 'Client-Audit de la section', 'Client-Audit de la section', '4015', 1, 'CAS'
, 0, 0); 
INSERT INTO TASKS ( ID, NAME, DESCRIPTION, CODEPRESTATION, CHARGEABLE, CODE, VERSION,
OPTIONAL ) VALUES ( 
62821, 'Creances sur des entreprises liees', 'Creances sur des entreprises liees'
, '4016', 1, 'CEL', 0, 0); 
INSERT INTO TASKS ( ID, NAME, DESCRIPTION, CODEPRESTATION, CHARGEABLE, CODE, VERSION,
OPTIONAL ) VALUES ( 
62822, 'Autres creances', 'Autres creances', '4017', 1, 'ATC', 0, 0); 
INSERT INTO TASKS ( ID, NAME, DESCRIPTION, CODEPRESTATION, CHARGEABLE, CODE, VERSION,
OPTIONAL ) VALUES ( 
62823, 'Valeurs mobilieres', 'Valeurs mobilieres', '4018', 1, 'VMB', 0, 0); 
INSERT INTO TASKS ( ID, NAME, DESCRIPTION, CODEPRESTATION, CHARGEABLE, CODE, VERSION,
OPTIONAL ) VALUES ( 
62824, 'Avoirs en banques et encaisses', 'Avoirs en banques et encaisses', '4019'
, 1, 'ABEC', 0, 0); 
INSERT INTO TASKS ( ID, NAME, DESCRIPTION, CODEPRESTATION, CHARGEABLE, CODE, VERSION,
OPTIONAL ) VALUES ( 
62825, 'Compte de regularisation actif', 'Compte de regularisation actif', '4020'
, 1, 'CPRA', 0, 0); 
INSERT INTO TASKS ( ID, NAME, DESCRIPTION, CODEPRESTATION, CHARGEABLE, CODE, VERSION,
OPTIONAL ) VALUES ( 
62826, 'Capitaux propres', 'Capitaux propres', '4021', 1, 'CPP', 0, 0); 
INSERT INTO TASKS ( ID, NAME, DESCRIPTION, CODEPRESTATION, CHARGEABLE, CODE, VERSION,
OPTIONAL ) VALUES ( 
62827, 'Provisions pour risques et charges', 'Provisions pour risques et charges'
, '4022', 1, 'PRRC', 0, 0); 
INSERT INTO TASKS ( ID, NAME, DESCRIPTION, CODEPRESTATION, CHARGEABLE, CODE, VERSION,
OPTIONAL ) VALUES ( 
62828, 'Dettes envers ets de credit', 'Dettes envers ets de credit', '4023', 1, 'DECR'
, 0, 0); 
INSERT INTO TASKS ( ID, NAME, DESCRIPTION, CODEPRESTATION, CHARGEABLE, CODE, VERSION,
OPTIONAL ) VALUES ( 
62829, 'Fournisseurs-preparation et suivi de la circularisation', 'Fournisseurs-preparation et suivi de la circularisation'
, '4024', 1, 'FNPSC', 0, 0); 
INSERT INTO TASKS ( ID, NAME, DESCRIPTION, CODEPRESTATION, CHARGEABLE, CODE, VERSION,
OPTIONAL ) VALUES ( 
62830, 'Fournisseurs-audit de la section', 'Fournisseurs-audit de la section', '4025'
, 1, 'FNAS', 0, 0); 
INSERT INTO TASKS ( ID, NAME, DESCRIPTION, CODEPRESTATION, CHARGEABLE, CODE, VERSION,
OPTIONAL ) VALUES ( 
62831, 'Dettes sur des entreprises liees', 'Dettes sur des entreprises liees', '4026'
, 1, 'DEL', 0, 0); 
INSERT INTO TASKS ( ID, NAME, DESCRIPTION, CODEPRESTATION, CHARGEABLE, CODE, VERSION,
OPTIONAL ) VALUES ( 
62832, 'Autres dettes', 'Autres dettes', '4027', 1, 'ADTS', 0, 0); 
INSERT INTO TASKS ( ID, NAME, DESCRIPTION, CODEPRESTATION, CHARGEABLE, CODE, VERSION,
OPTIONAL ) VALUES ( 
62833, 'Compte de regularisation passif', 'Compte de regularisation passif', '4028'
, 1, 'CPRP', 0, 0); 
INSERT INTO TASKS ( ID, NAME, DESCRIPTION, CODEPRESTATION, CHARGEABLE, CODE, VERSION,
OPTIONAL ) VALUES ( 
62834, 'Compte de pertes et profits', 'Compte de pertes et profits', '4029', 1, 'CPPP'
, 0, 0); 
INSERT INTO TASKS ( ID, NAME, DESCRIPTION, CODEPRESTATION, CHARGEABLE, CODE, VERSION,
OPTIONAL ) VALUES ( 
62835, 'Compte de pertes et profits-Resultats brut', 'Compte de pertes et profits-Resultats brut'
, '4030', 1, 'CPPRB', 0, 0); 
INSERT INTO TASKS ( ID, NAME, DESCRIPTION, CODEPRESTATION, CHARGEABLE, CODE, VERSION,
OPTIONAL ) VALUES ( 
62836, 'Compte de pertes et profits-Frais de personnel', 'Compte de pertes et profits-Frais de personnel'
, '4031', 1, 'CPPFP', 0, 0); 
INSERT INTO TASKS ( ID, NAME, DESCRIPTION, CODEPRESTATION, CHARGEABLE, CODE, VERSION,
OPTIONAL ) VALUES ( 
62837, 'Compte de pertes et profits-Autres charges dxploitation', 'Compte de pertes et profits-Autres charges dxploitation'
, '4032', 1, 'CPP-ACD', 0, 0); 
INSERT INTO TASKS ( ID, NAME, DESCRIPTION, CODEPRESTATION, CHARGEABLE, CODE, VERSION,
OPTIONAL ) VALUES ( 
62838, 'Compte de pertes et profits-Produits provenant de participations', 'Compte de pertes et profits-Produits provenant de participations'
, '4033', 1, 'CPP-PPP', 0, 0); 
INSERT INTO TASKS ( ID, NAME, DESCRIPTION, CODEPRESTATION, CHARGEABLE, CODE, VERSION,
OPTIONAL ) VALUES ( 
62839, 'Compte de pertes et profits-Resultat financier', 'Compte de pertes et profits-Resultat financier'
, '4034', 1, 'CPPRF', 0, 0); 
INSERT INTO TASKS ( ID, NAME, DESCRIPTION, CODEPRESTATION, CHARGEABLE, CODE, VERSION,
OPTIONAL ) VALUES ( 
62840, 'Compte de pertes et profits-Resultat exceptionel', 'Compte de pertes et profits-Resultat exceptionel'
, '4035', 1, 'CPPRE', 0, 0); 
INSERT INTO TASKS ( ID, NAME, DESCRIPTION, CODEPRESTATION, CHARGEABLE, CODE, VERSION,
OPTIONAL ) VALUES ( 
62841, 'Compte de pertes et profits-Impots', 'Compte de pertes et profits-Impots'
, '4036', 1, 'CPPRI', 0, 0); 
INSERT INTO TASKS ( ID, NAME, DESCRIPTION, CODEPRESTATION, CHARGEABLE, CODE, VERSION,
OPTIONAL ) VALUES ( 
62842, 'Engagements hors bilan', 'Engagements hors bilan', '4037', 1, 'EGHB', 0, 0); 
INSERT INTO TASKS ( ID, NAME, DESCRIPTION, CODEPRESTATION, CHARGEABLE, CODE, VERSION,
OPTIONAL ) VALUES ( 
62843, 'Review', 'Review', '4038', 1, 'RVW', 0, 0); 
INSERT INTO TASKS ( ID, NAME, DESCRIPTION, CODEPRESTATION, CHARGEABLE, CODE, VERSION,
OPTIONAL ) VALUES ( 
62844, 'Copie de controle', 'Copie de controle', '4039', 1, 'CDCT', 0, 0); 
INSERT INTO TASKS ( ID, NAME, DESCRIPTION, CODEPRESTATION, CHARGEABLE, CODE, VERSION,
OPTIONAL ) VALUES ( 
62845, 'Travail specifique ', 'Travail specifique', '4040', 1, 'TRSP', 0, 0); 
INSERT INTO TASKS ( ID, NAME, DESCRIPTION, CODEPRESTATION, CHARGEABLE, CODE, VERSION,
OPTIONAL ) VALUES ( 
62846, NULL, NULL, NULL, 0, NULL, 0, 0); 
INSERT INTO TASKS ( ID, NAME, DESCRIPTION, CODEPRESTATION, CHARGEABLE, CODE, VERSION,
OPTIONAL ) VALUES ( 
62744, 'Mandat - commissaire', 'Mandat - commissaire', '5046', 1, 'MCOMM', 0, 1); 
INSERT INTO TASKS ( ID, NAME, DESCRIPTION, CODEPRESTATION, CHARGEABLE, CODE, VERSION,
OPTIONAL ) VALUES ( 
62745, 'Mandat - actionnaire', 'Mandat - actionnaire', '5047', 1, 'MACT', 0, 1); 
INSERT INTO TASKS ( ID, NAME, DESCRIPTION, CODEPRESTATION, CHARGEABLE, CODE, VERSION,
OPTIONAL ) VALUES ( 
62746, 'Scrtariat juridique', 'Scrtariat juridique', '5048', 1, 'SECJUR', 0, 1); 
INSERT INTO TASKS ( ID, NAME, DESCRIPTION, CODEPRESTATION, CHARGEABLE, CODE, VERSION,
OPTIONAL ) VALUES ( 
62747, 'Mission spciale', 'Mission spciale', '5050', 1, 'MISSPE', 0, 1); 
INSERT INTO TASKS ( ID, NAME, DESCRIPTION, CODEPRESTATION, CHARGEABLE, CODE, VERSION,
OPTIONAL ) VALUES ( 
62748, 'Consolidation', 'Consolidation', '5051', 1, 'CONSO', 0, 1); 
INSERT INTO TASKS ( ID, NAME, DESCRIPTION, CODEPRESTATION, CHARGEABLE, CODE, VERSION,
OPTIONAL ) VALUES ( 
62749, 'Expertise', 'Expertise', '5052', 1, 'EXP', 0, 1); 
INSERT INTO TASKS ( ID, NAME, DESCRIPTION, CODEPRESTATION, CHARGEABLE, CODE, VERSION,
OPTIONAL ) VALUES ( 
62750, 'Dplacement', 'Dplacement', '5080', 1, 'DEP', 0, 1); 
INSERT INTO TASKS ( ID, NAME, DESCRIPTION, CODEPRESTATION, CHARGEABLE, CODE, VERSION,
OPTIONAL ) VALUES ( 
62751, 'Domiciliation', 'Domiciliation', '5090', 1, 'DOM', 0, 1); 
INSERT INTO TASKS ( ID, NAME, DESCRIPTION, CODEPRESTATION, CHARGEABLE, CODE, VERSION,
OPTIONAL ) VALUES ( 
62752, 'Dactylographie', 'Dactylographie', '6000', 1, 'DACT', 0, 1); 
INSERT INTO TASKS ( ID, NAME, DESCRIPTION, CODEPRESTATION, CHARGEABLE, CODE, VERSION,
OPTIONAL ) VALUES ( 
62753, 'Classement', 'Classement', '6010', 1, 'CALS', 0, 1); 
INSERT INTO TASKS ( ID, NAME, DESCRIPTION, CODEPRESTATION, CHARGEABLE, CODE, VERSION,
OPTIONAL ) VALUES ( 
62754, 'Photocopies', 'Photocopies', '6020', 1, 'PHOTO', 0, 1); 
INSERT INTO TASKS ( ID, NAME, DESCRIPTION, CODEPRESTATION, CHARGEABLE, CODE, VERSION,
OPTIONAL ) VALUES ( 
62755, 'Dplacement', 'Dplacement', '6030', 1, 'DEPLAC', 0, 1); 
INSERT INTO TASKS ( ID, NAME, DESCRIPTION, CODEPRESTATION, CHARGEABLE, CODE, VERSION,
OPTIONAL ) VALUES ( 
62756, 'Divers', 'Divers', '6090', 1, 'DIV', 0, 1); 
INSERT INTO TASKS ( ID, NAME, DESCRIPTION, CODEPRESTATION, CHARGEABLE, CODE, VERSION,
OPTIONAL ) VALUES ( 
62757, 'Manual typing', 'Manual typing', '6100', 1, 'MANTYP', 0, 1); 
INSERT INTO TASKS ( ID, NAME, DESCRIPTION, CODEPRESTATION, CHARGEABLE, CODE, VERSION,
OPTIONAL ) VALUES ( 
62758, 'Tlfax', 'Tlfax', '6110', 1, 'FAX', 0, 1); 
INSERT INTO TASKS ( ID, NAME, DESCRIPTION, CODEPRESTATION, CHARGEABLE, CODE, VERSION,
OPTIONAL ) VALUES ( 
62759, 'Expenses', 'Expenses', '6120', 1, 'EXPE', 0, 1); 
INSERT INTO TASKS ( ID, NAME, DESCRIPTION, CODEPRESTATION, CHARGEABLE, CODE, VERSION,
OPTIONAL ) VALUES ( 
62760, 'Frais  refacturer', 'Frais  refacturer', '6130', 1, 'FFACT', 0, 1); 
INSERT INTO TASKS ( ID, NAME, DESCRIPTION, CODEPRESTATION, CHARGEABLE, CODE, VERSION,
OPTIONAL ) VALUES ( 
62761, 'Prestations par tiers', 'Prestations par tiers', '9110', 0, 'PRETIER', 0, 1); 
INSERT INTO TASKS ( ID, NAME, DESCRIPTION, CODEPRESTATION, CHARGEABLE, CODE, VERSION,
OPTIONAL ) VALUES ( 
62762, 'Frais de dplacement', 'Frais de dplacement', '9120', 0, 'FDEP', 0, 1); 
INSERT INTO TASKS ( ID, NAME, DESCRIPTION, CODEPRESTATION, CHARGEABLE, CODE, VERSION,
OPTIONAL ) VALUES ( 
62763, 'Dbours', 'Dbours', '9130', 0, 'DEB', 0, 1); 
INSERT INTO TASKS ( ID, NAME, DESCRIPTION, CODEPRESTATION, CHARGEABLE, CODE, VERSION,
OPTIONAL ) VALUES ( 
62764, 'OECL', 'OECL', '9710', 0, 'OECL', 0, 1); 
INSERT INTO TASKS ( ID, NAME, DESCRIPTION, CODEPRESTATION, CHARGEABLE, CODE, VERSION,
OPTIONAL ) VALUES ( 
62765, 'IRE', 'IRE', '9720', 0, 'IRE', 0, 1); 
INSERT INTO TASKS ( ID, NAME, DESCRIPTION, CODEPRESTATION, CHARGEABLE, CODE, VERSION,
OPTIONAL ) VALUES ( 
62766, 'ALFI', 'ALFI', '9730', 0, 'ALFI', 0, 1); 
INSERT INTO TASKS ( ID, NAME, DESCRIPTION, CODEPRESTATION, CHARGEABLE, CODE, VERSION,
OPTIONAL ) VALUES ( 
62767, 'KPMG', 'KPMG', '9750', 0, 'KPMG', 0, 1); 
INSERT INTO TASKS ( ID, NAME, DESCRIPTION, CODEPRESTATION, CHARGEABLE, CODE, VERSION,
OPTIONAL ) VALUES ( 
62768, 'KPMG Network', 'KPMG Network', '9751', 0, 'KPMG-N', 0, 1); 
INSERT INTO TASKS ( ID, NAME, DESCRIPTION, CODEPRESTATION, CHARGEABLE, CODE, VERSION,
OPTIONAL ) VALUES ( 
62769, 'KPMG Updating livres', 'KPMG Updating livres', '9752', 0, 'KPMG-UL', 0, 1); 
INSERT INTO TASKS ( ID, NAME, DESCRIPTION, CODEPRESTATION, CHARGEABLE, CODE, VERSION,
OPTIONAL ) VALUES ( 
62770, 'KPMG-Fiscalit', 'KPMG-Fiscalit', '9755', 0, 'KPMG-F', 0, 1); 
INSERT INTO TASKS ( ID, NAME, DESCRIPTION, CODEPRESTATION, CHARGEABLE, CODE, VERSION,
OPTIONAL ) VALUES ( 
62771, 'Organisations professionnelles locales', 'Organisations professionnelles locales'
, '9760', 0, 'OPL', 0, 1); 
INSERT INTO TASKS ( ID, NAME, DESCRIPTION, CODEPRESTATION, CHARGEABLE, CODE, VERSION,
OPTIONAL ) VALUES ( 
62772, 'Correspondants divers', 'Correspondants divers', '9790', 0, 'CDIVER', 0, 1); 
INSERT INTO TASKS ( ID, NAME, DESCRIPTION, CODEPRESTATION, CHARGEABLE, CODE, VERSION,
OPTIONAL ) VALUES ( 
62773, 'Scrtariat', 'Scrtariat', '9800', 0, 'SEC', 0, 1); 
INSERT INTO TASKS ( ID, NAME, DESCRIPTION, CODEPRESTATION, CHARGEABLE, CODE, VERSION,
OPTIONAL ) VALUES ( 
62774, 'Facturation clients', 'Facturation clients', '9810', 0, 'FCLIENT', 0, 1); 
INSERT INTO TASKS ( ID, NAME, DESCRIPTION, CODEPRESTATION, CHARGEABLE, CODE, VERSION,
OPTIONAL ) VALUES ( 
62775, 'Dcomptes fournisseurs', 'Dcomptes fournisseurs', '9812', 0, 'DECFOUR', 0
, 1); 
INSERT INTO TASKS ( ID, NAME, DESCRIPTION, CODEPRESTATION, CHARGEABLE, CODE, VERSION,
OPTIONAL ) VALUES ( 
62776, 'Comptabilit', 'Comptabilit', '9815', 0, 'COMPTA', 0, 1); 
INSERT INTO TASKS ( ID, NAME, DESCRIPTION, CODEPRESTATION, CHARGEABLE, CODE, VERSION,
OPTIONAL ) VALUES ( 
62777, 'Datev', 'Datev', '9818', 0, 'DATEV', 0, 1); 
INSERT INTO TASKS ( ID, NAME, DESCRIPTION, CODEPRESTATION, CHARGEABLE, CODE, VERSION,
OPTIONAL ) VALUES ( 
62778, 'Gestion du personnel', 'Gestion du personnel', '9820', 0, 'GESPERS', 0, 1); 
INSERT INTO TASKS ( ID, NAME, DESCRIPTION, CODEPRESTATION, CHARGEABLE, CODE, VERSION,
OPTIONAL ) VALUES ( 
62779, 'Recrutement', 'Recrutement', '9825', 0, 'RECRUT', 0, 1); 
INSERT INTO TASKS ( ID, NAME, DESCRIPTION, CODEPRESTATION, CHARGEABLE, CODE, VERSION,
OPTIONAL ) VALUES ( 
62780, 'Organisation administrative', 'Organisation administrative', '9830', 0, 'ORGADM'
, 0, 1); 
INSERT INTO TASKS ( ID, NAME, DESCRIPTION, CODEPRESTATION, CHARGEABLE, CODE, VERSION,
OPTIONAL ) VALUES ( 
62781, 'Newsletters et autres publications', 'Newsletters et autres publications'
, '9831', 0, 'NEWS', 0, 1); 
INSERT INTO TASKS ( ID, NAME, DESCRIPTION, CODEPRESTATION, CHARGEABLE, CODE, VERSION,
OPTIONAL ) VALUES ( 
62782, 'Informatique-conception de formulaires', 'Informatique-conception de formulaires'
, '9832', 0, 'INF-CONS', 0, 1); 
INSERT INTO TASKS ( ID, NAME, DESCRIPTION, CODEPRESTATION, CHARGEABLE, CODE, VERSION,
OPTIONAL ) VALUES ( 
62783, 'Administration courante', 'Administration courante', '9835', 0, 'ADMCOU', 0
, 1); 
INSERT INTO TASKS ( ID, NAME, DESCRIPTION, CODEPRESTATION, CHARGEABLE, CODE, VERSION,
OPTIONAL ) VALUES ( 
62784, 'Prestations clients non factures', 'Prestations clients non factures', '9840'
, 0, 'PRESCLI', 0, 1); 
INSERT INTO TASKS ( ID, NAME, DESCRIPTION, CODEPRESTATION, CHARGEABLE, CODE, VERSION,
OPTIONAL ) VALUES ( 
62785, 'Littrature', 'Littrature', '9850', 0, 'LITT', 0, 1); 
INSERT INTO TASKS ( ID, NAME, DESCRIPTION, CODEPRESTATION, CHARGEABLE, CODE, VERSION,
OPTIONAL ) VALUES ( 
62786, 'Etudes fiscales', 'Etudes fiscales', '9851', 0, 'ETUDFIS', 0, 1); 
INSERT INTO TASKS ( ID, NAME, DESCRIPTION, CODEPRESTATION, CHARGEABLE, CODE, VERSION,
OPTIONAL ) VALUES ( 
62787, 'Conception formulaires', 'Conception formulaires', '9852', 0, 'CONFOR', 0
, 1); 
INSERT INTO TASKS ( ID, NAME, DESCRIPTION, CODEPRESTATION, CHARGEABLE, CODE, VERSION,
OPTIONAL ) VALUES ( 
62788, 'Sminaires KPMG', 'Sminaires KPMG', '9853', 0, 'SEMKPMG', 0, 1); 
INSERT INTO TASKS ( ID, NAME, DESCRIPTION, CODEPRESTATION, CHARGEABLE, CODE, VERSION,
OPTIONAL ) VALUES ( 
62789, 'Formation externe (IRE, Universit Luxembourg)', 'Formation externe (IRE, Universit Luxembourg)'
, '9854', 0, 'FORMEXT', 0, 1); 
INSERT INTO TASKS ( ID, NAME, DESCRIPTION, CODEPRESTATION, CHARGEABLE, CODE, VERSION,
OPTIONAL ) VALUES ( 
62790, 'Formation interne (bureau IA)', 'Formation interne (bureau IA)', '9855', 0
, 'FORMINT', 0, 1); 
INSERT INTO TASKS ( ID, NAME, DESCRIPTION, CODEPRESTATION, CHARGEABLE, CODE, VERSION,
OPTIONAL ) VALUES ( 
62791, 'Formation nouveaux collgues', 'Formation nouveaux collgues', '9856', 0, 'FORMCOLL'
, 0, 1); 
INSERT INTO TASKS ( ID, NAME, DESCRIPTION, CODEPRESTATION, CHARGEABLE, CODE, VERSION,
OPTIONAL ) VALUES ( 
62792, 'Prestation sminaire', 'Prestation sminaire', '9857', 0, 'PRESTSEM', 0, 1); 
INSERT INTO TASKS ( ID, NAME, DESCRIPTION, CODEPRESTATION, CHARGEABLE, CODE, VERSION,
OPTIONAL ) VALUES ( 
62793, 'Gestion des formations', 'Gestion des formations', '9858', 0, 'GESTFORM', 0
, 1); 
INSERT INTO TASKS ( ID, NAME, DESCRIPTION, CODEPRESTATION, CHARGEABLE, CODE, VERSION,
OPTIONAL ) VALUES ( 
62794, 'Public Relations', 'Public Relations', '9860', 0, 'PUBREL', 0, 1); 
INSERT INTO TASKS ( ID, NAME, DESCRIPTION, CODEPRESTATION, CHARGEABLE, CODE, VERSION,
OPTIONAL ) VALUES ( 
62795, 'Publication banques allemandes', 'Publication banques allemandes', '9870'
, 0, 'PUBBQ', 0, 1); 
INSERT INTO TASKS ( ID, NAME, DESCRIPTION, CODEPRESTATION, CHARGEABLE, CODE, VERSION,
OPTIONAL ) VALUES ( 
62796, 'Projet Leasing', 'Projet Leasing', '9875', 0, 'PROJLEAS', 0, 1); 
INSERT INTO TASKS ( ID, NAME, DESCRIPTION, CODEPRESTATION, CHARGEABLE, CODE, VERSION,
OPTIONAL ) VALUES ( 
62798, 'Divers', 'Divers', '9890', 0, 'DIVERS', 0, 1); 
INSERT INTO TASKS ( ID, NAME, DESCRIPTION, CODEPRESTATION, CHARGEABLE, CODE, VERSION,
OPTIONAL ) VALUES ( 
62799, 'Maladie', 'Maladie', '9910', 0, 'MALAD', 0, 1); 
INSERT INTO TASKS ( ID, NAME, DESCRIPTION, CODEPRESTATION, CHARGEABLE, CODE, VERSION,
OPTIONAL ) VALUES ( 
62800, 'Cong de maternit', 'Cong de maternit', '9920', 0, 'CONGMAT', 0, 1); 
INSERT INTO TASKS ( ID, NAME, DESCRIPTION, CODEPRESTATION, CHARGEABLE, CODE, VERSION,
OPTIONAL ) VALUES ( 
62801, 'Cong lgal', 'Cong lgal', '9930', 0, 'CONGLEG', 0, 1); 
INSERT INTO TASKS ( ID, NAME, DESCRIPTION, CODEPRESTATION, CHARGEABLE, CODE, VERSION,
OPTIONAL ) VALUES ( 
62802, 'Jours fris', 'Jours fris', '9940', 0, 'FERIE', 0, 1); 
INSERT INTO TASKS ( ID, NAME, DESCRIPTION, CODEPRESTATION, CHARGEABLE, CODE, VERSION,
OPTIONAL ) VALUES ( 
62803, 'Absences rmunres', 'Absences rmunres', '9970', 0, 'ABSREM', 0, 1); 
INSERT INTO TASKS ( ID, NAME, DESCRIPTION, CODEPRESTATION, CHARGEABLE, CODE, VERSION,
OPTIONAL ) VALUES ( 
62804, 'Absence non rmunre', 'Absence non rmunre', '9980', 0, 'ABSNREM', 0, 1); 
INSERT INTO TASKS ( ID, NAME, DESCRIPTION, CODEPRESTATION, CHARGEABLE, CODE, VERSION,
OPTIONAL ) VALUES ( 
62805, NULL, NULL, NULL, 0, NULL, 0, 1); 
INSERT INTO TASKS ( ID, NAME, DESCRIPTION, CODEPRESTATION, CHARGEABLE, CODE, VERSION,
OPTIONAL ) VALUES ( 
62806, 'Planning-budget', 'Planning-budget', '4001', 1, 'PLB', 0, 0); 
INSERT INTO TASKS ( ID, NAME, DESCRIPTION, CODEPRESTATION, CHARGEABLE, CODE, VERSION,
OPTIONAL ) VALUES ( 
62700, 'Report a nouveau', 'Report a nouveau', '1000', 1, 'RAA', 0, 1); 
INSERT INTO TASKS ( ID, NAME, DESCRIPTION, CODEPRESTATION, CHARGEABLE, CODE, VERSION,
OPTIONAL ) VALUES ( 
62701, 'Dclaration', 'Dclaration', '2000', 1, 'D', 0, 1); 
INSERT INTO TASKS ( ID, NAME, DESCRIPTION, CODEPRESTATION, CHARGEABLE, CODE, VERSION,
OPTIONAL ) VALUES ( 
62702, 'Conseil fiscal', 'Conseil fiscal', '2010', 1, 'CF', 0, 1); 
INSERT INTO TASKS ( ID, NAME, DESCRIPTION, CODEPRESTATION, CHARGEABLE, CODE, VERSION,
OPTIONAL ) VALUES ( 
62703, 'Conseil droit fiscal et travail', 'Conseil droit fiscal et travail', '2020'
, 1, 'CDFET', 0, 1); 
INSERT INTO TASKS ( ID, NAME, DESCRIPTION, CODEPRESTATION, CHARGEABLE, CODE, VERSION,
OPTIONAL ) VALUES ( 
62704, 'Autres conseils', 'Autres conseils', '2030', 1, 'AC1', 0, 1); 
INSERT INTO TASKS ( ID, NAME, DESCRIPTION, CODEPRESTATION, CHARGEABLE, CODE, VERSION,
OPTIONAL ) VALUES ( 
62705, 'Contrle bulletins', 'Contrle bulletins', '2050', 1, 'CB', 0, 1); 
INSERT INTO TASKS ( ID, NAME, DESCRIPTION, CODEPRESTATION, CHARGEABLE, CODE, VERSION,
OPTIONAL ) VALUES ( 
62706, 'Recours fiscal', 'Recours fiscal', '2060', 1, 'RF', 0, 1); 
INSERT INTO TASKS ( ID, NAME, DESCRIPTION, CODEPRESTATION, CHARGEABLE, CODE, VERSION,
OPTIONAL ) VALUES ( 
62707, 'Conseil fiscal impts directs', 'Conseil fiscal impts directs', '2100', 1
, 'CFID', 0, 1); 
INSERT INTO TASKS ( ID, NAME, DESCRIPTION, CODEPRESTATION, CHARGEABLE, CODE, VERSION,
OPTIONAL ) VALUES ( 
62708, 'Conseil fiscal TVA', 'Conseil fiscal TVA', '2101', 1, 'CFTVA', 0, 1); 
INSERT INTO TASKS ( ID, NAME, DESCRIPTION, CODEPRESTATION, CHARGEABLE, CODE, VERSION,
OPTIONAL ) VALUES ( 
62709, 'Conseil fiscal autres impts indirects', 'Conseil fiscal autres impts indirects'
, '2102', 1, 'CFAII', 0, 1); 
INSERT INTO TASKS ( ID, NAME, DESCRIPTION, CODEPRESTATION, CHARGEABLE, CODE, VERSION,
OPTIONAL ) VALUES ( 
62710, 'Conseil fiscal autres', 'Conseil fiscal autres', '2103', 1, 'CFAIII', 0, 1); 
INSERT INTO TASKS ( ID, NAME, DESCRIPTION, CODEPRESTATION, CHARGEABLE, CODE, VERSION,
OPTIONAL ) VALUES ( 
62711, 'Assistance rvision', 'Assistance rvision', '2110', 1, 'AR', 0, 1); 
INSERT INTO TASKS ( ID, NAME, DESCRIPTION, CODEPRESTATION, CHARGEABLE, CODE, VERSION,
OPTIONAL ) VALUES ( 
62714, 'Comptabilit', 'Comptabilit', '3000', 1, 'CMPT', 0, 1); 
INSERT INTO TASKS ( ID, NAME, DESCRIPTION, CODEPRESTATION, CHARGEABLE, CODE, VERSION,
OPTIONAL ) VALUES ( 
62715, 'Dcompte salaires', 'Dcompte salaires', '3200', 1, 'DS', 0, 1); 
INSERT INTO TASKS ( ID, NAME, DESCRIPTION, CODEPRESTATION, CHARGEABLE, CODE, VERSION,
OPTIONAL ) VALUES ( 
62716, 'Conseil', 'Conseil', '3210', 1, 'C', 0, 1); 
INSERT INTO TASKS ( ID, NAME, DESCRIPTION, CODEPRESTATION, CHARGEABLE, CODE, VERSION,
OPTIONAL ) VALUES ( 
62718, 'Mise en route comptabilit', 'Mise en route comptabilit', '3310', 1, 'MERC'
, 0, 1); 
INSERT INTO TASKS ( ID, NAME, DESCRIPTION, CODEPRESTATION, CHARGEABLE, CODE, VERSION,
OPTIONAL ) VALUES ( 
62719, 'Assistance comptabilit', 'Assistance comptabilit', '3320', 1, 'AC2', 0, 1); 
INSERT INTO TASKS ( ID, NAME, DESCRIPTION, CODEPRESTATION, CHARGEABLE, CODE, VERSION,
OPTIONAL ) VALUES ( 
62720, 'Redressement comptabilit', 'Redressement comptabilit', '3330', 1, 'RD', 0
, 1); 
INSERT INTO TASKS ( ID, NAME, DESCRIPTION, CODEPRESTATION, CHARGEABLE, CODE, VERSION,
OPTIONAL ) VALUES ( 
62721, 'Etablissement bilan', 'Etablissement bilan', '3500', 1, 'EB', 0, 1); 
INSERT INTO TASKS ( ID, NAME, DESCRIPTION, CODEPRESTATION, CHARGEABLE, CODE, VERSION,
OPTIONAL ) VALUES ( 
62722, 'Annexe et rapport de gestion', 'Annexe et rapport de gestion', '3502', 1, 'AERDG'
, 0, 1); 
INSERT INTO TASKS ( ID, NAME, DESCRIPTION, CODEPRESTATION, CHARGEABLE, CODE, VERSION,
OPTIONAL ) VALUES ( 
62723, 'Discussion finale', 'Discussion finale', '3505', 1, 'DF', 0, 1); 
INSERT INTO TASKS ( ID, NAME, DESCRIPTION, CODEPRESTATION, CHARGEABLE, CODE, VERSION,
OPTIONAL ) VALUES ( 
62724, 'Bilan intrimaire', 'Bilan intrimaire', '3510', 1, 'BI', 0, 1); 
INSERT INTO TASKS ( ID, NAME, DESCRIPTION, CODEPRESTATION, CHARGEABLE, CODE, VERSION,
OPTIONAL ) VALUES ( 
62725, 'Dclaration IR-IRC-IC-IF', 'Dclaration IR-IRC-IC-IF', '3520', 1, 'DIIII'
, 0, 1); 
INSERT INTO TASKS ( ID, NAME, DESCRIPTION, CODEPRESTATION, CHARGEABLE, CODE, VERSION,
OPTIONAL ) VALUES ( 
62726, 'Dclaration TVA', 'Dclaration TVA', '3530', 1, 'DTVA', 0, 1); 
INSERT INTO TASKS ( ID, NAME, DESCRIPTION, CODEPRESTATION, CHARGEABLE, CODE, VERSION,
OPTIONAL ) VALUES ( 
62727, 'Taxe d''abonnement', 'Taxe d''abonnement', '3540', 1, 'TA', 0, 1); 
INSERT INTO TASKS ( ID, NAME, DESCRIPTION, CODEPRESTATION, CHARGEABLE, CODE, VERSION,
OPTIONAL ) VALUES ( 
62728, 'Statec', 'Statec', '3590', 1, 'STATEC', 0, 1); 
INSERT INTO TASKS ( ID, NAME, DESCRIPTION, CODEPRESTATION, CHARGEABLE, CODE, VERSION,
OPTIONAL ) VALUES ( 
62729, 'Rvision annuelle', 'Rvision annuelle', '4000', 1, 'RA', 0, 1); 
INSERT INTO TASKS ( ID, NAME, DESCRIPTION, CODEPRESTATION, CHARGEABLE, CODE, VERSION,
OPTIONAL ) VALUES ( 
62730, 'Rvision contractuelle', 'Rvision contractuelle', '4050', 1, 'RC', 0, 1); 
INSERT INTO TASKS ( ID, NAME, DESCRIPTION, CODEPRESTATION, CHARGEABLE, CODE, VERSION,
OPTIONAL ) VALUES ( 
62731, 'Audit consolidation', 'Audit consolidation', '4051', 1, 'AC', 0, 1); 
INSERT INTO TASKS ( ID, NAME, DESCRIPTION, CODEPRESTATION, CHARGEABLE, CODE, VERSION,
OPTIONAL ) VALUES ( 
62732, 'Contrle interne', 'Contrle interne', '4100', 1, 'CI', 0, 1); 
INSERT INTO TASKS ( ID, NAME, DESCRIPTION, CODEPRESTATION, CHARGEABLE, CODE, VERSION,
OPTIONAL ) VALUES ( 
62733, 'Revue dossiers d''autres rviseurs', 'Revue dossiers d''autres rviseurs'
, '4150', 1, 'RDDAR', 0, 1); 
INSERT INTO TASKS ( ID, NAME, DESCRIPTION, CODEPRESTATION, CHARGEABLE, CODE, VERSION,
OPTIONAL ) VALUES ( 
62734, 'Conseil juridique', 'Conseil juridique', '5010', 1, 'CJ', 0, 1); 
INSERT INTO TASKS ( ID, NAME, DESCRIPTION, CODEPRESTATION, CHARGEABLE, CODE, VERSION,
OPTIONAL ) VALUES ( 
62735, 'Conseil en gestion d''entreprise', 'Conseil en gestion d''entreprise', '5012'
, 1, 'CEGDE', 0, 1); 
INSERT INTO TASKS ( ID, NAME, DESCRIPTION, CODEPRESTATION, CHARGEABLE, CODE, VERSION,
OPTIONAL ) VALUES ( 
62736, 'Conseil financier', 'Conseil financier', '5014', 1, 'CFI', 0, 1); 
INSERT INTO TASKS ( ID, NAME, DESCRIPTION, CODEPRESTATION, CHARGEABLE, CODE, VERSION,
OPTIONAL ) VALUES ( 
62737, 'Conseil informatique', 'Conseil informatique', '5015', 1, 'CINF', 0, 1); 
INSERT INTO TASKS ( ID, NAME, DESCRIPTION, CODEPRESTATION, CHARGEABLE, CODE, VERSION,
OPTIONAL ) VALUES ( 
62738, 'Recrutement', 'Recrutement', '5020', 1, 'REC', 0, 1); 
INSERT INTO TASKS ( ID, NAME, DESCRIPTION, CODEPRESTATION, CHARGEABLE, CODE, VERSION,
OPTIONAL ) VALUES ( 
62739, 'Sminaire', 'Sminaire', '5030', 1, 'SEM', 0, 1); 
INSERT INTO TASKS ( ID, NAME, DESCRIPTION, CODEPRESTATION, CHARGEABLE, CODE, VERSION,
OPTIONAL ) VALUES ( 
62740, 'Autorisation de commerce', 'Autorisation de commerce', '5040', 1, 'AUTCOM'
, 0, 1); 
INSERT INTO TASKS ( ID, NAME, DESCRIPTION, CODEPRESTATION, CHARGEABLE, CODE, VERSION,
OPTIONAL ) VALUES ( 
62741, 'Constitution de socit', 'Constitution de socit', '5042', 1, 'CONSOC', 0
, 1); 
INSERT INTO TASKS ( ID, NAME, DESCRIPTION, CODEPRESTATION, CHARGEABLE, CODE, VERSION,
OPTIONAL ) VALUES ( 
62742, 'Liquidation de socit', 'Liquidation de socit', '5043', 1, 'LIQSOC', 0
, 1); 
INSERT INTO TASKS ( ID, NAME, DESCRIPTION, CODEPRESTATION, CHARGEABLE, CODE, VERSION,
OPTIONAL ) VALUES ( 
62743, 'Mandat - administrateur', 'Mandat - administrateur', '5045', 1, 'MADM', 0
, 1); 
commit;
 
