INSERT INTO ORIGINS ( ID, NAME, CODE ) VALUES ( 
1, 'InterFiduciaire', 'IF'); 
INSERT INTO ORIGINS ( ID, NAME, CODE ) VALUES ( 
2, 'InterAudit', 'IA'); 

INSERT INTO ORIGINS ( ID, NAME, CODE ) VALUES ( 
3, 'Atoz', 'AT'); 

INSERT INTO ORIGINS ( ID, NAME, CODE ) VALUES ( 
4, 'Fideos', 'FD'); 

INSERT INTO ORIGINS ( ID, NAME, CODE ) VALUES ( 
5, 'Bob Bernard', 'BB');

INSERT INTO ORIGINS ( ID, NAME, CODE ) VALUES ( 
6, 'Signes', 'SG'); 

INSERT INTO ORIGINS ( ID, NAME, CODE ) VALUES ( 
7, 'Inconnue', 'IC'); 

commit;

 
INSERT INTO PROFILES ( ID, VERSION, NAME, FROMDATE, TODATE, ACTIVE ) VALUES ( 
1, 0, 'SENIOR_MANAGER',  TO_Date( '05/18/2009 10:20:49 AM', 'MM/DD/YYYY HH:MI:SS AM')
,  TO_Date( '05/18/2009 10:20:49 AM', 'MM/DD/YYYY HH:MI:SS AM'), 1); 
INSERT INTO PROFILES ( ID, VERSION, NAME, FROMDATE, TODATE, ACTIVE ) VALUES ( 
2, 0, 'DIRECTOR',  TO_Date( '05/18/2009 10:20:50 AM', 'MM/DD/YYYY HH:MI:SS AM'),  TO_Date( '05/18/2009 10:20:50 AM', 'MM/DD/YYYY HH:MI:SS AM')
, 1); 
INSERT INTO PROFILES ( ID, VERSION, NAME, FROMDATE, TODATE, ACTIVE ) VALUES ( 
3, 0, 'ASSISTANTS',  TO_Date( '05/18/2009 10:20:50 AM', 'MM/DD/YYYY HH:MI:SS AM')
,  TO_Date( '05/18/2009 10:20:50 AM', 'MM/DD/YYYY HH:MI:SS AM'), 1); 
INSERT INTO PROFILES ( ID, VERSION, NAME, FROMDATE, TODATE, ACTIVE ) VALUES ( 
4, 0, 'PARTNER',  TO_Date( '05/18/2009 10:20:50 AM', 'MM/DD/YYYY HH:MI:SS AM'),  TO_Date( '05/18/2009 10:20:50 AM', 'MM/DD/YYYY HH:MI:SS AM')
, 1); 
INSERT INTO PROFILES ( ID, VERSION, NAME, FROMDATE, TODATE, ACTIVE ) VALUES ( 
5, 0, 'MGMT_PARTNER',  TO_Date( '05/18/2009 10:20:50 AM', 'MM/DD/YYYY HH:MI:SS AM')
,  TO_Date( '05/18/2009 10:20:50 AM', 'MM/DD/YYYY HH:MI:SS AM'), 1); 
INSERT INTO PROFILES ( ID, VERSION, NAME, FROMDATE, TODATE, ACTIVE ) VALUES ( 
6, 0, 'SECRETAIRE',  TO_Date( '05/18/2009 10:20:50 AM', 'MM/DD/YYYY HH:MI:SS AM')
,  TO_Date( '05/18/2009 10:20:50 AM', 'MM/DD/YYYY HH:MI:SS AM'), 1); 
INSERT INTO PROFILES ( ID, VERSION, NAME, FROMDATE, TODATE, ACTIVE ) VALUES ( 
7, 0, 'MANAGER',  TO_Date( '05/18/2009 10:20:50 AM', 'MM/DD/YYYY HH:MI:SS AM'),  TO_Date( '05/18/2009 10:20:50 AM', 'MM/DD/YYYY HH:MI:SS AM')
, 1); 
INSERT INTO PROFILES ( ID, VERSION, NAME, FROMDATE, TODATE, ACTIVE ) VALUES ( 
8, 0, 'ASSISTANT_MANAGER',  TO_Date( '05/18/2009 10:20:50 AM', 'MM/DD/YYYY HH:MI:SS AM')
,  TO_Date( '05/18/2009 10:20:50 AM', 'MM/DD/YYYY HH:MI:SS AM'), 1); 
INSERT INTO PROFILES ( ID, VERSION, NAME, FROMDATE, TODATE, ACTIVE ) VALUES ( 
9, 0, 'SENIOR_MANAGER',  TO_Date( '05/18/2009 10:20:50 AM', 'MM/DD/YYYY HH:MI:SS AM')
,  TO_Date( '05/18/2009 10:20:50 AM', 'MM/DD/YYYY HH:MI:SS AM'), 1); 
INSERT INTO PROFILES ( ID, VERSION, NAME, FROMDATE, TODATE, ACTIVE ) VALUES ( 
10, 0, 'SENIORS',  TO_Date( '05/18/2009 10:20:50 AM', 'MM/DD/YYYY HH:MI:SS AM'),  TO_Date( '05/18/2009 10:20:50 AM', 'MM/DD/YYYY HH:MI:SS AM')
, 1); 
commit;
 
INSERT INTO TASKS ( ID, NAME, DESCRIPTION, CODEPRESTATION, CHARGEABLE,
VERSION ) VALUES ( 
14, 'Planning-budget', 'Planning-budget', '4000', 1, 0); 
INSERT INTO TASKS ( ID, NAME, DESCRIPTION, CODEPRESTATION, CHARGEABLE,
VERSION ) VALUES ( 
15, 'Preparation des confirmations', 'banques , avocats, cadastre', '4001', 1, 0); 
INSERT INTO TASKS ( ID, NAME, DESCRIPTION, CODEPRESTATION, CHARGEABLE,
VERSION ) VALUES ( 
16, 'Preparation lancement du dossier (DA,LS)', 'Preparation lancement du dossier (DA,LS)'
, '4002', 1, 0); 
INSERT INTO TASKS ( ID, NAME, DESCRIPTION, CODEPRESTATION, CHARGEABLE,
VERSION ) VALUES ( 
17, 'Dossier administratif', 'Dossier administratif', '4003', 1, 0); 
INSERT INTO TASKS ( ID, NAME, DESCRIPTION, CODEPRESTATION, CHARGEABLE,
VERSION ) VALUES ( 
18, 'Compte annuels', 'controle: report,sommes pointage B/G', '4004', 1, 0); 
INSERT INTO TASKS ( ID, NAME, DESCRIPTION, CODEPRESTATION, CHARGEABLE,
VERSION ) VALUES ( 
19, 'Prise de connaissance du dossier - repartition du travail', 'Prise de connaissance du dossier - repartition du travail'
, '4005', 1, 0); 
INSERT INTO TASKS ( ID, NAME, DESCRIPTION, CODEPRESTATION, CHARGEABLE,
VERSION ) VALUES ( 
20, 'Suivi du dossier chez le client/Supervision', 'Suivi du dossier chez le client/Supervision'
, '4006', 1, 0); 
INSERT INTO TASKS ( ID, NAME, DESCRIPTION, CODEPRESTATION, CHARGEABLE,
VERSION ) VALUES ( 
21, 'Frais d''établissement', 'Frais d''établissement', '4007', 1, 0); 
INSERT INTO TASKS ( ID, NAME, DESCRIPTION, CODEPRESTATION, CHARGEABLE,
VERSION ) VALUES ( 
22, 'Immobilisations incorporelles', 'Immobilisations incorporelles', '4008', 1, 0); 
INSERT INTO TASKS ( ID, NAME, DESCRIPTION, CODEPRESTATION, CHARGEABLE,
VERSION ) VALUES ( 
23, 'Immobilisations corporelles', 'Immobilisations corporelles', '4009', 1, 0); 
INSERT INTO TASKS ( ID, NAME, DESCRIPTION, CODEPRESTATION, CHARGEABLE,
VERSION ) VALUES ( 
24, 'Immobilisations financieres', 'Immobilisations financieres', '4010', 1, 0); 
INSERT INTO TASKS ( ID, NAME, DESCRIPTION, CODEPRESTATION, CHARGEABLE,
VERSION ) VALUES ( 
25, 'Stock-Inventaire physique', 'Stock-Inventaire physique', '4011', 1, 0); 
INSERT INTO TASKS ( ID, NAME, DESCRIPTION, CODEPRESTATION, CHARGEABLE,
VERSION ) VALUES ( 
26, 'Stock-Audit de la section', 'Stock-Audit de la section', '4012', 1, 0); 
INSERT INTO TASKS ( ID, NAME, DESCRIPTION, CODEPRESTATION, CHARGEABLE,
VERSION ) VALUES ( 
27, 'Client-Preparation et suivi de la circularisation', 'Client-Preparation et suivi de la circularisation'
, '4013', 1, 0); 
INSERT INTO TASKS ( ID, NAME, DESCRIPTION, CODEPRESTATION, CHARGEABLE,
VERSION ) VALUES ( 
28, 'Client-Audit de la section', 'Client-Audit de la section', '4014', 1, 0); 
INSERT INTO TASKS ( ID, NAME, DESCRIPTION, CODEPRESTATION, CHARGEABLE,
VERSION ) VALUES ( 
29, 'Creances sur des entreprises liees', 'Creances sur des entreprises liees', '4015'
, 1, 0); 
INSERT INTO TASKS ( ID, NAME, DESCRIPTION, CODEPRESTATION, CHARGEABLE,
VERSION ) VALUES ( 
30, 'Autres creances', 'Autres creances', '4016', 1, 0); 
INSERT INTO TASKS ( ID, NAME, DESCRIPTION, CODEPRESTATION, CHARGEABLE,
VERSION ) VALUES ( 
31, 'Valeurs mobilieres', 'Valeurs mobilieres', '4017', 1, 0); 
INSERT INTO TASKS ( ID, NAME, DESCRIPTION, CODEPRESTATION, CHARGEABLE,
VERSION ) VALUES ( 
32, 'Avoirs en banques et encaisses', 'Avoirs en banques et encaisses', '4018', 1
, 0); 
INSERT INTO TASKS ( ID, NAME, DESCRIPTION, CODEPRESTATION, CHARGEABLE,
VERSION ) VALUES ( 
33, 'Compte de regularisation actif', 'Compte de regularisation actif', '4019', 1
, 0); 
INSERT INTO TASKS ( ID, NAME, DESCRIPTION, CODEPRESTATION, CHARGEABLE,
VERSION ) VALUES ( 
34, 'Capitaux propres', 'Capitaux propres', '4020', 1, 0); 
INSERT INTO TASKS ( ID, NAME, DESCRIPTION, CODEPRESTATION, CHARGEABLE,
VERSION ) VALUES ( 
35, 'Provisions pour risques et charges', 'Provisions pour risques et charges', '4021'
, 1, 0); 
INSERT INTO TASKS ( ID, NAME, DESCRIPTION, CODEPRESTATION, CHARGEABLE,
VERSION ) VALUES ( 
36, 'Dettes envers ets de credit', 'Dettes envers ets de credit', '4022', 1, 0); 
INSERT INTO TASKS ( ID, NAME, DESCRIPTION, CODEPRESTATION, CHARGEABLE,
VERSION ) VALUES ( 
37, 'Fournisseurs-preparation et suivi de la circularisation', 'Fournisseurs-preparation et suivi de la circularisation'
, '4023', 1, 0); 
INSERT INTO TASKS ( ID, NAME, DESCRIPTION, CODEPRESTATION, CHARGEABLE,
VERSION ) VALUES ( 
38, 'Fournisseurs-audit de la section', 'Fournisseurs-audit de la section', '4024'
, 1, 0); 
INSERT INTO TASKS ( ID, NAME, DESCRIPTION, CODEPRESTATION, CHARGEABLE,
VERSION ) VALUES ( 
39, 'Dettes sur des entreprises liees', 'Dettes sur des entreprises liees', '4025'
, 1, 0); 
INSERT INTO TASKS ( ID, NAME, DESCRIPTION, CODEPRESTATION, CHARGEABLE,
VERSION ) VALUES ( 
40, 'Autres dettes', 'Autres dettes', '4026', 1, 0); 
INSERT INTO TASKS ( ID, NAME, DESCRIPTION, CODEPRESTATION, CHARGEABLE,
VERSION ) VALUES ( 
41, 'Compte de regularisation passif', 'Compte de regularisation passif', '4027', 1
, 0); 
INSERT INTO TASKS ( ID, NAME, DESCRIPTION, CODEPRESTATION, CHARGEABLE,
VERSION ) VALUES ( 
42, 'Compte de pertes et profits', 'Compte de pertes et profits', '4028', 1, 0); 
INSERT INTO TASKS ( ID, NAME, DESCRIPTION, CODEPRESTATION, CHARGEABLE,
VERSION ) VALUES ( 
43, 'Compte de pertes et profits-Resultats brut', 'Compte de pertes et profits-Resultats brut'
, '4029', 1, 0); 
INSERT INTO TASKS ( ID, NAME, DESCRIPTION, CODEPRESTATION, CHARGEABLE,
VERSION ) VALUES ( 
44, 'Compte de pertes et profits-Frais de personnel', 'Compte de pertes et profits-Frais de personnel'
, '4030', 1, 0); 
INSERT INTO TASKS ( ID, NAME, DESCRIPTION, CODEPRESTATION, CHARGEABLE,
VERSION ) VALUES ( 
45, 'Compte de pertes et profits-Autres charges déxploitation', 'Compte de pertes et profits-Autres charges déxploitation'
, '4031', 1, 0); 
INSERT INTO TASKS ( ID, NAME, DESCRIPTION, CODEPRESTATION, CHARGEABLE,
VERSION ) VALUES ( 
46, 'Compte de pertes et profits-Produits provenant de participations', 'Compte de pertes et profits-Produits provenant de participations'
, '4032', 1, 0); 
INSERT INTO TASKS ( ID, NAME, DESCRIPTION, CODEPRESTATION, CHARGEABLE,
VERSION ) VALUES ( 
47, 'Compte de pertes et profits-Resultat financier', 'Compte de pertes et profits-Resultat financier'
, '4033', 1, 0); 
INSERT INTO TASKS ( ID, NAME, DESCRIPTION, CODEPRESTATION, CHARGEABLE,
VERSION ) VALUES ( 
48, 'Compte de pertes et profits-Resultat exceptionel', 'Compte de pertes et profits-Resultat exceptionel'
, '4034', 1, 0); 
INSERT INTO TASKS ( ID, NAME, DESCRIPTION, CODEPRESTATION, CHARGEABLE,
VERSION ) VALUES ( 
49, 'Compte de pertes et profits-Impots', 'Compte de pertes et profits-Impots', '4035'
, 1, 0); 
INSERT INTO TASKS ( ID, NAME, DESCRIPTION, CODEPRESTATION, CHARGEABLE,
VERSION ) VALUES ( 
50, 'Engagements hors bilan', 'Engagements hors bilan', '4036', 1, 0); 
INSERT INTO TASKS ( ID, NAME, DESCRIPTION, CODEPRESTATION, CHARGEABLE,
VERSION ) VALUES ( 
51, 'Review', 'Review', '4037', 1, 0); 
INSERT INTO TASKS ( ID, NAME, DESCRIPTION, CODEPRESTATION, CHARGEABLE,
VERSION ) VALUES ( 
52, 'Copie de controle', 'Copie de controle', '4038', 1, 0); 
INSERT INTO TASKS ( ID, NAME, DESCRIPTION, CODEPRESTATION, CHARGEABLE,
VERSION ) VALUES ( 
53, 'Travail specifique ', 'Travail specifique', '4039', 1, 0); 
INSERT INTO TASKS ( ID, NAME, DESCRIPTION, CODEPRESTATION, CHARGEABLE,
VERSION ) VALUES ( 
54, 'Relation client ', 'Relation client', '4040', 1, 0); 
INSERT INTO TASKS ( ID, NAME, DESCRIPTION, CODEPRESTATION, CHARGEABLE,
VERSION ) VALUES ( 
55, 'Datev', 'Datev', '4041', 0, 0); 
INSERT INTO TASKS ( ID, NAME, DESCRIPTION, CODEPRESTATION, CHARGEABLE,
VERSION ) VALUES ( 
56, 'Organisation/Administration', 'Planning, organisation travail, releves conges/TS, evaluation'
, '4042', 0, 0); 
INSERT INTO TASKS ( ID, NAME, DESCRIPTION, CODEPRESTATION, CHARGEABLE,
VERSION ) VALUES ( 
57, 'Formation ', 'IRE/KLUWER/KPMG Tax', '4043', 0, 0); 
INSERT INTO TASKS ( ID, NAME, DESCRIPTION, CODEPRESTATION, CHARGEABLE,
VERSION ) VALUES ( 
58, 'Litterature/Formation interne ', 'Litterature/Formation interne sur dossier'
, '4044', 0, 0); 
INSERT INTO TASKS ( ID, NAME, DESCRIPTION, CODEPRESTATION, CHARGEABLE,
VERSION ) VALUES ( 
59, 'Divers', 'Reunion, secretariat, verre, repas client, informatique, ctl Q', '4045'
, 0, 0); 
INSERT INTO TASKS ( ID, NAME, DESCRIPTION, CODEPRESTATION, CHARGEABLE,
VERSION ) VALUES ( 
60, 'Conge legal', 'Conge legal', '4046', 0, 0); 
INSERT INTO TASKS ( ID, NAME, DESCRIPTION, CODEPRESTATION, CHARGEABLE,
VERSION ) VALUES ( 
61, 'Ferie', 'Ferie', '4047', 0, 0); 
INSERT INTO TASKS ( ID, NAME, DESCRIPTION, CODEPRESTATION, CHARGEABLE,
VERSION ) VALUES ( 
62, 'Formation dispense en interne a collegues', 'Formation dispense en interne a collegues'
, '4048', 0, 0); 
INSERT INTO TASKS ( ID, NAME, DESCRIPTION, CODEPRESTATION, CHARGEABLE,
VERSION ) VALUES ( 
63, 'Divers 2 ', 'decompte client, facturation, offre niveau client IRL, suivi MPI'
, '4049', 0, 0); 
INSERT INTO TASKS ( ID, NAME, DESCRIPTION, CODEPRESTATION, CHARGEABLE,
VERSION ) VALUES ( 
64, 'Maladie /medecin ', 'Maladie /medecin', '4050', 0, 0); 
commit;


         
        
INSERT INTO EMPLOYEES ( ID, VERSION, USERNAME, FIRSTNAME, LASTNAME, JOBTITLE, COUNTRY, PHONE,
MOBILE, PERSONALPHONE, PERSONALMOBILE, EMAIL, WEBADDRESS, PHOTO, CODE, ACTIVE, PASSWORD, LOGIN,
UPDATEUSER, DATE_OF_BIRTH, CREATEDATE, MODIFIEDDATE, FK_POSITION,prixVente, prixRevient,coutHoraire ) VALUES ( 
130, 0, 'Vero', 'Veronique', 'Blocail', NULL, NULL, '47.68.46.853', NULL, NULL, NULL
, 'veronique.blocail@interaudit.lu', NULL, NULL, 'VB', 1, 'veronique12', 'blocabe'
, NULL, NULL,  TO_Date( '05/18/2009 10:21:19 AM', 'MM/DD/YYYY HH:MI:SS AM'), NULL
, 4,0,0,0); 

INSERT INTO EMPLOYEES ( ID, VERSION, USERNAME, FIRSTNAME, LASTNAME, JOBTITLE, COUNTRY, PHONE,
MOBILE, PERSONALPHONE, PERSONALMOBILE, EMAIL, WEBADDRESS, PHOTO, CODE, ACTIVE, PASSWORD, LOGIN,
UPDATEUSER, DATE_OF_BIRTH, CREATEDATE, MODIFIEDDATE, FK_POSITION,prixVente, prixRevient,coutHoraire ) VALUES ( 
131, 0, 'BeBe', 'Bernard', 'Blocail', NULL, NULL, '47.68.46.852', NULL, NULL, NULL
, 'bernard.blocail@interaudit.lu', NULL, NULL, 'BB', 1, 'bernard12', 'blocabe1', NULL
, NULL,  TO_Date( '05/18/2009 10:21:19 AM', 'MM/DD/YYYY HH:MI:SS AM'), NULL, 3,0,0,0); 

INSERT INTO EMPLOYEES ( ID, VERSION, USERNAME, FIRSTNAME, LASTNAME, JOBTITLE, COUNTRY, PHONE,
MOBILE, PERSONALPHONE, PERSONALMOBILE, EMAIL, WEBADDRESS, PHOTO, CODE, ACTIVE, PASSWORD, LOGIN,
UPDATEUSER, DATE_OF_BIRTH, CREATEDATE, MODIFIEDDATE, FK_POSITION ,prixVente, prixRevient,coutHoraire) VALUES ( 
132, 0, 'MoMo', 'Morine', 'Blocail', NULL, NULL, '47.68.46.851', NULL, NULL, NULL
, 'morine.blocail@interaudit.lu', NULL, NULL, 'MB', 1, 'morine12', 'blocabe2', NULL
, NULL,  TO_Date( '05/18/2009 10:21:19 AM', 'MM/DD/YYYY HH:MI:SS AM'), NULL, 2,0,0,0); 

INSERT INTO EMPLOYEES ( ID, VERSION, USERNAME, FIRSTNAME, LASTNAME, JOBTITLE, COUNTRY, PHONE,
MOBILE, PERSONALPHONE, PERSONALMOBILE, EMAIL, WEBADDRESS, PHOTO, CODE, ACTIVE, PASSWORD, LOGIN,
UPDATEUSER, DATE_OF_BIRTH, CREATEDATE, MODIFIEDDATE, FK_POSITION,prixVente, prixRevient,coutHoraire ) VALUES ( 
133, 0, 'LuLu', 'Lucille', 'Blocail', NULL, NULL, '47.68.46.850', NULL, NULL, NULL
, 'lucille.blocail@interaudit.lu', NULL, NULL, 'LB', 1, 'lucille12', 'blocabe3', NULL
, NULL,  TO_Date( '05/18/2009 10:21:19 AM', 'MM/DD/YYYY HH:MI:SS AM'), NULL, 1,0,0,0); 
commit;




INSERT INTO CUSTOMERS ( ID, WEB_ADDRESS, ACTIVE, ACTIVITY, CREATEDATE, UPDATEDATE, UPDATEDUSER,
COMPY_NAME, FAX, PHONE, MOBILE, P_PHONE, P_MOBILE, EMAIL, CODE, VERSION, 
FK_MANAGER, FK_ORIGIN, FK_ASSOCIE ) VALUES ( 
650, NULL, 1, 'Fournisseur de sable',  TO_Date( '05/18/2009 12:00:00 AM', 'MM/DD/YYYY HH:MI:SS AM')
,  TO_Date( '05/18/2009 12:00:00 AM', 'MM/DD/YYYY HH:MI:SS AM'), NULL, 'SABLIERE HEIN SA'
, NULL, '20.45.96.369', NULL, NULL, NULL, 'a.marx@sabliere.lu', '10388', 1,  133
, 1, 130); 
INSERT INTO CUSTOMERS ( ID, WEB_ADDRESS, ACTIVE, ACTIVITY, CREATEDATE, UPDATEDATE, UPDATEDUSER,
COMPY_NAME, FAX, PHONE, MOBILE, P_PHONE, P_MOBILE, EMAIL, CODE, VERSION, 
FK_MANAGER, FK_ORIGIN, FK_ASSOCIE ) VALUES ( 
651, NULL, 1, 'Fournisseur de sable',  TO_Date( '05/18/2009 12:00:00 AM', 'MM/DD/YYYY HH:MI:SS AM')
,  TO_Date( '05/18/2009 12:00:00 AM', 'MM/DD/YYYY HH:MI:SS AM'), NULL, 'DIMPEX SA'
, NULL, '20.45.96.369', NULL, NULL, NULL, 'a.marx@sabliere.lu', '82633', 1,  133
, 2, 130); 
INSERT INTO CUSTOMERS ( ID, WEB_ADDRESS, ACTIVE, ACTIVITY, CREATEDATE, UPDATEDATE, UPDATEDUSER,
COMPY_NAME, FAX, PHONE, MOBILE, P_PHONE, P_MOBILE, EMAIL, CODE, VERSION, 
FK_MANAGER, FK_ORIGIN, FK_ASSOCIE ) VALUES ( 
652, NULL, 1, 'Fournisseur de sable',  TO_Date( '05/18/2009 12:00:00 AM', 'MM/DD/YYYY HH:MI:SS AM')
,  TO_Date( '05/18/2009 12:00:00 AM', 'MM/DD/YYYY HH:MI:SS AM'), NULL, 'GULF OIL INTERNATIONAL LTD'
, NULL, '20.45.96.369', NULL, NULL, NULL, 'a.marx@sabliere.lu', '11261', 1,  133
, 3, 130); 
INSERT INTO CUSTOMERS ( ID, WEB_ADDRESS, ACTIVE, ACTIVITY, CREATEDATE, UPDATEDATE, UPDATEDUSER,
COMPY_NAME, FAX, PHONE, MOBILE, P_PHONE, P_MOBILE, EMAIL, CODE, VERSION, 
FK_MANAGER, FK_ORIGIN, FK_ASSOCIE ) VALUES ( 
653, NULL, 1, 'Fournisseur de sable',  TO_Date( '05/18/2009 12:00:00 AM', 'MM/DD/YYYY HH:MI:SS AM')
,  TO_Date( '05/18/2009 12:00:00 AM', 'MM/DD/YYYY HH:MI:SS AM'), NULL, 'BORG LUXEMBOURG SA'
, NULL, '20.45.96.369', NULL, NULL, NULL, 'a.marx@sabliere.lu', '16000', 1,  133
, 4, 130); 
INSERT INTO CUSTOMERS ( ID, WEB_ADDRESS, ACTIVE, ACTIVITY, CREATEDATE, UPDATEDATE, UPDATEDUSER,
COMPY_NAME, FAX, PHONE, MOBILE, P_PHONE, P_MOBILE, EMAIL, CODE, VERSION, 
FK_MANAGER, FK_ORIGIN, FK_ASSOCIE ) VALUES ( 
654, NULL, 1, 'Fournisseur de sable',  TO_Date( '05/18/2009 12:00:00 AM', 'MM/DD/YYYY HH:MI:SS AM')
,  TO_Date( '05/18/2009 12:00:00 AM', 'MM/DD/YYYY HH:MI:SS AM'), NULL, 'GAMET INVESTMENT SA'
, NULL, '20.45.96.369', NULL, NULL, NULL, 'a.marx@sabliere.lu', '12084', 1,  133
, 5, 130); 
INSERT INTO CUSTOMERS ( ID, WEB_ADDRESS, ACTIVE, ACTIVITY, CREATEDATE, UPDATEDATE, UPDATEDUSER,
COMPY_NAME, FAX, PHONE, MOBILE, P_PHONE, P_MOBILE, EMAIL, CODE, VERSION, 
FK_MANAGER, FK_ORIGIN, FK_ASSOCIE ) VALUES ( 
655, NULL, 1, 'Fournisseur de sable',  TO_Date( '05/18/2009 12:00:00 AM', 'MM/DD/YYYY HH:MI:SS AM')
,  TO_Date( '05/18/2009 12:00:00 AM', 'MM/DD/YYYY HH:MI:SS AM'), NULL, 'LUXLAIT SA'
, NULL, '20.45.96.369', NULL, NULL, NULL, 'a.marx@sabliere.lu', '12085', 1,  133
, 6, 130); 
commit;

INSERT INTO CONTACTS ( ID, NAME, F_NAME, L_NAME, JOB, B_PHONE, B_MOBILE, B_FAX, P_PHONE, P_MOBILE,
B_EMAIL, P_EMAIL, B_WEB_ADDR, ACTIVE, B_ACTIVITY, UPDATEDUSER, COMPANY, CREATEDATE, UPDATEDATE,
VERSION,  FK_CUSTOMER ) VALUES ( 
516, 'contact1', 'ben', 'dupont', 'Senior engineer', '+352 4410122133', '+333 698177277'
, '+352 4410122132', '+333 87654599', '+333 698177277', 'b.blocail@intrasoft.lu', 'bernard.blocail@wanadoo.fr'
, 'http:www>intrasoft.lu', 1, 'software', NULL, 'intrasoft', NULL, NULL, 0,  653);

INSERT INTO CONTACTS ( ID, NAME, F_NAME, L_NAME, JOB, B_PHONE, B_MOBILE, B_FAX, P_PHONE, P_MOBILE,
B_EMAIL, P_EMAIL, B_WEB_ADDR, ACTIVE, B_ACTIVITY, UPDATEDUSER, COMPANY, CREATEDATE, UPDATEDATE,
VERSION, FK_CUSTOMER ) VALUES ( 
518, 'contact1', 'ben', 'dupont', 'Senior engineer', '+352 4410122133', '+333 698177277'
, '+352 4410122132', '+333 87654599', '+333 698177277', 'b.blocail@intrasoft.lu', 'bernard.blocail@wanadoo.fr'
, 'http:www>intrasoft.lu', 1, 'software', NULL, 'intrasoft', NULL, NULL, 0,  651); 


INSERT INTO CONTACTS ( ID, NAME, F_NAME, L_NAME, JOB, B_PHONE, B_MOBILE, B_FAX, P_PHONE, P_MOBILE,
B_EMAIL, P_EMAIL, B_WEB_ADDR, ACTIVE, B_ACTIVITY, UPDATEDUSER, COMPANY, CREATEDATE, UPDATEDATE,
VERSION,  FK_CUSTOMER ) VALUES ( 
520, 'contact1', 'ben', 'dupont', 'Senior engineer', '+352 4410122133', '+333 698177277'
, '+352 4410122132', '+333 87654599', '+333 698177277', 'b.blocail@intrasoft.lu', 'bernard.blocail@wanadoo.fr'
, 'http:www>intrasoft.lu', 1, 'software', NULL, 'intrasoft', NULL, NULL, 0, 654); 


INSERT INTO CONTACTS ( ID, NAME, F_NAME, L_NAME, JOB, B_PHONE, B_MOBILE, B_FAX, P_PHONE, P_MOBILE,
B_EMAIL, P_EMAIL, B_WEB_ADDR, ACTIVE, B_ACTIVITY, UPDATEDUSER, COMPANY, CREATEDATE, UPDATEDATE,
VERSION, FK_CUSTOMER ) VALUES ( 
522, 'contact1', 'ben', 'dupont', 'Senior engineer', '+352 4410122133', '+333 698177277'
, '+352 4410122132', '+333 87654599', '+333 698177277', 'b.blocail@intrasoft.lu', 'bernard.blocail@wanadoo.fr'
, 'http:www>intrasoft.lu', 1, 'software', NULL, 'intrasoft', NULL, NULL, 0,  652); 

INSERT INTO CONTACTS ( ID, NAME, F_NAME, L_NAME, JOB, B_PHONE, B_MOBILE, B_FAX, P_PHONE, P_MOBILE,
B_EMAIL, P_EMAIL, B_WEB_ADDR, ACTIVE, B_ACTIVITY, UPDATEDUSER, COMPANY, CREATEDATE, UPDATEDATE,
VERSION,  FK_CUSTOMER ) VALUES ( 
524, 'contact1', 'ben', 'dupont', 'Senior engineer', '+352 4410122133', '+333 698177277'
, '+352 4410122132', '+333 87654599', '+333 698177277', 'b.blocail@intrasoft.lu', 'bernard.blocail@wanadoo.fr'
, 'http:www>intrasoft.lu', 1, 'software', NULL, 'intrasoft', NULL, NULL, 0,  655); 

INSERT INTO CONTACTS ( ID, NAME, F_NAME, L_NAME, JOB, B_PHONE, B_MOBILE, B_FAX, P_PHONE, P_MOBILE,
B_EMAIL, P_EMAIL, B_WEB_ADDR, ACTIVE, B_ACTIVITY, UPDATEDUSER, COMPANY, CREATEDATE, UPDATEDATE,
VERSION,  FK_CUSTOMER ) VALUES ( 
526, 'contact1', 'ben', 'dupont', 'Senior engineer', '+352 4410122133', '+333 698177277'
, '+352 4410122132', '+333 87654599', '+333 698177277', 'b.blocail@intrasoft.lu', 'bernard.blocail@wanadoo.fr'
, 'http:www>intrasoft.lu', 1, 'software', NULL, 'intrasoft', NULL, NULL, 0, 650); 
commit;
 
INSERT INTO CONTRACTS ( ID, REFERENCE, DESCRIPTION, FROMDATE, TODATE, VAL, CUR, VERSION,
FK_CUSTOMER ) VALUES ( 
66, 'contract1', 'descripion contract',  TO_Date( '05/18/2009 10:25:20 AM', 'MM/DD/YYYY HH:MI:SS AM')
,  TO_Date( '05/18/2009 10:25:20 AM', 'MM/DD/YYYY HH:MI:SS AM'), 200000, 'EURO', 0
, 650); 
INSERT INTO CONTRACTS ( ID, REFERENCE, DESCRIPTION, FROMDATE, TODATE, VAL, CUR, VERSION,
FK_CUSTOMER ) VALUES ( 
67, 'contract1', 'descripion contract',  TO_Date( '05/18/2009 10:25:20 AM', 'MM/DD/YYYY HH:MI:SS AM')
,  TO_Date( '05/18/2009 10:25:20 AM', 'MM/DD/YYYY HH:MI:SS AM'), 300000, 'EURO', 0
, 651); 
INSERT INTO CONTRACTS ( ID, REFERENCE, DESCRIPTION, FROMDATE, TODATE, VAL, CUR, VERSION,
FK_CUSTOMER ) VALUES ( 
68, 'contract1', 'descripion contract',  TO_Date( '05/18/2009 10:25:20 AM', 'MM/DD/YYYY HH:MI:SS AM')
,  TO_Date( '05/18/2009 10:25:20 AM', 'MM/DD/YYYY HH:MI:SS AM'), 300000, 'EURO', 0
, 652); 
INSERT INTO CONTRACTS ( ID, REFERENCE, DESCRIPTION, FROMDATE, TODATE, VAL, CUR, VERSION,
FK_CUSTOMER ) VALUES ( 
69, 'contract1', 'descripion contract',  TO_Date( '05/18/2009 10:25:20 AM', 'MM/DD/YYYY HH:MI:SS AM')
,  TO_Date( '05/18/2009 10:25:20 AM', 'MM/DD/YYYY HH:MI:SS AM'), 300000, 'EURO', 0
, 653); 
INSERT INTO CONTRACTS ( ID, REFERENCE, DESCRIPTION, FROMDATE, TODATE, VAL, CUR, VERSION,
FK_CUSTOMER ) VALUES ( 
70, 'contract1', 'descripion contract',  TO_Date( '05/18/2009 10:25:20 AM', 'MM/DD/YYYY HH:MI:SS AM')
,  TO_Date( '05/18/2009 10:25:20 AM', 'MM/DD/YYYY HH:MI:SS AM'), 300000, 'EURO', 0
, 654); 
INSERT INTO CONTRACTS ( ID, REFERENCE, DESCRIPTION, FROMDATE, TODATE, VAL, CUR, VERSION,
FK_CUSTOMER ) VALUES ( 
71, 'contract1', 'descripion contract',  TO_Date( '05/18/2009 10:25:20 AM', 'MM/DD/YYYY HH:MI:SS AM')
,  TO_Date( '05/18/2009 10:25:20 AM', 'MM/DD/YYYY HH:MI:SS AM'), 300000, 'EURO', 0
, 655); 
commit;
 

 
INSERT INTO EXERCISES ( ID, VERSION, YEAR ) VALUES ( 
72, 0, 1998); 
INSERT INTO EXERCISES ( ID, VERSION, YEAR ) VALUES ( 
79, 0, 1999); 
INSERT INTO EXERCISES ( ID, VERSION, YEAR ) VALUES ( 
86, 0, 2000); 
INSERT INTO EXERCISES ( ID, VERSION, YEAR ) VALUES ( 
93, 0, 2001); 
INSERT INTO EXERCISES ( ID, VERSION, YEAR ) VALUES ( 
100, 0, 2002); 
INSERT INTO EXERCISES ( ID, VERSION, YEAR ) VALUES ( 
107, 0, 2003); 
INSERT INTO EXERCISES ( ID, VERSION, YEAR ) VALUES ( 
114, 0, 2004); 
INSERT INTO EXERCISES ( ID, VERSION, YEAR ) VALUES ( 
121, 0, 2005); 
INSERT INTO EXERCISES ( ID, VERSION, YEAR ) VALUES ( 
128, 0, 2006); 
INSERT INTO EXERCISES ( ID, VERSION, YEAR ) VALUES ( 
135, 0, 2007); 
INSERT INTO EXERCISES ( ID, VERSION, YEAR ) VALUES ( 
142, 0, 2008); 
INSERT INTO EXERCISES ( ID, VERSION, YEAR ) VALUES ( 
149, 0, 2009); 
commit;
 

 
INSERT INTO BUDGETS ( ID, VERSION, EXP_AMOUNT, REAL_AMOUNT, STATUS,  FK_CONTRACT,
FK_EXERCISE ) VALUES ( 
73, 1, 300000, 0, 'PENDING', 70, 72); 
INSERT INTO BUDGETS ( ID, VERSION, EXP_AMOUNT, REAL_AMOUNT, STATUS,  FK_CONTRACT,
FK_EXERCISE ) VALUES ( 
74, 1, 300000, 0, 'PENDING', 71, 72); 
INSERT INTO BUDGETS ( ID, VERSION, EXP_AMOUNT, REAL_AMOUNT, STATUS,  FK_CONTRACT,
FK_EXERCISE ) VALUES ( 
75, 1, 300000, 0, 'PENDING', 68, 72); 
INSERT INTO BUDGETS ( ID, VERSION, EXP_AMOUNT, REAL_AMOUNT, STATUS,  FK_CONTRACT,
FK_EXERCISE ) VALUES ( 
76, 1, 200000, 0, 'PENDING', 66, 72); 
INSERT INTO BUDGETS ( ID, VERSION, EXP_AMOUNT, REAL_AMOUNT, STATUS,  FK_CONTRACT,
FK_EXERCISE ) VALUES ( 
77, 1, 300000, 0, 'PENDING',  69, 72); 
INSERT INTO BUDGETS ( ID, VERSION, EXP_AMOUNT, REAL_AMOUNT, STATUS,  FK_CONTRACT,
FK_EXERCISE ) VALUES ( 
78, 1, 300000, 0, 'PENDING',67, 72); 
INSERT INTO BUDGETS ( ID, VERSION, EXP_AMOUNT, REAL_AMOUNT, STATUS,  FK_CONTRACT,
FK_EXERCISE ) VALUES ( 
80, 1, 300000, 0, 'PENDING',  68, 79); 
INSERT INTO BUDGETS ( ID, VERSION, EXP_AMOUNT, REAL_AMOUNT, STATUS,  FK_CONTRACT,
FK_EXERCISE ) VALUES ( 
81, 1, 300000, 0, 'PENDING',  71, 79); 
INSERT INTO BUDGETS ( ID, VERSION, EXP_AMOUNT, REAL_AMOUNT, STATUS, FK_CONTRACT,
FK_EXERCISE ) VALUES ( 
82, 1, 300000, 0, 'PENDING',  70, 79); 
INSERT INTO BUDGETS ( ID, VERSION, EXP_AMOUNT, REAL_AMOUNT, STATUS,  FK_CONTRACT,
FK_EXERCISE ) VALUES ( 
83, 1, 300000, 0, 'PENDING', 69, 79); 
INSERT INTO BUDGETS ( ID, VERSION, EXP_AMOUNT, REAL_AMOUNT, STATUS,  FK_CONTRACT,
FK_EXERCISE ) VALUES ( 
84, 1, 200000, 0, 'PENDING',  66, 79); 
INSERT INTO BUDGETS ( ID, VERSION, EXP_AMOUNT, REAL_AMOUNT, STATUS,  FK_CONTRACT,
FK_EXERCISE ) VALUES ( 
85, 1, 300000, 0, 'PENDING',  67, 79); 
INSERT INTO BUDGETS ( ID, VERSION, EXP_AMOUNT, REAL_AMOUNT, STATUS, FK_CONTRACT,
FK_EXERCISE ) VALUES ( 
87, 1, 200000, 0, 'PENDING',  66, 86); 
INSERT INTO BUDGETS ( ID, VERSION, EXP_AMOUNT, REAL_AMOUNT, STATUS,  FK_CONTRACT,
FK_EXERCISE ) VALUES ( 
88, 1, 300000, 0, 'PENDING', 69, 86); 
INSERT INTO BUDGETS ( ID, VERSION, EXP_AMOUNT, REAL_AMOUNT, STATUS,  FK_CONTRACT,
FK_EXERCISE ) VALUES ( 
89, 1, 300000, 0, 'PENDING',  68, 86); 
INSERT INTO BUDGETS ( ID, VERSION, EXP_AMOUNT, REAL_AMOUNT, STATUS,  FK_CONTRACT,
FK_EXERCISE ) VALUES ( 
90, 1, 300000, 0, 'PENDING', 67, 86); 
INSERT INTO BUDGETS ( ID, VERSION, EXP_AMOUNT, REAL_AMOUNT, STATUS,  FK_CONTRACT,
FK_EXERCISE ) VALUES ( 
91, 1, 300000, 0, 'PENDING',  71, 86); 
INSERT INTO BUDGETS ( ID, VERSION, EXP_AMOUNT, REAL_AMOUNT, STATUS,  FK_CONTRACT,
FK_EXERCISE ) VALUES ( 
92, 1, 300000, 0, 'PENDING',  70, 86); 
INSERT INTO BUDGETS ( ID, VERSION, EXP_AMOUNT, REAL_AMOUNT, STATUS,  FK_CONTRACT,
FK_EXERCISE ) VALUES ( 
94, 1, 300000, 0, 'PENDING',  69, 93); 
INSERT INTO BUDGETS ( ID, VERSION, EXP_AMOUNT, REAL_AMOUNT, STATUS,  FK_CONTRACT,
FK_EXERCISE ) VALUES ( 
95, 1, 300000, 0, 'PENDING',  68, 93); 
INSERT INTO BUDGETS ( ID, VERSION, EXP_AMOUNT, REAL_AMOUNT, STATUS,  FK_CONTRACT,
FK_EXERCISE ) VALUES ( 
96, 1, 300000, 0, 'PENDING', 67, 93); 
INSERT INTO BUDGETS ( ID, VERSION, EXP_AMOUNT, REAL_AMOUNT, STATUS,  FK_CONTRACT,
FK_EXERCISE ) VALUES ( 
97, 1, 200000, 0, 'PENDING',  66, 93); 
INSERT INTO BUDGETS ( ID, VERSION, EXP_AMOUNT, REAL_AMOUNT, STATUS,  FK_CONTRACT,
FK_EXERCISE ) VALUES ( 
98, 1, 300000, 0, 'PENDING',  71, 93); 
INSERT INTO BUDGETS ( ID, VERSION, EXP_AMOUNT, REAL_AMOUNT, STATUS, FK_CONTRACT,
FK_EXERCISE ) VALUES ( 
99, 1, 300000, 0, 'PENDING',  70, 93); 
INSERT INTO BUDGETS ( ID, VERSION, EXP_AMOUNT, REAL_AMOUNT, STATUS,  FK_CONTRACT,
FK_EXERCISE ) VALUES ( 
101, 1, 300000, 0, 'PENDING',  70, 100); 
INSERT INTO BUDGETS ( ID, VERSION, EXP_AMOUNT, REAL_AMOUNT, STATUS,  FK_CONTRACT,
FK_EXERCISE ) VALUES ( 
102, 1, 300000, 0, 'PENDING',  69, 100); 
INSERT INTO BUDGETS ( ID, VERSION, EXP_AMOUNT, REAL_AMOUNT, STATUS,  FK_CONTRACT,
FK_EXERCISE ) VALUES ( 
103, 1, 300000, 0, 'PENDING',  71, 100); 
INSERT INTO BUDGETS ( ID, VERSION, EXP_AMOUNT, REAL_AMOUNT, STATUS,  FK_CONTRACT,
FK_EXERCISE ) VALUES ( 
104, 1, 300000, 0, 'PENDING',  68, 100); 
INSERT INTO BUDGETS ( ID, VERSION, EXP_AMOUNT, REAL_AMOUNT, STATUS,  FK_CONTRACT,
FK_EXERCISE ) VALUES ( 
105, 1, 300000, 0, 'PENDING',  67, 100); 
INSERT INTO BUDGETS ( ID, VERSION, EXP_AMOUNT, REAL_AMOUNT, STATUS,  FK_CONTRACT,
FK_EXERCISE ) VALUES ( 
106, 1, 200000, 0, 'PENDING',  66, 100); 
INSERT INTO BUDGETS ( ID, VERSION, EXP_AMOUNT, REAL_AMOUNT, STATUS,  FK_CONTRACT,
FK_EXERCISE ) VALUES ( 
108, 1, 300000, 0, 'PENDING',  69, 107); 
INSERT INTO BUDGETS ( ID, VERSION, EXP_AMOUNT, REAL_AMOUNT, STATUS,  FK_CONTRACT,
FK_EXERCISE ) VALUES ( 
109, 1, 300000, 0, 'PENDING',  67, 107); 
INSERT INTO BUDGETS ( ID, VERSION, EXP_AMOUNT, REAL_AMOUNT, STATUS,  FK_CONTRACT,
FK_EXERCISE ) VALUES ( 
110, 1, 300000, 0, 'PENDING',  71, 107); 
INSERT INTO BUDGETS ( ID, VERSION, EXP_AMOUNT, REAL_AMOUNT, STATUS,  FK_CONTRACT,
FK_EXERCISE ) VALUES ( 
111, 1, 200000, 0, 'PENDING', 66, 107); 
INSERT INTO BUDGETS ( ID, VERSION, EXP_AMOUNT, REAL_AMOUNT, STATUS,  FK_CONTRACT,
FK_EXERCISE ) VALUES ( 
112, 1, 300000, 0, 'PENDING',  68, 107); 
INSERT INTO BUDGETS ( ID, VERSION, EXP_AMOUNT, REAL_AMOUNT, STATUS,  FK_CONTRACT,
FK_EXERCISE ) VALUES ( 
113, 1, 300000, 0, 'PENDING',  70, 107); 
INSERT INTO BUDGETS ( ID, VERSION, EXP_AMOUNT, REAL_AMOUNT, STATUS,  FK_CONTRACT,
FK_EXERCISE ) VALUES ( 
115, 1, 200000, 0, 'PENDING',  66, 114); 
INSERT INTO BUDGETS ( ID, VERSION, EXP_AMOUNT, REAL_AMOUNT, STATUS,  FK_CONTRACT,
FK_EXERCISE ) VALUES ( 
116, 1, 300000, 0, 'PENDING',  70, 114); 
INSERT INTO BUDGETS ( ID, VERSION, EXP_AMOUNT, REAL_AMOUNT, STATUS,  FK_CONTRACT,
FK_EXERCISE ) VALUES ( 
117, 1, 300000, 0, 'PENDING',  69, 114); 
INSERT INTO BUDGETS ( ID, VERSION, EXP_AMOUNT, REAL_AMOUNT, STATUS,  FK_CONTRACT,
FK_EXERCISE ) VALUES ( 
118, 1, 300000, 0, 'PENDING',  68, 114); 
INSERT INTO BUDGETS ( ID, VERSION, EXP_AMOUNT, REAL_AMOUNT, STATUS,  FK_CONTRACT,
FK_EXERCISE ) VALUES ( 
119, 1, 300000, 0, 'PENDING',  67, 114); 
INSERT INTO BUDGETS ( ID, VERSION, EXP_AMOUNT, REAL_AMOUNT, STATUS,  FK_CONTRACT,
FK_EXERCISE ) VALUES ( 
120, 1, 300000, 0, 'PENDING',  71, 114); 
INSERT INTO BUDGETS ( ID, VERSION, EXP_AMOUNT, REAL_AMOUNT, STATUS,  FK_CONTRACT,
FK_EXERCISE ) VALUES ( 
122, 1, 200000, 0, 'PENDING',  66, 121); 
INSERT INTO BUDGETS ( ID, VERSION, EXP_AMOUNT, REAL_AMOUNT, STATUS,  FK_CONTRACT,
FK_EXERCISE ) VALUES ( 
123, 1, 300000, 0, 'PENDING',  70, 121); 
INSERT INTO BUDGETS ( ID, VERSION, EXP_AMOUNT, REAL_AMOUNT, STATUS,  FK_CONTRACT,
FK_EXERCISE ) VALUES ( 
124, 1, 300000, 0, 'PENDING',  68, 121); 
INSERT INTO BUDGETS ( ID, VERSION, EXP_AMOUNT, REAL_AMOUNT, STATUS,  FK_CONTRACT,
FK_EXERCISE ) VALUES ( 
125, 1, 300000, 0, 'PENDING',  67, 121); 
INSERT INTO BUDGETS ( ID, VERSION, EXP_AMOUNT, REAL_AMOUNT, STATUS,  FK_CONTRACT,
FK_EXERCISE ) VALUES ( 
126, 1, 300000, 0, 'PENDING',  69, 121); 
INSERT INTO BUDGETS ( ID, VERSION, EXP_AMOUNT, REAL_AMOUNT, STATUS, FK_CONTRACT,
FK_EXERCISE ) VALUES ( 
127, 1, 300000, 0, 'PENDING', 71, 121); 
INSERT INTO BUDGETS ( ID, VERSION, EXP_AMOUNT, REAL_AMOUNT, STATUS,  FK_CONTRACT,
FK_EXERCISE ) VALUES ( 
129, 1, 300000, 0, 'PENDING',  70, 128); 
INSERT INTO BUDGETS ( ID, VERSION, EXP_AMOUNT, REAL_AMOUNT, STATUS,  FK_CONTRACT,
FK_EXERCISE ) VALUES ( 
130, 1, 200000, 0, 'PENDING',  66, 128); 
INSERT INTO BUDGETS ( ID, VERSION, EXP_AMOUNT, REAL_AMOUNT, STATUS,  FK_CONTRACT,
FK_EXERCISE ) VALUES ( 
131, 1, 300000, 0, 'PENDING',  71, 128); 
INSERT INTO BUDGETS ( ID, VERSION, EXP_AMOUNT, REAL_AMOUNT, STATUS,  FK_CONTRACT,
FK_EXERCISE ) VALUES ( 
132, 1, 300000, 0, 'PENDING',  69, 128); 
INSERT INTO BUDGETS ( ID, VERSION, EXP_AMOUNT, REAL_AMOUNT, STATUS,  FK_CONTRACT,
FK_EXERCISE ) VALUES ( 
133, 1, 300000, 0, 'PENDING',  68, 128); 
INSERT INTO BUDGETS ( ID, VERSION, EXP_AMOUNT, REAL_AMOUNT, STATUS,  FK_CONTRACT,
FK_EXERCISE ) VALUES ( 
134, 1, 300000, 0, 'PENDING',  67, 128); 
INSERT INTO BUDGETS ( ID, VERSION, EXP_AMOUNT, REAL_AMOUNT, STATUS,  FK_CONTRACT,
FK_EXERCISE ) VALUES ( 
136, 1, 300000, 0, 'PENDING', 67, 135); 
INSERT INTO BUDGETS ( ID, VERSION, EXP_AMOUNT, REAL_AMOUNT, STATUS,  FK_CONTRACT,
FK_EXERCISE ) VALUES ( 
137, 1, 300000, 0, 'PENDING',  70, 135); 
INSERT INTO BUDGETS ( ID, VERSION, EXP_AMOUNT, REAL_AMOUNT, STATUS,  FK_CONTRACT,
FK_EXERCISE ) VALUES ( 
138, 1, 300000, 0, 'PENDING',  71, 135); 
INSERT INTO BUDGETS ( ID, VERSION, EXP_AMOUNT, REAL_AMOUNT, STATUS, FK_CONTRACT,
FK_EXERCISE ) VALUES ( 
139, 1, 200000, 0, 'PENDING',  66, 135); 
INSERT INTO BUDGETS ( ID, VERSION, EXP_AMOUNT, REAL_AMOUNT, STATUS,  FK_CONTRACT,
FK_EXERCISE ) VALUES ( 
140, 1, 300000, 0, 'PENDING',  68, 135); 
INSERT INTO BUDGETS ( ID, VERSION, EXP_AMOUNT, REAL_AMOUNT, STATUS,  FK_CONTRACT,
FK_EXERCISE ) VALUES ( 
141, 1, 300000, 0, 'PENDING',  69, 135); 
INSERT INTO BUDGETS ( ID, VERSION, EXP_AMOUNT, REAL_AMOUNT, STATUS,  FK_CONTRACT,
FK_EXERCISE ) VALUES ( 
143, 1, 300000, 0, 'PENDING',  67, 142); 
INSERT INTO BUDGETS ( ID, VERSION, EXP_AMOUNT, REAL_AMOUNT, STATUS,  FK_CONTRACT,
FK_EXERCISE ) VALUES ( 
144, 1, 300000, 0, 'PENDING',  71, 142); 
INSERT INTO BUDGETS ( ID, VERSION, EXP_AMOUNT, REAL_AMOUNT, STATUS, FK_CONTRACT,
FK_EXERCISE ) VALUES ( 
145, 1, 300000, 0, 'PENDING',  70, 142); 
INSERT INTO BUDGETS ( ID, VERSION, EXP_AMOUNT, REAL_AMOUNT, STATUS,  FK_CONTRACT,
FK_EXERCISE ) VALUES ( 
146, 1, 300000, 0, 'PENDING',  69, 142); 
INSERT INTO BUDGETS ( ID, VERSION, EXP_AMOUNT, REAL_AMOUNT, STATUS,  FK_CONTRACT,
FK_EXERCISE ) VALUES ( 
147, 1, 200000, 0, 'PENDING',  66, 142); 
INSERT INTO BUDGETS ( ID, VERSION, EXP_AMOUNT, REAL_AMOUNT, STATUS,  FK_CONTRACT,
FK_EXERCISE ) VALUES ( 
148, 1, 300000, 0, 'PENDING',  68, 142); 
INSERT INTO BUDGETS ( ID, VERSION, EXP_AMOUNT, REAL_AMOUNT, STATUS,  FK_CONTRACT,
FK_EXERCISE ) VALUES ( 
150, 1, 300000, 0, 'PENDING',  71, 149); 
INSERT INTO BUDGETS ( ID, VERSION, EXP_AMOUNT, REAL_AMOUNT, STATUS,  FK_CONTRACT,
FK_EXERCISE ) VALUES ( 
151, 1, 300000, 0, 'PENDING',  70, 149); 
INSERT INTO BUDGETS ( ID, VERSION, EXP_AMOUNT, REAL_AMOUNT, STATUS,  FK_CONTRACT,
FK_EXERCISE ) VALUES ( 
152, 1, 300000, 0, 'PENDING',  69, 149); 
INSERT INTO BUDGETS ( ID, VERSION, EXP_AMOUNT, REAL_AMOUNT, STATUS,  FK_CONTRACT,
FK_EXERCISE ) VALUES ( 
153, 1, 300000, 0, 'PENDING',  68, 149); 
INSERT INTO BUDGETS ( ID, VERSION, EXP_AMOUNT, REAL_AMOUNT, STATUS,  FK_CONTRACT,
FK_EXERCISE ) VALUES ( 
154, 1, 300000, 0, 'PENDING',  67, 149); 
INSERT INTO BUDGETS ( ID, VERSION, EXP_AMOUNT, REAL_AMOUNT, STATUS,  FK_CONTRACT,
FK_EXERCISE ) VALUES ( 
155, 1, 200000, 0, 'PENDING',  66, 149); 
commit;
 

 
INSERT INTO MISSIONS ( ID, EXERCISE, TITLE, REFER, COMMENTS, CREATEDATE, UPDATEDATE, UPDATEDUSER,
STATUS, TYP, TOTALCOST, TOTALSCHEDULEDCOST, COUNTSCHEDULEDDAYS, VERSION,
ANNUALBUDGET_ID ) VALUES ( 
156, '1998', 'Mission : 10388_1998', '10388_1998', 'Mission : 10388_1998',  TO_Date( '05/18/2009 12:00:00 AM', 'MM/DD/YYYY HH:MI:SS AM')
, NULL, NULL, 'PENDING', 'REVISION', 0, 0, 0, 0, 76); 
INSERT INTO MISSIONS ( ID, EXERCISE, TITLE, REFER, COMMENTS, CREATEDATE, UPDATEDATE, UPDATEDUSER,
STATUS, TYP, TOTALCOST, TOTALSCHEDULEDCOST, COUNTSCHEDULEDDAYS, VERSION,
ANNUALBUDGET_ID ) VALUES ( 
157, '1999', 'Mission : 10388_1999', '10388_1999', 'Mission : 10388_1999',  TO_Date( '05/18/2009 12:00:00 AM', 'MM/DD/YYYY HH:MI:SS AM')
, NULL, NULL, 'PENDING', 'REVISION', 0, 0, 0, 0, 84); 
INSERT INTO MISSIONS ( ID, EXERCISE, TITLE, REFER, COMMENTS, CREATEDATE, UPDATEDATE, UPDATEDUSER,
STATUS, TYP, TOTALCOST, TOTALSCHEDULEDCOST, COUNTSCHEDULEDDAYS, VERSION,
ANNUALBUDGET_ID ) VALUES ( 
158, '2000', 'Mission : 10388_2000', '10388_2000', 'Mission : 10388_2000',  TO_Date( '05/18/2009 12:00:00 AM', 'MM/DD/YYYY HH:MI:SS AM')
, NULL, NULL, 'PENDING', 'REVISION', 0, 0, 0, 0, 87); 
INSERT INTO MISSIONS ( ID, EXERCISE, TITLE, REFER, COMMENTS, CREATEDATE, UPDATEDATE, UPDATEDUSER,
STATUS, TYP, TOTALCOST, TOTALSCHEDULEDCOST, COUNTSCHEDULEDDAYS, VERSION,
ANNUALBUDGET_ID ) VALUES ( 
159, '2001', 'Mission : 10388_2001', '10388_2001', 'Mission : 10388_2001',  TO_Date( '05/18/2009 12:00:00 AM', 'MM/DD/YYYY HH:MI:SS AM')
, NULL, NULL, 'PENDING', 'REVISION', 0, 0, 0, 0, 97); 
INSERT INTO MISSIONS ( ID, EXERCISE, TITLE, REFER, COMMENTS, CREATEDATE, UPDATEDATE, UPDATEDUSER,
STATUS, TYP, TOTALCOST, TOTALSCHEDULEDCOST, COUNTSCHEDULEDDAYS, VERSION,
ANNUALBUDGET_ID ) VALUES ( 
160, '2002', 'Mission : 10388_2002', '10388_2002', 'Mission : 10388_2002',  TO_Date( '05/18/2009 12:00:00 AM', 'MM/DD/YYYY HH:MI:SS AM')
, NULL, NULL, 'PENDING', 'REVISION', 0, 0, 0, 0, 106); 
INSERT INTO MISSIONS ( ID, EXERCISE, TITLE, REFER, COMMENTS, CREATEDATE, UPDATEDATE, UPDATEDUSER,
STATUS, TYP, TOTALCOST, TOTALSCHEDULEDCOST, COUNTSCHEDULEDDAYS, VERSION,
ANNUALBUDGET_ID ) VALUES ( 
161, '2003', 'Mission : 10388_2003', '10388_2003', 'Mission : 10388_2003',  TO_Date( '05/18/2009 12:00:00 AM', 'MM/DD/YYYY HH:MI:SS AM')
, NULL, NULL, 'PENDING', 'REVISION', 0, 0, 0, 0, 111); 
INSERT INTO MISSIONS ( ID, EXERCISE, TITLE, REFER, COMMENTS, CREATEDATE, UPDATEDATE, UPDATEDUSER,
STATUS, TYP, TOTALCOST, TOTALSCHEDULEDCOST, COUNTSCHEDULEDDAYS, VERSION,
ANNUALBUDGET_ID ) VALUES ( 
162, '2004', 'Mission : 10388_2004', '10388_2004', 'Mission : 10388_2004',  TO_Date( '05/18/2009 12:00:00 AM', 'MM/DD/YYYY HH:MI:SS AM')
, NULL, NULL, 'PENDING', 'REVISION', 0, 0, 0, 0, 115); 
INSERT INTO MISSIONS ( ID, EXERCISE, TITLE, REFER, COMMENTS, CREATEDATE, UPDATEDATE, UPDATEDUSER,
STATUS, TYP, TOTALCOST, TOTALSCHEDULEDCOST, COUNTSCHEDULEDDAYS, VERSION,
ANNUALBUDGET_ID ) VALUES ( 
163, '2005', 'Mission : 10388_2005', '10388_2005', 'Mission : 10388_2005',  TO_Date( '05/18/2009 12:00:00 AM', 'MM/DD/YYYY HH:MI:SS AM')
, NULL, NULL, 'PENDING', 'REVISION', 0, 0, 0, 0, 122); 
INSERT INTO MISSIONS ( ID, EXERCISE, TITLE, REFER, COMMENTS, CREATEDATE, UPDATEDATE, UPDATEDUSER,
STATUS, TYP, TOTALCOST, TOTALSCHEDULEDCOST, COUNTSCHEDULEDDAYS, VERSION,
ANNUALBUDGET_ID ) VALUES ( 
164, '2006', 'Mission : 10388_2006', '10388_2006', 'Mission : 10388_2006',  TO_Date( '05/18/2009 12:00:00 AM', 'MM/DD/YYYY HH:MI:SS AM')
, NULL, NULL, 'PENDING', 'REVISION', 0, 0, 0, 0, 130); 
INSERT INTO MISSIONS ( ID, EXERCISE, TITLE, REFER, COMMENTS, CREATEDATE, UPDATEDATE, UPDATEDUSER,
STATUS, TYP, TOTALCOST, TOTALSCHEDULEDCOST, COUNTSCHEDULEDDAYS, VERSION,
ANNUALBUDGET_ID ) VALUES ( 
165, '2007', 'Mission : 10388_2007', '10388_2007', 'Mission : 10388_2007',  TO_Date( '05/18/2009 12:00:00 AM', 'MM/DD/YYYY HH:MI:SS AM')
, NULL, NULL, 'PENDING', 'REVISION', 0, 0, 0, 0, 139); 
INSERT INTO MISSIONS ( ID, EXERCISE, TITLE, REFER, COMMENTS, CREATEDATE, UPDATEDATE, UPDATEDUSER,
STATUS, TYP, TOTALCOST, TOTALSCHEDULEDCOST, COUNTSCHEDULEDDAYS, VERSION,
ANNUALBUDGET_ID ) VALUES ( 
166, '2008', 'Mission : 10388_2008', '10388_2008', 'Mission : 10388_2008',  TO_Date( '05/18/2009 12:00:00 AM', 'MM/DD/YYYY HH:MI:SS AM')
, NULL, NULL, 'PENDING', 'REVISION', 0, 0, 0, 0, 147); 
INSERT INTO MISSIONS ( ID, EXERCISE, TITLE, REFER, COMMENTS, CREATEDATE, UPDATEDATE, UPDATEDUSER,
STATUS, TYP, TOTALCOST, TOTALSCHEDULEDCOST, COUNTSCHEDULEDDAYS, VERSION,
ANNUALBUDGET_ID ) VALUES ( 
167, '2009', 'Mission : 10388_2009', '10388_2009', 'Mission : 10388_2009',  TO_Date( '05/18/2009 12:00:00 AM', 'MM/DD/YYYY HH:MI:SS AM')
, NULL, NULL, 'PENDING', 'REVISION', 0, 0, 0, 0, 155); 
INSERT INTO MISSIONS ( ID, EXERCISE, TITLE, REFER, COMMENTS, CREATEDATE, UPDATEDATE, UPDATEDUSER,
STATUS, TYP, TOTALCOST, TOTALSCHEDULEDCOST, COUNTSCHEDULEDDAYS, VERSION,
ANNUALBUDGET_ID ) VALUES ( 
168, '1998', 'Mission : 11261_1998', '11261_1998', 'Mission : 11261_1998',  TO_Date( '05/18/2009 12:00:00 AM', 'MM/DD/YYYY HH:MI:SS AM')
, NULL, NULL, 'PENDING', 'REVISION', 0, 0, 0, 0, 75); 
INSERT INTO MISSIONS ( ID, EXERCISE, TITLE, REFER, COMMENTS, CREATEDATE, UPDATEDATE, UPDATEDUSER,
STATUS, TYP, TOTALCOST, TOTALSCHEDULEDCOST, COUNTSCHEDULEDDAYS, VERSION,
ANNUALBUDGET_ID ) VALUES ( 
169, '1999', 'Mission : 11261_1999', '11261_1999', 'Mission : 11261_1999',  TO_Date( '05/18/2009 12:00:00 AM', 'MM/DD/YYYY HH:MI:SS AM')
, NULL, NULL, 'PENDING', 'REVISION', 0, 0, 0, 0, 80); 
INSERT INTO MISSIONS ( ID, EXERCISE, TITLE, REFER, COMMENTS, CREATEDATE, UPDATEDATE, UPDATEDUSER,
STATUS, TYP, TOTALCOST, TOTALSCHEDULEDCOST, COUNTSCHEDULEDDAYS, VERSION,
ANNUALBUDGET_ID ) VALUES ( 
170, '2000', 'Mission : 11261_2000', '11261_2000', 'Mission : 11261_2000',  TO_Date( '05/18/2009 12:00:00 AM', 'MM/DD/YYYY HH:MI:SS AM')
, NULL, NULL, 'PENDING', 'REVISION', 0, 0, 0, 0, 89); 
INSERT INTO MISSIONS ( ID, EXERCISE, TITLE, REFER, COMMENTS, CREATEDATE, UPDATEDATE, UPDATEDUSER,
STATUS, TYP, TOTALCOST, TOTALSCHEDULEDCOST, COUNTSCHEDULEDDAYS, VERSION,
ANNUALBUDGET_ID ) VALUES ( 
171, '2001', 'Mission : 11261_2001', '11261_2001', 'Mission : 11261_2001',  TO_Date( '05/18/2009 12:00:00 AM', 'MM/DD/YYYY HH:MI:SS AM')
, NULL, NULL, 'PENDING', 'REVISION', 0, 0, 0, 0, 95); 
INSERT INTO MISSIONS ( ID, EXERCISE, TITLE, REFER, COMMENTS, CREATEDATE, UPDATEDATE, UPDATEDUSER,
STATUS, TYP, TOTALCOST, TOTALSCHEDULEDCOST, COUNTSCHEDULEDDAYS, VERSION,
ANNUALBUDGET_ID ) VALUES ( 
172, '2002', 'Mission : 11261_2002', '11261_2002', 'Mission : 11261_2002',  TO_Date( '05/18/2009 12:00:00 AM', 'MM/DD/YYYY HH:MI:SS AM')
, NULL, NULL, 'PENDING', 'REVISION', 0, 0, 0, 0, 104); 
INSERT INTO MISSIONS ( ID, EXERCISE, TITLE, REFER, COMMENTS, CREATEDATE, UPDATEDATE, UPDATEDUSER,
STATUS, TYP, TOTALCOST, TOTALSCHEDULEDCOST, COUNTSCHEDULEDDAYS, VERSION,
ANNUALBUDGET_ID ) VALUES ( 
173, '2003', 'Mission : 11261_2003', '11261_2003', 'Mission : 11261_2003',  TO_Date( '05/18/2009 12:00:00 AM', 'MM/DD/YYYY HH:MI:SS AM')
, NULL, NULL, 'PENDING', 'REVISION', 0, 0, 0, 0, 112); 
INSERT INTO MISSIONS ( ID, EXERCISE, TITLE, REFER, COMMENTS, CREATEDATE, UPDATEDATE, UPDATEDUSER,
STATUS, TYP, TOTALCOST, TOTALSCHEDULEDCOST, COUNTSCHEDULEDDAYS, VERSION,
ANNUALBUDGET_ID ) VALUES ( 
174, '2004', 'Mission : 11261_2004', '11261_2004', 'Mission : 11261_2004',  TO_Date( '05/18/2009 12:00:00 AM', 'MM/DD/YYYY HH:MI:SS AM')
, NULL, NULL, 'PENDING', 'REVISION', 0, 0, 0, 0, 118); 
INSERT INTO MISSIONS ( ID, EXERCISE, TITLE, REFER, COMMENTS, CREATEDATE, UPDATEDATE, UPDATEDUSER,
STATUS, TYP, TOTALCOST, TOTALSCHEDULEDCOST, COUNTSCHEDULEDDAYS, VERSION,
ANNUALBUDGET_ID ) VALUES ( 
175, '2005', 'Mission : 11261_2005', '11261_2005', 'Mission : 11261_2005',  TO_Date( '05/18/2009 12:00:00 AM', 'MM/DD/YYYY HH:MI:SS AM')
, NULL, NULL, 'PENDING', 'REVISION', 0, 0, 0, 0, 124); 
INSERT INTO MISSIONS ( ID, EXERCISE, TITLE, REFER, COMMENTS, CREATEDATE, UPDATEDATE, UPDATEDUSER,
STATUS, TYP, TOTALCOST, TOTALSCHEDULEDCOST, COUNTSCHEDULEDDAYS, VERSION,
ANNUALBUDGET_ID ) VALUES ( 
176, '2006', 'Mission : 11261_2006', '11261_2006', 'Mission : 11261_2006',  TO_Date( '05/18/2009 12:00:00 AM', 'MM/DD/YYYY HH:MI:SS AM')
, NULL, NULL, 'PENDING', 'REVISION', 0, 0, 0, 0, 133); 
INSERT INTO MISSIONS ( ID, EXERCISE, TITLE, REFER, COMMENTS, CREATEDATE, UPDATEDATE, UPDATEDUSER,
STATUS, TYP, TOTALCOST, TOTALSCHEDULEDCOST, COUNTSCHEDULEDDAYS, VERSION,
ANNUALBUDGET_ID ) VALUES ( 
177, '2007', 'Mission : 11261_2007', '11261_2007', 'Mission : 11261_2007',  TO_Date( '05/18/2009 12:00:00 AM', 'MM/DD/YYYY HH:MI:SS AM')
, NULL, NULL, 'PENDING', 'REVISION', 0, 0, 0, 0, 140); 
INSERT INTO MISSIONS ( ID, EXERCISE, TITLE, REFER, COMMENTS, CREATEDATE, UPDATEDATE, UPDATEDUSER,
STATUS, TYP, TOTALCOST, TOTALSCHEDULEDCOST, COUNTSCHEDULEDDAYS, VERSION,
ANNUALBUDGET_ID ) VALUES ( 
178, '2008', 'Mission : 11261_2008', '11261_2008', 'Mission : 11261_2008',  TO_Date( '05/18/2009 12:00:00 AM', 'MM/DD/YYYY HH:MI:SS AM')
, NULL, NULL, 'PENDING', 'REVISION', 0, 0, 0, 0, 148); 
INSERT INTO MISSIONS ( ID, EXERCISE, TITLE, REFER, COMMENTS, CREATEDATE, UPDATEDATE, UPDATEDUSER,
STATUS, TYP, TOTALCOST, TOTALSCHEDULEDCOST, COUNTSCHEDULEDDAYS, VERSION,
ANNUALBUDGET_ID ) VALUES ( 
179, '2009', 'Mission : 11261_2009', '11261_2009', 'Mission : 11261_2009',  TO_Date( '05/18/2009 12:00:00 AM', 'MM/DD/YYYY HH:MI:SS AM')
, NULL, NULL, 'PENDING', 'REVISION', 0, 0, 0, 0, 153); 
INSERT INTO MISSIONS ( ID, EXERCISE, TITLE, REFER, COMMENTS, CREATEDATE, UPDATEDATE, UPDATEDUSER,
STATUS, TYP, TOTALCOST, TOTALSCHEDULEDCOST, COUNTSCHEDULEDDAYS, VERSION,
ANNUALBUDGET_ID ) VALUES ( 
180, '1998', 'Mission : 12084_1998', '12084_1998', 'Mission : 12084_1998',  TO_Date( '05/18/2009 12:00:00 AM', 'MM/DD/YYYY HH:MI:SS AM')
, NULL, NULL, 'PENDING', 'REVISION', 0, 0, 0, 0, 73); 
INSERT INTO MISSIONS ( ID, EXERCISE, TITLE, REFER, COMMENTS, CREATEDATE, UPDATEDATE, UPDATEDUSER,
STATUS, TYP, TOTALCOST, TOTALSCHEDULEDCOST, COUNTSCHEDULEDDAYS, VERSION,
ANNUALBUDGET_ID ) VALUES ( 
181, '1998', 'Mission : 12084_1998', '12084_1998', 'Mission : 12084_1998',  TO_Date( '05/18/2009 12:00:00 AM', 'MM/DD/YYYY HH:MI:SS AM')
, NULL, NULL, 'PENDING', 'REVISION', 0, 0, 0, 0, 74); 
INSERT INTO MISSIONS ( ID, EXERCISE, TITLE, REFER, COMMENTS, CREATEDATE, UPDATEDATE, UPDATEDUSER,
STATUS, TYP, TOTALCOST, TOTALSCHEDULEDCOST, COUNTSCHEDULEDDAYS, VERSION,
ANNUALBUDGET_ID ) VALUES ( 
182, '1999', 'Mission : 12084_1999', '12084_1999', 'Mission : 12084_1999',  TO_Date( '05/18/2009 12:00:00 AM', 'MM/DD/YYYY HH:MI:SS AM')
, NULL, NULL, 'PENDING', 'REVISION', 0, 0, 0, 0, 81); 
INSERT INTO MISSIONS ( ID, EXERCISE, TITLE, REFER, COMMENTS, CREATEDATE, UPDATEDATE, UPDATEDUSER,
STATUS, TYP, TOTALCOST, TOTALSCHEDULEDCOST, COUNTSCHEDULEDDAYS, VERSION,
ANNUALBUDGET_ID ) VALUES ( 
183, '1999', 'Mission : 12084_1999', '12084_1999', 'Mission : 12084_1999',  TO_Date( '05/18/2009 12:00:00 AM', 'MM/DD/YYYY HH:MI:SS AM')
, NULL, NULL, 'PENDING', 'REVISION', 0, 0, 0, 0, 82); 
INSERT INTO MISSIONS ( ID, EXERCISE, TITLE, REFER, COMMENTS, CREATEDATE, UPDATEDATE, UPDATEDUSER,
STATUS, TYP, TOTALCOST, TOTALSCHEDULEDCOST, COUNTSCHEDULEDDAYS, VERSION,
ANNUALBUDGET_ID ) VALUES ( 
184, '2000', 'Mission : 12084_2000', '12084_2000', 'Mission : 12084_2000',  TO_Date( '05/18/2009 12:00:00 AM', 'MM/DD/YYYY HH:MI:SS AM')
, NULL, NULL, 'PENDING', 'REVISION', 0, 0, 0, 0, 91); 
INSERT INTO MISSIONS ( ID, EXERCISE, TITLE, REFER, COMMENTS, CREATEDATE, UPDATEDATE, UPDATEDUSER,
STATUS, TYP, TOTALCOST, TOTALSCHEDULEDCOST, COUNTSCHEDULEDDAYS, VERSION,
ANNUALBUDGET_ID ) VALUES ( 
185, '2000', 'Mission : 12084_2000', '12084_2000', 'Mission : 12084_2000',  TO_Date( '05/18/2009 12:00:00 AM', 'MM/DD/YYYY HH:MI:SS AM')
, NULL, NULL, 'PENDING', 'REVISION', 0, 0, 0, 0, 92); 
INSERT INTO MISSIONS ( ID, EXERCISE, TITLE, REFER, COMMENTS, CREATEDATE, UPDATEDATE, UPDATEDUSER,
STATUS, TYP, TOTALCOST, TOTALSCHEDULEDCOST, COUNTSCHEDULEDDAYS, VERSION,
ANNUALBUDGET_ID ) VALUES ( 
186, '2001', 'Mission : 12084_2001', '12084_2001', 'Mission : 12084_2001',  TO_Date( '05/18/2009 12:00:00 AM', 'MM/DD/YYYY HH:MI:SS AM')
, NULL, NULL, 'PENDING', 'REVISION', 0, 0, 0, 0, 98); 
INSERT INTO MISSIONS ( ID, EXERCISE, TITLE, REFER, COMMENTS, CREATEDATE, UPDATEDATE, UPDATEDUSER,
STATUS, TYP, TOTALCOST, TOTALSCHEDULEDCOST, COUNTSCHEDULEDDAYS, VERSION,
ANNUALBUDGET_ID ) VALUES ( 
187, '2001', 'Mission : 12084_2001', '12084_2001', 'Mission : 12084_2001',  TO_Date( '05/18/2009 12:00:00 AM', 'MM/DD/YYYY HH:MI:SS AM')
, NULL, NULL, 'PENDING', 'REVISION', 0, 0, 0, 0, 99); 
INSERT INTO MISSIONS ( ID, EXERCISE, TITLE, REFER, COMMENTS, CREATEDATE, UPDATEDATE, UPDATEDUSER,
STATUS, TYP, TOTALCOST, TOTALSCHEDULEDCOST, COUNTSCHEDULEDDAYS, VERSION,
ANNUALBUDGET_ID ) VALUES ( 
188, '2002', 'Mission : 12084_2002', '12084_2002', 'Mission : 12084_2002',  TO_Date( '05/18/2009 12:00:00 AM', 'MM/DD/YYYY HH:MI:SS AM')
, NULL, NULL, 'PENDING', 'REVISION', 0, 0, 0, 0, 101); 
INSERT INTO MISSIONS ( ID, EXERCISE, TITLE, REFER, COMMENTS, CREATEDATE, UPDATEDATE, UPDATEDUSER,
STATUS, TYP, TOTALCOST, TOTALSCHEDULEDCOST, COUNTSCHEDULEDDAYS, VERSION,
ANNUALBUDGET_ID ) VALUES ( 
189, '2002', 'Mission : 12084_2002', '12084_2002', 'Mission : 12084_2002',  TO_Date( '05/18/2009 12:00:00 AM', 'MM/DD/YYYY HH:MI:SS AM')
, NULL, NULL, 'PENDING', 'REVISION', 0, 0, 0, 0, 103); 
INSERT INTO MISSIONS ( ID, EXERCISE, TITLE, REFER, COMMENTS, CREATEDATE, UPDATEDATE, UPDATEDUSER,
STATUS, TYP, TOTALCOST, TOTALSCHEDULEDCOST, COUNTSCHEDULEDDAYS, VERSION,
ANNUALBUDGET_ID ) VALUES ( 
190, '2003', 'Mission : 12084_2003', '12084_2003', 'Mission : 12084_2003',  TO_Date( '05/18/2009 12:00:00 AM', 'MM/DD/YYYY HH:MI:SS AM')
, NULL, NULL, 'PENDING', 'REVISION', 0, 0, 0, 0, 110); 
INSERT INTO MISSIONS ( ID, EXERCISE, TITLE, REFER, COMMENTS, CREATEDATE, UPDATEDATE, UPDATEDUSER,
STATUS, TYP, TOTALCOST, TOTALSCHEDULEDCOST, COUNTSCHEDULEDDAYS, VERSION,
ANNUALBUDGET_ID ) VALUES ( 
191, '2003', 'Mission : 12084_2003', '12084_2003', 'Mission : 12084_2003',  TO_Date( '05/18/2009 12:00:00 AM', 'MM/DD/YYYY HH:MI:SS AM')
, NULL, NULL, 'PENDING', 'REVISION', 0, 0, 0, 0, 113); 
INSERT INTO MISSIONS ( ID, EXERCISE, TITLE, REFER, COMMENTS, CREATEDATE, UPDATEDATE, UPDATEDUSER,
STATUS, TYP, TOTALCOST, TOTALSCHEDULEDCOST, COUNTSCHEDULEDDAYS, VERSION,
ANNUALBUDGET_ID ) VALUES ( 
192, '2004', 'Mission : 12084_2004', '12084_2004', 'Mission : 12084_2004',  TO_Date( '05/18/2009 12:00:00 AM', 'MM/DD/YYYY HH:MI:SS AM')
, NULL, NULL, 'PENDING', 'REVISION', 0, 0, 0, 0, 116); 
INSERT INTO MISSIONS ( ID, EXERCISE, TITLE, REFER, COMMENTS, CREATEDATE, UPDATEDATE, UPDATEDUSER,
STATUS, TYP, TOTALCOST, TOTALSCHEDULEDCOST, COUNTSCHEDULEDDAYS, VERSION,
ANNUALBUDGET_ID ) VALUES ( 
193, '2004', 'Mission : 12084_2004', '12084_2004', 'Mission : 12084_2004',  TO_Date( '05/18/2009 12:00:00 AM', 'MM/DD/YYYY HH:MI:SS AM')
, NULL, NULL, 'PENDING', 'REVISION', 0, 0, 0, 0, 120); 
INSERT INTO MISSIONS ( ID, EXERCISE, TITLE, REFER, COMMENTS, CREATEDATE, UPDATEDATE, UPDATEDUSER,
STATUS, TYP, TOTALCOST, TOTALSCHEDULEDCOST, COUNTSCHEDULEDDAYS, VERSION,
ANNUALBUDGET_ID ) VALUES ( 
194, '2005', 'Mission : 12084_2005', '12084_2005', 'Mission : 12084_2005',  TO_Date( '05/18/2009 12:00:00 AM', 'MM/DD/YYYY HH:MI:SS AM')
, NULL, NULL, 'PENDING', 'REVISION', 0, 0, 0, 0, 123); 
INSERT INTO MISSIONS ( ID, EXERCISE, TITLE, REFER, COMMENTS, CREATEDATE, UPDATEDATE, UPDATEDUSER,
STATUS, TYP, TOTALCOST, TOTALSCHEDULEDCOST, COUNTSCHEDULEDDAYS, VERSION,
ANNUALBUDGET_ID ) VALUES ( 
195, '2005', 'Mission : 12084_2005', '12084_2005', 'Mission : 12084_2005',  TO_Date( '05/18/2009 12:00:00 AM', 'MM/DD/YYYY HH:MI:SS AM')
, NULL, NULL, 'PENDING', 'REVISION', 0, 0, 0, 0, 127); 
INSERT INTO MISSIONS ( ID, EXERCISE, TITLE, REFER, COMMENTS, CREATEDATE, UPDATEDATE, UPDATEDUSER,
STATUS, TYP, TOTALCOST, TOTALSCHEDULEDCOST, COUNTSCHEDULEDDAYS, VERSION,
ANNUALBUDGET_ID ) VALUES ( 
196, '2006', 'Mission : 12084_2006', '12084_2006', 'Mission : 12084_2006',  TO_Date( '05/18/2009 12:00:00 AM', 'MM/DD/YYYY HH:MI:SS AM')
, NULL, NULL, 'PENDING', 'REVISION', 0, 0, 0, 0, 129); 
INSERT INTO MISSIONS ( ID, EXERCISE, TITLE, REFER, COMMENTS, CREATEDATE, UPDATEDATE, UPDATEDUSER,
STATUS, TYP, TOTALCOST, TOTALSCHEDULEDCOST, COUNTSCHEDULEDDAYS, VERSION,
ANNUALBUDGET_ID ) VALUES ( 
197, '2006', 'Mission : 12084_2006', '12084_2006', 'Mission : 12084_2006',  TO_Date( '05/18/2009 12:00:00 AM', 'MM/DD/YYYY HH:MI:SS AM')
, NULL, NULL, 'PENDING', 'REVISION', 0, 0, 0, 0, 131); 
INSERT INTO MISSIONS ( ID, EXERCISE, TITLE, REFER, COMMENTS, CREATEDATE, UPDATEDATE, UPDATEDUSER,
STATUS, TYP, TOTALCOST, TOTALSCHEDULEDCOST, COUNTSCHEDULEDDAYS, VERSION,
ANNUALBUDGET_ID ) VALUES ( 
198, '2007', 'Mission : 12084_2007', '12084_2007', 'Mission : 12084_2007',  TO_Date( '05/18/2009 12:00:00 AM', 'MM/DD/YYYY HH:MI:SS AM')
, NULL, NULL, 'PENDING', 'REVISION', 0, 0, 0, 0, 137); 
INSERT INTO MISSIONS ( ID, EXERCISE, TITLE, REFER, COMMENTS, CREATEDATE, UPDATEDATE, UPDATEDUSER,
STATUS, TYP, TOTALCOST, TOTALSCHEDULEDCOST, COUNTSCHEDULEDDAYS, VERSION,
ANNUALBUDGET_ID ) VALUES ( 
199, '2007', 'Mission : 12084_2007', '12084_2007', 'Mission : 12084_2007',  TO_Date( '05/18/2009 12:00:00 AM', 'MM/DD/YYYY HH:MI:SS AM')
, NULL, NULL, 'PENDING', 'REVISION', 0, 0, 0, 0, 138); 
INSERT INTO MISSIONS ( ID, EXERCISE, TITLE, REFER, COMMENTS, CREATEDATE, UPDATEDATE, UPDATEDUSER,
STATUS, TYP, TOTALCOST, TOTALSCHEDULEDCOST, COUNTSCHEDULEDDAYS, VERSION,
ANNUALBUDGET_ID ) VALUES ( 
200, '2008', 'Mission : 12084_2008', '12084_2008', 'Mission : 12084_2008',  TO_Date( '05/18/2009 12:00:00 AM', 'MM/DD/YYYY HH:MI:SS AM')
, NULL, NULL, 'PENDING', 'REVISION', 0, 0, 0, 0, 144); 
INSERT INTO MISSIONS ( ID, EXERCISE, TITLE, REFER, COMMENTS, CREATEDATE, UPDATEDATE, UPDATEDUSER,
STATUS, TYP, TOTALCOST, TOTALSCHEDULEDCOST, COUNTSCHEDULEDDAYS, VERSION,
ANNUALBUDGET_ID ) VALUES ( 
201, '2008', 'Mission : 12084_2008', '12084_2008', 'Mission : 12084_2008',  TO_Date( '05/18/2009 12:00:00 AM', 'MM/DD/YYYY HH:MI:SS AM')
, NULL, NULL, 'PENDING', 'REVISION', 0, 0, 0, 0, 145); 
INSERT INTO MISSIONS ( ID, EXERCISE, TITLE, REFER, COMMENTS, CREATEDATE, UPDATEDATE, UPDATEDUSER,
STATUS, TYP, TOTALCOST, TOTALSCHEDULEDCOST, COUNTSCHEDULEDDAYS, VERSION,
ANNUALBUDGET_ID ) VALUES ( 
202, '2009', 'Mission : 12084_2009', '12084_2009', 'Mission : 12084_2009',  TO_Date( '05/18/2009 12:00:00 AM', 'MM/DD/YYYY HH:MI:SS AM')
, NULL, NULL, 'PENDING', 'REVISION', 0, 0, 0, 0, 150); 
INSERT INTO MISSIONS ( ID, EXERCISE, TITLE, REFER, COMMENTS, CREATEDATE, UPDATEDATE, UPDATEDUSER,
STATUS, TYP, TOTALCOST, TOTALSCHEDULEDCOST, COUNTSCHEDULEDDAYS, VERSION,
ANNUALBUDGET_ID ) VALUES ( 
203, '2009', 'Mission : 12084_2009', '12084_2009', 'Mission : 12084_2009',  TO_Date( '05/18/2009 12:00:00 AM', 'MM/DD/YYYY HH:MI:SS AM')
, NULL, NULL, 'PENDING', 'REVISION', 0, 0, 0, 0, 151); 
INSERT INTO MISSIONS ( ID, EXERCISE, TITLE, REFER, COMMENTS, CREATEDATE, UPDATEDATE, UPDATEDUSER,
STATUS, TYP, TOTALCOST, TOTALSCHEDULEDCOST, COUNTSCHEDULEDDAYS, VERSION,
ANNUALBUDGET_ID ) VALUES ( 
204, '1998', 'Mission : 16000_1998', '16000_1998', 'Mission : 16000_1998',  TO_Date( '05/18/2009 12:00:00 AM', 'MM/DD/YYYY HH:MI:SS AM')
, NULL, NULL, 'PENDING', 'REVISION', 0, 0, 0, 0, 77); 
INSERT INTO MISSIONS ( ID, EXERCISE, TITLE, REFER, COMMENTS, CREATEDATE, UPDATEDATE, UPDATEDUSER,
STATUS, TYP, TOTALCOST, TOTALSCHEDULEDCOST, COUNTSCHEDULEDDAYS, VERSION,
ANNUALBUDGET_ID ) VALUES ( 
205, '1999', 'Mission : 16000_1999', '16000_1999', 'Mission : 16000_1999',  TO_Date( '05/18/2009 12:00:00 AM', 'MM/DD/YYYY HH:MI:SS AM')
, NULL, NULL, 'PENDING', 'REVISION', 0, 0, 0, 0, 83); 
INSERT INTO MISSIONS ( ID, EXERCISE, TITLE, REFER, COMMENTS, CREATEDATE, UPDATEDATE, UPDATEDUSER,
STATUS, TYP, TOTALCOST, TOTALSCHEDULEDCOST, COUNTSCHEDULEDDAYS, VERSION,
ANNUALBUDGET_ID ) VALUES ( 
206, '2000', 'Mission : 16000_2000', '16000_2000', 'Mission : 16000_2000',  TO_Date( '05/18/2009 12:00:00 AM', 'MM/DD/YYYY HH:MI:SS AM')
, NULL, NULL, 'PENDING', 'REVISION', 0, 0, 0, 0, 88); 
INSERT INTO MISSIONS ( ID, EXERCISE, TITLE, REFER, COMMENTS, CREATEDATE, UPDATEDATE, UPDATEDUSER,
STATUS, TYP, TOTALCOST, TOTALSCHEDULEDCOST, COUNTSCHEDULEDDAYS, VERSION,
ANNUALBUDGET_ID ) VALUES ( 
207, '2001', 'Mission : 16000_2001', '16000_2001', 'Mission : 16000_2001',  TO_Date( '05/18/2009 12:00:00 AM', 'MM/DD/YYYY HH:MI:SS AM')
, NULL, NULL, 'PENDING', 'REVISION', 0, 0, 0, 0, 94); 
INSERT INTO MISSIONS ( ID, EXERCISE, TITLE, REFER, COMMENTS, CREATEDATE, UPDATEDATE, UPDATEDUSER,
STATUS, TYP, TOTALCOST, TOTALSCHEDULEDCOST, COUNTSCHEDULEDDAYS, VERSION,
ANNUALBUDGET_ID ) VALUES ( 
208, '2002', 'Mission : 16000_2002', '16000_2002', 'Mission : 16000_2002',  TO_Date( '05/18/2009 12:00:00 AM', 'MM/DD/YYYY HH:MI:SS AM')
, NULL, NULL, 'PENDING', 'REVISION', 0, 0, 0, 0, 102); 
INSERT INTO MISSIONS ( ID, EXERCISE, TITLE, REFER, COMMENTS, CREATEDATE, UPDATEDATE, UPDATEDUSER,
STATUS, TYP, TOTALCOST, TOTALSCHEDULEDCOST, COUNTSCHEDULEDDAYS, VERSION,
ANNUALBUDGET_ID ) VALUES ( 
209, '2003', 'Mission : 16000_2003', '16000_2003', 'Mission : 16000_2003',  TO_Date( '05/18/2009 12:00:00 AM', 'MM/DD/YYYY HH:MI:SS AM')
, NULL, NULL, 'PENDING', 'REVISION', 0, 0, 0, 0, 108); 
INSERT INTO MISSIONS ( ID, EXERCISE, TITLE, REFER, COMMENTS, CREATEDATE, UPDATEDATE, UPDATEDUSER,
STATUS, TYP, TOTALCOST, TOTALSCHEDULEDCOST, COUNTSCHEDULEDDAYS, VERSION,
ANNUALBUDGET_ID ) VALUES ( 
210, '2004', 'Mission : 16000_2004', '16000_2004', 'Mission : 16000_2004',  TO_Date( '05/18/2009 12:00:00 AM', 'MM/DD/YYYY HH:MI:SS AM')
, NULL, NULL, 'PENDING', 'REVISION', 0, 0, 0, 0, 117); 
INSERT INTO MISSIONS ( ID, EXERCISE, TITLE, REFER, COMMENTS, CREATEDATE, UPDATEDATE, UPDATEDUSER,
STATUS, TYP, TOTALCOST, TOTALSCHEDULEDCOST, COUNTSCHEDULEDDAYS, VERSION,
ANNUALBUDGET_ID ) VALUES ( 
211, '2005', 'Mission : 16000_2005', '16000_2005', 'Mission : 16000_2005',  TO_Date( '05/18/2009 12:00:00 AM', 'MM/DD/YYYY HH:MI:SS AM')
, NULL, NULL, 'PENDING', 'REVISION', 0, 0, 0, 0, 126); 
INSERT INTO MISSIONS ( ID, EXERCISE, TITLE, REFER, COMMENTS, CREATEDATE, UPDATEDATE, UPDATEDUSER,
STATUS, TYP, TOTALCOST, TOTALSCHEDULEDCOST, COUNTSCHEDULEDDAYS, VERSION,
ANNUALBUDGET_ID ) VALUES ( 
212, '2006', 'Mission : 16000_2006', '16000_2006', 'Mission : 16000_2006',  TO_Date( '05/18/2009 12:00:00 AM', 'MM/DD/YYYY HH:MI:SS AM')
, NULL, NULL, 'PENDING', 'REVISION', 0, 0, 0, 0, 132); 
INSERT INTO MISSIONS ( ID, EXERCISE, TITLE, REFER, COMMENTS, CREATEDATE, UPDATEDATE, UPDATEDUSER,
STATUS, TYP, TOTALCOST, TOTALSCHEDULEDCOST, COUNTSCHEDULEDDAYS, VERSION,
ANNUALBUDGET_ID ) VALUES ( 
213, '2007', 'Mission : 16000_2007', '16000_2007', 'Mission : 16000_2007',  TO_Date( '05/18/2009 12:00:00 AM', 'MM/DD/YYYY HH:MI:SS AM')
, NULL, NULL, 'PENDING', 'REVISION', 0, 0, 0, 0, 141); 
INSERT INTO MISSIONS ( ID, EXERCISE, TITLE, REFER, COMMENTS, CREATEDATE, UPDATEDATE, UPDATEDUSER,
STATUS, TYP, TOTALCOST, TOTALSCHEDULEDCOST, COUNTSCHEDULEDDAYS, VERSION,
ANNUALBUDGET_ID ) VALUES ( 
214, '2008', 'Mission : 16000_2008', '16000_2008', 'Mission : 16000_2008',  TO_Date( '05/18/2009 12:00:00 AM', 'MM/DD/YYYY HH:MI:SS AM')
, NULL, NULL, 'PENDING', 'REVISION', 0, 0, 0, 0, 146); 
INSERT INTO MISSIONS ( ID, EXERCISE, TITLE, REFER, COMMENTS, CREATEDATE, UPDATEDATE, UPDATEDUSER,
STATUS, TYP, TOTALCOST, TOTALSCHEDULEDCOST, COUNTSCHEDULEDDAYS, VERSION,
ANNUALBUDGET_ID ) VALUES ( 
215, '2009', 'Mission : 16000_2009', '16000_2009', 'Mission : 16000_2009',  TO_Date( '05/18/2009 12:00:00 AM', 'MM/DD/YYYY HH:MI:SS AM')
, NULL, NULL, 'PENDING', 'REVISION', 0, 0, 0, 0, 152); 
INSERT INTO MISSIONS ( ID, EXERCISE, TITLE, REFER, COMMENTS, CREATEDATE, UPDATEDATE, UPDATEDUSER,
STATUS, TYP, TOTALCOST, TOTALSCHEDULEDCOST, COUNTSCHEDULEDDAYS, VERSION,
ANNUALBUDGET_ID ) VALUES ( 
216, '1998', 'Mission : 82633_1998', '82633_1998', 'Mission : 82633_1998',  TO_Date( '05/18/2009 12:00:00 AM', 'MM/DD/YYYY HH:MI:SS AM')
, NULL, NULL, 'PENDING', 'REVISION', 0, 0, 0, 0, 78); 
INSERT INTO MISSIONS ( ID, EXERCISE, TITLE, REFER, COMMENTS, CREATEDATE, UPDATEDATE, UPDATEDUSER,
STATUS, TYP, TOTALCOST, TOTALSCHEDULEDCOST, COUNTSCHEDULEDDAYS, VERSION,
ANNUALBUDGET_ID ) VALUES ( 
217, '1999', 'Mission : 82633_1999', '82633_1999', 'Mission : 82633_1999',  TO_Date( '05/18/2009 12:00:00 AM', 'MM/DD/YYYY HH:MI:SS AM')
, NULL, NULL, 'PENDING', 'REVISION', 0, 0, 0, 0, 85); 
INSERT INTO MISSIONS ( ID, EXERCISE, TITLE, REFER, COMMENTS, CREATEDATE, UPDATEDATE, UPDATEDUSER,
STATUS, TYP, TOTALCOST, TOTALSCHEDULEDCOST, COUNTSCHEDULEDDAYS, VERSION,
ANNUALBUDGET_ID ) VALUES ( 
218, '2000', 'Mission : 82633_2000', '82633_2000', 'Mission : 82633_2000',  TO_Date( '05/18/2009 12:00:00 AM', 'MM/DD/YYYY HH:MI:SS AM')
, NULL, NULL, 'PENDING', 'REVISION', 0, 0, 0, 0, 90); 
INSERT INTO MISSIONS ( ID, EXERCISE, TITLE, REFER, COMMENTS, CREATEDATE, UPDATEDATE, UPDATEDUSER,
STATUS, TYP, TOTALCOST, TOTALSCHEDULEDCOST, COUNTSCHEDULEDDAYS, VERSION,
ANNUALBUDGET_ID ) VALUES ( 
219, '2001', 'Mission : 82633_2001', '82633_2001', 'Mission : 82633_2001',  TO_Date( '05/18/2009 12:00:00 AM', 'MM/DD/YYYY HH:MI:SS AM')
, NULL, NULL, 'PENDING', 'REVISION', 0, 0, 0, 0, 96); 
INSERT INTO MISSIONS ( ID, EXERCISE, TITLE, REFER, COMMENTS, CREATEDATE, UPDATEDATE, UPDATEDUSER,
STATUS, TYP, TOTALCOST, TOTALSCHEDULEDCOST, COUNTSCHEDULEDDAYS, VERSION,
ANNUALBUDGET_ID ) VALUES ( 
220, '2002', 'Mission : 82633_2002', '82633_2002', 'Mission : 82633_2002',  TO_Date( '05/18/2009 12:00:00 AM', 'MM/DD/YYYY HH:MI:SS AM')
, NULL, NULL, 'PENDING', 'REVISION', 0, 0, 0, 0, 105); 
INSERT INTO MISSIONS ( ID, EXERCISE, TITLE, REFER, COMMENTS, CREATEDATE, UPDATEDATE, UPDATEDUSER,
STATUS, TYP, TOTALCOST, TOTALSCHEDULEDCOST, COUNTSCHEDULEDDAYS, VERSION,
ANNUALBUDGET_ID ) VALUES ( 
221, '2003', 'Mission : 82633_2003', '82633_2003', 'Mission : 82633_2003',  TO_Date( '05/18/2009 12:00:00 AM', 'MM/DD/YYYY HH:MI:SS AM')
, NULL, NULL, 'PENDING', 'REVISION', 0, 0, 0, 0, 109); 
INSERT INTO MISSIONS ( ID, EXERCISE, TITLE, REFER, COMMENTS, CREATEDATE, UPDATEDATE, UPDATEDUSER,
STATUS, TYP, TOTALCOST, TOTALSCHEDULEDCOST, COUNTSCHEDULEDDAYS, VERSION,
ANNUALBUDGET_ID ) VALUES ( 
222, '2004', 'Mission : 82633_2004', '82633_2004', 'Mission : 82633_2004',  TO_Date( '05/18/2009 12:00:00 AM', 'MM/DD/YYYY HH:MI:SS AM')
, NULL, NULL, 'PENDING', 'REVISION', 0, 0, 0, 0, 119); 
INSERT INTO MISSIONS ( ID, EXERCISE, TITLE, REFER, COMMENTS, CREATEDATE, UPDATEDATE, UPDATEDUSER,
STATUS, TYP, TOTALCOST, TOTALSCHEDULEDCOST, COUNTSCHEDULEDDAYS, VERSION,
ANNUALBUDGET_ID ) VALUES ( 
223, '2005', 'Mission : 82633_2005', '82633_2005', 'Mission : 82633_2005',  TO_Date( '05/18/2009 12:00:00 AM', 'MM/DD/YYYY HH:MI:SS AM')
, NULL, NULL, 'PENDING', 'REVISION', 0, 0, 0, 0, 125); 
INSERT INTO MISSIONS ( ID, EXERCISE, TITLE, REFER, COMMENTS, CREATEDATE, UPDATEDATE, UPDATEDUSER,
STATUS, TYP, TOTALCOST, TOTALSCHEDULEDCOST, COUNTSCHEDULEDDAYS, VERSION,
ANNUALBUDGET_ID ) VALUES ( 
224, '2006', 'Mission : 82633_2006', '82633_2006', 'Mission : 82633_2006',  TO_Date( '05/18/2009 12:00:00 AM', 'MM/DD/YYYY HH:MI:SS AM')
, NULL, NULL, 'PENDING', 'REVISION', 0, 0, 0, 0, 134); 
INSERT INTO MISSIONS ( ID, EXERCISE, TITLE, REFER, COMMENTS, CREATEDATE, UPDATEDATE, UPDATEDUSER,
STATUS, TYP, TOTALCOST, TOTALSCHEDULEDCOST, COUNTSCHEDULEDDAYS, VERSION,
ANNUALBUDGET_ID ) VALUES ( 
225, '2007', 'Mission : 82633_2007', '82633_2007', 'Mission : 82633_2007',  TO_Date( '05/18/2009 12:00:00 AM', 'MM/DD/YYYY HH:MI:SS AM')
, NULL, NULL, 'PENDING', 'REVISION', 0, 0, 0, 0, 136); 
INSERT INTO MISSIONS ( ID, EXERCISE, TITLE, REFER, COMMENTS, CREATEDATE, UPDATEDATE, UPDATEDUSER,
STATUS, TYP, TOTALCOST, TOTALSCHEDULEDCOST, COUNTSCHEDULEDDAYS, VERSION,
ANNUALBUDGET_ID ) VALUES ( 
226, '2008', 'Mission : 82633_2008', '82633_2008', 'Mission : 82633_2008',  TO_Date( '05/18/2009 12:00:00 AM', 'MM/DD/YYYY HH:MI:SS AM')
, NULL, NULL, 'PENDING', 'REVISION', 0, 0, 0, 0, 143); 
INSERT INTO MISSIONS ( ID, EXERCISE, TITLE, REFER, COMMENTS, CREATEDATE, UPDATEDATE, UPDATEDUSER,
STATUS, TYP, TOTALCOST, TOTALSCHEDULEDCOST, COUNTSCHEDULEDDAYS, VERSION,
ANNUALBUDGET_ID ) VALUES ( 
227, '2009', 'Mission : 82633_2009', '82633_2009', 'Mission : 82633_2009',  TO_Date( '05/18/2009 12:00:00 AM', 'MM/DD/YYYY HH:MI:SS AM')
, NULL, NULL, 'PENDING', 'REVISION', 0, 0, 0, 0, 154); 
commit;


INSERT INTO ACTIVITIES ( DTYPE, ID, PRESTATION, REFERENCE, DESCRIPTION, VERSION, STARTDATE, ENDDATE,
TOTALESTIMATEDHOURS, TOTALWORKEDHOURS, STATUS, MISSION_ID, FK_EMPLOYEE, FK_PROFILE,
FK_TASK,PUBLISHED ) VALUES ( 
'Intervention', 228, '4000', 'T_1', 'Planning-budget', 0,  TO_Date( '05/18/2009 12:00:00 AM', 'MM/DD/YYYY HH:MI:SS AM')
,  TO_Date( '05/18/2009 12:00:00 AM', 'MM/DD/YYYY HH:MI:SS AM'), 10, 12, 'PENDING'
, 204, 131, 3, 14,0); 

INSERT INTO ACTIVITIES ( DTYPE, ID, PRESTATION, REFERENCE, DESCRIPTION, VERSION, STARTDATE, ENDDATE,
TOTALESTIMATEDHOURS, TOTALWORKEDHOURS, STATUS, MISSION_ID, FK_EMPLOYEE, FK_PROFILE,
FK_TASK,PUBLISHED ) VALUES ( 
'Intervention', 229, '4000', 'T_2', 'Planning-budget', 0,  TO_Date( '05/18/2009 12:00:00 AM', 'MM/DD/YYYY HH:MI:SS AM')
,  TO_Date( '05/18/2009 12:00:00 AM', 'MM/DD/YYYY HH:MI:SS AM'), 10, 12, 'PENDING'
, 204, 133, 1, 14,0);

INSERT INTO ACTIVITIES ( DTYPE, ID, PRESTATION, REFERENCE, DESCRIPTION, VERSION, STARTDATE, ENDDATE,
TOTALESTIMATEDHOURS, TOTALWORKEDHOURS, STATUS, MISSION_ID, FK_EMPLOYEE, FK_PROFILE,
FK_TASK,PUBLISHED ) VALUES ( 
'Intervention', 230, '4000', 'T_3', 'Planning-budget', 0,  TO_Date( '05/18/2009 12:00:00 AM', 'MM/DD/YYYY HH:MI:SS AM')
,  TO_Date( '05/18/2009 12:00:00 AM', 'MM/DD/YYYY HH:MI:SS AM'), 10, 12, 'PENDING'
, 204, 132, 2, 14,0); 

INSERT INTO ACTIVITIES ( DTYPE, ID, PRESTATION, REFERENCE, DESCRIPTION, VERSION, STARTDATE, ENDDATE,
TOTALESTIMATEDHOURS, TOTALWORKEDHOURS, STATUS, MISSION_ID, FK_EMPLOYEE, FK_PROFILE,
FK_TASK,PUBLISHED ) VALUES ( 
'Intervention', 231, '4000', 'T_4', 'Planning-budget', 0,  TO_Date( '05/18/2009 12:00:00 AM', 'MM/DD/YYYY HH:MI:SS AM')
,  TO_Date( '05/18/2009 12:00:00 AM', 'MM/DD/YYYY HH:MI:SS AM'), 10, 12, 'PENDING'
, 204, 130, 4, 14,0); 

INSERT INTO ACTIVITIES ( DTYPE, ID, PRESTATION, REFERENCE, DESCRIPTION, VERSION, STARTDATE, ENDDATE,
TOTALESTIMATEDHOURS, TOTALWORKEDHOURS, STATUS, MISSION_ID, FK_EMPLOYEE, FK_PROFILE,
FK_TASK,PUBLISHED ) VALUES ( 
'Intervention', 232, '4000', 'T_1', 'Planning-budget', 0,  TO_Date( '05/18/2009 12:00:00 AM', 'MM/DD/YYYY HH:MI:SS AM')
,  TO_Date( '05/18/2009 12:00:00 AM', 'MM/DD/YYYY HH:MI:SS AM'), 10, 12, 'PENDING'
, 205, 131, 3, 14 ,0); 

INSERT INTO ACTIVITIES ( DTYPE, ID, PRESTATION, REFERENCE, DESCRIPTION, VERSION, STARTDATE, ENDDATE,
TOTALESTIMATEDHOURS, TOTALWORKEDHOURS, STATUS, MISSION_ID, FK_EMPLOYEE, FK_PROFILE,
FK_TASK,PUBLISHED ) VALUES ( 
'Intervention', 233, '4000', 'T_2', 'Planning-budget', 0,  TO_Date( '05/18/2009 12:00:00 AM', 'MM/DD/YYYY HH:MI:SS AM')
,  TO_Date( '05/18/2009 12:00:00 AM', 'MM/DD/YYYY HH:MI:SS AM'), 10, 12, 'PENDING'
, 205, 133, 1, 14,0); 

INSERT INTO ACTIVITIES ( DTYPE, ID, PRESTATION, REFERENCE, DESCRIPTION, VERSION, STARTDATE, ENDDATE,
TOTALESTIMATEDHOURS, TOTALWORKEDHOURS, STATUS, MISSION_ID, FK_EMPLOYEE, FK_PROFILE,
FK_TASK,PUBLISHED ) VALUES ( 
'Intervention', 234, '4000', 'T_3', 'Planning-budget', 0,  TO_Date( '05/18/2009 12:00:00 AM', 'MM/DD/YYYY HH:MI:SS AM')
,  TO_Date( '05/18/2009 12:00:00 AM', 'MM/DD/YYYY HH:MI:SS AM'), 10, 12, 'PENDING'
, 205, 132, 2, 14,0); 

INSERT INTO ACTIVITIES ( DTYPE, ID, PRESTATION, REFERENCE, DESCRIPTION, VERSION, STARTDATE, ENDDATE,
TOTALESTIMATEDHOURS, TOTALWORKEDHOURS, STATUS, MISSION_ID, FK_EMPLOYEE, FK_PROFILE,
FK_TASK,PUBLISHED ) VALUES ( 
'Intervention', 235, '4000', 'T_4', 'Planning-budget', 0,  TO_Date( '05/18/2009 12:00:00 AM', 'MM/DD/YYYY HH:MI:SS AM')
,  TO_Date( '05/18/2009 12:00:00 AM', 'MM/DD/YYYY HH:MI:SS AM'), 10, 12, 'PENDING'
, 205, 130, 4, 14,0); 

INSERT INTO ACTIVITIES ( DTYPE, ID, PRESTATION, REFERENCE, DESCRIPTION, VERSION, STARTDATE, ENDDATE,
TOTALESTIMATEDHOURS, TOTALWORKEDHOURS, STATUS, MISSION_ID, FK_EMPLOYEE, FK_PROFILE,
FK_TASK,PUBLISHED ) VALUES ( 
'Intervention', 236, '4000', 'T_1', 'Planning-budget', 0,  TO_Date( '05/18/2009 12:00:00 AM', 'MM/DD/YYYY HH:MI:SS AM')
,  TO_Date( '05/18/2009 12:00:00 AM', 'MM/DD/YYYY HH:MI:SS AM'), 10, 12, 'PENDING'
, 207, 131, 3, 14,0); 

INSERT INTO ACTIVITIES ( DTYPE, ID, PRESTATION, REFERENCE, DESCRIPTION, VERSION, STARTDATE, ENDDATE,
TOTALESTIMATEDHOURS, TOTALWORKEDHOURS, STATUS, MISSION_ID, FK_EMPLOYEE, FK_PROFILE,
FK_TASK,PUBLISHED ) VALUES ( 
'Intervention', 237, '4000', 'T_2', 'Planning-budget', 0,  TO_Date( '05/18/2009 12:00:00 AM', 'MM/DD/YYYY HH:MI:SS AM')
,  TO_Date( '05/18/2009 12:00:00 AM', 'MM/DD/YYYY HH:MI:SS AM'), 10, 12, 'PENDING'
, 207, 133, 1, 14,0); 

INSERT INTO ACTIVITIES ( DTYPE, ID, PRESTATION, REFERENCE, DESCRIPTION, VERSION, STARTDATE, ENDDATE,
TOTALESTIMATEDHOURS, TOTALWORKEDHOURS, STATUS, MISSION_ID, FK_EMPLOYEE, FK_PROFILE,
FK_TASK,PUBLISHED ) VALUES ( 
'Intervention', 238, '4000', 'T_3', 'Planning-budget', 0,  TO_Date( '05/18/2009 12:00:00 AM', 'MM/DD/YYYY HH:MI:SS AM')
,  TO_Date( '05/18/2009 12:00:00 AM', 'MM/DD/YYYY HH:MI:SS AM'), 10, 12, 'PENDING'
, 207, 132, 2, 14,0); 

INSERT INTO ACTIVITIES ( DTYPE, ID, PRESTATION, REFERENCE, DESCRIPTION, VERSION, STARTDATE, ENDDATE,
TOTALESTIMATEDHOURS, TOTALWORKEDHOURS, STATUS, MISSION_ID, FK_EMPLOYEE, FK_PROFILE,
FK_TASK,PUBLISHED ) VALUES ( 
'Intervention', 239, '4000', 'T_4', 'Planning-budget', 0,  TO_Date( '05/18/2009 12:00:00 AM', 'MM/DD/YYYY HH:MI:SS AM')
,  TO_Date( '05/18/2009 12:00:00 AM', 'MM/DD/YYYY HH:MI:SS AM'), 10, 12, 'PENDING'
, 207, 130, 4, 14,0); 

INSERT INTO ACTIVITIES ( DTYPE, ID, PRESTATION, REFERENCE, DESCRIPTION, VERSION, STARTDATE, ENDDATE,
TOTALESTIMATEDHOURS, TOTALWORKEDHOURS, STATUS, MISSION_ID, FK_EMPLOYEE, FK_PROFILE,
FK_TASK ,PUBLISHED) VALUES ( 
'Intervention', 240, '4000', 'T_1', 'Planning-budget', 0,  TO_Date( '05/18/2009 12:00:00 AM', 'MM/DD/YYYY HH:MI:SS AM')
,  TO_Date( '05/18/2009 12:00:00 AM', 'MM/DD/YYYY HH:MI:SS AM'), 10, 12, 'PENDING'
, 208, 131, 3, 14, 0); 

INSERT INTO ACTIVITIES ( DTYPE, ID, PRESTATION, REFERENCE, DESCRIPTION, VERSION, STARTDATE, ENDDATE,
TOTALESTIMATEDHOURS, TOTALWORKEDHOURS, STATUS, MISSION_ID, FK_EMPLOYEE, FK_PROFILE,
FK_TASK,PUBLISHED ) VALUES ( 
'Intervention', 241, '4000', 'T_2', 'Planning-budget', 0,  TO_Date( '05/18/2009 12:00:00 AM', 'MM/DD/YYYY HH:MI:SS AM')
,  TO_Date( '05/18/2009 12:00:00 AM', 'MM/DD/YYYY HH:MI:SS AM'), 10, 12, 'PENDING'
, 208, 133, 1, 14,0); 

INSERT INTO ACTIVITIES ( DTYPE, ID, PRESTATION, REFERENCE, DESCRIPTION, VERSION, STARTDATE, ENDDATE,
TOTALESTIMATEDHOURS, TOTALWORKEDHOURS, STATUS, MISSION_ID, FK_EMPLOYEE, FK_PROFILE,
FK_TASK ,PUBLISHED) VALUES ( 
'Intervention', 242, '4000', 'T_3', 'Planning-budget', 0,  TO_Date( '05/18/2009 12:00:00 AM', 'MM/DD/YYYY HH:MI:SS AM')
,  TO_Date( '05/18/2009 12:00:00 AM', 'MM/DD/YYYY HH:MI:SS AM'), 10, 12, 'PENDING'
, 208, 132, 2, 14,0); 

INSERT INTO ACTIVITIES ( DTYPE, ID, PRESTATION, REFERENCE, DESCRIPTION, VERSION, STARTDATE, ENDDATE,
TOTALESTIMATEDHOURS, TOTALWORKEDHOURS, STATUS, MISSION_ID, FK_EMPLOYEE, FK_PROFILE,
FK_TASK,PUBLISHED ) VALUES ( 
'Intervention', 243, '4000', 'T_4', 'Planning-budget', 0,  TO_Date( '05/18/2009 12:00:00 AM', 'MM/DD/YYYY HH:MI:SS AM')
,  TO_Date( '05/18/2009 12:00:00 AM', 'MM/DD/YYYY HH:MI:SS AM'), 10, 12, 'PENDING'
, 208, 130, 4, 14,0); 

INSERT INTO ACTIVITIES ( DTYPE, ID, PRESTATION, REFERENCE, DESCRIPTION, VERSION, STARTDATE, ENDDATE,
TOTALESTIMATEDHOURS, TOTALWORKEDHOURS, STATUS, MISSION_ID, FK_EMPLOYEE, FK_PROFILE,
FK_TASK,PUBLISHED ) VALUES ( 
'Intervention', 244, '4000', 'T_1', 'Planning-budget', 0,  TO_Date( '05/18/2009 12:00:00 AM', 'MM/DD/YYYY HH:MI:SS AM')
,  TO_Date( '05/18/2009 12:00:00 AM', 'MM/DD/YYYY HH:MI:SS AM'), 10, 12, 'PENDING'
, 206, 131, 3, 14,0); 

INSERT INTO ACTIVITIES ( DTYPE, ID, PRESTATION, REFERENCE, DESCRIPTION, VERSION, STARTDATE, ENDDATE,
TOTALESTIMATEDHOURS, TOTALWORKEDHOURS, STATUS, MISSION_ID, FK_EMPLOYEE, FK_PROFILE,
FK_TASK,PUBLISHED ) VALUES ( 
'Intervention', 245, '4000', 'T_2', 'Planning-budget', 0,  TO_Date( '05/18/2009 12:00:00 AM', 'MM/DD/YYYY HH:MI:SS AM')
,  TO_Date( '05/18/2009 12:00:00 AM', 'MM/DD/YYYY HH:MI:SS AM'), 10, 12, 'PENDING'
, 206, 133, 1, 14,0); 

INSERT INTO ACTIVITIES ( DTYPE, ID, PRESTATION, REFERENCE, DESCRIPTION, VERSION, STARTDATE, ENDDATE,
TOTALESTIMATEDHOURS, TOTALWORKEDHOURS, STATUS, MISSION_ID, FK_EMPLOYEE, FK_PROFILE,
FK_TASK,PUBLISHED ) VALUES ( 
'Intervention', 246, '4000', 'T_3', 'Planning-budget', 0,  TO_Date( '05/18/2009 12:00:00 AM', 'MM/DD/YYYY HH:MI:SS AM')
,  TO_Date( '05/18/2009 12:00:00 AM', 'MM/DD/YYYY HH:MI:SS AM'), 10, 12, 'PENDING'
, 206, 132, 2, 14,0); 

INSERT INTO ACTIVITIES ( DTYPE, ID, PRESTATION, REFERENCE, DESCRIPTION, VERSION, STARTDATE, ENDDATE,
TOTALESTIMATEDHOURS, TOTALWORKEDHOURS, STATUS, MISSION_ID, FK_EMPLOYEE, FK_PROFILE,
FK_TASK,PUBLISHED ) VALUES ( 
'Intervention', 247, '4000', 'T_4', 'Planning-budget', 0,  TO_Date( '05/18/2009 12:00:00 AM', 'MM/DD/YYYY HH:MI:SS AM')
,  TO_Date( '05/18/2009 12:00:00 AM', 'MM/DD/YYYY HH:MI:SS AM'), 10, 12, 'PENDING'
, 206, 130, 4, 14,0); 

INSERT INTO ACTIVITIES ( DTYPE, ID, PRESTATION, REFERENCE, DESCRIPTION, VERSION, STARTDATE, ENDDATE,
TOTALESTIMATEDHOURS, TOTALWORKEDHOURS, STATUS, MISSION_ID, FK_EMPLOYEE, FK_PROFILE,
FK_TASK,PUBLISHED ) VALUES ( 
'Intervention', 248, '4000', 'T_1', 'Planning-budget', 0,  TO_Date( '05/18/2009 12:00:00 AM', 'MM/DD/YYYY HH:MI:SS AM')
,  TO_Date( '05/18/2009 12:00:00 AM', 'MM/DD/YYYY HH:MI:SS AM'), 10, 12, 'PENDING'
, 209, 131, 3, 14,0); 

INSERT INTO ACTIVITIES ( DTYPE, ID, PRESTATION, REFERENCE, DESCRIPTION, VERSION, STARTDATE, ENDDATE,
TOTALESTIMATEDHOURS, TOTALWORKEDHOURS, STATUS, MISSION_ID, FK_EMPLOYEE, FK_PROFILE,
FK_TASK,PUBLISHED ) VALUES ( 
'Intervention', 249, '4000', 'T_2', 'Planning-budget', 0,  TO_Date( '05/18/2009 12:00:00 AM', 'MM/DD/YYYY HH:MI:SS AM')
,  TO_Date( '05/18/2009 12:00:00 AM', 'MM/DD/YYYY HH:MI:SS AM'), 10, 12, 'PENDING'
, 209, 133, 1, 14,0);

INSERT INTO ACTIVITIES ( DTYPE, ID, PRESTATION, REFERENCE, DESCRIPTION, VERSION, STARTDATE, ENDDATE,
TOTALESTIMATEDHOURS, TOTALWORKEDHOURS, STATUS, MISSION_ID, FK_EMPLOYEE, FK_PROFILE,
FK_TASK,PUBLISHED ) VALUES ( 
'Intervention', 250, '4000', 'T_3', 'Planning-budget', 0,  TO_Date( '05/18/2009 12:00:00 AM', 'MM/DD/YYYY HH:MI:SS AM')
,  TO_Date( '05/18/2009 12:00:00 AM', 'MM/DD/YYYY HH:MI:SS AM'), 10, 12, 'PENDING'
, 209, 132, 2, 14,0); 

INSERT INTO ACTIVITIES ( DTYPE, ID, PRESTATION, REFERENCE, DESCRIPTION, VERSION, STARTDATE, ENDDATE,
TOTALESTIMATEDHOURS, TOTALWORKEDHOURS, STATUS, MISSION_ID, FK_EMPLOYEE, FK_PROFILE,
FK_TASK,PUBLISHED ) VALUES ( 
'Intervention', 251, '4000', 'T_4', 'Planning-budget', 0,  TO_Date( '05/18/2009 12:00:00 AM', 'MM/DD/YYYY HH:MI:SS AM')
,  TO_Date( '05/18/2009 12:00:00 AM', 'MM/DD/YYYY HH:MI:SS AM'), 10, 12, 'PENDING'
, 209, 130, 4, 14,0); 

INSERT INTO ACTIVITIES ( DTYPE, ID, PRESTATION, REFERENCE, DESCRIPTION, VERSION, STARTDATE, ENDDATE,
TOTALESTIMATEDHOURS, TOTALWORKEDHOURS, STATUS, MISSION_ID, FK_EMPLOYEE, FK_PROFILE,
FK_TASK,PUBLISHED ) VALUES ( 
'Intervention', 252, '4000', 'T_1', 'Planning-budget', 0,  TO_Date( '05/18/2009 12:00:00 AM', 'MM/DD/YYYY HH:MI:SS AM')
,  TO_Date( '05/18/2009 12:00:00 AM', 'MM/DD/YYYY HH:MI:SS AM'), 10, 12, 'PENDING'
, 211, 131, 3, 14,0); 
INSERT INTO ACTIVITIES ( DTYPE, ID, PRESTATION, REFERENCE, DESCRIPTION, VERSION, STARTDATE, ENDDATE,
TOTALESTIMATEDHOURS, TOTALWORKEDHOURS, STATUS, MISSION_ID, FK_EMPLOYEE, FK_PROFILE,
FK_TASK,PUBLISHED ) VALUES ( 
'Intervention', 253, '4000', 'T_2', 'Planning-budget', 0,  TO_Date( '05/18/2009 12:00:00 AM', 'MM/DD/YYYY HH:MI:SS AM')
,  TO_Date( '05/18/2009 12:00:00 AM', 'MM/DD/YYYY HH:MI:SS AM'), 10, 12, 'PENDING'
, 211, 133, 1, 14,0); 
INSERT INTO ACTIVITIES ( DTYPE, ID, PRESTATION, REFERENCE, DESCRIPTION, VERSION, STARTDATE, ENDDATE,
TOTALESTIMATEDHOURS, TOTALWORKEDHOURS, STATUS, MISSION_ID, FK_EMPLOYEE, FK_PROFILE,
FK_TASK,PUBLISHED ) VALUES ( 
'Intervention', 254, '4000', 'T_3', 'Planning-budget', 0,  TO_Date( '05/18/2009 12:00:00 AM', 'MM/DD/YYYY HH:MI:SS AM')
,  TO_Date( '05/18/2009 12:00:00 AM', 'MM/DD/YYYY HH:MI:SS AM'), 10, 12, 'PENDING'
, 211, 132, 2, 14,0); 
INSERT INTO ACTIVITIES ( DTYPE, ID, PRESTATION, REFERENCE, DESCRIPTION, VERSION, STARTDATE, ENDDATE,
TOTALESTIMATEDHOURS, TOTALWORKEDHOURS, STATUS, MISSION_ID, FK_EMPLOYEE, FK_PROFILE,
FK_TASK,PUBLISHED ) VALUES ( 
'Intervention', 255, '4000', 'T_4', 'Planning-budget', 0,  TO_Date( '05/18/2009 12:00:00 AM', 'MM/DD/YYYY HH:MI:SS AM')
,  TO_Date( '05/18/2009 12:00:00 AM', 'MM/DD/YYYY HH:MI:SS AM'), 10, 12, 'PENDING'
, 211, 130, 4, 14,0); 
INSERT INTO ACTIVITIES ( DTYPE, ID, PRESTATION, REFERENCE, DESCRIPTION, VERSION, STARTDATE, ENDDATE,
TOTALESTIMATEDHOURS, TOTALWORKEDHOURS, STATUS, MISSION_ID, FK_EMPLOYEE, FK_PROFILE,
FK_TASK,PUBLISHED ) VALUES ( 
'Intervention', 256, '4000', 'T_1', 'Planning-budget', 0,  TO_Date( '05/18/2009 12:00:00 AM', 'MM/DD/YYYY HH:MI:SS AM')
,  TO_Date( '05/18/2009 12:00:00 AM', 'MM/DD/YYYY HH:MI:SS AM'), 10, 12, 'PENDING'
, 213, 131, 3, 14,0); 
INSERT INTO ACTIVITIES ( DTYPE, ID, PRESTATION, REFERENCE, DESCRIPTION, VERSION, STARTDATE, ENDDATE,
TOTALESTIMATEDHOURS, TOTALWORKEDHOURS, STATUS, MISSION_ID, FK_EMPLOYEE, FK_PROFILE,
FK_TASK,PUBLISHED ) VALUES ( 
'Intervention', 257, '4000', 'T_2', 'Planning-budget', 0,  TO_Date( '05/18/2009 12:00:00 AM', 'MM/DD/YYYY HH:MI:SS AM')
,  TO_Date( '05/18/2009 12:00:00 AM', 'MM/DD/YYYY HH:MI:SS AM'), 10, 12, 'PENDING'
, 213, 133, 1, 14,0); 
INSERT INTO ACTIVITIES ( DTYPE, ID, PRESTATION, REFERENCE, DESCRIPTION, VERSION, STARTDATE, ENDDATE,
TOTALESTIMATEDHOURS, TOTALWORKEDHOURS, STATUS, MISSION_ID, FK_EMPLOYEE, FK_PROFILE,
FK_TASK,PUBLISHED ) VALUES ( 
'Intervention', 258, '4000', 'T_3', 'Planning-budget', 0,  TO_Date( '05/18/2009 12:00:00 AM', 'MM/DD/YYYY HH:MI:SS AM')
,  TO_Date( '05/18/2009 12:00:00 AM', 'MM/DD/YYYY HH:MI:SS AM'), 10, 12, 'PENDING'
, 213, 132, 2, 14,0); 
INSERT INTO ACTIVITIES ( DTYPE, ID, PRESTATION, REFERENCE, DESCRIPTION, VERSION, STARTDATE, ENDDATE,
TOTALESTIMATEDHOURS, TOTALWORKEDHOURS, STATUS, MISSION_ID, FK_EMPLOYEE, FK_PROFILE,
FK_TASK,PUBLISHED ) VALUES ( 
'Intervention', 259, '4000', 'T_4', 'Planning-budget', 0,  TO_Date( '05/18/2009 12:00:00 AM', 'MM/DD/YYYY HH:MI:SS AM')
,  TO_Date( '05/18/2009 12:00:00 AM', 'MM/DD/YYYY HH:MI:SS AM'), 10, 12, 'PENDING'
, 213, 130, 4, 14,0); 
INSERT INTO ACTIVITIES ( DTYPE, ID, PRESTATION, REFERENCE, DESCRIPTION, VERSION, STARTDATE, ENDDATE,
TOTALESTIMATEDHOURS, TOTALWORKEDHOURS, STATUS, MISSION_ID, FK_EMPLOYEE, FK_PROFILE,
FK_TASK,PUBLISHED ) VALUES ( 
'Intervention', 260, '4000', 'T_1', 'Planning-budget', 0,  TO_Date( '05/18/2009 12:00:00 AM', 'MM/DD/YYYY HH:MI:SS AM')
,  TO_Date( '05/18/2009 12:00:00 AM', 'MM/DD/YYYY HH:MI:SS AM'), 10, 12, 'PENDING'
, 215, 131, 3, 14,0); 
INSERT INTO ACTIVITIES ( DTYPE, ID, PRESTATION, REFERENCE, DESCRIPTION, VERSION, STARTDATE, ENDDATE,
TOTALESTIMATEDHOURS, TOTALWORKEDHOURS, STATUS, MISSION_ID, FK_EMPLOYEE, FK_PROFILE,
FK_TASK,PUBLISHED ) VALUES ( 
'Intervention', 261, '4000', 'T_2', 'Planning-budget', 0,  TO_Date( '05/18/2009 12:00:00 AM', 'MM/DD/YYYY HH:MI:SS AM')
,  TO_Date( '05/18/2009 12:00:00 AM', 'MM/DD/YYYY HH:MI:SS AM'), 10, 12, 'PENDING'
, 215, 133, 1, 14,0); 
INSERT INTO ACTIVITIES ( DTYPE, ID, PRESTATION, REFERENCE, DESCRIPTION, VERSION, STARTDATE, ENDDATE,
TOTALESTIMATEDHOURS, TOTALWORKEDHOURS, STATUS, MISSION_ID, FK_EMPLOYEE, FK_PROFILE,
FK_TASK,PUBLISHED ) VALUES ( 
'Intervention', 262, '4000', 'T_3', 'Planning-budget', 0,  TO_Date( '05/18/2009 12:00:00 AM', 'MM/DD/YYYY HH:MI:SS AM')
,  TO_Date( '05/18/2009 12:00:00 AM', 'MM/DD/YYYY HH:MI:SS AM'), 10, 12, 'PENDING'
, 215, 132, 2, 14,0); 
INSERT INTO ACTIVITIES ( DTYPE, ID, PRESTATION, REFERENCE, DESCRIPTION, VERSION, STARTDATE, ENDDATE,
TOTALESTIMATEDHOURS, TOTALWORKEDHOURS, STATUS, MISSION_ID, FK_EMPLOYEE, FK_PROFILE,
FK_TASK,PUBLISHED ) VALUES ( 
'Intervention', 263, '4000', 'T_4', 'Planning-budget', 0,  TO_Date( '05/18/2009 12:00:00 AM', 'MM/DD/YYYY HH:MI:SS AM')
,  TO_Date( '05/18/2009 12:00:00 AM', 'MM/DD/YYYY HH:MI:SS AM'), 10, 12, 'PENDING'
, 215, 130, 4, 14,0); 
INSERT INTO ACTIVITIES ( DTYPE, ID, PRESTATION, REFERENCE, DESCRIPTION, VERSION, STARTDATE, ENDDATE,
TOTALESTIMATEDHOURS, TOTALWORKEDHOURS, STATUS, MISSION_ID, FK_EMPLOYEE, FK_PROFILE,
FK_TASK,PUBLISHED ) VALUES ( 
'Intervention', 264, '4000', 'T_1', 'Planning-budget', 0,  TO_Date( '05/18/2009 12:00:00 AM', 'MM/DD/YYYY HH:MI:SS AM')
,  TO_Date( '05/18/2009 12:00:00 AM', 'MM/DD/YYYY HH:MI:SS AM'), 10, 12, 'PENDING'
, 214, 131, 3, 14,0); 
INSERT INTO ACTIVITIES ( DTYPE, ID, PRESTATION, REFERENCE, DESCRIPTION, VERSION, STARTDATE, ENDDATE,
TOTALESTIMATEDHOURS, TOTALWORKEDHOURS, STATUS, MISSION_ID, FK_EMPLOYEE, FK_PROFILE,
FK_TASK,PUBLISHED ) VALUES ( 
'Intervention', 265, '4000', 'T_2', 'Planning-budget', 0,  TO_Date( '05/18/2009 12:00:00 AM', 'MM/DD/YYYY HH:MI:SS AM')
,  TO_Date( '05/18/2009 12:00:00 AM', 'MM/DD/YYYY HH:MI:SS AM'), 10, 12, 'PENDING'
, 214, 133, 1, 14,0); 
INSERT INTO ACTIVITIES ( DTYPE, ID, PRESTATION, REFERENCE, DESCRIPTION, VERSION, STARTDATE, ENDDATE,
TOTALESTIMATEDHOURS, TOTALWORKEDHOURS, STATUS, MISSION_ID, FK_EMPLOYEE, FK_PROFILE,
FK_TASK,PUBLISHED ) VALUES ( 
'Intervention', 266, '4000', 'T_3', 'Planning-budget', 0,  TO_Date( '05/18/2009 12:00:00 AM', 'MM/DD/YYYY HH:MI:SS AM')
,  TO_Date( '05/18/2009 12:00:00 AM', 'MM/DD/YYYY HH:MI:SS AM'), 10, 12, 'PENDING'
, 214, 132, 2, 14,0); 
INSERT INTO ACTIVITIES ( DTYPE, ID, PRESTATION, REFERENCE, DESCRIPTION, VERSION, STARTDATE, ENDDATE,
TOTALESTIMATEDHOURS, TOTALWORKEDHOURS, STATUS, MISSION_ID, FK_EMPLOYEE, FK_PROFILE,
FK_TASK,PUBLISHED ) VALUES ( 
'Intervention', 267, '4000', 'T_4', 'Planning-budget', 0,  TO_Date( '05/18/2009 12:00:00 AM', 'MM/DD/YYYY HH:MI:SS AM')
,  TO_Date( '05/18/2009 12:00:00 AM', 'MM/DD/YYYY HH:MI:SS AM'), 10, 12, 'PENDING'
, 214, 130, 4, 14,0); 
INSERT INTO ACTIVITIES ( DTYPE, ID, PRESTATION, REFERENCE, DESCRIPTION, VERSION, STARTDATE, ENDDATE,
TOTALESTIMATEDHOURS, TOTALWORKEDHOURS, STATUS, MISSION_ID, FK_EMPLOYEE, FK_PROFILE,
FK_TASK,PUBLISHED ) VALUES ( 
'Intervention', 268, '4000', 'T_1', 'Planning-budget', 0,  TO_Date( '05/18/2009 12:00:00 AM', 'MM/DD/YYYY HH:MI:SS AM')
,  TO_Date( '05/18/2009 12:00:00 AM', 'MM/DD/YYYY HH:MI:SS AM'), 10, 12, 'PENDING'
, 212, 131, 3, 14,0); 
INSERT INTO ACTIVITIES ( DTYPE, ID, PRESTATION, REFERENCE, DESCRIPTION, VERSION, STARTDATE, ENDDATE,
TOTALESTIMATEDHOURS, TOTALWORKEDHOURS, STATUS, MISSION_ID, FK_EMPLOYEE, FK_PROFILE,
FK_TASK,PUBLISHED ) VALUES ( 
'Intervention', 269, '4000', 'T_2', 'Planning-budget', 0,  TO_Date( '05/18/2009 12:00:00 AM', 'MM/DD/YYYY HH:MI:SS AM')
,  TO_Date( '05/18/2009 12:00:00 AM', 'MM/DD/YYYY HH:MI:SS AM'), 10, 12, 'PENDING'
, 212, 133, 1, 14,0); 
INSERT INTO ACTIVITIES ( DTYPE, ID, PRESTATION, REFERENCE, DESCRIPTION, VERSION, STARTDATE, ENDDATE,
TOTALESTIMATEDHOURS, TOTALWORKEDHOURS, STATUS, MISSION_ID, FK_EMPLOYEE, FK_PROFILE,
FK_TASK,PUBLISHED ) VALUES ( 
'Intervention', 270, '4000', 'T_3', 'Planning-budget', 0,  TO_Date( '05/18/2009 12:00:00 AM', 'MM/DD/YYYY HH:MI:SS AM')
,  TO_Date( '05/18/2009 12:00:00 AM', 'MM/DD/YYYY HH:MI:SS AM'), 10, 12, 'PENDING'
, 212, 132, 2, 14,0); 
INSERT INTO ACTIVITIES ( DTYPE, ID, PRESTATION, REFERENCE, DESCRIPTION, VERSION, STARTDATE, ENDDATE,
TOTALESTIMATEDHOURS, TOTALWORKEDHOURS, STATUS, MISSION_ID, FK_EMPLOYEE, FK_PROFILE,
FK_TASK,PUBLISHED ) VALUES ( 
'Intervention', 271, '4000', 'T_4', 'Planning-budget', 0,  TO_Date( '05/18/2009 12:00:00 AM', 'MM/DD/YYYY HH:MI:SS AM')
,  TO_Date( '05/18/2009 12:00:00 AM', 'MM/DD/YYYY HH:MI:SS AM'), 10, 12, 'PENDING'
, 212, 130, 4, 14,0); 
INSERT INTO ACTIVITIES ( DTYPE, ID, PRESTATION, REFERENCE, DESCRIPTION, VERSION, STARTDATE, ENDDATE,
TOTALESTIMATEDHOURS, TOTALWORKEDHOURS, STATUS, MISSION_ID, FK_EMPLOYEE, FK_PROFILE,
FK_TASK,PUBLISHED ) VALUES ( 
'Intervention', 272, '4000', 'T_1', 'Planning-budget', 0,  TO_Date( '05/18/2009 12:00:00 AM', 'MM/DD/YYYY HH:MI:SS AM')
,  TO_Date( '05/18/2009 12:00:00 AM', 'MM/DD/YYYY HH:MI:SS AM'), 10, 12, 'PENDING'
, 210, 131, 3, 14,0); 
INSERT INTO ACTIVITIES ( DTYPE, ID, PRESTATION, REFERENCE, DESCRIPTION, VERSION, STARTDATE, ENDDATE,
TOTALESTIMATEDHOURS, TOTALWORKEDHOURS, STATUS, MISSION_ID, FK_EMPLOYEE, FK_PROFILE,
FK_TASK,PUBLISHED ) VALUES ( 
'Intervention', 273, '4000', 'T_2', 'Planning-budget', 0,  TO_Date( '05/18/2009 12:00:00 AM', 'MM/DD/YYYY HH:MI:SS AM')
,  TO_Date( '05/18/2009 12:00:00 AM', 'MM/DD/YYYY HH:MI:SS AM'), 10, 12, 'PENDING'
, 210, 133, 1, 14,0); 
INSERT INTO ACTIVITIES ( DTYPE, ID, PRESTATION, REFERENCE, DESCRIPTION, VERSION, STARTDATE, ENDDATE,
TOTALESTIMATEDHOURS, TOTALWORKEDHOURS, STATUS, MISSION_ID, FK_EMPLOYEE, FK_PROFILE,
FK_TASK,PUBLISHED ) VALUES ( 
'Intervention', 274, '4000', 'T_3', 'Planning-budget', 0,  TO_Date( '05/18/2009 12:00:00 AM', 'MM/DD/YYYY HH:MI:SS AM')
,  TO_Date( '05/18/2009 12:00:00 AM', 'MM/DD/YYYY HH:MI:SS AM'), 10, 12, 'PENDING'
, 210, 132, 2, 14,0); 
INSERT INTO ACTIVITIES ( DTYPE, ID, PRESTATION, REFERENCE, DESCRIPTION, VERSION, STARTDATE, ENDDATE,
TOTALESTIMATEDHOURS, TOTALWORKEDHOURS, STATUS, MISSION_ID, FK_EMPLOYEE, FK_PROFILE,
FK_TASK,PUBLISHED ) VALUES ( 
'Intervention', 275, '4000', 'T_4', 'Planning-budget', 0,  TO_Date( '05/18/2009 12:00:00 AM', 'MM/DD/YYYY HH:MI:SS AM')
,  TO_Date( '05/18/2009 12:00:00 AM', 'MM/DD/YYYY HH:MI:SS AM'), 10, 12, 'PENDING'
, 210, 130, 4, 14,0); 
INSERT INTO ACTIVITIES ( DTYPE, ID, PRESTATION, REFERENCE, DESCRIPTION, VERSION, STARTDATE, ENDDATE,
TOTALESTIMATEDHOURS, TOTALWORKEDHOURS, STATUS, MISSION_ID, FK_EMPLOYEE, FK_PROFILE,
FK_TASK,PUBLISHED ) VALUES ( 
'Intervention', 276, '4000', 'T_1', 'Planning-budget', 0,  TO_Date( '05/18/2009 12:00:00 AM', 'MM/DD/YYYY HH:MI:SS AM')
,  TO_Date( '05/18/2009 12:00:00 AM', 'MM/DD/YYYY HH:MI:SS AM'), 10, 12, 'PENDING'
, 216, 131, 3, 14,0); 
INSERT INTO ACTIVITIES ( DTYPE, ID, PRESTATION, REFERENCE, DESCRIPTION, VERSION, STARTDATE, ENDDATE,
TOTALESTIMATEDHOURS, TOTALWORKEDHOURS, STATUS, MISSION_ID, FK_EMPLOYEE, FK_PROFILE,
FK_TASK,PUBLISHED ) VALUES ( 
'Intervention', 277, '4000', 'T_2', 'Planning-budget', 0,  TO_Date( '05/18/2009 12:00:00 AM', 'MM/DD/YYYY HH:MI:SS AM')
,  TO_Date( '05/18/2009 12:00:00 AM', 'MM/DD/YYYY HH:MI:SS AM'), 10, 12, 'PENDING'
, 216, 133, 1, 14,0); 
INSERT INTO ACTIVITIES ( DTYPE, ID, PRESTATION, REFERENCE, DESCRIPTION, VERSION, STARTDATE, ENDDATE,
TOTALESTIMATEDHOURS, TOTALWORKEDHOURS, STATUS, MISSION_ID, FK_EMPLOYEE, FK_PROFILE,
FK_TASK,PUBLISHED ) VALUES ( 
'Intervention', 278, '4000', 'T_3', 'Planning-budget', 0,  TO_Date( '05/18/2009 12:00:00 AM', 'MM/DD/YYYY HH:MI:SS AM')
,  TO_Date( '05/18/2009 12:00:00 AM', 'MM/DD/YYYY HH:MI:SS AM'), 10, 12, 'PENDING'
, 216, 132, 2, 14,0); 
INSERT INTO ACTIVITIES ( DTYPE, ID, PRESTATION, REFERENCE, DESCRIPTION, VERSION, STARTDATE, ENDDATE,
TOTALESTIMATEDHOURS, TOTALWORKEDHOURS, STATUS, MISSION_ID, FK_EMPLOYEE, FK_PROFILE,
FK_TASK,PUBLISHED ) VALUES ( 
'Intervention', 279, '4000', 'T_4', 'Planning-budget', 0,  TO_Date( '05/18/2009 12:00:00 AM', 'MM/DD/YYYY HH:MI:SS AM')
,  TO_Date( '05/18/2009 12:00:00 AM', 'MM/DD/YYYY HH:MI:SS AM'), 10, 12, 'PENDING'
, 216, 130, 4, 14,0); 
INSERT INTO ACTIVITIES ( DTYPE, ID, PRESTATION, REFERENCE, DESCRIPTION, VERSION, STARTDATE, ENDDATE,
TOTALESTIMATEDHOURS, TOTALWORKEDHOURS, STATUS, MISSION_ID, FK_EMPLOYEE, FK_PROFILE,
FK_TASK,PUBLISHED ) VALUES ( 
'Intervention', 280, '4000', 'T_1', 'Planning-budget', 0,  TO_Date( '05/18/2009 12:00:00 AM', 'MM/DD/YYYY HH:MI:SS AM')
,  TO_Date( '05/18/2009 12:00:00 AM', 'MM/DD/YYYY HH:MI:SS AM'), 10, 12, 'PENDING'
, 217, 131, 3, 14,0); 
INSERT INTO ACTIVITIES ( DTYPE, ID, PRESTATION, REFERENCE, DESCRIPTION, VERSION, STARTDATE, ENDDATE,
TOTALESTIMATEDHOURS, TOTALWORKEDHOURS, STATUS, MISSION_ID, FK_EMPLOYEE, FK_PROFILE,
FK_TASK,PUBLISHED ) VALUES ( 
'Intervention', 281, '4000', 'T_2', 'Planning-budget', 0,  TO_Date( '05/18/2009 12:00:00 AM', 'MM/DD/YYYY HH:MI:SS AM')
,  TO_Date( '05/18/2009 12:00:00 AM', 'MM/DD/YYYY HH:MI:SS AM'), 10, 12, 'PENDING'
, 217, 133, 1, 14,0); 
INSERT INTO ACTIVITIES ( DTYPE, ID, PRESTATION, REFERENCE, DESCRIPTION, VERSION, STARTDATE, ENDDATE,
TOTALESTIMATEDHOURS, TOTALWORKEDHOURS, STATUS, MISSION_ID, FK_EMPLOYEE, FK_PROFILE,
FK_TASK,PUBLISHED ) VALUES ( 
'Intervention', 282, '4000', 'T_3', 'Planning-budget', 0,  TO_Date( '05/18/2009 12:00:00 AM', 'MM/DD/YYYY HH:MI:SS AM')
,  TO_Date( '05/18/2009 12:00:00 AM', 'MM/DD/YYYY HH:MI:SS AM'), 10, 12, 'PENDING'
, 217, 132, 2, 14,0); 
INSERT INTO ACTIVITIES ( DTYPE, ID, PRESTATION, REFERENCE, DESCRIPTION, VERSION, STARTDATE, ENDDATE,
TOTALESTIMATEDHOURS, TOTALWORKEDHOURS, STATUS, MISSION_ID, FK_EMPLOYEE, FK_PROFILE,
FK_TASK,PUBLISHED ) VALUES ( 
'Intervention', 283, '4000', 'T_4', 'Planning-budget', 0,  TO_Date( '05/18/2009 12:00:00 AM', 'MM/DD/YYYY HH:MI:SS AM')
,  TO_Date( '05/18/2009 12:00:00 AM', 'MM/DD/YYYY HH:MI:SS AM'), 10, 12, 'PENDING'
, 217, 130, 4, 14,0); 
INSERT INTO ACTIVITIES ( DTYPE, ID, PRESTATION, REFERENCE, DESCRIPTION, VERSION, STARTDATE, ENDDATE,
TOTALESTIMATEDHOURS, TOTALWORKEDHOURS, STATUS, MISSION_ID, FK_EMPLOYEE, FK_PROFILE,
FK_TASK,PUBLISHED ) VALUES ( 
'Intervention', 284, '4000', 'T_1', 'Planning-budget', 0,  TO_Date( '05/18/2009 12:00:00 AM', 'MM/DD/YYYY HH:MI:SS AM')
,  TO_Date( '05/18/2009 12:00:00 AM', 'MM/DD/YYYY HH:MI:SS AM'), 10, 12, 'PENDING'
, 219, 131, 3, 14,0); 
INSERT INTO ACTIVITIES ( DTYPE, ID, PRESTATION, REFERENCE, DESCRIPTION, VERSION, STARTDATE, ENDDATE,
TOTALESTIMATEDHOURS, TOTALWORKEDHOURS, STATUS, MISSION_ID, FK_EMPLOYEE, FK_PROFILE,
FK_TASK,PUBLISHED ) VALUES ( 
'Intervention', 285, '4000', 'T_2', 'Planning-budget', 0,  TO_Date( '05/18/2009 12:00:00 AM', 'MM/DD/YYYY HH:MI:SS AM')
,  TO_Date( '05/18/2009 12:00:00 AM', 'MM/DD/YYYY HH:MI:SS AM'), 10, 12, 'PENDING'
, 219, 133, 1, 14,0); 
INSERT INTO ACTIVITIES ( DTYPE, ID, PRESTATION, REFERENCE, DESCRIPTION, VERSION, STARTDATE, ENDDATE,
TOTALESTIMATEDHOURS, TOTALWORKEDHOURS, STATUS, MISSION_ID, FK_EMPLOYEE, FK_PROFILE,
FK_TASK,PUBLISHED ) VALUES ( 
'Intervention', 286, '4000', 'T_3', 'Planning-budget', 0,  TO_Date( '05/18/2009 12:00:00 AM', 'MM/DD/YYYY HH:MI:SS AM')
,  TO_Date( '05/18/2009 12:00:00 AM', 'MM/DD/YYYY HH:MI:SS AM'), 10, 12, 'PENDING'
, 219, 132, 2, 14,0); 
INSERT INTO ACTIVITIES ( DTYPE, ID, PRESTATION, REFERENCE, DESCRIPTION, VERSION, STARTDATE, ENDDATE,
TOTALESTIMATEDHOURS, TOTALWORKEDHOURS, STATUS, MISSION_ID, FK_EMPLOYEE, FK_PROFILE,
FK_TASK,PUBLISHED ) VALUES ( 
'Intervention', 287, '4000', 'T_4', 'Planning-budget', 0,  TO_Date( '05/18/2009 12:00:00 AM', 'MM/DD/YYYY HH:MI:SS AM')
,  TO_Date( '05/18/2009 12:00:00 AM', 'MM/DD/YYYY HH:MI:SS AM'), 10, 12, 'PENDING'
, 219, 130, 4, 14,0); 
INSERT INTO ACTIVITIES ( DTYPE, ID, PRESTATION, REFERENCE, DESCRIPTION, VERSION, STARTDATE, ENDDATE,
TOTALESTIMATEDHOURS, TOTALWORKEDHOURS, STATUS, MISSION_ID, FK_EMPLOYEE, FK_PROFILE,
FK_TASK,PUBLISHED ) VALUES ( 
'Intervention', 288, '4000', 'T_1', 'Planning-budget', 0,  TO_Date( '05/18/2009 12:00:00 AM', 'MM/DD/YYYY HH:MI:SS AM')
,  TO_Date( '05/18/2009 12:00:00 AM', 'MM/DD/YYYY HH:MI:SS AM'), 10, 12, 'PENDING'
, 221, 131, 3, 14,0); 
INSERT INTO ACTIVITIES ( DTYPE, ID, PRESTATION, REFERENCE, DESCRIPTION, VERSION, STARTDATE, ENDDATE,
TOTALESTIMATEDHOURS, TOTALWORKEDHOURS, STATUS, MISSION_ID, FK_EMPLOYEE, FK_PROFILE,
FK_TASK,PUBLISHED ) VALUES ( 
'Intervention', 289, '4000', 'T_2', 'Planning-budget', 0,  TO_Date( '05/18/2009 12:00:00 AM', 'MM/DD/YYYY HH:MI:SS AM')
,  TO_Date( '05/18/2009 12:00:00 AM', 'MM/DD/YYYY HH:MI:SS AM'), 10, 12, 'PENDING'
, 221, 133, 1, 14,0); 
INSERT INTO ACTIVITIES ( DTYPE, ID, PRESTATION, REFERENCE, DESCRIPTION, VERSION, STARTDATE, ENDDATE,
TOTALESTIMATEDHOURS, TOTALWORKEDHOURS, STATUS, MISSION_ID, FK_EMPLOYEE, FK_PROFILE,
FK_TASK,PUBLISHED ) VALUES ( 
'Intervention', 290, '4000', 'T_3', 'Planning-budget', 0,  TO_Date( '05/18/2009 12:00:00 AM', 'MM/DD/YYYY HH:MI:SS AM')
,  TO_Date( '05/18/2009 12:00:00 AM', 'MM/DD/YYYY HH:MI:SS AM'), 10, 12, 'PENDING'
, 221, 132, 2, 14,0); 
INSERT INTO ACTIVITIES ( DTYPE, ID, PRESTATION, REFERENCE, DESCRIPTION, VERSION, STARTDATE, ENDDATE,
TOTALESTIMATEDHOURS, TOTALWORKEDHOURS, STATUS, MISSION_ID, FK_EMPLOYEE, FK_PROFILE,
FK_TASK,PUBLISHED ) VALUES ( 
'Intervention', 291, '4000', 'T_4', 'Planning-budget', 0,  TO_Date( '05/18/2009 12:00:00 AM', 'MM/DD/YYYY HH:MI:SS AM')
,  TO_Date( '05/18/2009 12:00:00 AM', 'MM/DD/YYYY HH:MI:SS AM'), 10, 12, 'PENDING'
, 221, 130, 4, 14,0); 
INSERT INTO ACTIVITIES ( DTYPE, ID, PRESTATION, REFERENCE, DESCRIPTION, VERSION, STARTDATE, ENDDATE,
TOTALESTIMATEDHOURS, TOTALWORKEDHOURS, STATUS, MISSION_ID, FK_EMPLOYEE, FK_PROFILE,
FK_TASK,PUBLISHED ) VALUES ( 
'Intervention', 292, '4000', 'T_1', 'Planning-budget', 0,  TO_Date( '05/18/2009 12:00:00 AM', 'MM/DD/YYYY HH:MI:SS AM')
,  TO_Date( '05/18/2009 12:00:00 AM', 'MM/DD/YYYY HH:MI:SS AM'), 10, 12, 'PENDING'
, 223, 131, 3, 14,0); 
INSERT INTO ACTIVITIES ( DTYPE, ID, PRESTATION, REFERENCE, DESCRIPTION, VERSION, STARTDATE, ENDDATE,
TOTALESTIMATEDHOURS, TOTALWORKEDHOURS, STATUS, MISSION_ID, FK_EMPLOYEE, FK_PROFILE,
FK_TASK,PUBLISHED ) VALUES ( 
'Intervention', 293, '4000', 'T_2', 'Planning-budget', 0,  TO_Date( '05/18/2009 12:00:00 AM', 'MM/DD/YYYY HH:MI:SS AM')
,  TO_Date( '05/18/2009 12:00:00 AM', 'MM/DD/YYYY HH:MI:SS AM'), 10, 12, 'PENDING'
, 223, 133, 1, 14,0); 
INSERT INTO ACTIVITIES ( DTYPE, ID, PRESTATION, REFERENCE, DESCRIPTION, VERSION, STARTDATE, ENDDATE,
TOTALESTIMATEDHOURS, TOTALWORKEDHOURS, STATUS, MISSION_ID, FK_EMPLOYEE, FK_PROFILE,
FK_TASK,PUBLISHED ) VALUES ( 
'Intervention', 294, '4000', 'T_3', 'Planning-budget', 0,  TO_Date( '05/18/2009 12:00:00 AM', 'MM/DD/YYYY HH:MI:SS AM')
,  TO_Date( '05/18/2009 12:00:00 AM', 'MM/DD/YYYY HH:MI:SS AM'), 10, 12, 'PENDING'
, 223, 132, 2, 14,0); 
INSERT INTO ACTIVITIES ( DTYPE, ID, PRESTATION, REFERENCE, DESCRIPTION, VERSION, STARTDATE, ENDDATE,
TOTALESTIMATEDHOURS, TOTALWORKEDHOURS, STATUS, MISSION_ID, FK_EMPLOYEE, FK_PROFILE,
FK_TASK,PUBLISHED ) VALUES ( 
'Intervention', 295, '4000', 'T_4', 'Planning-budget', 0,  TO_Date( '05/18/2009 12:00:00 AM', 'MM/DD/YYYY HH:MI:SS AM')
,  TO_Date( '05/18/2009 12:00:00 AM', 'MM/DD/YYYY HH:MI:SS AM'), 10, 12, 'PENDING'
, 223, 130, 4, 14,0); 
INSERT INTO ACTIVITIES ( DTYPE, ID, PRESTATION, REFERENCE, DESCRIPTION, VERSION, STARTDATE, ENDDATE,
TOTALESTIMATEDHOURS, TOTALWORKEDHOURS, STATUS, MISSION_ID, FK_EMPLOYEE, FK_PROFILE,
FK_TASK,PUBLISHED ) VALUES ( 
'Intervention', 296, '4000', 'T_1', 'Planning-budget', 0,  TO_Date( '05/18/2009 12:00:00 AM', 'MM/DD/YYYY HH:MI:SS AM')
,  TO_Date( '05/18/2009 12:00:00 AM', 'MM/DD/YYYY HH:MI:SS AM'), 10, 12, 'PENDING'
, 227, 131, 3, 14,0); 
INSERT INTO ACTIVITIES ( DTYPE, ID, PRESTATION, REFERENCE, DESCRIPTION, VERSION, STARTDATE, ENDDATE,
TOTALESTIMATEDHOURS, TOTALWORKEDHOURS, STATUS, MISSION_ID, FK_EMPLOYEE, FK_PROFILE,
FK_TASK,PUBLISHED ) VALUES ( 
'Intervention', 297, '4000', 'T_2', 'Planning-budget', 0,  TO_Date( '05/18/2009 12:00:00 AM', 'MM/DD/YYYY HH:MI:SS AM')
,  TO_Date( '05/18/2009 12:00:00 AM', 'MM/DD/YYYY HH:MI:SS AM'), 10, 12, 'PENDING'
, 227, 133, 1, 14,0); 
INSERT INTO ACTIVITIES ( DTYPE, ID, PRESTATION, REFERENCE, DESCRIPTION, VERSION, STARTDATE, ENDDATE,
TOTALESTIMATEDHOURS, TOTALWORKEDHOURS, STATUS, MISSION_ID, FK_EMPLOYEE, FK_PROFILE,
FK_TASK,PUBLISHED ) VALUES ( 
'Intervention', 298, '4000', 'T_3', 'Planning-budget', 0,  TO_Date( '05/18/2009 12:00:00 AM', 'MM/DD/YYYY HH:MI:SS AM')
,  TO_Date( '05/18/2009 12:00:00 AM', 'MM/DD/YYYY HH:MI:SS AM'), 10, 12, 'PENDING'
, 227, 132, 2, 14,0); 
INSERT INTO ACTIVITIES ( DTYPE, ID, PRESTATION, REFERENCE, DESCRIPTION, VERSION, STARTDATE, ENDDATE,
TOTALESTIMATEDHOURS, TOTALWORKEDHOURS, STATUS, MISSION_ID, FK_EMPLOYEE, FK_PROFILE,
FK_TASK,PUBLISHED ) VALUES ( 
'Intervention', 299, '4000', 'T_4', 'Planning-budget', 0,  TO_Date( '05/18/2009 12:00:00 AM', 'MM/DD/YYYY HH:MI:SS AM')
,  TO_Date( '05/18/2009 12:00:00 AM', 'MM/DD/YYYY HH:MI:SS AM'), 10, 12, 'PENDING'
, 227, 130, 4, 14,0); 
INSERT INTO ACTIVITIES ( DTYPE, ID, PRESTATION, REFERENCE, DESCRIPTION, VERSION, STARTDATE, ENDDATE,
TOTALESTIMATEDHOURS, TOTALWORKEDHOURS, STATUS, MISSION_ID, FK_EMPLOYEE, FK_PROFILE,
FK_TASK,PUBLISHED ) VALUES ( 
'Intervention', 300, '4000', 'T_1', 'Planning-budget', 0,  TO_Date( '05/18/2009 12:00:00 AM', 'MM/DD/YYYY HH:MI:SS AM')
,  TO_Date( '05/18/2009 12:00:00 AM', 'MM/DD/YYYY HH:MI:SS AM'), 10, 12, 'PENDING'
, 226, 131, 3, 14,0); 
INSERT INTO ACTIVITIES ( DTYPE, ID, PRESTATION, REFERENCE, DESCRIPTION, VERSION, STARTDATE, ENDDATE,
TOTALESTIMATEDHOURS, TOTALWORKEDHOURS, STATUS, MISSION_ID, FK_EMPLOYEE, FK_PROFILE,
FK_TASK,PUBLISHED ) VALUES ( 
'Intervention', 301, '4000', 'T_2', 'Planning-budget', 0,  TO_Date( '05/18/2009 12:00:00 AM', 'MM/DD/YYYY HH:MI:SS AM')
,  TO_Date( '05/18/2009 12:00:00 AM', 'MM/DD/YYYY HH:MI:SS AM'), 10, 12, 'PENDING'
, 226, 133, 1, 14,0); 
INSERT INTO ACTIVITIES ( DTYPE, ID, PRESTATION, REFERENCE, DESCRIPTION, VERSION, STARTDATE, ENDDATE,
TOTALESTIMATEDHOURS, TOTALWORKEDHOURS, STATUS, MISSION_ID, FK_EMPLOYEE, FK_PROFILE,
FK_TASK,PUBLISHED ) VALUES ( 
'Intervention', 302, '4000', 'T_3', 'Planning-budget', 0,  TO_Date( '05/18/2009 12:00:00 AM', 'MM/DD/YYYY HH:MI:SS AM')
,  TO_Date( '05/18/2009 12:00:00 AM', 'MM/DD/YYYY HH:MI:SS AM'), 10, 12, 'PENDING'
, 226, 132, 2, 14,0); 
INSERT INTO ACTIVITIES ( DTYPE, ID, PRESTATION, REFERENCE, DESCRIPTION, VERSION, STARTDATE, ENDDATE,
TOTALESTIMATEDHOURS, TOTALWORKEDHOURS, STATUS, MISSION_ID, FK_EMPLOYEE, FK_PROFILE,
FK_TASK,PUBLISHED ) VALUES ( 
'Intervention', 303, '4000', 'T_4', 'Planning-budget', 0,  TO_Date( '05/18/2009 12:00:00 AM', 'MM/DD/YYYY HH:MI:SS AM')
,  TO_Date( '05/18/2009 12:00:00 AM', 'MM/DD/YYYY HH:MI:SS AM'), 10, 12, 'PENDING'
, 226, 130, 4, 14,0); 
INSERT INTO ACTIVITIES ( DTYPE, ID, PRESTATION, REFERENCE, DESCRIPTION, VERSION, STARTDATE, ENDDATE,
TOTALESTIMATEDHOURS, TOTALWORKEDHOURS, STATUS, MISSION_ID, FK_EMPLOYEE, FK_PROFILE,
FK_TASK,PUBLISHED ) VALUES ( 
'Intervention', 304, '4000', 'T_1', 'Planning-budget', 0,  TO_Date( '05/18/2009 12:00:00 AM', 'MM/DD/YYYY HH:MI:SS AM')
,  TO_Date( '05/18/2009 12:00:00 AM', 'MM/DD/YYYY HH:MI:SS AM'), 10, 12, 'PENDING'
, 225, 131, 3, 14,0); 
INSERT INTO ACTIVITIES ( DTYPE, ID, PRESTATION, REFERENCE, DESCRIPTION, VERSION, STARTDATE, ENDDATE,
TOTALESTIMATEDHOURS, TOTALWORKEDHOURS, STATUS, MISSION_ID, FK_EMPLOYEE, FK_PROFILE,
FK_TASK,PUBLISHED ) VALUES ( 
'Intervention', 305, '4000', 'T_2', 'Planning-budget', 0,  TO_Date( '05/18/2009 12:00:00 AM', 'MM/DD/YYYY HH:MI:SS AM')
,  TO_Date( '05/18/2009 12:00:00 AM', 'MM/DD/YYYY HH:MI:SS AM'), 10, 12, 'PENDING'
, 225, 133, 1, 14,0); 
INSERT INTO ACTIVITIES ( DTYPE, ID, PRESTATION, REFERENCE, DESCRIPTION, VERSION, STARTDATE, ENDDATE,
TOTALESTIMATEDHOURS, TOTALWORKEDHOURS, STATUS, MISSION_ID, FK_EMPLOYEE, FK_PROFILE,
FK_TASK,PUBLISHED ) VALUES ( 
'Intervention', 306, '4000', 'T_3', 'Planning-budget', 0,  TO_Date( '05/18/2009 12:00:00 AM', 'MM/DD/YYYY HH:MI:SS AM')
,  TO_Date( '05/18/2009 12:00:00 AM', 'MM/DD/YYYY HH:MI:SS AM'), 10, 12, 'PENDING'
, 225, 132, 2, 14,0); 
INSERT INTO ACTIVITIES ( DTYPE, ID, PRESTATION, REFERENCE, DESCRIPTION, VERSION, STARTDATE, ENDDATE,
TOTALESTIMATEDHOURS, TOTALWORKEDHOURS, STATUS, MISSION_ID, FK_EMPLOYEE, FK_PROFILE,
FK_TASK,PUBLISHED ) VALUES ( 
'Intervention', 307, '4000', 'T_4', 'Planning-budget', 0,  TO_Date( '05/18/2009 12:00:00 AM', 'MM/DD/YYYY HH:MI:SS AM')
,  TO_Date( '05/18/2009 12:00:00 AM', 'MM/DD/YYYY HH:MI:SS AM'), 10, 12, 'PENDING'
, 225, 130, 4, 14,0); 
INSERT INTO ACTIVITIES ( DTYPE, ID, PRESTATION, REFERENCE, DESCRIPTION, VERSION, STARTDATE, ENDDATE,
TOTALESTIMATEDHOURS, TOTALWORKEDHOURS, STATUS, MISSION_ID, FK_EMPLOYEE, FK_PROFILE,
FK_TASK,PUBLISHED ) VALUES ( 
'Intervention', 308, '4000', 'T_1', 'Planning-budget', 0,  TO_Date( '05/18/2009 12:00:00 AM', 'MM/DD/YYYY HH:MI:SS AM')
,  TO_Date( '05/18/2009 12:00:00 AM', 'MM/DD/YYYY HH:MI:SS AM'), 10, 12, 'PENDING'
, 224, 131, 3, 14,0); 
INSERT INTO ACTIVITIES ( DTYPE, ID, PRESTATION, REFERENCE, DESCRIPTION, VERSION, STARTDATE, ENDDATE,
TOTALESTIMATEDHOURS, TOTALWORKEDHOURS, STATUS, MISSION_ID, FK_EMPLOYEE, FK_PROFILE,
FK_TASK,PUBLISHED ) VALUES ( 
'Intervention', 309, '4000', 'T_2', 'Planning-budget', 0,  TO_Date( '05/18/2009 12:00:00 AM', 'MM/DD/YYYY HH:MI:SS AM')
,  TO_Date( '05/18/2009 12:00:00 AM', 'MM/DD/YYYY HH:MI:SS AM'), 10, 12, 'PENDING'
, 224, 133, 1, 14,0); 
INSERT INTO ACTIVITIES ( DTYPE, ID, PRESTATION, REFERENCE, DESCRIPTION, VERSION, STARTDATE, ENDDATE,
TOTALESTIMATEDHOURS, TOTALWORKEDHOURS, STATUS, MISSION_ID, FK_EMPLOYEE, FK_PROFILE,
FK_TASK,PUBLISHED ) VALUES ( 
'Intervention', 310, '4000', 'T_3', 'Planning-budget', 0,  TO_Date( '05/18/2009 12:00:00 AM', 'MM/DD/YYYY HH:MI:SS AM')
,  TO_Date( '05/18/2009 12:00:00 AM', 'MM/DD/YYYY HH:MI:SS AM'), 10, 12, 'PENDING'
, 224, 132, 2, 14,0); 
INSERT INTO ACTIVITIES ( DTYPE, ID, PRESTATION, REFERENCE, DESCRIPTION, VERSION, STARTDATE, ENDDATE,
TOTALESTIMATEDHOURS, TOTALWORKEDHOURS, STATUS, MISSION_ID, FK_EMPLOYEE, FK_PROFILE,
FK_TASK,PUBLISHED ) VALUES ( 
'Intervention', 311, '4000', 'T_4', 'Planning-budget', 0,  TO_Date( '05/18/2009 12:00:00 AM', 'MM/DD/YYYY HH:MI:SS AM')
,  TO_Date( '05/18/2009 12:00:00 AM', 'MM/DD/YYYY HH:MI:SS AM'), 10, 12, 'PENDING'
, 224, 130, 4, 14,0); 
INSERT INTO ACTIVITIES ( DTYPE, ID, PRESTATION, REFERENCE, DESCRIPTION, VERSION, STARTDATE, ENDDATE,
TOTALESTIMATEDHOURS, TOTALWORKEDHOURS, STATUS, MISSION_ID, FK_EMPLOYEE, FK_PROFILE,
FK_TASK,PUBLISHED ) VALUES ( 
'Intervention', 312, '4000', 'T_1', 'Planning-budget', 0,  TO_Date( '05/18/2009 12:00:00 AM', 'MM/DD/YYYY HH:MI:SS AM')
,  TO_Date( '05/18/2009 12:00:00 AM', 'MM/DD/YYYY HH:MI:SS AM'), 10, 12, 'PENDING'
, 222, 131, 3, 14,0); 
INSERT INTO ACTIVITIES ( DTYPE, ID, PRESTATION, REFERENCE, DESCRIPTION, VERSION, STARTDATE, ENDDATE,
TOTALESTIMATEDHOURS, TOTALWORKEDHOURS, STATUS, MISSION_ID, FK_EMPLOYEE, FK_PROFILE,
FK_TASK,PUBLISHED ) VALUES ( 
'Intervention', 313, '4000', 'T_2', 'Planning-budget', 0,  TO_Date( '05/18/2009 12:00:00 AM', 'MM/DD/YYYY HH:MI:SS AM')
,  TO_Date( '05/18/2009 12:00:00 AM', 'MM/DD/YYYY HH:MI:SS AM'), 10, 12, 'PENDING'
, 222, 133, 1, 14,0); 
INSERT INTO ACTIVITIES ( DTYPE, ID, PRESTATION, REFERENCE, DESCRIPTION, VERSION, STARTDATE, ENDDATE,
TOTALESTIMATEDHOURS, TOTALWORKEDHOURS, STATUS, MISSION_ID, FK_EMPLOYEE, FK_PROFILE,
FK_TASK,PUBLISHED ) VALUES ( 
'Intervention', 314, '4000', 'T_3', 'Planning-budget', 0,  TO_Date( '05/18/2009 12:00:00 AM', 'MM/DD/YYYY HH:MI:SS AM')
,  TO_Date( '05/18/2009 12:00:00 AM', 'MM/DD/YYYY HH:MI:SS AM'), 10, 12, 'PENDING'
, 222, 132, 2, 14,0); 
INSERT INTO ACTIVITIES ( DTYPE, ID, PRESTATION, REFERENCE, DESCRIPTION, VERSION, STARTDATE, ENDDATE,
TOTALESTIMATEDHOURS, TOTALWORKEDHOURS, STATUS, MISSION_ID, FK_EMPLOYEE, FK_PROFILE,
FK_TASK,PUBLISHED ) VALUES ( 
'Intervention', 315, '4000', 'T_4', 'Planning-budget', 0,  TO_Date( '05/18/2009 12:00:00 AM', 'MM/DD/YYYY HH:MI:SS AM')
,  TO_Date( '05/18/2009 12:00:00 AM', 'MM/DD/YYYY HH:MI:SS AM'), 10, 12, 'PENDING'
, 222, 130, 4, 14,0); 
INSERT INTO ACTIVITIES ( DTYPE, ID, PRESTATION, REFERENCE, DESCRIPTION, VERSION, STARTDATE, ENDDATE,
TOTALESTIMATEDHOURS, TOTALWORKEDHOURS, STATUS, MISSION_ID, FK_EMPLOYEE, FK_PROFILE,
FK_TASK,PUBLISHED ) VALUES ( 
'Intervention', 316, '4000', 'T_1', 'Planning-budget', 0,  TO_Date( '05/18/2009 12:00:00 AM', 'MM/DD/YYYY HH:MI:SS AM')
,  TO_Date( '05/18/2009 12:00:00 AM', 'MM/DD/YYYY HH:MI:SS AM'), 10, 12, 'PENDING'
, 220, 131, 3, 14,0); 
INSERT INTO ACTIVITIES ( DTYPE, ID, PRESTATION, REFERENCE, DESCRIPTION, VERSION, STARTDATE, ENDDATE,
TOTALESTIMATEDHOURS, TOTALWORKEDHOURS, STATUS, MISSION_ID, FK_EMPLOYEE, FK_PROFILE,
FK_TASK,PUBLISHED ) VALUES ( 
'Intervention', 317, '4000', 'T_2', 'Planning-budget', 0,  TO_Date( '05/18/2009 12:00:00 AM', 'MM/DD/YYYY HH:MI:SS AM')
,  TO_Date( '05/18/2009 12:00:00 AM', 'MM/DD/YYYY HH:MI:SS AM'), 10, 12, 'PENDING'
, 220, 133, 1, 14,0); 
INSERT INTO ACTIVITIES ( DTYPE, ID, PRESTATION, REFERENCE, DESCRIPTION, VERSION, STARTDATE, ENDDATE,
TOTALESTIMATEDHOURS, TOTALWORKEDHOURS, STATUS, MISSION_ID, FK_EMPLOYEE, FK_PROFILE,
FK_TASK,PUBLISHED ) VALUES ( 
'Intervention', 318, '4000', 'T_3', 'Planning-budget', 0,  TO_Date( '05/18/2009 12:00:00 AM', 'MM/DD/YYYY HH:MI:SS AM')
,  TO_Date( '05/18/2009 12:00:00 AM', 'MM/DD/YYYY HH:MI:SS AM'), 10, 12, 'PENDING'
, 220, 132, 2, 14,0); 
INSERT INTO ACTIVITIES ( DTYPE, ID, PRESTATION, REFERENCE, DESCRIPTION, VERSION, STARTDATE, ENDDATE,
TOTALESTIMATEDHOURS, TOTALWORKEDHOURS, STATUS, MISSION_ID, FK_EMPLOYEE, FK_PROFILE,
FK_TASK,PUBLISHED ) VALUES ( 
'Intervention', 319, '4000', 'T_4', 'Planning-budget', 0,  TO_Date( '05/18/2009 12:00:00 AM', 'MM/DD/YYYY HH:MI:SS AM')
,  TO_Date( '05/18/2009 12:00:00 AM', 'MM/DD/YYYY HH:MI:SS AM'), 10, 12, 'PENDING'
, 220, 130, 4, 14,0); 
INSERT INTO ACTIVITIES ( DTYPE, ID, PRESTATION, REFERENCE, DESCRIPTION, VERSION, STARTDATE, ENDDATE,
TOTALESTIMATEDHOURS, TOTALWORKEDHOURS, STATUS, MISSION_ID, FK_EMPLOYEE, FK_PROFILE,
FK_TASK,PUBLISHED ) VALUES ( 
'Intervention', 320, '4000', 'T_1', 'Planning-budget', 0,  TO_Date( '05/18/2009 12:00:00 AM', 'MM/DD/YYYY HH:MI:SS AM')
,  TO_Date( '05/18/2009 12:00:00 AM', 'MM/DD/YYYY HH:MI:SS AM'), 10, 12, 'PENDING'
, 218, 131, 3, 14,0); 
INSERT INTO ACTIVITIES ( DTYPE, ID, PRESTATION, REFERENCE, DESCRIPTION, VERSION, STARTDATE, ENDDATE,
TOTALESTIMATEDHOURS, TOTALWORKEDHOURS, STATUS, MISSION_ID, FK_EMPLOYEE, FK_PROFILE,
FK_TASK,PUBLISHED ) VALUES ( 
'Intervention', 321, '4000', 'T_2', 'Planning-budget', 0,  TO_Date( '05/18/2009 12:00:00 AM', 'MM/DD/YYYY HH:MI:SS AM')
,  TO_Date( '05/18/2009 12:00:00 AM', 'MM/DD/YYYY HH:MI:SS AM'), 10, 12, 'PENDING'
, 218, 133, 1, 14,0); 
INSERT INTO ACTIVITIES ( DTYPE, ID, PRESTATION, REFERENCE, DESCRIPTION, VERSION, STARTDATE, ENDDATE,
TOTALESTIMATEDHOURS, TOTALWORKEDHOURS, STATUS, MISSION_ID, FK_EMPLOYEE, FK_PROFILE,
FK_TASK,PUBLISHED ) VALUES ( 
'Intervention', 322, '4000', 'T_3', 'Planning-budget', 0,  TO_Date( '05/18/2009 12:00:00 AM', 'MM/DD/YYYY HH:MI:SS AM')
,  TO_Date( '05/18/2009 12:00:00 AM', 'MM/DD/YYYY HH:MI:SS AM'), 10, 12, 'PENDING'
, 218, 132, 2, 14,0); 
INSERT INTO ACTIVITIES ( DTYPE, ID, PRESTATION, REFERENCE, DESCRIPTION, VERSION, STARTDATE, ENDDATE,
TOTALESTIMATEDHOURS, TOTALWORKEDHOURS, STATUS, MISSION_ID, FK_EMPLOYEE, FK_PROFILE,
FK_TASK,PUBLISHED ) VALUES ( 
'Intervention', 323, '4000', 'T_4', 'Planning-budget', 0,  TO_Date( '05/18/2009 12:00:00 AM', 'MM/DD/YYYY HH:MI:SS AM')
,  TO_Date( '05/18/2009 12:00:00 AM', 'MM/DD/YYYY HH:MI:SS AM'), 10, 12, 'PENDING'
, 218, 130, 4, 14,0); 
INSERT INTO ACTIVITIES ( DTYPE, ID, PRESTATION, REFERENCE, DESCRIPTION, VERSION, STARTDATE, ENDDATE,
TOTALESTIMATEDHOURS, TOTALWORKEDHOURS, STATUS, MISSION_ID, FK_EMPLOYEE, FK_PROFILE,
FK_TASK,PUBLISHED ) VALUES ( 
'Intervention', 324, '4000', 'T_1', 'Planning-budget', 0,  TO_Date( '05/18/2009 12:00:00 AM', 'MM/DD/YYYY HH:MI:SS AM')
,  TO_Date( '05/18/2009 12:00:00 AM', 'MM/DD/YYYY HH:MI:SS AM'), 10, 12, 'PENDING'
, 180, 131, 3, 14,0); 
INSERT INTO ACTIVITIES ( DTYPE, ID, PRESTATION, REFERENCE, DESCRIPTION, VERSION, STARTDATE, ENDDATE,
TOTALESTIMATEDHOURS, TOTALWORKEDHOURS, STATUS, MISSION_ID, FK_EMPLOYEE, FK_PROFILE,
FK_TASK,PUBLISHED ) VALUES ( 
'Intervention', 325, '4000', 'T_2', 'Planning-budget', 0,  TO_Date( '05/18/2009 12:00:00 AM', 'MM/DD/YYYY HH:MI:SS AM')
,  TO_Date( '05/18/2009 12:00:00 AM', 'MM/DD/YYYY HH:MI:SS AM'), 10, 12, 'PENDING'
, 180, 133, 1, 14,0); 
INSERT INTO ACTIVITIES ( DTYPE, ID, PRESTATION, REFERENCE, DESCRIPTION, VERSION, STARTDATE, ENDDATE,
TOTALESTIMATEDHOURS, TOTALWORKEDHOURS, STATUS, MISSION_ID, FK_EMPLOYEE, FK_PROFILE,
FK_TASK,PUBLISHED ) VALUES ( 
'Intervention', 326, '4000', 'T_3', 'Planning-budget', 0,  TO_Date( '05/18/2009 12:00:00 AM', 'MM/DD/YYYY HH:MI:SS AM')
,  TO_Date( '05/18/2009 12:00:00 AM', 'MM/DD/YYYY HH:MI:SS AM'), 10, 12, 'PENDING'
, 180, 132, 2, 14,0); 
INSERT INTO ACTIVITIES ( DTYPE, ID, PRESTATION, REFERENCE, DESCRIPTION, VERSION, STARTDATE, ENDDATE,
TOTALESTIMATEDHOURS, TOTALWORKEDHOURS, STATUS, MISSION_ID, FK_EMPLOYEE, FK_PROFILE,
FK_TASK,PUBLISHED ) VALUES ( 
'Intervention', 327, '4000', 'T_4', 'Planning-budget', 0,  TO_Date( '05/18/2009 12:00:00 AM', 'MM/DD/YYYY HH:MI:SS AM')
,  TO_Date( '05/18/2009 12:00:00 AM', 'MM/DD/YYYY HH:MI:SS AM'), 10, 12, 'PENDING'
, 180, 130, 4, 14,0); 
INSERT INTO ACTIVITIES ( DTYPE, ID, PRESTATION, REFERENCE, DESCRIPTION, VERSION, STARTDATE, ENDDATE,
TOTALESTIMATEDHOURS, TOTALWORKEDHOURS, STATUS, MISSION_ID, FK_EMPLOYEE, FK_PROFILE,
FK_TASK,PUBLISHED ) VALUES ( 
'Intervention', 328, '4000', 'T_1', 'Planning-budget', 0,  TO_Date( '05/18/2009 12:00:00 AM', 'MM/DD/YYYY HH:MI:SS AM')
,  TO_Date( '05/18/2009 12:00:00 AM', 'MM/DD/YYYY HH:MI:SS AM'), 10, 12, 'PENDING'
, 183, 131, 3, 14,0); 
INSERT INTO ACTIVITIES ( DTYPE, ID, PRESTATION, REFERENCE, DESCRIPTION, VERSION, STARTDATE, ENDDATE,
TOTALESTIMATEDHOURS, TOTALWORKEDHOURS, STATUS, MISSION_ID, FK_EMPLOYEE, FK_PROFILE,
FK_TASK,PUBLISHED ) VALUES ( 
'Intervention', 329, '4000', 'T_2', 'Planning-budget', 0,  TO_Date( '05/18/2009 12:00:00 AM', 'MM/DD/YYYY HH:MI:SS AM')
,  TO_Date( '05/18/2009 12:00:00 AM', 'MM/DD/YYYY HH:MI:SS AM'), 10, 12, 'PENDING'
, 183, 133, 1, 14,0); 
INSERT INTO ACTIVITIES ( DTYPE, ID, PRESTATION, REFERENCE, DESCRIPTION, VERSION, STARTDATE, ENDDATE,
TOTALESTIMATEDHOURS, TOTALWORKEDHOURS, STATUS, MISSION_ID, FK_EMPLOYEE, FK_PROFILE,
FK_TASK,PUBLISHED ) VALUES ( 
'Intervention', 330, '4000', 'T_3', 'Planning-budget', 0,  TO_Date( '05/18/2009 12:00:00 AM', 'MM/DD/YYYY HH:MI:SS AM')
,  TO_Date( '05/18/2009 12:00:00 AM', 'MM/DD/YYYY HH:MI:SS AM'), 10, 12, 'PENDING'
, 183, 132, 2, 14,0); 
INSERT INTO ACTIVITIES ( DTYPE, ID, PRESTATION, REFERENCE, DESCRIPTION, VERSION, STARTDATE, ENDDATE,
TOTALESTIMATEDHOURS, TOTALWORKEDHOURS, STATUS, MISSION_ID, FK_EMPLOYEE, FK_PROFILE,
FK_TASK,PUBLISHED ) VALUES ( 
'Intervention', 331, '4000', 'T_4', 'Planning-budget', 0,  TO_Date( '05/18/2009 12:00:00 AM', 'MM/DD/YYYY HH:MI:SS AM')
,  TO_Date( '05/18/2009 12:00:00 AM', 'MM/DD/YYYY HH:MI:SS AM'), 10, 12, 'PENDING'
, 183, 130, 4, 14,0); 
INSERT INTO ACTIVITIES ( DTYPE, ID, PRESTATION, REFERENCE, DESCRIPTION, VERSION, STARTDATE, ENDDATE,
TOTALESTIMATEDHOURS, TOTALWORKEDHOURS, STATUS, MISSION_ID, FK_EMPLOYEE, FK_PROFILE,
FK_TASK,PUBLISHED ) VALUES ( 
'Intervention', 332, '4000', 'T_1', 'Planning-budget', 0,  TO_Date( '05/18/2009 12:00:00 AM', 'MM/DD/YYYY HH:MI:SS AM')
,  TO_Date( '05/18/2009 12:00:00 AM', 'MM/DD/YYYY HH:MI:SS AM'), 10, 12, 'PENDING'
, 185, 131, 3, 14,0); 
INSERT INTO ACTIVITIES ( DTYPE, ID, PRESTATION, REFERENCE, DESCRIPTION, VERSION, STARTDATE, ENDDATE,
TOTALESTIMATEDHOURS, TOTALWORKEDHOURS, STATUS, MISSION_ID, FK_EMPLOYEE, FK_PROFILE,
FK_TASK,PUBLISHED ) VALUES ( 
'Intervention', 333, '4000', 'T_2', 'Planning-budget', 0,  TO_Date( '05/18/2009 12:00:00 AM', 'MM/DD/YYYY HH:MI:SS AM')
,  TO_Date( '05/18/2009 12:00:00 AM', 'MM/DD/YYYY HH:MI:SS AM'), 10, 12, 'PENDING'
, 185, 133, 1, 14,0); 
INSERT INTO ACTIVITIES ( DTYPE, ID, PRESTATION, REFERENCE, DESCRIPTION, VERSION, STARTDATE, ENDDATE,
TOTALESTIMATEDHOURS, TOTALWORKEDHOURS, STATUS, MISSION_ID, FK_EMPLOYEE, FK_PROFILE,
FK_TASK,PUBLISHED ) VALUES ( 
'Intervention', 334, '4000', 'T_3', 'Planning-budget', 0,  TO_Date( '05/18/2009 12:00:00 AM', 'MM/DD/YYYY HH:MI:SS AM')
,  TO_Date( '05/18/2009 12:00:00 AM', 'MM/DD/YYYY HH:MI:SS AM'), 10, 12, 'PENDING'
, 185, 132, 2, 14,0); 
INSERT INTO ACTIVITIES ( DTYPE, ID, PRESTATION, REFERENCE, DESCRIPTION, VERSION, STARTDATE, ENDDATE,
TOTALESTIMATEDHOURS, TOTALWORKEDHOURS, STATUS, MISSION_ID, FK_EMPLOYEE, FK_PROFILE,
FK_TASK,PUBLISHED ) VALUES ( 
'Intervention', 335, '4000', 'T_4', 'Planning-budget', 0,  TO_Date( '05/18/2009 12:00:00 AM', 'MM/DD/YYYY HH:MI:SS AM')
,  TO_Date( '05/18/2009 12:00:00 AM', 'MM/DD/YYYY HH:MI:SS AM'), 10, 12, 'PENDING'
, 185, 130, 4, 14,0); 
INSERT INTO ACTIVITIES ( DTYPE, ID, PRESTATION, REFERENCE, DESCRIPTION, VERSION, STARTDATE, ENDDATE,
TOTALESTIMATEDHOURS, TOTALWORKEDHOURS, STATUS, MISSION_ID, FK_EMPLOYEE, FK_PROFILE,
FK_TASK,PUBLISHED ) VALUES ( 
'Intervention', 336, '4000', 'T_1', 'Planning-budget', 0,  TO_Date( '05/18/2009 12:00:00 AM', 'MM/DD/YYYY HH:MI:SS AM')
,  TO_Date( '05/18/2009 12:00:00 AM', 'MM/DD/YYYY HH:MI:SS AM'), 10, 12, 'PENDING'
, 187, 131, 3, 14,0); 
INSERT INTO ACTIVITIES ( DTYPE, ID, PRESTATION, REFERENCE, DESCRIPTION, VERSION, STARTDATE, ENDDATE,
TOTALESTIMATEDHOURS, TOTALWORKEDHOURS, STATUS, MISSION_ID, FK_EMPLOYEE, FK_PROFILE,
FK_TASK,PUBLISHED ) VALUES ( 
'Intervention', 337, '4000', 'T_2', 'Planning-budget', 0,  TO_Date( '05/18/2009 12:00:00 AM', 'MM/DD/YYYY HH:MI:SS AM')
,  TO_Date( '05/18/2009 12:00:00 AM', 'MM/DD/YYYY HH:MI:SS AM'), 10, 12, 'PENDING'
, 187, 133, 1, 14,0); 
INSERT INTO ACTIVITIES ( DTYPE, ID, PRESTATION, REFERENCE, DESCRIPTION, VERSION, STARTDATE, ENDDATE,
TOTALESTIMATEDHOURS, TOTALWORKEDHOURS, STATUS, MISSION_ID, FK_EMPLOYEE, FK_PROFILE,
FK_TASK,PUBLISHED ) VALUES ( 
'Intervention', 338, '4000', 'T_3', 'Planning-budget', 0,  TO_Date( '05/18/2009 12:00:00 AM', 'MM/DD/YYYY HH:MI:SS AM')
,  TO_Date( '05/18/2009 12:00:00 AM', 'MM/DD/YYYY HH:MI:SS AM'), 10, 12, 'PENDING'
, 187, 132, 2, 14,0); 
INSERT INTO ACTIVITIES ( DTYPE, ID, PRESTATION, REFERENCE, DESCRIPTION, VERSION, STARTDATE, ENDDATE,
TOTALESTIMATEDHOURS, TOTALWORKEDHOURS, STATUS, MISSION_ID, FK_EMPLOYEE, FK_PROFILE,
FK_TASK,PUBLISHED ) VALUES ( 
'Intervention', 339, '4000', 'T_4', 'Planning-budget', 0,  TO_Date( '05/18/2009 12:00:00 AM', 'MM/DD/YYYY HH:MI:SS AM')
,  TO_Date( '05/18/2009 12:00:00 AM', 'MM/DD/YYYY HH:MI:SS AM'), 10, 12, 'PENDING'
, 187, 130, 4, 14,0); 
INSERT INTO ACTIVITIES ( DTYPE, ID, PRESTATION, REFERENCE, DESCRIPTION, VERSION, STARTDATE, ENDDATE,
TOTALESTIMATEDHOURS, TOTALWORKEDHOURS, STATUS, MISSION_ID, FK_EMPLOYEE, FK_PROFILE,
FK_TASK,PUBLISHED ) VALUES ( 
'Intervention', 340, '4000', 'T_1', 'Planning-budget', 0,  TO_Date( '05/18/2009 12:00:00 AM', 'MM/DD/YYYY HH:MI:SS AM')
,  TO_Date( '05/18/2009 12:00:00 AM', 'MM/DD/YYYY HH:MI:SS AM'), 10, 12, 'PENDING'
, 194, 131, 3, 14,0); 
INSERT INTO ACTIVITIES ( DTYPE, ID, PRESTATION, REFERENCE, DESCRIPTION, VERSION, STARTDATE, ENDDATE,
TOTALESTIMATEDHOURS, TOTALWORKEDHOURS, STATUS, MISSION_ID, FK_EMPLOYEE, FK_PROFILE,
FK_TASK,PUBLISHED ) VALUES ( 
'Intervention', 341, '4000', 'T_2', 'Planning-budget', 0,  TO_Date( '05/18/2009 12:00:00 AM', 'MM/DD/YYYY HH:MI:SS AM')
,  TO_Date( '05/18/2009 12:00:00 AM', 'MM/DD/YYYY HH:MI:SS AM'), 10, 12, 'PENDING'
, 194, 133, 1, 14,0); 
INSERT INTO ACTIVITIES ( DTYPE, ID, PRESTATION, REFERENCE, DESCRIPTION, VERSION, STARTDATE, ENDDATE,
TOTALESTIMATEDHOURS, TOTALWORKEDHOURS, STATUS, MISSION_ID, FK_EMPLOYEE, FK_PROFILE,
FK_TASK,PUBLISHED ) VALUES ( 
'Intervention', 342, '4000', 'T_3', 'Planning-budget', 0,  TO_Date( '05/18/2009 12:00:00 AM', 'MM/DD/YYYY HH:MI:SS AM')
,  TO_Date( '05/18/2009 12:00:00 AM', 'MM/DD/YYYY HH:MI:SS AM'), 10, 12, 'PENDING'
, 194, 132, 2, 14,0); 
INSERT INTO ACTIVITIES ( DTYPE, ID, PRESTATION, REFERENCE, DESCRIPTION, VERSION, STARTDATE, ENDDATE,
TOTALESTIMATEDHOURS, TOTALWORKEDHOURS, STATUS, MISSION_ID, FK_EMPLOYEE, FK_PROFILE,
FK_TASK,PUBLISHED ) VALUES ( 
'Intervention', 343, '4000', 'T_4', 'Planning-budget', 0,  TO_Date( '05/18/2009 12:00:00 AM', 'MM/DD/YYYY HH:MI:SS AM')
,  TO_Date( '05/18/2009 12:00:00 AM', 'MM/DD/YYYY HH:MI:SS AM'), 10, 12, 'PENDING'
, 194, 130, 4, 14,0); 
INSERT INTO ACTIVITIES ( DTYPE, ID, PRESTATION, REFERENCE, DESCRIPTION, VERSION, STARTDATE, ENDDATE,
TOTALESTIMATEDHOURS, TOTALWORKEDHOURS, STATUS, MISSION_ID, FK_EMPLOYEE, FK_PROFILE,
FK_TASK,PUBLISHED ) VALUES ( 
'Intervention', 344, '4000', 'T_1', 'Planning-budget', 0,  TO_Date( '05/18/2009 12:00:00 AM', 'MM/DD/YYYY HH:MI:SS AM')
,  TO_Date( '05/18/2009 12:00:00 AM', 'MM/DD/YYYY HH:MI:SS AM'), 10, 12, 'PENDING'
, 198, 131, 3, 14,0); 
INSERT INTO ACTIVITIES ( DTYPE, ID, PRESTATION, REFERENCE, DESCRIPTION, VERSION, STARTDATE, ENDDATE,
TOTALESTIMATEDHOURS, TOTALWORKEDHOURS, STATUS, MISSION_ID, FK_EMPLOYEE, FK_PROFILE,
FK_TASK,PUBLISHED ) VALUES ( 
'Intervention', 345, '4000', 'T_2', 'Planning-budget', 0,  TO_Date( '05/18/2009 12:00:00 AM', 'MM/DD/YYYY HH:MI:SS AM')
,  TO_Date( '05/18/2009 12:00:00 AM', 'MM/DD/YYYY HH:MI:SS AM'), 10, 12, 'PENDING'
, 198, 133, 1, 14,0); 
INSERT INTO ACTIVITIES ( DTYPE, ID, PRESTATION, REFERENCE, DESCRIPTION, VERSION, STARTDATE, ENDDATE,
TOTALESTIMATEDHOURS, TOTALWORKEDHOURS, STATUS, MISSION_ID, FK_EMPLOYEE, FK_PROFILE,
FK_TASK,PUBLISHED ) VALUES ( 
'Intervention', 346, '4000', 'T_3', 'Planning-budget', 0,  TO_Date( '05/18/2009 12:00:00 AM', 'MM/DD/YYYY HH:MI:SS AM')
,  TO_Date( '05/18/2009 12:00:00 AM', 'MM/DD/YYYY HH:MI:SS AM'), 10, 12, 'PENDING'
, 198, 132, 2, 14,0); 
INSERT INTO ACTIVITIES ( DTYPE, ID, PRESTATION, REFERENCE, DESCRIPTION, VERSION, STARTDATE, ENDDATE,
TOTALESTIMATEDHOURS, TOTALWORKEDHOURS, STATUS, MISSION_ID, FK_EMPLOYEE, FK_PROFILE,
FK_TASK,PUBLISHED ) VALUES ( 
'Intervention', 347, '4000', 'T_4', 'Planning-budget', 0,  TO_Date( '05/18/2009 12:00:00 AM', 'MM/DD/YYYY HH:MI:SS AM')
,  TO_Date( '05/18/2009 12:00:00 AM', 'MM/DD/YYYY HH:MI:SS AM'), 10, 12, 'PENDING'
, 198, 130, 4, 14,0); 
INSERT INTO ACTIVITIES ( DTYPE, ID, PRESTATION, REFERENCE, DESCRIPTION, VERSION, STARTDATE, ENDDATE,
TOTALESTIMATEDHOURS, TOTALWORKEDHOURS, STATUS, MISSION_ID, FK_EMPLOYEE, FK_PROFILE,
FK_TASK,PUBLISHED ) VALUES ( 
'Intervention', 348, '4000', 'T_1', 'Planning-budget', 0,  TO_Date( '05/18/2009 12:00:00 AM', 'MM/DD/YYYY HH:MI:SS AM')
,  TO_Date( '05/18/2009 12:00:00 AM', 'MM/DD/YYYY HH:MI:SS AM'), 10, 12, 'PENDING'
, 203, 131, 3, 14,0); 
INSERT INTO ACTIVITIES ( DTYPE, ID, PRESTATION, REFERENCE, DESCRIPTION, VERSION, STARTDATE, ENDDATE,
TOTALESTIMATEDHOURS, TOTALWORKEDHOURS, STATUS, MISSION_ID, FK_EMPLOYEE, FK_PROFILE,
FK_TASK,PUBLISHED ) VALUES ( 
'Intervention', 349, '4000', 'T_2', 'Planning-budget', 0,  TO_Date( '05/18/2009 12:00:00 AM', 'MM/DD/YYYY HH:MI:SS AM')
,  TO_Date( '05/18/2009 12:00:00 AM', 'MM/DD/YYYY HH:MI:SS AM'), 10, 12, 'PENDING'
, 203, 133, 1, 14,0); 
INSERT INTO ACTIVITIES ( DTYPE, ID, PRESTATION, REFERENCE, DESCRIPTION, VERSION, STARTDATE, ENDDATE,
TOTALESTIMATEDHOURS, TOTALWORKEDHOURS, STATUS, MISSION_ID, FK_EMPLOYEE, FK_PROFILE,
FK_TASK,PUBLISHED ) VALUES ( 
'Intervention', 350, '4000', 'T_3', 'Planning-budget', 0,  TO_Date( '05/18/2009 12:00:00 AM', 'MM/DD/YYYY HH:MI:SS AM')
,  TO_Date( '05/18/2009 12:00:00 AM', 'MM/DD/YYYY HH:MI:SS AM'), 10, 12, 'PENDING'
, 203, 132, 2, 14,0); 
INSERT INTO ACTIVITIES ( DTYPE, ID, PRESTATION, REFERENCE, DESCRIPTION, VERSION, STARTDATE, ENDDATE,
TOTALESTIMATEDHOURS, TOTALWORKEDHOURS, STATUS, MISSION_ID, FK_EMPLOYEE, FK_PROFILE,
FK_TASK,PUBLISHED ) VALUES ( 
'Intervention', 351, '4000', 'T_4', 'Planning-budget', 0,  TO_Date( '05/18/2009 12:00:00 AM', 'MM/DD/YYYY HH:MI:SS AM')
,  TO_Date( '05/18/2009 12:00:00 AM', 'MM/DD/YYYY HH:MI:SS AM'), 10, 12, 'PENDING'
, 203, 130, 4, 14,0); 
INSERT INTO ACTIVITIES ( DTYPE, ID, PRESTATION, REFERENCE, DESCRIPTION, VERSION, STARTDATE, ENDDATE,
TOTALESTIMATEDHOURS, TOTALWORKEDHOURS, STATUS, MISSION_ID, FK_EMPLOYEE, FK_PROFILE,
FK_TASK,PUBLISHED ) VALUES ( 
'Intervention', 352, '4000', 'T_1', 'Planning-budget', 0,  TO_Date( '05/18/2009 12:00:00 AM', 'MM/DD/YYYY HH:MI:SS AM')
,  TO_Date( '05/18/2009 12:00:00 AM', 'MM/DD/YYYY HH:MI:SS AM'), 10, 12, 'PENDING'
, 201, 131, 3, 14,0); 
INSERT INTO ACTIVITIES ( DTYPE, ID, PRESTATION, REFERENCE, DESCRIPTION, VERSION, STARTDATE, ENDDATE,
TOTALESTIMATEDHOURS, TOTALWORKEDHOURS, STATUS, MISSION_ID, FK_EMPLOYEE, FK_PROFILE,
FK_TASK,PUBLISHED ) VALUES ( 
'Intervention', 353, '4000', 'T_2', 'Planning-budget', 0,  TO_Date( '05/18/2009 12:00:00 AM', 'MM/DD/YYYY HH:MI:SS AM')
,  TO_Date( '05/18/2009 12:00:00 AM', 'MM/DD/YYYY HH:MI:SS AM'), 10, 12, 'PENDING'
, 201, 133, 1, 14,0); 
INSERT INTO ACTIVITIES ( DTYPE, ID, PRESTATION, REFERENCE, DESCRIPTION, VERSION, STARTDATE, ENDDATE,
TOTALESTIMATEDHOURS, TOTALWORKEDHOURS, STATUS, MISSION_ID, FK_EMPLOYEE, FK_PROFILE,
FK_TASK,PUBLISHED ) VALUES ( 
'Intervention', 354, '4000', 'T_3', 'Planning-budget', 0,  TO_Date( '05/18/2009 12:00:00 AM', 'MM/DD/YYYY HH:MI:SS AM')
,  TO_Date( '05/18/2009 12:00:00 AM', 'MM/DD/YYYY HH:MI:SS AM'), 10, 12, 'PENDING'
, 201, 132, 2, 14,0); 
INSERT INTO ACTIVITIES ( DTYPE, ID, PRESTATION, REFERENCE, DESCRIPTION, VERSION, STARTDATE, ENDDATE,
TOTALESTIMATEDHOURS, TOTALWORKEDHOURS, STATUS, MISSION_ID, FK_EMPLOYEE, FK_PROFILE,
FK_TASK,PUBLISHED ) VALUES ( 
'Intervention', 355, '4000', 'T_4', 'Planning-budget', 0,  TO_Date( '05/18/2009 12:00:00 AM', 'MM/DD/YYYY HH:MI:SS AM')
,  TO_Date( '05/18/2009 12:00:00 AM', 'MM/DD/YYYY HH:MI:SS AM'), 10, 12, 'PENDING'
, 201, 130, 4, 14,0); 
INSERT INTO ACTIVITIES ( DTYPE, ID, PRESTATION, REFERENCE, DESCRIPTION, VERSION, STARTDATE, ENDDATE,
TOTALESTIMATEDHOURS, TOTALWORKEDHOURS, STATUS, MISSION_ID, FK_EMPLOYEE, FK_PROFILE,
FK_TASK,PUBLISHED ) VALUES ( 
'Intervention', 356, '4000', 'T_1', 'Planning-budget', 0,  TO_Date( '05/18/2009 12:00:00 AM', 'MM/DD/YYYY HH:MI:SS AM')
,  TO_Date( '05/18/2009 12:00:00 AM', 'MM/DD/YYYY HH:MI:SS AM'), 10, 12, 'PENDING'
, 196, 131, 3, 14,0); 
INSERT INTO ACTIVITIES ( DTYPE, ID, PRESTATION, REFERENCE, DESCRIPTION, VERSION, STARTDATE, ENDDATE,
TOTALESTIMATEDHOURS, TOTALWORKEDHOURS, STATUS, MISSION_ID, FK_EMPLOYEE, FK_PROFILE,
FK_TASK,PUBLISHED ) VALUES ( 
'Intervention', 357, '4000', 'T_2', 'Planning-budget', 0,  TO_Date( '05/18/2009 12:00:00 AM', 'MM/DD/YYYY HH:MI:SS AM')
,  TO_Date( '05/18/2009 12:00:00 AM', 'MM/DD/YYYY HH:MI:SS AM'), 10, 12, 'PENDING'
, 196, 133, 1, 14,0); 
INSERT INTO ACTIVITIES ( DTYPE, ID, PRESTATION, REFERENCE, DESCRIPTION, VERSION, STARTDATE, ENDDATE,
TOTALESTIMATEDHOURS, TOTALWORKEDHOURS, STATUS, MISSION_ID, FK_EMPLOYEE, FK_PROFILE,
FK_TASK,PUBLISHED ) VALUES ( 
'Intervention', 358, '4000', 'T_3', 'Planning-budget', 0,  TO_Date( '05/18/2009 12:00:00 AM', 'MM/DD/YYYY HH:MI:SS AM')
,  TO_Date( '05/18/2009 12:00:00 AM', 'MM/DD/YYYY HH:MI:SS AM'), 10, 12, 'PENDING'
, 196, 132, 2, 14,0); 
INSERT INTO ACTIVITIES ( DTYPE, ID, PRESTATION, REFERENCE, DESCRIPTION, VERSION, STARTDATE, ENDDATE,
TOTALESTIMATEDHOURS, TOTALWORKEDHOURS, STATUS, MISSION_ID, FK_EMPLOYEE, FK_PROFILE,
FK_TASK,PUBLISHED ) VALUES ( 
'Intervention', 359, '4000', 'T_4', 'Planning-budget', 0,  TO_Date( '05/18/2009 12:00:00 AM', 'MM/DD/YYYY HH:MI:SS AM')
,  TO_Date( '05/18/2009 12:00:00 AM', 'MM/DD/YYYY HH:MI:SS AM'), 10, 12, 'PENDING'
, 196, 130, 4, 14,0); 
INSERT INTO ACTIVITIES ( DTYPE, ID, PRESTATION, REFERENCE, DESCRIPTION, VERSION, STARTDATE, ENDDATE,
TOTALESTIMATEDHOURS, TOTALWORKEDHOURS, STATUS, MISSION_ID, FK_EMPLOYEE, FK_PROFILE,
FK_TASK,PUBLISHED ) VALUES ( 
'Intervention', 360, '4000', 'T_1', 'Planning-budget', 0,  TO_Date( '05/18/2009 12:00:00 AM', 'MM/DD/YYYY HH:MI:SS AM')
,  TO_Date( '05/18/2009 12:00:00 AM', 'MM/DD/YYYY HH:MI:SS AM'), 10, 12, 'PENDING'
, 192, 131, 3, 14,0); 
INSERT INTO ACTIVITIES ( DTYPE, ID, PRESTATION, REFERENCE, DESCRIPTION, VERSION, STARTDATE, ENDDATE,
TOTALESTIMATEDHOURS, TOTALWORKEDHOURS, STATUS, MISSION_ID, FK_EMPLOYEE, FK_PROFILE,
FK_TASK,PUBLISHED ) VALUES ( 
'Intervention', 361, '4000', 'T_2', 'Planning-budget', 0,  TO_Date( '05/18/2009 12:00:00 AM', 'MM/DD/YYYY HH:MI:SS AM')
,  TO_Date( '05/18/2009 12:00:00 AM', 'MM/DD/YYYY HH:MI:SS AM'), 10, 12, 'PENDING'
, 192, 133, 1, 14,0); 
INSERT INTO ACTIVITIES ( DTYPE, ID, PRESTATION, REFERENCE, DESCRIPTION, VERSION, STARTDATE, ENDDATE,
TOTALESTIMATEDHOURS, TOTALWORKEDHOURS, STATUS, MISSION_ID, FK_EMPLOYEE, FK_PROFILE,
FK_TASK,PUBLISHED ) VALUES ( 
'Intervention', 362, '4000', 'T_3', 'Planning-budget', 0,  TO_Date( '05/18/2009 12:00:00 AM', 'MM/DD/YYYY HH:MI:SS AM')
,  TO_Date( '05/18/2009 12:00:00 AM', 'MM/DD/YYYY HH:MI:SS AM'), 10, 12, 'PENDING'
, 192, 132, 2, 14,0); 
INSERT INTO ACTIVITIES ( DTYPE, ID, PRESTATION, REFERENCE, DESCRIPTION, VERSION, STARTDATE, ENDDATE,
TOTALESTIMATEDHOURS, TOTALWORKEDHOURS, STATUS, MISSION_ID, FK_EMPLOYEE, FK_PROFILE,
FK_TASK,PUBLISHED ) VALUES ( 
'Intervention', 363, '4000', 'T_4', 'Planning-budget', 0,  TO_Date( '05/18/2009 12:00:00 AM', 'MM/DD/YYYY HH:MI:SS AM')
,  TO_Date( '05/18/2009 12:00:00 AM', 'MM/DD/YYYY HH:MI:SS AM'), 10, 12, 'PENDING'
, 192, 130, 4, 14,0); 
INSERT INTO ACTIVITIES ( DTYPE, ID, PRESTATION, REFERENCE, DESCRIPTION, VERSION, STARTDATE, ENDDATE,
TOTALESTIMATEDHOURS, TOTALWORKEDHOURS, STATUS, MISSION_ID, FK_EMPLOYEE, FK_PROFILE,
FK_TASK,PUBLISHED ) VALUES ( 
'Intervention', 364, '4000', 'T_1', 'Planning-budget', 0,  TO_Date( '05/18/2009 12:00:00 AM', 'MM/DD/YYYY HH:MI:SS AM')
,  TO_Date( '05/18/2009 12:00:00 AM', 'MM/DD/YYYY HH:MI:SS AM'), 10, 12, 'PENDING'
, 191, 131, 3, 14,0); 
INSERT INTO ACTIVITIES ( DTYPE, ID, PRESTATION, REFERENCE, DESCRIPTION, VERSION, STARTDATE, ENDDATE,
TOTALESTIMATEDHOURS, TOTALWORKEDHOURS, STATUS, MISSION_ID, FK_EMPLOYEE, FK_PROFILE,
FK_TASK,PUBLISHED ) VALUES ( 
'Intervention', 365, '4000', 'T_2', 'Planning-budget', 0,  TO_Date( '05/18/2009 12:00:00 AM', 'MM/DD/YYYY HH:MI:SS AM')
,  TO_Date( '05/18/2009 12:00:00 AM', 'MM/DD/YYYY HH:MI:SS AM'), 10, 12, 'PENDING'
, 191, 133, 1, 14,0); 
INSERT INTO ACTIVITIES ( DTYPE, ID, PRESTATION, REFERENCE, DESCRIPTION, VERSION, STARTDATE, ENDDATE,
TOTALESTIMATEDHOURS, TOTALWORKEDHOURS, STATUS, MISSION_ID, FK_EMPLOYEE, FK_PROFILE,
FK_TASK,PUBLISHED ) VALUES ( 
'Intervention', 366, '4000', 'T_3', 'Planning-budget', 0,  TO_Date( '05/18/2009 12:00:00 AM', 'MM/DD/YYYY HH:MI:SS AM')
,  TO_Date( '05/18/2009 12:00:00 AM', 'MM/DD/YYYY HH:MI:SS AM'), 10, 12, 'PENDING'
, 191, 132, 2, 14,0); 
INSERT INTO ACTIVITIES ( DTYPE, ID, PRESTATION, REFERENCE, DESCRIPTION, VERSION, STARTDATE, ENDDATE,
TOTALESTIMATEDHOURS, TOTALWORKEDHOURS, STATUS, MISSION_ID, FK_EMPLOYEE, FK_PROFILE,
FK_TASK,PUBLISHED ) VALUES ( 
'Intervention', 367, '4000', 'T_4', 'Planning-budget', 0,  TO_Date( '05/18/2009 12:00:00 AM', 'MM/DD/YYYY HH:MI:SS AM')
,  TO_Date( '05/18/2009 12:00:00 AM', 'MM/DD/YYYY HH:MI:SS AM'), 10, 12, 'PENDING'
, 191, 130, 4, 14,0); 
INSERT INTO ACTIVITIES ( DTYPE, ID, PRESTATION, REFERENCE, DESCRIPTION, VERSION, STARTDATE, ENDDATE,
TOTALESTIMATEDHOURS, TOTALWORKEDHOURS, STATUS, MISSION_ID, FK_EMPLOYEE, FK_PROFILE,
FK_TASK,PUBLISHED ) VALUES ( 
'Intervention', 368, '4000', 'T_1', 'Planning-budget', 0,  TO_Date( '05/18/2009 12:00:00 AM', 'MM/DD/YYYY HH:MI:SS AM')
,  TO_Date( '05/18/2009 12:00:00 AM', 'MM/DD/YYYY HH:MI:SS AM'), 10, 12, 'PENDING'
, 188, 131, 3, 14,0); 
INSERT INTO ACTIVITIES ( DTYPE, ID, PRESTATION, REFERENCE, DESCRIPTION, VERSION, STARTDATE, ENDDATE,
TOTALESTIMATEDHOURS, TOTALWORKEDHOURS, STATUS, MISSION_ID, FK_EMPLOYEE, FK_PROFILE,
FK_TASK,PUBLISHED ) VALUES ( 
'Intervention', 369, '4000', 'T_2', 'Planning-budget', 0,  TO_Date( '05/18/2009 12:00:00 AM', 'MM/DD/YYYY HH:MI:SS AM')
,  TO_Date( '05/18/2009 12:00:00 AM', 'MM/DD/YYYY HH:MI:SS AM'), 10, 12, 'PENDING'
, 188, 133, 1, 14,0); 
INSERT INTO ACTIVITIES ( DTYPE, ID, PRESTATION, REFERENCE, DESCRIPTION, VERSION, STARTDATE, ENDDATE,
TOTALESTIMATEDHOURS, TOTALWORKEDHOURS, STATUS, MISSION_ID, FK_EMPLOYEE, FK_PROFILE,
FK_TASK,PUBLISHED ) VALUES ( 
'Intervention', 370, '4000', 'T_3', 'Planning-budget', 0,  TO_Date( '05/18/2009 12:00:00 AM', 'MM/DD/YYYY HH:MI:SS AM')
,  TO_Date( '05/18/2009 12:00:00 AM', 'MM/DD/YYYY HH:MI:SS AM'), 10, 12, 'PENDING'
, 188, 132, 2, 14,0); 
INSERT INTO ACTIVITIES ( DTYPE, ID, PRESTATION, REFERENCE, DESCRIPTION, VERSION, STARTDATE, ENDDATE,
TOTALESTIMATEDHOURS, TOTALWORKEDHOURS, STATUS, MISSION_ID, FK_EMPLOYEE, FK_PROFILE,
FK_TASK,PUBLISHED ) VALUES ( 
'Intervention', 371, '4000', 'T_4', 'Planning-budget', 0,  TO_Date( '05/18/2009 12:00:00 AM', 'MM/DD/YYYY HH:MI:SS AM')
,  TO_Date( '05/18/2009 12:00:00 AM', 'MM/DD/YYYY HH:MI:SS AM'), 10, 12, 'PENDING'
, 188, 130, 4, 14,0); 
INSERT INTO ACTIVITIES ( DTYPE, ID, PRESTATION, REFERENCE, DESCRIPTION, VERSION, STARTDATE, ENDDATE,
TOTALESTIMATEDHOURS, TOTALWORKEDHOURS, STATUS, MISSION_ID, FK_EMPLOYEE, FK_PROFILE,
FK_TASK,PUBLISHED ) VALUES ( 
'Intervention', 372, '4000', 'T_1', 'Planning-budget', 0,  TO_Date( '05/18/2009 12:00:00 AM', 'MM/DD/YYYY HH:MI:SS AM')
,  TO_Date( '05/18/2009 12:00:00 AM', 'MM/DD/YYYY HH:MI:SS AM'), 10, 12, 'PENDING'
, 168, 131, 3, 14,0); 
INSERT INTO ACTIVITIES ( DTYPE, ID, PRESTATION, REFERENCE, DESCRIPTION, VERSION, STARTDATE, ENDDATE,
TOTALESTIMATEDHOURS, TOTALWORKEDHOURS, STATUS, MISSION_ID, FK_EMPLOYEE, FK_PROFILE,
FK_TASK,PUBLISHED ) VALUES ( 
'Intervention', 373, '4000', 'T_2', 'Planning-budget', 0,  TO_Date( '05/18/2009 12:00:00 AM', 'MM/DD/YYYY HH:MI:SS AM')
,  TO_Date( '05/18/2009 12:00:00 AM', 'MM/DD/YYYY HH:MI:SS AM'), 10, 12, 'PENDING'
, 168, 133, 1, 14,0); 
INSERT INTO ACTIVITIES ( DTYPE, ID, PRESTATION, REFERENCE, DESCRIPTION, VERSION, STARTDATE, ENDDATE,
TOTALESTIMATEDHOURS, TOTALWORKEDHOURS, STATUS, MISSION_ID, FK_EMPLOYEE, FK_PROFILE,
FK_TASK,PUBLISHED ) VALUES ( 
'Intervention', 374, '4000', 'T_3', 'Planning-budget', 0,  TO_Date( '05/18/2009 12:00:00 AM', 'MM/DD/YYYY HH:MI:SS AM')
,  TO_Date( '05/18/2009 12:00:00 AM', 'MM/DD/YYYY HH:MI:SS AM'), 10, 12, 'PENDING'
, 168, 132, 2, 14,0); 
INSERT INTO ACTIVITIES ( DTYPE, ID, PRESTATION, REFERENCE, DESCRIPTION, VERSION, STARTDATE, ENDDATE,
TOTALESTIMATEDHOURS, TOTALWORKEDHOURS, STATUS, MISSION_ID, FK_EMPLOYEE, FK_PROFILE,
FK_TASK,PUBLISHED ) VALUES ( 
'Intervention', 375, '4000', 'T_4', 'Planning-budget', 0,  TO_Date( '05/18/2009 12:00:00 AM', 'MM/DD/YYYY HH:MI:SS AM')
,  TO_Date( '05/18/2009 12:00:00 AM', 'MM/DD/YYYY HH:MI:SS AM'), 10, 12, 'PENDING'
, 168, 130, 4, 14,0); 
INSERT INTO ACTIVITIES ( DTYPE, ID, PRESTATION, REFERENCE, DESCRIPTION, VERSION, STARTDATE, ENDDATE,
TOTALESTIMATEDHOURS, TOTALWORKEDHOURS, STATUS, MISSION_ID, FK_EMPLOYEE, FK_PROFILE,
FK_TASK,PUBLISHED ) VALUES ( 
'Intervention', 376, '4000', 'T_1', 'Planning-budget', 0,  TO_Date( '05/18/2009 12:00:00 AM', 'MM/DD/YYYY HH:MI:SS AM')
,  TO_Date( '05/18/2009 12:00:00 AM', 'MM/DD/YYYY HH:MI:SS AM'), 10, 12, 'PENDING'
, 169, 131, 3, 14,0); 
INSERT INTO ACTIVITIES ( DTYPE, ID, PRESTATION, REFERENCE, DESCRIPTION, VERSION, STARTDATE, ENDDATE,
TOTALESTIMATEDHOURS, TOTALWORKEDHOURS, STATUS, MISSION_ID, FK_EMPLOYEE, FK_PROFILE,
FK_TASK,PUBLISHED ) VALUES ( 
'Intervention', 377, '4000', 'T_2', 'Planning-budget', 0,  TO_Date( '05/18/2009 12:00:00 AM', 'MM/DD/YYYY HH:MI:SS AM')
,  TO_Date( '05/18/2009 12:00:00 AM', 'MM/DD/YYYY HH:MI:SS AM'), 10, 12, 'PENDING'
, 169, 133, 1, 14,0); 
INSERT INTO ACTIVITIES ( DTYPE, ID, PRESTATION, REFERENCE, DESCRIPTION, VERSION, STARTDATE, ENDDATE,
TOTALESTIMATEDHOURS, TOTALWORKEDHOURS, STATUS, MISSION_ID, FK_EMPLOYEE, FK_PROFILE,
FK_TASK,PUBLISHED ) VALUES ( 
'Intervention', 378, '4000', 'T_3', 'Planning-budget', 0,  TO_Date( '05/18/2009 12:00:00 AM', 'MM/DD/YYYY HH:MI:SS AM')
,  TO_Date( '05/18/2009 12:00:00 AM', 'MM/DD/YYYY HH:MI:SS AM'), 10, 12, 'PENDING'
, 169, 132, 2, 14,0); 
INSERT INTO ACTIVITIES ( DTYPE, ID, PRESTATION, REFERENCE, DESCRIPTION, VERSION, STARTDATE, ENDDATE,
TOTALESTIMATEDHOURS, TOTALWORKEDHOURS, STATUS, MISSION_ID, FK_EMPLOYEE, FK_PROFILE,
FK_TASK,PUBLISHED ) VALUES ( 
'Intervention', 379, '4000', 'T_4', 'Planning-budget', 0,  TO_Date( '05/18/2009 12:00:00 AM', 'MM/DD/YYYY HH:MI:SS AM')
,  TO_Date( '05/18/2009 12:00:00 AM', 'MM/DD/YYYY HH:MI:SS AM'), 10, 12, 'PENDING'
, 169, 130, 4, 14,0); 
INSERT INTO ACTIVITIES ( DTYPE, ID, PRESTATION, REFERENCE, DESCRIPTION, VERSION, STARTDATE, ENDDATE,
TOTALESTIMATEDHOURS, TOTALWORKEDHOURS, STATUS, MISSION_ID, FK_EMPLOYEE, FK_PROFILE,
FK_TASK,PUBLISHED ) VALUES ( 
'Intervention', 380, '4000', 'T_1', 'Planning-budget', 0,  TO_Date( '05/18/2009 12:00:00 AM', 'MM/DD/YYYY HH:MI:SS AM')
,  TO_Date( '05/18/2009 12:00:00 AM', 'MM/DD/YYYY HH:MI:SS AM'), 10, 12, 'PENDING'
, 171, 131, 3, 14,0); 
INSERT INTO ACTIVITIES ( DTYPE, ID, PRESTATION, REFERENCE, DESCRIPTION, VERSION, STARTDATE, ENDDATE,
TOTALESTIMATEDHOURS, TOTALWORKEDHOURS, STATUS, MISSION_ID, FK_EMPLOYEE, FK_PROFILE,
FK_TASK,PUBLISHED ) VALUES ( 
'Intervention', 381, '4000', 'T_2', 'Planning-budget', 0,  TO_Date( '05/18/2009 12:00:00 AM', 'MM/DD/YYYY HH:MI:SS AM')
,  TO_Date( '05/18/2009 12:00:00 AM', 'MM/DD/YYYY HH:MI:SS AM'), 10, 12, 'PENDING'
, 171, 133, 1, 14,0); 
INSERT INTO ACTIVITIES ( DTYPE, ID, PRESTATION, REFERENCE, DESCRIPTION, VERSION, STARTDATE, ENDDATE,
TOTALESTIMATEDHOURS, TOTALWORKEDHOURS, STATUS, MISSION_ID, FK_EMPLOYEE, FK_PROFILE,
FK_TASK,PUBLISHED ) VALUES ( 
'Intervention', 382, '4000', 'T_3', 'Planning-budget', 0,  TO_Date( '05/18/2009 12:00:00 AM', 'MM/DD/YYYY HH:MI:SS AM')
,  TO_Date( '05/18/2009 12:00:00 AM', 'MM/DD/YYYY HH:MI:SS AM'), 10, 12, 'PENDING'
, 171, 132, 2, 14,0); 
INSERT INTO ACTIVITIES ( DTYPE, ID, PRESTATION, REFERENCE, DESCRIPTION, VERSION, STARTDATE, ENDDATE,
TOTALESTIMATEDHOURS, TOTALWORKEDHOURS, STATUS, MISSION_ID, FK_EMPLOYEE, FK_PROFILE,
FK_TASK,PUBLISHED ) VALUES ( 
'Intervention', 383, '4000', 'T_4', 'Planning-budget', 0,  TO_Date( '05/18/2009 12:00:00 AM', 'MM/DD/YYYY HH:MI:SS AM')
,  TO_Date( '05/18/2009 12:00:00 AM', 'MM/DD/YYYY HH:MI:SS AM'), 10, 12, 'PENDING'
, 171, 130, 4, 14,0); 
INSERT INTO ACTIVITIES ( DTYPE, ID, PRESTATION, REFERENCE, DESCRIPTION, VERSION, STARTDATE, ENDDATE,
TOTALESTIMATEDHOURS, TOTALWORKEDHOURS, STATUS, MISSION_ID, FK_EMPLOYEE, FK_PROFILE,
FK_TASK,PUBLISHED ) VALUES ( 
'Intervention', 384, '4000', 'T_1', 'Planning-budget', 0,  TO_Date( '05/18/2009 12:00:00 AM', 'MM/DD/YYYY HH:MI:SS AM')
,  TO_Date( '05/18/2009 12:00:00 AM', 'MM/DD/YYYY HH:MI:SS AM'), 10, 12, 'PENDING'
, 172, 131, 3, 14,0); 
INSERT INTO ACTIVITIES ( DTYPE, ID, PRESTATION, REFERENCE, DESCRIPTION, VERSION, STARTDATE, ENDDATE,
TOTALESTIMATEDHOURS, TOTALWORKEDHOURS, STATUS, MISSION_ID, FK_EMPLOYEE, FK_PROFILE,
FK_TASK,PUBLISHED ) VALUES ( 
'Intervention', 385, '4000', 'T_2', 'Planning-budget', 0,  TO_Date( '05/18/2009 12:00:00 AM', 'MM/DD/YYYY HH:MI:SS AM')
,  TO_Date( '05/18/2009 12:00:00 AM', 'MM/DD/YYYY HH:MI:SS AM'), 10, 12, 'PENDING'
, 172, 133, 1, 14,0); 
INSERT INTO ACTIVITIES ( DTYPE, ID, PRESTATION, REFERENCE, DESCRIPTION, VERSION, STARTDATE, ENDDATE,
TOTALESTIMATEDHOURS, TOTALWORKEDHOURS, STATUS, MISSION_ID, FK_EMPLOYEE, FK_PROFILE,
FK_TASK,PUBLISHED ) VALUES ( 
'Intervention', 386, '4000', 'T_3', 'Planning-budget', 0,  TO_Date( '05/18/2009 12:00:00 AM', 'MM/DD/YYYY HH:MI:SS AM')
,  TO_Date( '05/18/2009 12:00:00 AM', 'MM/DD/YYYY HH:MI:SS AM'), 10, 12, 'PENDING'
, 172, 132, 2, 14,0); 
INSERT INTO ACTIVITIES ( DTYPE, ID, PRESTATION, REFERENCE, DESCRIPTION, VERSION, STARTDATE, ENDDATE,
TOTALESTIMATEDHOURS, TOTALWORKEDHOURS, STATUS, MISSION_ID, FK_EMPLOYEE, FK_PROFILE,
FK_TASK,PUBLISHED ) VALUES ( 
'Intervention', 387, '4000', 'T_4', 'Planning-budget', 0,  TO_Date( '05/18/2009 12:00:00 AM', 'MM/DD/YYYY HH:MI:SS AM')
,  TO_Date( '05/18/2009 12:00:00 AM', 'MM/DD/YYYY HH:MI:SS AM'), 10, 12, 'PENDING'
, 172, 130, 4, 14,0); 
INSERT INTO ACTIVITIES ( DTYPE, ID, PRESTATION, REFERENCE, DESCRIPTION, VERSION, STARTDATE, ENDDATE,
TOTALESTIMATEDHOURS, TOTALWORKEDHOURS, STATUS, MISSION_ID, FK_EMPLOYEE, FK_PROFILE,
FK_TASK,PUBLISHED ) VALUES ( 
'Intervention', 388, '4000', 'T_1', 'Planning-budget', 0,  TO_Date( '05/18/2009 12:00:00 AM', 'MM/DD/YYYY HH:MI:SS AM')
,  TO_Date( '05/18/2009 12:00:00 AM', 'MM/DD/YYYY HH:MI:SS AM'), 10, 12, 'PENDING'
, 170, 131, 3, 14,0); 
INSERT INTO ACTIVITIES ( DTYPE, ID, PRESTATION, REFERENCE, DESCRIPTION, VERSION, STARTDATE, ENDDATE,
TOTALESTIMATEDHOURS, TOTALWORKEDHOURS, STATUS, MISSION_ID, FK_EMPLOYEE, FK_PROFILE,
FK_TASK,PUBLISHED ) VALUES ( 
'Intervention', 389, '4000', 'T_2', 'Planning-budget', 0,  TO_Date( '05/18/2009 12:00:00 AM', 'MM/DD/YYYY HH:MI:SS AM')
,  TO_Date( '05/18/2009 12:00:00 AM', 'MM/DD/YYYY HH:MI:SS AM'), 10, 12, 'PENDING'
, 170, 133, 1, 14,0); 
INSERT INTO ACTIVITIES ( DTYPE, ID, PRESTATION, REFERENCE, DESCRIPTION, VERSION, STARTDATE, ENDDATE,
TOTALESTIMATEDHOURS, TOTALWORKEDHOURS, STATUS, MISSION_ID, FK_EMPLOYEE, FK_PROFILE,
FK_TASK,PUBLISHED ) VALUES ( 
'Intervention', 390, '4000', 'T_3', 'Planning-budget', 0,  TO_Date( '05/18/2009 12:00:00 AM', 'MM/DD/YYYY HH:MI:SS AM')
,  TO_Date( '05/18/2009 12:00:00 AM', 'MM/DD/YYYY HH:MI:SS AM'), 10, 12, 'PENDING'
, 170, 132, 2, 14,0); 
INSERT INTO ACTIVITIES ( DTYPE, ID, PRESTATION, REFERENCE, DESCRIPTION, VERSION, STARTDATE, ENDDATE,
TOTALESTIMATEDHOURS, TOTALWORKEDHOURS, STATUS, MISSION_ID, FK_EMPLOYEE, FK_PROFILE,
FK_TASK,PUBLISHED ) VALUES ( 
'Intervention', 391, '4000', 'T_4', 'Planning-budget', 0,  TO_Date( '05/18/2009 12:00:00 AM', 'MM/DD/YYYY HH:MI:SS AM')
,  TO_Date( '05/18/2009 12:00:00 AM', 'MM/DD/YYYY HH:MI:SS AM'), 10, 12, 'PENDING'
, 170, 130, 4, 14,0); 
INSERT INTO ACTIVITIES ( DTYPE, ID, PRESTATION, REFERENCE, DESCRIPTION, VERSION, STARTDATE, ENDDATE,
TOTALESTIMATEDHOURS, TOTALWORKEDHOURS, STATUS, MISSION_ID, FK_EMPLOYEE, FK_PROFILE,
FK_TASK,PUBLISHED ) VALUES ( 
'Intervention', 392, '4000', 'T_1', 'Planning-budget', 0,  TO_Date( '05/18/2009 12:00:00 AM', 'MM/DD/YYYY HH:MI:SS AM')
,  TO_Date( '05/18/2009 12:00:00 AM', 'MM/DD/YYYY HH:MI:SS AM'), 10, 12, 'PENDING'
, 173, 131, 3, 14,0); 
INSERT INTO ACTIVITIES ( DTYPE, ID, PRESTATION, REFERENCE, DESCRIPTION, VERSION, STARTDATE, ENDDATE,
TOTALESTIMATEDHOURS, TOTALWORKEDHOURS, STATUS, MISSION_ID, FK_EMPLOYEE, FK_PROFILE,
FK_TASK,PUBLISHED ) VALUES ( 
'Intervention', 393, '4000', 'T_2', 'Planning-budget', 0,  TO_Date( '05/18/2009 12:00:00 AM', 'MM/DD/YYYY HH:MI:SS AM')
,  TO_Date( '05/18/2009 12:00:00 AM', 'MM/DD/YYYY HH:MI:SS AM'), 10, 12, 'PENDING'
, 173, 133, 1, 14,0); 
INSERT INTO ACTIVITIES ( DTYPE, ID, PRESTATION, REFERENCE, DESCRIPTION, VERSION, STARTDATE, ENDDATE,
TOTALESTIMATEDHOURS, TOTALWORKEDHOURS, STATUS, MISSION_ID, FK_EMPLOYEE, FK_PROFILE,
FK_TASK,PUBLISHED ) VALUES ( 
'Intervention', 394, '4000', 'T_3', 'Planning-budget', 0,  TO_Date( '05/18/2009 12:00:00 AM', 'MM/DD/YYYY HH:MI:SS AM')
,  TO_Date( '05/18/2009 12:00:00 AM', 'MM/DD/YYYY HH:MI:SS AM'), 10, 12, 'PENDING'
, 173, 132, 2, 14,0); 
INSERT INTO ACTIVITIES ( DTYPE, ID, PRESTATION, REFERENCE, DESCRIPTION, VERSION, STARTDATE, ENDDATE,
TOTALESTIMATEDHOURS, TOTALWORKEDHOURS, STATUS, MISSION_ID, FK_EMPLOYEE, FK_PROFILE,
FK_TASK,PUBLISHED ) VALUES ( 
'Intervention', 395, '4000', 'T_4', 'Planning-budget', 0,  TO_Date( '05/18/2009 12:00:00 AM', 'MM/DD/YYYY HH:MI:SS AM')
,  TO_Date( '05/18/2009 12:00:00 AM', 'MM/DD/YYYY HH:MI:SS AM'), 10, 12, 'PENDING'
, 173, 130, 4, 14,0); 
INSERT INTO ACTIVITIES ( DTYPE, ID, PRESTATION, REFERENCE, DESCRIPTION, VERSION, STARTDATE, ENDDATE,
TOTALESTIMATEDHOURS, TOTALWORKEDHOURS, STATUS, MISSION_ID, FK_EMPLOYEE, FK_PROFILE,
FK_TASK,PUBLISHED ) VALUES ( 
'Intervention', 396, '4000', 'T_1', 'Planning-budget', 0,  TO_Date( '05/18/2009 12:00:00 AM', 'MM/DD/YYYY HH:MI:SS AM')
,  TO_Date( '05/18/2009 12:00:00 AM', 'MM/DD/YYYY HH:MI:SS AM'), 10, 12, 'PENDING'
, 175, 131, 3, 14,0); 
INSERT INTO ACTIVITIES ( DTYPE, ID, PRESTATION, REFERENCE, DESCRIPTION, VERSION, STARTDATE, ENDDATE,
TOTALESTIMATEDHOURS, TOTALWORKEDHOURS, STATUS, MISSION_ID, FK_EMPLOYEE, FK_PROFILE,
FK_TASK,PUBLISHED ) VALUES ( 
'Intervention', 397, '4000', 'T_2', 'Planning-budget', 0,  TO_Date( '05/18/2009 12:00:00 AM', 'MM/DD/YYYY HH:MI:SS AM')
,  TO_Date( '05/18/2009 12:00:00 AM', 'MM/DD/YYYY HH:MI:SS AM'), 10, 12, 'PENDING'
, 175, 133, 1, 14,0); 
INSERT INTO ACTIVITIES ( DTYPE, ID, PRESTATION, REFERENCE, DESCRIPTION, VERSION, STARTDATE, ENDDATE,
TOTALESTIMATEDHOURS, TOTALWORKEDHOURS, STATUS, MISSION_ID, FK_EMPLOYEE, FK_PROFILE,
FK_TASK,PUBLISHED ) VALUES ( 
'Intervention', 398, '4000', 'T_3', 'Planning-budget', 0,  TO_Date( '05/18/2009 12:00:00 AM', 'MM/DD/YYYY HH:MI:SS AM')
,  TO_Date( '05/18/2009 12:00:00 AM', 'MM/DD/YYYY HH:MI:SS AM'), 10, 12, 'PENDING'
, 175, 132, 2, 14,0); 
INSERT INTO ACTIVITIES ( DTYPE, ID, PRESTATION, REFERENCE, DESCRIPTION, VERSION, STARTDATE, ENDDATE,
TOTALESTIMATEDHOURS, TOTALWORKEDHOURS, STATUS, MISSION_ID, FK_EMPLOYEE, FK_PROFILE,
FK_TASK,PUBLISHED ) VALUES ( 
'Intervention', 399, '4000', 'T_4', 'Planning-budget', 0,  TO_Date( '05/18/2009 12:00:00 AM', 'MM/DD/YYYY HH:MI:SS AM')
,  TO_Date( '05/18/2009 12:00:00 AM', 'MM/DD/YYYY HH:MI:SS AM'), 10, 12, 'PENDING'
, 175, 130, 4, 14,0); 
INSERT INTO ACTIVITIES ( DTYPE, ID, PRESTATION, REFERENCE, DESCRIPTION, VERSION, STARTDATE, ENDDATE,
TOTALESTIMATEDHOURS, TOTALWORKEDHOURS, STATUS, MISSION_ID, FK_EMPLOYEE, FK_PROFILE,
FK_TASK,PUBLISHED ) VALUES ( 
'Intervention', 400, '4000', 'T_1', 'Planning-budget', 0,  TO_Date( '05/18/2009 12:00:00 AM', 'MM/DD/YYYY HH:MI:SS AM')
,  TO_Date( '05/18/2009 12:00:00 AM', 'MM/DD/YYYY HH:MI:SS AM'), 10, 12, 'PENDING'
, 177, 131, 3, 14,0); 
INSERT INTO ACTIVITIES ( DTYPE, ID, PRESTATION, REFERENCE, DESCRIPTION, VERSION, STARTDATE, ENDDATE,
TOTALESTIMATEDHOURS, TOTALWORKEDHOURS, STATUS, MISSION_ID, FK_EMPLOYEE, FK_PROFILE,
FK_TASK,PUBLISHED ) VALUES ( 
'Intervention', 401, '4000', 'T_2', 'Planning-budget', 0,  TO_Date( '05/18/2009 12:00:00 AM', 'MM/DD/YYYY HH:MI:SS AM')
,  TO_Date( '05/18/2009 12:00:00 AM', 'MM/DD/YYYY HH:MI:SS AM'), 10, 12, 'PENDING'
, 177, 133, 1, 14,0); 
INSERT INTO ACTIVITIES ( DTYPE, ID, PRESTATION, REFERENCE, DESCRIPTION, VERSION, STARTDATE, ENDDATE,
TOTALESTIMATEDHOURS, TOTALWORKEDHOURS, STATUS, MISSION_ID, FK_EMPLOYEE, FK_PROFILE,
FK_TASK,PUBLISHED ) VALUES ( 
'Intervention', 402, '4000', 'T_3', 'Planning-budget', 0,  TO_Date( '05/18/2009 12:00:00 AM', 'MM/DD/YYYY HH:MI:SS AM')
,  TO_Date( '05/18/2009 12:00:00 AM', 'MM/DD/YYYY HH:MI:SS AM'), 10, 12, 'PENDING'
, 177, 132, 2, 14,0); 
INSERT INTO ACTIVITIES ( DTYPE, ID, PRESTATION, REFERENCE, DESCRIPTION, VERSION, STARTDATE, ENDDATE,
TOTALESTIMATEDHOURS, TOTALWORKEDHOURS, STATUS, MISSION_ID, FK_EMPLOYEE, FK_PROFILE,
FK_TASK,PUBLISHED ) VALUES ( 
'Intervention', 403, '4000', 'T_4', 'Planning-budget', 0,  TO_Date( '05/18/2009 12:00:00 AM', 'MM/DD/YYYY HH:MI:SS AM')
,  TO_Date( '05/18/2009 12:00:00 AM', 'MM/DD/YYYY HH:MI:SS AM'), 10, 12, 'PENDING'
, 177, 130, 4, 14,0); 
INSERT INTO ACTIVITIES ( DTYPE, ID, PRESTATION, REFERENCE, DESCRIPTION, VERSION, STARTDATE, ENDDATE,
TOTALESTIMATEDHOURS, TOTALWORKEDHOURS, STATUS, MISSION_ID, FK_EMPLOYEE, FK_PROFILE,
FK_TASK,PUBLISHED ) VALUES ( 
'Intervention', 404, '4000', 'T_1', 'Planning-budget', 0,  TO_Date( '05/18/2009 12:00:00 AM', 'MM/DD/YYYY HH:MI:SS AM')
,  TO_Date( '05/18/2009 12:00:00 AM', 'MM/DD/YYYY HH:MI:SS AM'), 10, 12, 'PENDING'
, 179, 131, 3, 14,0); 
INSERT INTO ACTIVITIES ( DTYPE, ID, PRESTATION, REFERENCE, DESCRIPTION, VERSION, STARTDATE, ENDDATE,
TOTALESTIMATEDHOURS, TOTALWORKEDHOURS, STATUS, MISSION_ID, FK_EMPLOYEE, FK_PROFILE,
FK_TASK,PUBLISHED ) VALUES ( 
'Intervention', 405, '4000', 'T_2', 'Planning-budget', 0,  TO_Date( '05/18/2009 12:00:00 AM', 'MM/DD/YYYY HH:MI:SS AM')
,  TO_Date( '05/18/2009 12:00:00 AM', 'MM/DD/YYYY HH:MI:SS AM'), 10, 12, 'PENDING'
, 179, 133, 1, 14,0); 
INSERT INTO ACTIVITIES ( DTYPE, ID, PRESTATION, REFERENCE, DESCRIPTION, VERSION, STARTDATE, ENDDATE,
TOTALESTIMATEDHOURS, TOTALWORKEDHOURS, STATUS, MISSION_ID, FK_EMPLOYEE, FK_PROFILE,
FK_TASK,PUBLISHED ) VALUES ( 
'Intervention', 406, '4000', 'T_3', 'Planning-budget', 0,  TO_Date( '05/18/2009 12:00:00 AM', 'MM/DD/YYYY HH:MI:SS AM')
,  TO_Date( '05/18/2009 12:00:00 AM', 'MM/DD/YYYY HH:MI:SS AM'), 10, 12, 'PENDING'
, 179, 132, 2, 14,0); 
INSERT INTO ACTIVITIES ( DTYPE, ID, PRESTATION, REFERENCE, DESCRIPTION, VERSION, STARTDATE, ENDDATE,
TOTALESTIMATEDHOURS, TOTALWORKEDHOURS, STATUS, MISSION_ID, FK_EMPLOYEE, FK_PROFILE,
FK_TASK,PUBLISHED ) VALUES ( 
'Intervention', 407, '4000', 'T_4', 'Planning-budget', 0,  TO_Date( '05/18/2009 12:00:00 AM', 'MM/DD/YYYY HH:MI:SS AM')
,  TO_Date( '05/18/2009 12:00:00 AM', 'MM/DD/YYYY HH:MI:SS AM'), 10, 12, 'PENDING'
, 179, 130, 4, 14,0); 
INSERT INTO ACTIVITIES ( DTYPE, ID, PRESTATION, REFERENCE, DESCRIPTION, VERSION, STARTDATE, ENDDATE,
TOTALESTIMATEDHOURS, TOTALWORKEDHOURS, STATUS, MISSION_ID, FK_EMPLOYEE, FK_PROFILE,
FK_TASK,PUBLISHED ) VALUES ( 
'Intervention', 408, '4000', 'T_1', 'Planning-budget', 0,  TO_Date( '05/18/2009 12:00:00 AM', 'MM/DD/YYYY HH:MI:SS AM')
,  TO_Date( '05/18/2009 12:00:00 AM', 'MM/DD/YYYY HH:MI:SS AM'), 10, 12, 'PENDING'
, 178, 131, 3, 14,0); 
INSERT INTO ACTIVITIES ( DTYPE, ID, PRESTATION, REFERENCE, DESCRIPTION, VERSION, STARTDATE, ENDDATE,
TOTALESTIMATEDHOURS, TOTALWORKEDHOURS, STATUS, MISSION_ID, FK_EMPLOYEE, FK_PROFILE,
FK_TASK,PUBLISHED ) VALUES ( 
'Intervention', 409, '4000', 'T_2', 'Planning-budget', 0,  TO_Date( '05/18/2009 12:00:00 AM', 'MM/DD/YYYY HH:MI:SS AM')
,  TO_Date( '05/18/2009 12:00:00 AM', 'MM/DD/YYYY HH:MI:SS AM'), 10, 12, 'PENDING'
, 178, 133, 1, 14,0); 
INSERT INTO ACTIVITIES ( DTYPE, ID, PRESTATION, REFERENCE, DESCRIPTION, VERSION, STARTDATE, ENDDATE,
TOTALESTIMATEDHOURS, TOTALWORKEDHOURS, STATUS, MISSION_ID, FK_EMPLOYEE, FK_PROFILE,
FK_TASK,PUBLISHED ) VALUES ( 
'Intervention', 410, '4000', 'T_3', 'Planning-budget', 0,  TO_Date( '05/18/2009 12:00:00 AM', 'MM/DD/YYYY HH:MI:SS AM')
,  TO_Date( '05/18/2009 12:00:00 AM', 'MM/DD/YYYY HH:MI:SS AM'), 10, 12, 'PENDING'
, 178, 132, 2, 14,0); 
INSERT INTO ACTIVITIES ( DTYPE, ID, PRESTATION, REFERENCE, DESCRIPTION, VERSION, STARTDATE, ENDDATE,
TOTALESTIMATEDHOURS, TOTALWORKEDHOURS, STATUS, MISSION_ID, FK_EMPLOYEE, FK_PROFILE,
FK_TASK,PUBLISHED ) VALUES ( 
'Intervention', 411, '4000', 'T_4', 'Planning-budget', 0,  TO_Date( '05/18/2009 12:00:00 AM', 'MM/DD/YYYY HH:MI:SS AM')
,  TO_Date( '05/18/2009 12:00:00 AM', 'MM/DD/YYYY HH:MI:SS AM'), 10, 12, 'PENDING'
, 178, 130, 4, 14,0); 
INSERT INTO ACTIVITIES ( DTYPE, ID, PRESTATION, REFERENCE, DESCRIPTION, VERSION, STARTDATE, ENDDATE,
TOTALESTIMATEDHOURS, TOTALWORKEDHOURS, STATUS, MISSION_ID, FK_EMPLOYEE, FK_PROFILE,
FK_TASK,PUBLISHED ) VALUES ( 
'Intervention', 412, '4000', 'T_1', 'Planning-budget', 0,  TO_Date( '05/18/2009 12:00:00 AM', 'MM/DD/YYYY HH:MI:SS AM')
,  TO_Date( '05/18/2009 12:00:00 AM', 'MM/DD/YYYY HH:MI:SS AM'), 10, 12, 'PENDING'
, 176, 131, 3, 14,0); 
INSERT INTO ACTIVITIES ( DTYPE, ID, PRESTATION, REFERENCE, DESCRIPTION, VERSION, STARTDATE, ENDDATE,
TOTALESTIMATEDHOURS, TOTALWORKEDHOURS, STATUS, MISSION_ID, FK_EMPLOYEE, FK_PROFILE,
FK_TASK,PUBLISHED ) VALUES ( 
'Intervention', 413, '4000', 'T_2', 'Planning-budget', 0,  TO_Date( '05/18/2009 12:00:00 AM', 'MM/DD/YYYY HH:MI:SS AM')
,  TO_Date( '05/18/2009 12:00:00 AM', 'MM/DD/YYYY HH:MI:SS AM'), 10, 12, 'PENDING'
, 176, 133, 1, 14,0); 
INSERT INTO ACTIVITIES ( DTYPE, ID, PRESTATION, REFERENCE, DESCRIPTION, VERSION, STARTDATE, ENDDATE,
TOTALESTIMATEDHOURS, TOTALWORKEDHOURS, STATUS, MISSION_ID, FK_EMPLOYEE, FK_PROFILE,
FK_TASK,PUBLISHED ) VALUES ( 
'Intervention', 414, '4000', 'T_3', 'Planning-budget', 0,  TO_Date( '05/18/2009 12:00:00 AM', 'MM/DD/YYYY HH:MI:SS AM')
,  TO_Date( '05/18/2009 12:00:00 AM', 'MM/DD/YYYY HH:MI:SS AM'), 10, 12, 'PENDING'
, 176, 132, 2, 14,0); 
INSERT INTO ACTIVITIES ( DTYPE, ID, PRESTATION, REFERENCE, DESCRIPTION, VERSION, STARTDATE, ENDDATE,
TOTALESTIMATEDHOURS, TOTALWORKEDHOURS, STATUS, MISSION_ID, FK_EMPLOYEE, FK_PROFILE,
FK_TASK,PUBLISHED ) VALUES ( 
'Intervention', 415, '4000', 'T_4', 'Planning-budget', 0,  TO_Date( '05/18/2009 12:00:00 AM', 'MM/DD/YYYY HH:MI:SS AM')
,  TO_Date( '05/18/2009 12:00:00 AM', 'MM/DD/YYYY HH:MI:SS AM'), 10, 12, 'PENDING'
, 176, 130, 4, 14,0); 
INSERT INTO ACTIVITIES ( DTYPE, ID, PRESTATION, REFERENCE, DESCRIPTION, VERSION, STARTDATE, ENDDATE,
TOTALESTIMATEDHOURS, TOTALWORKEDHOURS, STATUS, MISSION_ID, FK_EMPLOYEE, FK_PROFILE,
FK_TASK,PUBLISHED ) VALUES ( 
'Intervention', 416, '4000', 'T_1', 'Planning-budget', 0,  TO_Date( '05/18/2009 12:00:00 AM', 'MM/DD/YYYY HH:MI:SS AM')
,  TO_Date( '05/18/2009 12:00:00 AM', 'MM/DD/YYYY HH:MI:SS AM'), 10, 12, 'PENDING'
, 174, 131, 3, 14,0); 
INSERT INTO ACTIVITIES ( DTYPE, ID, PRESTATION, REFERENCE, DESCRIPTION, VERSION, STARTDATE, ENDDATE,
TOTALESTIMATEDHOURS, TOTALWORKEDHOURS, STATUS, MISSION_ID, FK_EMPLOYEE, FK_PROFILE,
FK_TASK,PUBLISHED ) VALUES ( 
'Intervention', 417, '4000', 'T_2', 'Planning-budget', 0,  TO_Date( '05/18/2009 12:00:00 AM', 'MM/DD/YYYY HH:MI:SS AM')
,  TO_Date( '05/18/2009 12:00:00 AM', 'MM/DD/YYYY HH:MI:SS AM'), 10, 12, 'PENDING'
, 174, 133, 1, 14,0); 
INSERT INTO ACTIVITIES ( DTYPE, ID, PRESTATION, REFERENCE, DESCRIPTION, VERSION, STARTDATE, ENDDATE,
TOTALESTIMATEDHOURS, TOTALWORKEDHOURS, STATUS, MISSION_ID, FK_EMPLOYEE, FK_PROFILE,
FK_TASK,PUBLISHED ) VALUES ( 
'Intervention', 418, '4000', 'T_3', 'Planning-budget', 0,  TO_Date( '05/18/2009 12:00:00 AM', 'MM/DD/YYYY HH:MI:SS AM')
,  TO_Date( '05/18/2009 12:00:00 AM', 'MM/DD/YYYY HH:MI:SS AM'), 10, 12, 'PENDING'
, 174, 132, 2, 14,0); 
INSERT INTO ACTIVITIES ( DTYPE, ID, PRESTATION, REFERENCE, DESCRIPTION, VERSION, STARTDATE, ENDDATE,
TOTALESTIMATEDHOURS, TOTALWORKEDHOURS, STATUS, MISSION_ID, FK_EMPLOYEE, FK_PROFILE,
FK_TASK,PUBLISHED ) VALUES ( 
'Intervention', 419, '4000', 'T_4', 'Planning-budget', 0,  TO_Date( '05/18/2009 12:00:00 AM', 'MM/DD/YYYY HH:MI:SS AM')
,  TO_Date( '05/18/2009 12:00:00 AM', 'MM/DD/YYYY HH:MI:SS AM'), 10, 12, 'PENDING'
, 174, 130, 4, 14,0); 
INSERT INTO ACTIVITIES ( DTYPE, ID, PRESTATION, REFERENCE, DESCRIPTION, VERSION, STARTDATE, ENDDATE,
TOTALESTIMATEDHOURS, TOTALWORKEDHOURS, STATUS, MISSION_ID, FK_EMPLOYEE, FK_PROFILE,
FK_TASK,PUBLISHED ) VALUES ( 
'Intervention', 420, '4000', 'T_1', 'Planning-budget', 0,  TO_Date( '05/18/2009 12:00:00 AM', 'MM/DD/YYYY HH:MI:SS AM')
,  TO_Date( '05/18/2009 12:00:00 AM', 'MM/DD/YYYY HH:MI:SS AM'), 10, 12, 'PENDING'
, 181, 131, 3, 14,0); 
INSERT INTO ACTIVITIES ( DTYPE, ID, PRESTATION, REFERENCE, DESCRIPTION, VERSION, STARTDATE, ENDDATE,
TOTALESTIMATEDHOURS, TOTALWORKEDHOURS, STATUS, MISSION_ID, FK_EMPLOYEE, FK_PROFILE,
FK_TASK,PUBLISHED ) VALUES ( 
'Intervention', 421, '4000', 'T_2', 'Planning-budget', 0,  TO_Date( '05/18/2009 12:00:00 AM', 'MM/DD/YYYY HH:MI:SS AM')
,  TO_Date( '05/18/2009 12:00:00 AM', 'MM/DD/YYYY HH:MI:SS AM'), 10, 12, 'PENDING'
, 181, 133, 1, 14,0); 
INSERT INTO ACTIVITIES ( DTYPE, ID, PRESTATION, REFERENCE, DESCRIPTION, VERSION, STARTDATE, ENDDATE,
TOTALESTIMATEDHOURS, TOTALWORKEDHOURS, STATUS, MISSION_ID, FK_EMPLOYEE, FK_PROFILE,
FK_TASK,PUBLISHED ) VALUES ( 
'Intervention', 422, '4000', 'T_3', 'Planning-budget', 0,  TO_Date( '05/18/2009 12:00:00 AM', 'MM/DD/YYYY HH:MI:SS AM')
,  TO_Date( '05/18/2009 12:00:00 AM', 'MM/DD/YYYY HH:MI:SS AM'), 10, 12, 'PENDING'
, 181, 132, 2, 14,0); 
INSERT INTO ACTIVITIES ( DTYPE, ID, PRESTATION, REFERENCE, DESCRIPTION, VERSION, STARTDATE, ENDDATE,
TOTALESTIMATEDHOURS, TOTALWORKEDHOURS, STATUS, MISSION_ID, FK_EMPLOYEE, FK_PROFILE,
FK_TASK,PUBLISHED ) VALUES ( 
'Intervention', 423, '4000', 'T_4', 'Planning-budget', 0,  TO_Date( '05/18/2009 12:00:00 AM', 'MM/DD/YYYY HH:MI:SS AM')
,  TO_Date( '05/18/2009 12:00:00 AM', 'MM/DD/YYYY HH:MI:SS AM'), 10, 12, 'PENDING'
, 181, 130, 4, 14,0); 
INSERT INTO ACTIVITIES ( DTYPE, ID, PRESTATION, REFERENCE, DESCRIPTION, VERSION, STARTDATE, ENDDATE,
TOTALESTIMATEDHOURS, TOTALWORKEDHOURS, STATUS, MISSION_ID, FK_EMPLOYEE, FK_PROFILE,
FK_TASK,PUBLISHED ) VALUES ( 
'Intervention', 424, '4000', 'T_1', 'Planning-budget', 0,  TO_Date( '05/18/2009 12:00:00 AM', 'MM/DD/YYYY HH:MI:SS AM')
,  TO_Date( '05/18/2009 12:00:00 AM', 'MM/DD/YYYY HH:MI:SS AM'), 10, 12, 'PENDING'
, 182, 131, 3, 14,0); 
INSERT INTO ACTIVITIES ( DTYPE, ID, PRESTATION, REFERENCE, DESCRIPTION, VERSION, STARTDATE, ENDDATE,
TOTALESTIMATEDHOURS, TOTALWORKEDHOURS, STATUS, MISSION_ID, FK_EMPLOYEE, FK_PROFILE,
FK_TASK,PUBLISHED ) VALUES ( 
'Intervention', 425, '4000', 'T_2', 'Planning-budget', 0,  TO_Date( '05/18/2009 12:00:00 AM', 'MM/DD/YYYY HH:MI:SS AM')
,  TO_Date( '05/18/2009 12:00:00 AM', 'MM/DD/YYYY HH:MI:SS AM'), 10, 12, 'PENDING'
, 182, 133, 1, 14,0); 
INSERT INTO ACTIVITIES ( DTYPE, ID, PRESTATION, REFERENCE, DESCRIPTION, VERSION, STARTDATE, ENDDATE,
TOTALESTIMATEDHOURS, TOTALWORKEDHOURS, STATUS, MISSION_ID, FK_EMPLOYEE, FK_PROFILE,
FK_TASK,PUBLISHED ) VALUES ( 
'Intervention', 426, '4000', 'T_3', 'Planning-budget', 0,  TO_Date( '05/18/2009 12:00:00 AM', 'MM/DD/YYYY HH:MI:SS AM')
,  TO_Date( '05/18/2009 12:00:00 AM', 'MM/DD/YYYY HH:MI:SS AM'), 10, 12, 'PENDING'
, 182, 132, 2, 14,0); 
INSERT INTO ACTIVITIES ( DTYPE, ID, PRESTATION, REFERENCE, DESCRIPTION, VERSION, STARTDATE, ENDDATE,
TOTALESTIMATEDHOURS, TOTALWORKEDHOURS, STATUS, MISSION_ID, FK_EMPLOYEE, FK_PROFILE,
FK_TASK,PUBLISHED ) VALUES ( 
'Intervention', 427, '4000', 'T_4', 'Planning-budget', 0,  TO_Date( '05/18/2009 12:00:00 AM', 'MM/DD/YYYY HH:MI:SS AM')
,  TO_Date( '05/18/2009 12:00:00 AM', 'MM/DD/YYYY HH:MI:SS AM'), 10, 12, 'PENDING'
, 182, 130, 4, 14,0); 
INSERT INTO ACTIVITIES ( DTYPE, ID, PRESTATION, REFERENCE, DESCRIPTION, VERSION, STARTDATE, ENDDATE,
TOTALESTIMATEDHOURS, TOTALWORKEDHOURS, STATUS, MISSION_ID, FK_EMPLOYEE, FK_PROFILE,
FK_TASK,PUBLISHED ) VALUES ( 
'Intervention', 428, '4000', 'T_1', 'Planning-budget', 0,  TO_Date( '05/18/2009 12:00:00 AM', 'MM/DD/YYYY HH:MI:SS AM')
,  TO_Date( '05/18/2009 12:00:00 AM', 'MM/DD/YYYY HH:MI:SS AM'), 10, 12, 'PENDING'
, 186, 131, 3, 14,0); 
INSERT INTO ACTIVITIES ( DTYPE, ID, PRESTATION, REFERENCE, DESCRIPTION, VERSION, STARTDATE, ENDDATE,
TOTALESTIMATEDHOURS, TOTALWORKEDHOURS, STATUS, MISSION_ID, FK_EMPLOYEE, FK_PROFILE,
FK_TASK,PUBLISHED ) VALUES ( 
'Intervention', 429, '4000', 'T_2', 'Planning-budget', 0,  TO_Date( '05/18/2009 12:00:00 AM', 'MM/DD/YYYY HH:MI:SS AM')
,  TO_Date( '05/18/2009 12:00:00 AM', 'MM/DD/YYYY HH:MI:SS AM'), 10, 12, 'PENDING'
, 186, 133, 1, 14,0); 
INSERT INTO ACTIVITIES ( DTYPE, ID, PRESTATION, REFERENCE, DESCRIPTION, VERSION, STARTDATE, ENDDATE,
TOTALESTIMATEDHOURS, TOTALWORKEDHOURS, STATUS, MISSION_ID, FK_EMPLOYEE, FK_PROFILE,
FK_TASK,PUBLISHED ) VALUES ( 
'Intervention', 430, '4000', 'T_3', 'Planning-budget', 0,  TO_Date( '05/18/2009 12:00:00 AM', 'MM/DD/YYYY HH:MI:SS AM')
,  TO_Date( '05/18/2009 12:00:00 AM', 'MM/DD/YYYY HH:MI:SS AM'), 10, 12, 'PENDING'
, 186, 132, 2, 14,0); 
INSERT INTO ACTIVITIES ( DTYPE, ID, PRESTATION, REFERENCE, DESCRIPTION, VERSION, STARTDATE, ENDDATE,
TOTALESTIMATEDHOURS, TOTALWORKEDHOURS, STATUS, MISSION_ID, FK_EMPLOYEE, FK_PROFILE,
FK_TASK,PUBLISHED ) VALUES ( 
'Intervention', 431, '4000', 'T_4', 'Planning-budget', 0,  TO_Date( '05/18/2009 12:00:00 AM', 'MM/DD/YYYY HH:MI:SS AM')
,  TO_Date( '05/18/2009 12:00:00 AM', 'MM/DD/YYYY HH:MI:SS AM'), 10, 12, 'PENDING'
, 186, 130, 4, 14,0); 
INSERT INTO ACTIVITIES ( DTYPE, ID, PRESTATION, REFERENCE, DESCRIPTION, VERSION, STARTDATE, ENDDATE,
TOTALESTIMATEDHOURS, TOTALWORKEDHOURS, STATUS, MISSION_ID, FK_EMPLOYEE, FK_PROFILE,
FK_TASK,PUBLISHED ) VALUES ( 
'Intervention', 432, '4000', 'T_1', 'Planning-budget', 0,  TO_Date( '05/18/2009 12:00:00 AM', 'MM/DD/YYYY HH:MI:SS AM')
,  TO_Date( '05/18/2009 12:00:00 AM', 'MM/DD/YYYY HH:MI:SS AM'), 10, 12, 'PENDING'
, 190, 131, 3, 14,0); 
INSERT INTO ACTIVITIES ( DTYPE, ID, PRESTATION, REFERENCE, DESCRIPTION, VERSION, STARTDATE, ENDDATE,
TOTALESTIMATEDHOURS, TOTALWORKEDHOURS, STATUS, MISSION_ID, FK_EMPLOYEE, FK_PROFILE,
FK_TASK,PUBLISHED ) VALUES ( 
'Intervention', 433, '4000', 'T_2', 'Planning-budget', 0,  TO_Date( '05/18/2009 12:00:00 AM', 'MM/DD/YYYY HH:MI:SS AM')
,  TO_Date( '05/18/2009 12:00:00 AM', 'MM/DD/YYYY HH:MI:SS AM'), 10, 12, 'PENDING'
, 190, 133, 1, 14,0); 
INSERT INTO ACTIVITIES ( DTYPE, ID, PRESTATION, REFERENCE, DESCRIPTION, VERSION, STARTDATE, ENDDATE,
TOTALESTIMATEDHOURS, TOTALWORKEDHOURS, STATUS, MISSION_ID, FK_EMPLOYEE, FK_PROFILE,
FK_TASK,PUBLISHED ) VALUES ( 
'Intervention', 434, '4000', 'T_3', 'Planning-budget', 0,  TO_Date( '05/18/2009 12:00:00 AM', 'MM/DD/YYYY HH:MI:SS AM')
,  TO_Date( '05/18/2009 12:00:00 AM', 'MM/DD/YYYY HH:MI:SS AM'), 10, 12, 'PENDING'
, 190, 132, 2, 14,0); 
INSERT INTO ACTIVITIES ( DTYPE, ID, PRESTATION, REFERENCE, DESCRIPTION, VERSION, STARTDATE, ENDDATE,
TOTALESTIMATEDHOURS, TOTALWORKEDHOURS, STATUS, MISSION_ID, FK_EMPLOYEE, FK_PROFILE,
FK_TASK,PUBLISHED ) VALUES ( 
'Intervention', 435, '4000', 'T_4', 'Planning-budget', 0,  TO_Date( '05/18/2009 12:00:00 AM', 'MM/DD/YYYY HH:MI:SS AM')
,  TO_Date( '05/18/2009 12:00:00 AM', 'MM/DD/YYYY HH:MI:SS AM'), 10, 12, 'PENDING'
, 190, 130, 4, 14,0); 
INSERT INTO ACTIVITIES ( DTYPE, ID, PRESTATION, REFERENCE, DESCRIPTION, VERSION, STARTDATE, ENDDATE,
TOTALESTIMATEDHOURS, TOTALWORKEDHOURS, STATUS, MISSION_ID, FK_EMPLOYEE, FK_PROFILE,
FK_TASK,PUBLISHED ) VALUES ( 
'Intervention', 436, '4000', 'T_1', 'Planning-budget', 0,  TO_Date( '05/18/2009 12:00:00 AM', 'MM/DD/YYYY HH:MI:SS AM')
,  TO_Date( '05/18/2009 12:00:00 AM', 'MM/DD/YYYY HH:MI:SS AM'), 10, 12, 'PENDING'
, 195, 131, 3, 14,0); 
INSERT INTO ACTIVITIES ( DTYPE, ID, PRESTATION, REFERENCE, DESCRIPTION, VERSION, STARTDATE, ENDDATE,
TOTALESTIMATEDHOURS, TOTALWORKEDHOURS, STATUS, MISSION_ID, FK_EMPLOYEE, FK_PROFILE,
FK_TASK,PUBLISHED ) VALUES ( 
'Intervention', 437, '4000', 'T_2', 'Planning-budget', 0,  TO_Date( '05/18/2009 12:00:00 AM', 'MM/DD/YYYY HH:MI:SS AM')
,  TO_Date( '05/18/2009 12:00:00 AM', 'MM/DD/YYYY HH:MI:SS AM'), 10, 12, 'PENDING'
, 195, 133, 1, 14,0); 
INSERT INTO ACTIVITIES ( DTYPE, ID, PRESTATION, REFERENCE, DESCRIPTION, VERSION, STARTDATE, ENDDATE,
TOTALESTIMATEDHOURS, TOTALWORKEDHOURS, STATUS, MISSION_ID, FK_EMPLOYEE, FK_PROFILE,
FK_TASK,PUBLISHED ) VALUES ( 
'Intervention', 438, '4000', 'T_3', 'Planning-budget', 0,  TO_Date( '05/18/2009 12:00:00 AM', 'MM/DD/YYYY HH:MI:SS AM')
,  TO_Date( '05/18/2009 12:00:00 AM', 'MM/DD/YYYY HH:MI:SS AM'), 10, 12, 'PENDING'
, 195, 132, 2, 14,0); 
INSERT INTO ACTIVITIES ( DTYPE, ID, PRESTATION, REFERENCE, DESCRIPTION, VERSION, STARTDATE, ENDDATE,
TOTALESTIMATEDHOURS, TOTALWORKEDHOURS, STATUS, MISSION_ID, FK_EMPLOYEE, FK_PROFILE,
FK_TASK,PUBLISHED ) VALUES ( 
'Intervention', 439, '4000', 'T_4', 'Planning-budget', 0,  TO_Date( '05/18/2009 12:00:00 AM', 'MM/DD/YYYY HH:MI:SS AM')
,  TO_Date( '05/18/2009 12:00:00 AM', 'MM/DD/YYYY HH:MI:SS AM'), 10, 12, 'PENDING'
, 195, 130, 4, 14,0); 
INSERT INTO ACTIVITIES ( DTYPE, ID, PRESTATION, REFERENCE, DESCRIPTION, VERSION, STARTDATE, ENDDATE,
TOTALESTIMATEDHOURS, TOTALWORKEDHOURS, STATUS, MISSION_ID, FK_EMPLOYEE, FK_PROFILE,
FK_TASK,PUBLISHED ) VALUES ( 
'Intervention', 440, '4000', 'T_1', 'Planning-budget', 0,  TO_Date( '05/18/2009 12:00:00 AM', 'MM/DD/YYYY HH:MI:SS AM')
,  TO_Date( '05/18/2009 12:00:00 AM', 'MM/DD/YYYY HH:MI:SS AM'), 10, 12, 'PENDING'
, 202, 131, 3, 14,0); 
INSERT INTO ACTIVITIES ( DTYPE, ID, PRESTATION, REFERENCE, DESCRIPTION, VERSION, STARTDATE, ENDDATE,
TOTALESTIMATEDHOURS, TOTALWORKEDHOURS, STATUS, MISSION_ID, FK_EMPLOYEE, FK_PROFILE,
FK_TASK,PUBLISHED ) VALUES ( 
'Intervention', 441, '4000', 'T_2', 'Planning-budget', 0,  TO_Date( '05/18/2009 12:00:00 AM', 'MM/DD/YYYY HH:MI:SS AM')
,  TO_Date( '05/18/2009 12:00:00 AM', 'MM/DD/YYYY HH:MI:SS AM'), 10, 12, 'PENDING'
, 202, 133, 1, 14,0); 
INSERT INTO ACTIVITIES ( DTYPE, ID, PRESTATION, REFERENCE, DESCRIPTION, VERSION, STARTDATE, ENDDATE,
TOTALESTIMATEDHOURS, TOTALWORKEDHOURS, STATUS, MISSION_ID, FK_EMPLOYEE, FK_PROFILE,
FK_TASK,PUBLISHED ) VALUES ( 
'Intervention', 442, '4000', 'T_3', 'Planning-budget', 0,  TO_Date( '05/18/2009 12:00:00 AM', 'MM/DD/YYYY HH:MI:SS AM')
,  TO_Date( '05/18/2009 12:00:00 AM', 'MM/DD/YYYY HH:MI:SS AM'), 10, 12, 'PENDING'
, 202, 132, 2, 14,0); 
INSERT INTO ACTIVITIES ( DTYPE, ID, PRESTATION, REFERENCE, DESCRIPTION, VERSION, STARTDATE, ENDDATE,
TOTALESTIMATEDHOURS, TOTALWORKEDHOURS, STATUS, MISSION_ID, FK_EMPLOYEE, FK_PROFILE,
FK_TASK,PUBLISHED ) VALUES ( 
'Intervention', 443, '4000', 'T_4', 'Planning-budget', 0,  TO_Date( '05/18/2009 12:00:00 AM', 'MM/DD/YYYY HH:MI:SS AM')
,  TO_Date( '05/18/2009 12:00:00 AM', 'MM/DD/YYYY HH:MI:SS AM'), 10, 12, 'PENDING'
, 202, 130, 4, 14,0); 
INSERT INTO ACTIVITIES ( DTYPE, ID, PRESTATION, REFERENCE, DESCRIPTION, VERSION, STARTDATE, ENDDATE,
TOTALESTIMATEDHOURS, TOTALWORKEDHOURS, STATUS, MISSION_ID, FK_EMPLOYEE, FK_PROFILE,
FK_TASK,PUBLISHED ) VALUES ( 
'Intervention', 444, '4000', 'T_1', 'Planning-budget', 0,  TO_Date( '05/18/2009 12:00:00 AM', 'MM/DD/YYYY HH:MI:SS AM')
,  TO_Date( '05/18/2009 12:00:00 AM', 'MM/DD/YYYY HH:MI:SS AM'), 10, 12, 'PENDING'
, 200, 131, 3, 14,0); 
INSERT INTO ACTIVITIES ( DTYPE, ID, PRESTATION, REFERENCE, DESCRIPTION, VERSION, STARTDATE, ENDDATE,
TOTALESTIMATEDHOURS, TOTALWORKEDHOURS, STATUS, MISSION_ID, FK_EMPLOYEE, FK_PROFILE,
FK_TASK,PUBLISHED ) VALUES ( 
'Intervention', 445, '4000', 'T_2', 'Planning-budget', 0,  TO_Date( '05/18/2009 12:00:00 AM', 'MM/DD/YYYY HH:MI:SS AM')
,  TO_Date( '05/18/2009 12:00:00 AM', 'MM/DD/YYYY HH:MI:SS AM'), 10, 12, 'PENDING'
, 200, 133, 1, 14,0); 
INSERT INTO ACTIVITIES ( DTYPE, ID, PRESTATION, REFERENCE, DESCRIPTION, VERSION, STARTDATE, ENDDATE,
TOTALESTIMATEDHOURS, TOTALWORKEDHOURS, STATUS, MISSION_ID, FK_EMPLOYEE, FK_PROFILE,
FK_TASK,PUBLISHED ) VALUES ( 
'Intervention', 446, '4000', 'T_3', 'Planning-budget', 0,  TO_Date( '05/18/2009 12:00:00 AM', 'MM/DD/YYYY HH:MI:SS AM')
,  TO_Date( '05/18/2009 12:00:00 AM', 'MM/DD/YYYY HH:MI:SS AM'), 10, 12, 'PENDING'
, 200, 132, 2, 14,0); 
INSERT INTO ACTIVITIES ( DTYPE, ID, PRESTATION, REFERENCE, DESCRIPTION, VERSION, STARTDATE, ENDDATE,
TOTALESTIMATEDHOURS, TOTALWORKEDHOURS, STATUS, MISSION_ID, FK_EMPLOYEE, FK_PROFILE,
FK_TASK,PUBLISHED ) VALUES ( 
'Intervention', 447, '4000', 'T_4', 'Planning-budget', 0,  TO_Date( '05/18/2009 12:00:00 AM', 'MM/DD/YYYY HH:MI:SS AM')
,  TO_Date( '05/18/2009 12:00:00 AM', 'MM/DD/YYYY HH:MI:SS AM'), 10, 12, 'PENDING'
, 200, 130, 4, 14,0); 
INSERT INTO ACTIVITIES ( DTYPE, ID, PRESTATION, REFERENCE, DESCRIPTION, VERSION, STARTDATE, ENDDATE,
TOTALESTIMATEDHOURS, TOTALWORKEDHOURS, STATUS, MISSION_ID, FK_EMPLOYEE, FK_PROFILE,
FK_TASK,PUBLISHED ) VALUES ( 
'Intervention', 448, '4000', 'T_1', 'Planning-budget', 0,  TO_Date( '05/18/2009 12:00:00 AM', 'MM/DD/YYYY HH:MI:SS AM')
,  TO_Date( '05/18/2009 12:00:00 AM', 'MM/DD/YYYY HH:MI:SS AM'), 10, 12, 'PENDING'
, 199, 131, 3, 14,0); 
INSERT INTO ACTIVITIES ( DTYPE, ID, PRESTATION, REFERENCE, DESCRIPTION, VERSION, STARTDATE, ENDDATE,
TOTALESTIMATEDHOURS, TOTALWORKEDHOURS, STATUS, MISSION_ID, FK_EMPLOYEE, FK_PROFILE,
FK_TASK,PUBLISHED ) VALUES ( 
'Intervention', 449, '4000', 'T_2', 'Planning-budget', 0,  TO_Date( '05/18/2009 12:00:00 AM', 'MM/DD/YYYY HH:MI:SS AM')
,  TO_Date( '05/18/2009 12:00:00 AM', 'MM/DD/YYYY HH:MI:SS AM'), 10, 12, 'PENDING'
, 199, 133, 1, 14,0); 
INSERT INTO ACTIVITIES ( DTYPE, ID, PRESTATION, REFERENCE, DESCRIPTION, VERSION, STARTDATE, ENDDATE,
TOTALESTIMATEDHOURS, TOTALWORKEDHOURS, STATUS, MISSION_ID, FK_EMPLOYEE, FK_PROFILE,
FK_TASK,PUBLISHED ) VALUES ( 
'Intervention', 450, '4000', 'T_3', 'Planning-budget', 0,  TO_Date( '05/18/2009 12:00:00 AM', 'MM/DD/YYYY HH:MI:SS AM')
,  TO_Date( '05/18/2009 12:00:00 AM', 'MM/DD/YYYY HH:MI:SS AM'), 10, 12, 'PENDING'
, 199, 132, 2, 14,0); 
INSERT INTO ACTIVITIES ( DTYPE, ID, PRESTATION, REFERENCE, DESCRIPTION, VERSION, STARTDATE, ENDDATE,
TOTALESTIMATEDHOURS, TOTALWORKEDHOURS, STATUS, MISSION_ID, FK_EMPLOYEE, FK_PROFILE,
FK_TASK,PUBLISHED ) VALUES ( 
'Intervention', 451, '4000', 'T_4', 'Planning-budget', 0,  TO_Date( '05/18/2009 12:00:00 AM', 'MM/DD/YYYY HH:MI:SS AM')
,  TO_Date( '05/18/2009 12:00:00 AM', 'MM/DD/YYYY HH:MI:SS AM'), 10, 12, 'PENDING'
, 199, 130, 4, 14,0); 
INSERT INTO ACTIVITIES ( DTYPE, ID, PRESTATION, REFERENCE, DESCRIPTION, VERSION, STARTDATE, ENDDATE,
TOTALESTIMATEDHOURS, TOTALWORKEDHOURS, STATUS, MISSION_ID, FK_EMPLOYEE, FK_PROFILE,
FK_TASK,PUBLISHED ) VALUES ( 
'Intervention', 452, '4000', 'T_1', 'Planning-budget', 0,  TO_Date( '05/18/2009 12:00:00 AM', 'MM/DD/YYYY HH:MI:SS AM')
,  TO_Date( '05/18/2009 12:00:00 AM', 'MM/DD/YYYY HH:MI:SS AM'), 10, 12, 'PENDING'
, 197, 131, 3, 14,0); 
INSERT INTO ACTIVITIES ( DTYPE, ID, PRESTATION, REFERENCE, DESCRIPTION, VERSION, STARTDATE, ENDDATE,
TOTALESTIMATEDHOURS, TOTALWORKEDHOURS, STATUS, MISSION_ID, FK_EMPLOYEE, FK_PROFILE,
FK_TASK,PUBLISHED ) VALUES ( 
'Intervention', 453, '4000', 'T_2', 'Planning-budget', 0,  TO_Date( '05/18/2009 12:00:00 AM', 'MM/DD/YYYY HH:MI:SS AM')
,  TO_Date( '05/18/2009 12:00:00 AM', 'MM/DD/YYYY HH:MI:SS AM'), 10, 12, 'PENDING'
, 197, 133, 1, 14,0); 
INSERT INTO ACTIVITIES ( DTYPE, ID, PRESTATION, REFERENCE, DESCRIPTION, VERSION, STARTDATE, ENDDATE,
TOTALESTIMATEDHOURS, TOTALWORKEDHOURS, STATUS, MISSION_ID, FK_EMPLOYEE, FK_PROFILE,
FK_TASK,PUBLISHED ) VALUES ( 
'Intervention', 454, '4000', 'T_3', 'Planning-budget', 0,  TO_Date( '05/18/2009 12:00:00 AM', 'MM/DD/YYYY HH:MI:SS AM')
,  TO_Date( '05/18/2009 12:00:00 AM', 'MM/DD/YYYY HH:MI:SS AM'), 10, 12, 'PENDING'
, 197, 132, 2, 14,0); 
INSERT INTO ACTIVITIES ( DTYPE, ID, PRESTATION, REFERENCE, DESCRIPTION, VERSION, STARTDATE, ENDDATE,
TOTALESTIMATEDHOURS, TOTALWORKEDHOURS, STATUS, MISSION_ID, FK_EMPLOYEE, FK_PROFILE,
FK_TASK,PUBLISHED ) VALUES ( 
'Intervention', 455, '4000', 'T_4', 'Planning-budget', 0,  TO_Date( '05/18/2009 12:00:00 AM', 'MM/DD/YYYY HH:MI:SS AM')
,  TO_Date( '05/18/2009 12:00:00 AM', 'MM/DD/YYYY HH:MI:SS AM'), 10, 12, 'PENDING'
, 197, 130, 4, 14,0); 
INSERT INTO ACTIVITIES ( DTYPE, ID, PRESTATION, REFERENCE, DESCRIPTION, VERSION, STARTDATE, ENDDATE,
TOTALESTIMATEDHOURS, TOTALWORKEDHOURS, STATUS, MISSION_ID, FK_EMPLOYEE, FK_PROFILE,
FK_TASK,PUBLISHED ) VALUES ( 
'Intervention', 456, '4000', 'T_1', 'Planning-budget', 0,  TO_Date( '05/18/2009 12:00:00 AM', 'MM/DD/YYYY HH:MI:SS AM')
,  TO_Date( '05/18/2009 12:00:00 AM', 'MM/DD/YYYY HH:MI:SS AM'), 10, 12, 'PENDING'
, 193, 131, 3, 14,0); 
INSERT INTO ACTIVITIES ( DTYPE, ID, PRESTATION, REFERENCE, DESCRIPTION, VERSION, STARTDATE, ENDDATE,
TOTALESTIMATEDHOURS, TOTALWORKEDHOURS, STATUS, MISSION_ID, FK_EMPLOYEE, FK_PROFILE,
FK_TASK,PUBLISHED ) VALUES ( 
'Intervention', 457, '4000', 'T_2', 'Planning-budget', 0,  TO_Date( '05/18/2009 12:00:00 AM', 'MM/DD/YYYY HH:MI:SS AM')
,  TO_Date( '05/18/2009 12:00:00 AM', 'MM/DD/YYYY HH:MI:SS AM'), 10, 12, 'PENDING'
, 193, 133, 1, 14,0); 
INSERT INTO ACTIVITIES ( DTYPE, ID, PRESTATION, REFERENCE, DESCRIPTION, VERSION, STARTDATE, ENDDATE,
TOTALESTIMATEDHOURS, TOTALWORKEDHOURS, STATUS, MISSION_ID, FK_EMPLOYEE, FK_PROFILE,
FK_TASK,PUBLISHED ) VALUES ( 
'Intervention', 458, '4000', 'T_3', 'Planning-budget', 0,  TO_Date( '05/18/2009 12:00:00 AM', 'MM/DD/YYYY HH:MI:SS AM')
,  TO_Date( '05/18/2009 12:00:00 AM', 'MM/DD/YYYY HH:MI:SS AM'), 10, 12, 'PENDING'
, 193, 132, 2, 14,0); 
INSERT INTO ACTIVITIES ( DTYPE, ID, PRESTATION, REFERENCE, DESCRIPTION, VERSION, STARTDATE, ENDDATE,
TOTALESTIMATEDHOURS, TOTALWORKEDHOURS, STATUS, MISSION_ID, FK_EMPLOYEE, FK_PROFILE,
FK_TASK,PUBLISHED ) VALUES ( 
'Intervention', 459, '4000', 'T_4', 'Planning-budget', 0,  TO_Date( '05/18/2009 12:00:00 AM', 'MM/DD/YYYY HH:MI:SS AM')
,  TO_Date( '05/18/2009 12:00:00 AM', 'MM/DD/YYYY HH:MI:SS AM'), 10, 12, 'PENDING'
, 193, 130, 4, 14,0); 
INSERT INTO ACTIVITIES ( DTYPE, ID, PRESTATION, REFERENCE, DESCRIPTION, VERSION, STARTDATE, ENDDATE,
TOTALESTIMATEDHOURS, TOTALWORKEDHOURS, STATUS, MISSION_ID, FK_EMPLOYEE, FK_PROFILE,
FK_TASK,PUBLISHED ) VALUES ( 
'Intervention', 460, '4000', 'T_1', 'Planning-budget', 0,  TO_Date( '05/18/2009 12:00:00 AM', 'MM/DD/YYYY HH:MI:SS AM')
,  TO_Date( '05/18/2009 12:00:00 AM', 'MM/DD/YYYY HH:MI:SS AM'), 10, 12, 'PENDING'
, 189, 131, 3, 14,0); 
INSERT INTO ACTIVITIES ( DTYPE, ID, PRESTATION, REFERENCE, DESCRIPTION, VERSION, STARTDATE, ENDDATE,
TOTALESTIMATEDHOURS, TOTALWORKEDHOURS, STATUS, MISSION_ID, FK_EMPLOYEE, FK_PROFILE,
FK_TASK,PUBLISHED ) VALUES ( 
'Intervention', 461, '4000', 'T_2', 'Planning-budget', 0,  TO_Date( '05/18/2009 12:00:00 AM', 'MM/DD/YYYY HH:MI:SS AM')
,  TO_Date( '05/18/2009 12:00:00 AM', 'MM/DD/YYYY HH:MI:SS AM'), 10, 12, 'PENDING'
, 189, 133, 1, 14,0); 
INSERT INTO ACTIVITIES ( DTYPE, ID, PRESTATION, REFERENCE, DESCRIPTION, VERSION, STARTDATE, ENDDATE,
TOTALESTIMATEDHOURS, TOTALWORKEDHOURS, STATUS, MISSION_ID, FK_EMPLOYEE, FK_PROFILE,
FK_TASK,PUBLISHED ) VALUES ( 
'Intervention', 462, '4000', 'T_3', 'Planning-budget', 0,  TO_Date( '05/18/2009 12:00:00 AM', 'MM/DD/YYYY HH:MI:SS AM')
,  TO_Date( '05/18/2009 12:00:00 AM', 'MM/DD/YYYY HH:MI:SS AM'), 10, 12, 'PENDING'
, 189, 132, 2, 14,0); 
INSERT INTO ACTIVITIES ( DTYPE, ID, PRESTATION, REFERENCE, DESCRIPTION, VERSION, STARTDATE, ENDDATE,
TOTALESTIMATEDHOURS, TOTALWORKEDHOURS, STATUS, MISSION_ID, FK_EMPLOYEE, FK_PROFILE,
FK_TASK,PUBLISHED ) VALUES ( 
'Intervention', 463, '4000', 'T_4', 'Planning-budget', 0,  TO_Date( '05/18/2009 12:00:00 AM', 'MM/DD/YYYY HH:MI:SS AM')
,  TO_Date( '05/18/2009 12:00:00 AM', 'MM/DD/YYYY HH:MI:SS AM'), 10, 12, 'PENDING'
, 189, 130, 4, 14,0); 
INSERT INTO ACTIVITIES ( DTYPE, ID, PRESTATION, REFERENCE, DESCRIPTION, VERSION, STARTDATE, ENDDATE,
TOTALESTIMATEDHOURS, TOTALWORKEDHOURS, STATUS, MISSION_ID, FK_EMPLOYEE, FK_PROFILE,
FK_TASK,PUBLISHED ) VALUES ( 
'Intervention', 464, '4000', 'T_1', 'Planning-budget', 0,  TO_Date( '05/18/2009 12:00:00 AM', 'MM/DD/YYYY HH:MI:SS AM')
,  TO_Date( '05/18/2009 12:00:00 AM', 'MM/DD/YYYY HH:MI:SS AM'), 10, 12, 'PENDING'
, 184, 131, 3, 14,0); 
INSERT INTO ACTIVITIES ( DTYPE, ID, PRESTATION, REFERENCE, DESCRIPTION, VERSION, STARTDATE, ENDDATE,
TOTALESTIMATEDHOURS, TOTALWORKEDHOURS, STATUS, MISSION_ID, FK_EMPLOYEE, FK_PROFILE,
FK_TASK,PUBLISHED ) VALUES ( 
'Intervention', 465, '4000', 'T_2', 'Planning-budget', 0,  TO_Date( '05/18/2009 12:00:00 AM', 'MM/DD/YYYY HH:MI:SS AM')
,  TO_Date( '05/18/2009 12:00:00 AM', 'MM/DD/YYYY HH:MI:SS AM'), 10, 12, 'PENDING'
, 184, 133, 1, 14,0); 
INSERT INTO ACTIVITIES ( DTYPE, ID, PRESTATION, REFERENCE, DESCRIPTION, VERSION, STARTDATE, ENDDATE,
TOTALESTIMATEDHOURS, TOTALWORKEDHOURS, STATUS, MISSION_ID, FK_EMPLOYEE, FK_PROFILE,
FK_TASK,PUBLISHED ) VALUES ( 
'Intervention', 466, '4000', 'T_3', 'Planning-budget', 0,  TO_Date( '05/18/2009 12:00:00 AM', 'MM/DD/YYYY HH:MI:SS AM')
,  TO_Date( '05/18/2009 12:00:00 AM', 'MM/DD/YYYY HH:MI:SS AM'), 10, 12, 'PENDING'
, 184, 132, 2, 14,0); 
INSERT INTO ACTIVITIES ( DTYPE, ID, PRESTATION, REFERENCE, DESCRIPTION, VERSION, STARTDATE, ENDDATE,
TOTALESTIMATEDHOURS, TOTALWORKEDHOURS, STATUS, MISSION_ID, FK_EMPLOYEE, FK_PROFILE,
FK_TASK,PUBLISHED ) VALUES ( 
'Intervention', 467, '4000', 'T_4', 'Planning-budget', 0,  TO_Date( '05/18/2009 12:00:00 AM', 'MM/DD/YYYY HH:MI:SS AM')
,  TO_Date( '05/18/2009 12:00:00 AM', 'MM/DD/YYYY HH:MI:SS AM'), 10, 12, 'PENDING'
, 184, 130, 4, 14,0); 
INSERT INTO ACTIVITIES ( DTYPE, ID, PRESTATION, REFERENCE, DESCRIPTION, VERSION, STARTDATE, ENDDATE,
TOTALESTIMATEDHOURS, TOTALWORKEDHOURS, STATUS, MISSION_ID, FK_EMPLOYEE, FK_PROFILE,
FK_TASK,PUBLISHED ) VALUES ( 
'Intervention', 468, '4000', 'T_1', 'Planning-budget', 0,  TO_Date( '05/18/2009 12:00:00 AM', 'MM/DD/YYYY HH:MI:SS AM')
,  TO_Date( '05/18/2009 12:00:00 AM', 'MM/DD/YYYY HH:MI:SS AM'), 10, 12, 'PENDING'
, 156, 131, 3, 14,0); 
INSERT INTO ACTIVITIES ( DTYPE, ID, PRESTATION, REFERENCE, DESCRIPTION, VERSION, STARTDATE, ENDDATE,
TOTALESTIMATEDHOURS, TOTALWORKEDHOURS, STATUS, MISSION_ID, FK_EMPLOYEE, FK_PROFILE,
FK_TASK,PUBLISHED ) VALUES ( 
'Intervention', 469, '4000', 'T_2', 'Planning-budget', 0,  TO_Date( '05/18/2009 12:00:00 AM', 'MM/DD/YYYY HH:MI:SS AM')
,  TO_Date( '05/18/2009 12:00:00 AM', 'MM/DD/YYYY HH:MI:SS AM'), 10, 12, 'PENDING'
, 156, 133, 1, 14,0); 
INSERT INTO ACTIVITIES ( DTYPE, ID, PRESTATION, REFERENCE, DESCRIPTION, VERSION, STARTDATE, ENDDATE,
TOTALESTIMATEDHOURS, TOTALWORKEDHOURS, STATUS, MISSION_ID, FK_EMPLOYEE, FK_PROFILE,
FK_TASK,PUBLISHED ) VALUES ( 
'Intervention', 470, '4000', 'T_3', 'Planning-budget', 0,  TO_Date( '05/18/2009 12:00:00 AM', 'MM/DD/YYYY HH:MI:SS AM')
,  TO_Date( '05/18/2009 12:00:00 AM', 'MM/DD/YYYY HH:MI:SS AM'), 10, 12, 'PENDING'
, 156, 132, 2, 14,0); 
INSERT INTO ACTIVITIES ( DTYPE, ID, PRESTATION, REFERENCE, DESCRIPTION, VERSION, STARTDATE, ENDDATE,
TOTALESTIMATEDHOURS, TOTALWORKEDHOURS, STATUS, MISSION_ID, FK_EMPLOYEE, FK_PROFILE,
FK_TASK,PUBLISHED ) VALUES ( 
'Intervention', 471, '4000', 'T_4', 'Planning-budget', 0,  TO_Date( '05/18/2009 12:00:00 AM', 'MM/DD/YYYY HH:MI:SS AM')
,  TO_Date( '05/18/2009 12:00:00 AM', 'MM/DD/YYYY HH:MI:SS AM'), 10, 12, 'PENDING'
, 156, 130, 4, 14,0); 
INSERT INTO ACTIVITIES ( DTYPE, ID, PRESTATION, REFERENCE, DESCRIPTION, VERSION, STARTDATE, ENDDATE,
TOTALESTIMATEDHOURS, TOTALWORKEDHOURS, STATUS, MISSION_ID, FK_EMPLOYEE, FK_PROFILE,
FK_TASK,PUBLISHED ) VALUES ( 
'Intervention', 472, '4000', 'T_1', 'Planning-budget', 0,  TO_Date( '05/18/2009 12:00:00 AM', 'MM/DD/YYYY HH:MI:SS AM')
,  TO_Date( '05/18/2009 12:00:00 AM', 'MM/DD/YYYY HH:MI:SS AM'), 10, 12, 'PENDING'
, 157, 131, 3, 14,0); 
INSERT INTO ACTIVITIES ( DTYPE, ID, PRESTATION, REFERENCE, DESCRIPTION, VERSION, STARTDATE, ENDDATE,
TOTALESTIMATEDHOURS, TOTALWORKEDHOURS, STATUS, MISSION_ID, FK_EMPLOYEE, FK_PROFILE,
FK_TASK,PUBLISHED ) VALUES ( 
'Intervention', 473, '4000', 'T_2', 'Planning-budget', 0,  TO_Date( '05/18/2009 12:00:00 AM', 'MM/DD/YYYY HH:MI:SS AM')
,  TO_Date( '05/18/2009 12:00:00 AM', 'MM/DD/YYYY HH:MI:SS AM'), 10, 12, 'PENDING'
, 157, 133, 1, 14,0); 
INSERT INTO ACTIVITIES ( DTYPE, ID, PRESTATION, REFERENCE, DESCRIPTION, VERSION, STARTDATE, ENDDATE,
TOTALESTIMATEDHOURS, TOTALWORKEDHOURS, STATUS, MISSION_ID, FK_EMPLOYEE, FK_PROFILE,
FK_TASK,PUBLISHED ) VALUES ( 
'Intervention', 474, '4000', 'T_3', 'Planning-budget', 0,  TO_Date( '05/18/2009 12:00:00 AM', 'MM/DD/YYYY HH:MI:SS AM')
,  TO_Date( '05/18/2009 12:00:00 AM', 'MM/DD/YYYY HH:MI:SS AM'), 10, 12, 'PENDING'
, 157, 132, 2, 14,0); 
INSERT INTO ACTIVITIES ( DTYPE, ID, PRESTATION, REFERENCE, DESCRIPTION, VERSION, STARTDATE, ENDDATE,
TOTALESTIMATEDHOURS, TOTALWORKEDHOURS, STATUS, MISSION_ID, FK_EMPLOYEE, FK_PROFILE,
FK_TASK,PUBLISHED ) VALUES ( 
'Intervention', 475, '4000', 'T_4', 'Planning-budget', 0,  TO_Date( '05/18/2009 12:00:00 AM', 'MM/DD/YYYY HH:MI:SS AM')
,  TO_Date( '05/18/2009 12:00:00 AM', 'MM/DD/YYYY HH:MI:SS AM'), 10, 12, 'PENDING'
, 157, 130, 4, 14,0); 
INSERT INTO ACTIVITIES ( DTYPE, ID, PRESTATION, REFERENCE, DESCRIPTION, VERSION, STARTDATE, ENDDATE,
TOTALESTIMATEDHOURS, TOTALWORKEDHOURS, STATUS, MISSION_ID, FK_EMPLOYEE, FK_PROFILE,
FK_TASK,PUBLISHED ) VALUES ( 
'Intervention', 476, '4000', 'T_1', 'Planning-budget', 0,  TO_Date( '05/18/2009 12:00:00 AM', 'MM/DD/YYYY HH:MI:SS AM')
,  TO_Date( '05/18/2009 12:00:00 AM', 'MM/DD/YYYY HH:MI:SS AM'), 10, 12, 'PENDING'
, 158, 131, 3, 14,0); 
INSERT INTO ACTIVITIES ( DTYPE, ID, PRESTATION, REFERENCE, DESCRIPTION, VERSION, STARTDATE, ENDDATE,
TOTALESTIMATEDHOURS, TOTALWORKEDHOURS, STATUS, MISSION_ID, FK_EMPLOYEE, FK_PROFILE,
FK_TASK,PUBLISHED ) VALUES ( 
'Intervention', 477, '4000', 'T_2', 'Planning-budget', 0,  TO_Date( '05/18/2009 12:00:00 AM', 'MM/DD/YYYY HH:MI:SS AM')
,  TO_Date( '05/18/2009 12:00:00 AM', 'MM/DD/YYYY HH:MI:SS AM'), 10, 12, 'PENDING'
, 158, 133, 1, 14,0); 
INSERT INTO ACTIVITIES ( DTYPE, ID, PRESTATION, REFERENCE, DESCRIPTION, VERSION, STARTDATE, ENDDATE,
TOTALESTIMATEDHOURS, TOTALWORKEDHOURS, STATUS, MISSION_ID, FK_EMPLOYEE, FK_PROFILE,
FK_TASK,PUBLISHED ) VALUES ( 
'Intervention', 478, '4000', 'T_3', 'Planning-budget', 0,  TO_Date( '05/18/2009 12:00:00 AM', 'MM/DD/YYYY HH:MI:SS AM')
,  TO_Date( '05/18/2009 12:00:00 AM', 'MM/DD/YYYY HH:MI:SS AM'), 10, 12, 'PENDING'
, 158, 132, 2, 14,0); 
INSERT INTO ACTIVITIES ( DTYPE, ID, PRESTATION, REFERENCE, DESCRIPTION, VERSION, STARTDATE, ENDDATE,
TOTALESTIMATEDHOURS, TOTALWORKEDHOURS, STATUS, MISSION_ID, FK_EMPLOYEE, FK_PROFILE,
FK_TASK,PUBLISHED ) VALUES ( 
'Intervention', 479, '4000', 'T_4', 'Planning-budget', 0,  TO_Date( '05/18/2009 12:00:00 AM', 'MM/DD/YYYY HH:MI:SS AM')
,  TO_Date( '05/18/2009 12:00:00 AM', 'MM/DD/YYYY HH:MI:SS AM'), 10, 12, 'PENDING'
, 158, 130, 4, 14,0); 
INSERT INTO ACTIVITIES ( DTYPE, ID, PRESTATION, REFERENCE, DESCRIPTION, VERSION, STARTDATE, ENDDATE,
TOTALESTIMATEDHOURS, TOTALWORKEDHOURS, STATUS, MISSION_ID, FK_EMPLOYEE, FK_PROFILE,
FK_TASK,PUBLISHED ) VALUES ( 
'Intervention', 480, '4000', 'T_1', 'Planning-budget', 0,  TO_Date( '05/18/2009 12:00:00 AM', 'MM/DD/YYYY HH:MI:SS AM')
,  TO_Date( '05/18/2009 12:00:00 AM', 'MM/DD/YYYY HH:MI:SS AM'), 10, 12, 'PENDING'
, 159, 131, 3, 14,0); 
INSERT INTO ACTIVITIES ( DTYPE, ID, PRESTATION, REFERENCE, DESCRIPTION, VERSION, STARTDATE, ENDDATE,
TOTALESTIMATEDHOURS, TOTALWORKEDHOURS, STATUS, MISSION_ID, FK_EMPLOYEE, FK_PROFILE,
FK_TASK,PUBLISHED ) VALUES ( 
'Intervention', 481, '4000', 'T_2', 'Planning-budget', 0,  TO_Date( '05/18/2009 12:00:00 AM', 'MM/DD/YYYY HH:MI:SS AM')
,  TO_Date( '05/18/2009 12:00:00 AM', 'MM/DD/YYYY HH:MI:SS AM'), 10, 12, 'PENDING'
, 159, 133, 1, 14,0); 
INSERT INTO ACTIVITIES ( DTYPE, ID, PRESTATION, REFERENCE, DESCRIPTION, VERSION, STARTDATE, ENDDATE,
TOTALESTIMATEDHOURS, TOTALWORKEDHOURS, STATUS, MISSION_ID, FK_EMPLOYEE, FK_PROFILE,
FK_TASK,PUBLISHED ) VALUES ( 
'Intervention', 482, '4000', 'T_3', 'Planning-budget', 0,  TO_Date( '05/18/2009 12:00:00 AM', 'MM/DD/YYYY HH:MI:SS AM')
,  TO_Date( '05/18/2009 12:00:00 AM', 'MM/DD/YYYY HH:MI:SS AM'), 10, 12, 'PENDING'
, 159, 132, 2, 14,0); 
INSERT INTO ACTIVITIES ( DTYPE, ID, PRESTATION, REFERENCE, DESCRIPTION, VERSION, STARTDATE, ENDDATE,
TOTALESTIMATEDHOURS, TOTALWORKEDHOURS, STATUS, MISSION_ID, FK_EMPLOYEE, FK_PROFILE,
FK_TASK,PUBLISHED ) VALUES ( 
'Intervention', 483, '4000', 'T_4', 'Planning-budget', 0,  TO_Date( '05/18/2009 12:00:00 AM', 'MM/DD/YYYY HH:MI:SS AM')
,  TO_Date( '05/18/2009 12:00:00 AM', 'MM/DD/YYYY HH:MI:SS AM'), 10, 12, 'PENDING'
, 159, 130, 4, 14,0); 
INSERT INTO ACTIVITIES ( DTYPE, ID, PRESTATION, REFERENCE, DESCRIPTION, VERSION, STARTDATE, ENDDATE,
TOTALESTIMATEDHOURS, TOTALWORKEDHOURS, STATUS, MISSION_ID, FK_EMPLOYEE, FK_PROFILE,
FK_TASK,PUBLISHED ) VALUES ( 
'Intervention', 484, '4000', 'T_1', 'Planning-budget', 0,  TO_Date( '05/18/2009 12:00:00 AM', 'MM/DD/YYYY HH:MI:SS AM')
,  TO_Date( '05/18/2009 12:00:00 AM', 'MM/DD/YYYY HH:MI:SS AM'), 10, 12, 'PENDING'
, 160, 131, 3, 14,0); 
INSERT INTO ACTIVITIES ( DTYPE, ID, PRESTATION, REFERENCE, DESCRIPTION, VERSION, STARTDATE, ENDDATE,
TOTALESTIMATEDHOURS, TOTALWORKEDHOURS, STATUS, MISSION_ID, FK_EMPLOYEE, FK_PROFILE,
FK_TASK,PUBLISHED ) VALUES ( 
'Intervention', 485, '4000', 'T_2', 'Planning-budget', 0,  TO_Date( '05/18/2009 12:00:00 AM', 'MM/DD/YYYY HH:MI:SS AM')
,  TO_Date( '05/18/2009 12:00:00 AM', 'MM/DD/YYYY HH:MI:SS AM'), 10, 12, 'PENDING'
, 160, 133, 1, 14,0); 
INSERT INTO ACTIVITIES ( DTYPE, ID, PRESTATION, REFERENCE, DESCRIPTION, VERSION, STARTDATE, ENDDATE,
TOTALESTIMATEDHOURS, TOTALWORKEDHOURS, STATUS, MISSION_ID, FK_EMPLOYEE, FK_PROFILE,
FK_TASK,PUBLISHED ) VALUES ( 
'Intervention', 486, '4000', 'T_3', 'Planning-budget', 0,  TO_Date( '05/18/2009 12:00:00 AM', 'MM/DD/YYYY HH:MI:SS AM')
,  TO_Date( '05/18/2009 12:00:00 AM', 'MM/DD/YYYY HH:MI:SS AM'), 10, 12, 'PENDING'
, 160, 132, 2, 14,0); 
INSERT INTO ACTIVITIES ( DTYPE, ID, PRESTATION, REFERENCE, DESCRIPTION, VERSION, STARTDATE, ENDDATE,
TOTALESTIMATEDHOURS, TOTALWORKEDHOURS, STATUS, MISSION_ID, FK_EMPLOYEE, FK_PROFILE,
FK_TASK,PUBLISHED ) VALUES ( 
'Intervention', 487, '4000', 'T_4', 'Planning-budget', 0,  TO_Date( '05/18/2009 12:00:00 AM', 'MM/DD/YYYY HH:MI:SS AM')
,  TO_Date( '05/18/2009 12:00:00 AM', 'MM/DD/YYYY HH:MI:SS AM'), 10, 12, 'PENDING'
, 160, 130, 4, 14,0); 
INSERT INTO ACTIVITIES ( DTYPE, ID, PRESTATION, REFERENCE, DESCRIPTION, VERSION, STARTDATE, ENDDATE,
TOTALESTIMATEDHOURS, TOTALWORKEDHOURS, STATUS, MISSION_ID, FK_EMPLOYEE, FK_PROFILE,
FK_TASK,PUBLISHED ) VALUES ( 
'Intervention', 488, '4000', 'T_1', 'Planning-budget', 0,  TO_Date( '05/18/2009 12:00:00 AM', 'MM/DD/YYYY HH:MI:SS AM')
,  TO_Date( '05/18/2009 12:00:00 AM', 'MM/DD/YYYY HH:MI:SS AM'), 10, 12, 'PENDING'
, 161, 131, 3, 14,0); 
INSERT INTO ACTIVITIES ( DTYPE, ID, PRESTATION, REFERENCE, DESCRIPTION, VERSION, STARTDATE, ENDDATE,
TOTALESTIMATEDHOURS, TOTALWORKEDHOURS, STATUS, MISSION_ID, FK_EMPLOYEE, FK_PROFILE,
FK_TASK,PUBLISHED ) VALUES ( 
'Intervention', 489, '4000', 'T_2', 'Planning-budget', 0,  TO_Date( '05/18/2009 12:00:00 AM', 'MM/DD/YYYY HH:MI:SS AM')
,  TO_Date( '05/18/2009 12:00:00 AM', 'MM/DD/YYYY HH:MI:SS AM'), 10, 12, 'PENDING'
, 161, 133, 1, 14,0); 
INSERT INTO ACTIVITIES ( DTYPE, ID, PRESTATION, REFERENCE, DESCRIPTION, VERSION, STARTDATE, ENDDATE,
TOTALESTIMATEDHOURS, TOTALWORKEDHOURS, STATUS, MISSION_ID, FK_EMPLOYEE, FK_PROFILE,
FK_TASK,PUBLISHED ) VALUES ( 
'Intervention', 490, '4000', 'T_3', 'Planning-budget', 0,  TO_Date( '05/18/2009 12:00:00 AM', 'MM/DD/YYYY HH:MI:SS AM')
,  TO_Date( '05/18/2009 12:00:00 AM', 'MM/DD/YYYY HH:MI:SS AM'), 10, 12, 'PENDING'
, 161, 132, 2, 14,0); 
INSERT INTO ACTIVITIES ( DTYPE, ID, PRESTATION, REFERENCE, DESCRIPTION, VERSION, STARTDATE, ENDDATE,
TOTALESTIMATEDHOURS, TOTALWORKEDHOURS, STATUS, MISSION_ID, FK_EMPLOYEE, FK_PROFILE,
FK_TASK,PUBLISHED ) VALUES ( 
'Intervention', 491, '4000', 'T_4', 'Planning-budget', 0,  TO_Date( '05/18/2009 12:00:00 AM', 'MM/DD/YYYY HH:MI:SS AM')
,  TO_Date( '05/18/2009 12:00:00 AM', 'MM/DD/YYYY HH:MI:SS AM'), 10, 12, 'PENDING'
, 161, 130, 4, 14,0); 
INSERT INTO ACTIVITIES ( DTYPE, ID, PRESTATION, REFERENCE, DESCRIPTION, VERSION, STARTDATE, ENDDATE,
TOTALESTIMATEDHOURS, TOTALWORKEDHOURS, STATUS, MISSION_ID, FK_EMPLOYEE, FK_PROFILE,
FK_TASK,PUBLISHED ) VALUES ( 
'Intervention', 492, '4000', 'T_1', 'Planning-budget', 0,  TO_Date( '05/18/2009 12:00:00 AM', 'MM/DD/YYYY HH:MI:SS AM')
,  TO_Date( '05/18/2009 12:00:00 AM', 'MM/DD/YYYY HH:MI:SS AM'), 10, 12, 'PENDING'
, 162, 131, 3, 14,0); 
INSERT INTO ACTIVITIES ( DTYPE, ID, PRESTATION, REFERENCE, DESCRIPTION, VERSION, STARTDATE, ENDDATE,
TOTALESTIMATEDHOURS, TOTALWORKEDHOURS, STATUS, MISSION_ID, FK_EMPLOYEE, FK_PROFILE,
FK_TASK,PUBLISHED ) VALUES ( 
'Intervention', 493, '4000', 'T_2', 'Planning-budget', 0,  TO_Date( '05/18/2009 12:00:00 AM', 'MM/DD/YYYY HH:MI:SS AM')
,  TO_Date( '05/18/2009 12:00:00 AM', 'MM/DD/YYYY HH:MI:SS AM'), 10, 12, 'PENDING'
, 162, 133, 1, 14,0); 
INSERT INTO ACTIVITIES ( DTYPE, ID, PRESTATION, REFERENCE, DESCRIPTION, VERSION, STARTDATE, ENDDATE,
TOTALESTIMATEDHOURS, TOTALWORKEDHOURS, STATUS, MISSION_ID, FK_EMPLOYEE, FK_PROFILE,
FK_TASK,PUBLISHED ) VALUES ( 
'Intervention', 494, '4000', 'T_3', 'Planning-budget', 0,  TO_Date( '05/18/2009 12:00:00 AM', 'MM/DD/YYYY HH:MI:SS AM')
,  TO_Date( '05/18/2009 12:00:00 AM', 'MM/DD/YYYY HH:MI:SS AM'), 10, 12, 'PENDING'
, 162, 132, 2, 14,0); 
INSERT INTO ACTIVITIES ( DTYPE, ID, PRESTATION, REFERENCE, DESCRIPTION, VERSION, STARTDATE, ENDDATE,
TOTALESTIMATEDHOURS, TOTALWORKEDHOURS, STATUS, MISSION_ID, FK_EMPLOYEE, FK_PROFILE,
FK_TASK,PUBLISHED ) VALUES ( 
'Intervention', 495, '4000', 'T_4', 'Planning-budget', 0,  TO_Date( '05/18/2009 12:00:00 AM', 'MM/DD/YYYY HH:MI:SS AM')
,  TO_Date( '05/18/2009 12:00:00 AM', 'MM/DD/YYYY HH:MI:SS AM'), 10, 12, 'PENDING'
, 162, 130, 4, 14,0); 
INSERT INTO ACTIVITIES ( DTYPE, ID, PRESTATION, REFERENCE, DESCRIPTION, VERSION, STARTDATE, ENDDATE,
TOTALESTIMATEDHOURS, TOTALWORKEDHOURS, STATUS, MISSION_ID, FK_EMPLOYEE, FK_PROFILE,
FK_TASK,PUBLISHED ) VALUES ( 
'Intervention', 496, '4000', 'T_1', 'Planning-budget', 0,  TO_Date( '05/18/2009 12:00:00 AM', 'MM/DD/YYYY HH:MI:SS AM')
,  TO_Date( '05/18/2009 12:00:00 AM', 'MM/DD/YYYY HH:MI:SS AM'), 10, 12, 'PENDING'
, 163, 131, 3, 14,0); 
INSERT INTO ACTIVITIES ( DTYPE, ID, PRESTATION, REFERENCE, DESCRIPTION, VERSION, STARTDATE, ENDDATE,
TOTALESTIMATEDHOURS, TOTALWORKEDHOURS, STATUS, MISSION_ID, FK_EMPLOYEE, FK_PROFILE,
FK_TASK,PUBLISHED ) VALUES ( 
'Intervention', 497, '4000', 'T_2', 'Planning-budget', 0,  TO_Date( '05/18/2009 12:00:00 AM', 'MM/DD/YYYY HH:MI:SS AM')
,  TO_Date( '05/18/2009 12:00:00 AM', 'MM/DD/YYYY HH:MI:SS AM'), 10, 12, 'PENDING'
, 163, 133, 1, 14,0); 
INSERT INTO ACTIVITIES ( DTYPE, ID, PRESTATION, REFERENCE, DESCRIPTION, VERSION, STARTDATE, ENDDATE,
TOTALESTIMATEDHOURS, TOTALWORKEDHOURS, STATUS, MISSION_ID, FK_EMPLOYEE, FK_PROFILE,
FK_TASK,PUBLISHED ) VALUES ( 
'Intervention', 498, '4000', 'T_3', 'Planning-budget', 0,  TO_Date( '05/18/2009 12:00:00 AM', 'MM/DD/YYYY HH:MI:SS AM')
,  TO_Date( '05/18/2009 12:00:00 AM', 'MM/DD/YYYY HH:MI:SS AM'), 10, 12, 'PENDING'
, 163, 132, 2, 14,0); 
INSERT INTO ACTIVITIES ( DTYPE, ID, PRESTATION, REFERENCE, DESCRIPTION, VERSION, STARTDATE, ENDDATE,
TOTALESTIMATEDHOURS, TOTALWORKEDHOURS, STATUS, MISSION_ID, FK_EMPLOYEE, FK_PROFILE,
FK_TASK,PUBLISHED ) VALUES ( 
'Intervention', 499, '4000', 'T_4', 'Planning-budget', 0,  TO_Date( '05/18/2009 12:00:00 AM', 'MM/DD/YYYY HH:MI:SS AM')
,  TO_Date( '05/18/2009 12:00:00 AM', 'MM/DD/YYYY HH:MI:SS AM'), 10, 12, 'PENDING'
, 163, 130, 4, 14,0); 
INSERT INTO ACTIVITIES ( DTYPE, ID, PRESTATION, REFERENCE, DESCRIPTION, VERSION, STARTDATE, ENDDATE,
TOTALESTIMATEDHOURS, TOTALWORKEDHOURS, STATUS, MISSION_ID, FK_EMPLOYEE, FK_PROFILE,
FK_TASK,PUBLISHED ) VALUES ( 
'Intervention', 500, '4000', 'T_1', 'Planning-budget', 0,  TO_Date( '05/18/2009 12:00:00 AM', 'MM/DD/YYYY HH:MI:SS AM')
,  TO_Date( '05/18/2009 12:00:00 AM', 'MM/DD/YYYY HH:MI:SS AM'), 10, 12, 'PENDING'
, 164, 131, 3, 14,0); 
INSERT INTO ACTIVITIES ( DTYPE, ID, PRESTATION, REFERENCE, DESCRIPTION, VERSION, STARTDATE, ENDDATE,
TOTALESTIMATEDHOURS, TOTALWORKEDHOURS, STATUS, MISSION_ID, FK_EMPLOYEE, FK_PROFILE,
FK_TASK,PUBLISHED ) VALUES ( 
'Intervention', 501, '4000', 'T_2', 'Planning-budget', 0,  TO_Date( '05/18/2009 12:00:00 AM', 'MM/DD/YYYY HH:MI:SS AM')
,  TO_Date( '05/18/2009 12:00:00 AM', 'MM/DD/YYYY HH:MI:SS AM'), 10, 12, 'PENDING'
, 164, 133, 1, 14,0); 
INSERT INTO ACTIVITIES ( DTYPE, ID, PRESTATION, REFERENCE, DESCRIPTION, VERSION, STARTDATE, ENDDATE,
TOTALESTIMATEDHOURS, TOTALWORKEDHOURS, STATUS, MISSION_ID, FK_EMPLOYEE, FK_PROFILE,
FK_TASK,PUBLISHED ) VALUES ( 
'Intervention', 502, '4000', 'T_3', 'Planning-budget', 0,  TO_Date( '05/18/2009 12:00:00 AM', 'MM/DD/YYYY HH:MI:SS AM')
,  TO_Date( '05/18/2009 12:00:00 AM', 'MM/DD/YYYY HH:MI:SS AM'), 10, 12, 'PENDING'
, 164, 132, 2, 14,0); 
INSERT INTO ACTIVITIES ( DTYPE, ID, PRESTATION, REFERENCE, DESCRIPTION, VERSION, STARTDATE, ENDDATE,
TOTALESTIMATEDHOURS, TOTALWORKEDHOURS, STATUS, MISSION_ID, FK_EMPLOYEE, FK_PROFILE,
FK_TASK,PUBLISHED ) VALUES ( 
'Intervention', 503, '4000', 'T_4', 'Planning-budget', 0,  TO_Date( '05/18/2009 12:00:00 AM', 'MM/DD/YYYY HH:MI:SS AM')
,  TO_Date( '05/18/2009 12:00:00 AM', 'MM/DD/YYYY HH:MI:SS AM'), 10, 12, 'PENDING'
, 164, 130, 4, 14,0); 
INSERT INTO ACTIVITIES ( DTYPE, ID, PRESTATION, REFERENCE, DESCRIPTION, VERSION, STARTDATE, ENDDATE,
TOTALESTIMATEDHOURS, TOTALWORKEDHOURS, STATUS, MISSION_ID, FK_EMPLOYEE, FK_PROFILE,
FK_TASK,PUBLISHED ) VALUES ( 
'Intervention', 504, '4000', 'T_1', 'Planning-budget', 0,  TO_Date( '05/18/2009 12:00:00 AM', 'MM/DD/YYYY HH:MI:SS AM')
,  TO_Date( '05/18/2009 12:00:00 AM', 'MM/DD/YYYY HH:MI:SS AM'), 10, 12, 'PENDING'
, 165, 131, 3, 14,0); 
INSERT INTO ACTIVITIES ( DTYPE, ID, PRESTATION, REFERENCE, DESCRIPTION, VERSION, STARTDATE, ENDDATE,
TOTALESTIMATEDHOURS, TOTALWORKEDHOURS, STATUS, MISSION_ID, FK_EMPLOYEE, FK_PROFILE,
FK_TASK,PUBLISHED ) VALUES ( 
'Intervention', 505, '4000', 'T_2', 'Planning-budget', 0,  TO_Date( '05/18/2009 12:00:00 AM', 'MM/DD/YYYY HH:MI:SS AM')
,  TO_Date( '05/18/2009 12:00:00 AM', 'MM/DD/YYYY HH:MI:SS AM'), 10, 12, 'PENDING'
, 165, 133, 1, 14,0); 
INSERT INTO ACTIVITIES ( DTYPE, ID, PRESTATION, REFERENCE, DESCRIPTION, VERSION, STARTDATE, ENDDATE,
TOTALESTIMATEDHOURS, TOTALWORKEDHOURS, STATUS, MISSION_ID, FK_EMPLOYEE, FK_PROFILE,
FK_TASK,PUBLISHED ) VALUES ( 
'Intervention', 506, '4000', 'T_3', 'Planning-budget', 0,  TO_Date( '05/18/2009 12:00:00 AM', 'MM/DD/YYYY HH:MI:SS AM')
,  TO_Date( '05/18/2009 12:00:00 AM', 'MM/DD/YYYY HH:MI:SS AM'), 10, 12, 'PENDING'
, 165, 132, 2, 14,0); 
INSERT INTO ACTIVITIES ( DTYPE, ID, PRESTATION, REFERENCE, DESCRIPTION, VERSION, STARTDATE, ENDDATE,
TOTALESTIMATEDHOURS, TOTALWORKEDHOURS, STATUS, MISSION_ID, FK_EMPLOYEE, FK_PROFILE,
FK_TASK,PUBLISHED ) VALUES ( 
'Intervention', 507, '4000', 'T_4', 'Planning-budget', 0,  TO_Date( '05/18/2009 12:00:00 AM', 'MM/DD/YYYY HH:MI:SS AM')
,  TO_Date( '05/18/2009 12:00:00 AM', 'MM/DD/YYYY HH:MI:SS AM'), 10, 12, 'PENDING'
, 165, 130, 4, 14,0); 
INSERT INTO ACTIVITIES ( DTYPE, ID, PRESTATION, REFERENCE, DESCRIPTION, VERSION, STARTDATE, ENDDATE,
TOTALESTIMATEDHOURS, TOTALWORKEDHOURS, STATUS, MISSION_ID, FK_EMPLOYEE, FK_PROFILE,
FK_TASK,PUBLISHED ) VALUES ( 
'Intervention', 508, '4000', 'T_1', 'Planning-budget', 0,  TO_Date( '05/18/2009 12:00:00 AM', 'MM/DD/YYYY HH:MI:SS AM')
,  TO_Date( '05/18/2009 12:00:00 AM', 'MM/DD/YYYY HH:MI:SS AM'), 10, 12, 'PENDING'
, 166, 131, 3, 14,0); 
INSERT INTO ACTIVITIES ( DTYPE, ID, PRESTATION, REFERENCE, DESCRIPTION, VERSION, STARTDATE, ENDDATE,
TOTALESTIMATEDHOURS, TOTALWORKEDHOURS, STATUS, MISSION_ID, FK_EMPLOYEE, FK_PROFILE,
FK_TASK,PUBLISHED ) VALUES ( 
'Intervention', 509, '4000', 'T_2', 'Planning-budget', 0,  TO_Date( '05/18/2009 12:00:00 AM', 'MM/DD/YYYY HH:MI:SS AM')
,  TO_Date( '05/18/2009 12:00:00 AM', 'MM/DD/YYYY HH:MI:SS AM'), 10, 12, 'PENDING'
, 166, 133, 1, 14,0); 
INSERT INTO ACTIVITIES ( DTYPE, ID, PRESTATION, REFERENCE, DESCRIPTION, VERSION, STARTDATE, ENDDATE,
TOTALESTIMATEDHOURS, TOTALWORKEDHOURS, STATUS, MISSION_ID, FK_EMPLOYEE, FK_PROFILE,
FK_TASK,PUBLISHED ) VALUES ( 
'Intervention', 510, '4000', 'T_3', 'Planning-budget', 0,  TO_Date( '05/18/2009 12:00:00 AM', 'MM/DD/YYYY HH:MI:SS AM')
,  TO_Date( '05/18/2009 12:00:00 AM', 'MM/DD/YYYY HH:MI:SS AM'), 10, 12, 'PENDING'
, 166, 132, 2, 14,0); 
INSERT INTO ACTIVITIES ( DTYPE, ID, PRESTATION, REFERENCE, DESCRIPTION, VERSION, STARTDATE, ENDDATE,
TOTALESTIMATEDHOURS, TOTALWORKEDHOURS, STATUS, MISSION_ID, FK_EMPLOYEE, FK_PROFILE,
FK_TASK,PUBLISHED ) VALUES ( 
'Intervention', 511, '4000', 'T_4', 'Planning-budget', 0,  TO_Date( '05/18/2009 12:00:00 AM', 'MM/DD/YYYY HH:MI:SS AM')
,  TO_Date( '05/18/2009 12:00:00 AM', 'MM/DD/YYYY HH:MI:SS AM'), 10, 12, 'PENDING'
, 166, 130, 4, 14,0); 
INSERT INTO ACTIVITIES ( DTYPE, ID, PRESTATION, REFERENCE, DESCRIPTION, VERSION, STARTDATE, ENDDATE,
TOTALESTIMATEDHOURS, TOTALWORKEDHOURS, STATUS, MISSION_ID, FK_EMPLOYEE, FK_PROFILE,
FK_TASK,PUBLISHED ) VALUES ( 
'Intervention', 512, '4000', 'T_1', 'Planning-budget', 0,  TO_Date( '05/18/2009 12:00:00 AM', 'MM/DD/YYYY HH:MI:SS AM')
,  TO_Date( '05/18/2009 12:00:00 AM', 'MM/DD/YYYY HH:MI:SS AM'), 10, 12, 'PENDING'
, 167, 131, 3, 14,0); 
INSERT INTO ACTIVITIES ( DTYPE, ID, PRESTATION, REFERENCE, DESCRIPTION, VERSION, STARTDATE, ENDDATE,
TOTALESTIMATEDHOURS, TOTALWORKEDHOURS, STATUS, MISSION_ID, FK_EMPLOYEE, FK_PROFILE,
FK_TASK,PUBLISHED ) VALUES ( 
'Intervention', 513, '4000', 'T_2', 'Planning-budget', 0,  TO_Date( '05/18/2009 12:00:00 AM', 'MM/DD/YYYY HH:MI:SS AM')
,  TO_Date( '05/18/2009 12:00:00 AM', 'MM/DD/YYYY HH:MI:SS AM'), 10, 12, 'PENDING'
, 167, 133, 1, 14,0); 
INSERT INTO ACTIVITIES ( DTYPE, ID, PRESTATION, REFERENCE, DESCRIPTION, VERSION, STARTDATE, ENDDATE,
TOTALESTIMATEDHOURS, TOTALWORKEDHOURS, STATUS, MISSION_ID, FK_EMPLOYEE, FK_PROFILE,
FK_TASK,PUBLISHED ) VALUES ( 
'Intervention', 514, '4000', 'T_3', 'Planning-budget', 0,  TO_Date( '05/18/2009 12:00:00 AM', 'MM/DD/YYYY HH:MI:SS AM')
,  TO_Date( '05/18/2009 12:00:00 AM', 'MM/DD/YYYY HH:MI:SS AM'), 10, 12, 'PENDING'
, 167, 132, 2, 14,0); 
INSERT INTO ACTIVITIES ( DTYPE, ID, PRESTATION, REFERENCE, DESCRIPTION, VERSION, STARTDATE, ENDDATE,
TOTALESTIMATEDHOURS, TOTALWORKEDHOURS, STATUS, MISSION_ID, FK_EMPLOYEE, FK_PROFILE,
FK_TASK,PUBLISHED ) VALUES ( 
'Intervention', 515, '4000', 'T_4', 'Planning-budget', 0,  TO_Date( '05/18/2009 12:00:00 AM', 'MM/DD/YYYY HH:MI:SS AM')
,  TO_Date( '05/18/2009 12:00:00 AM', 'MM/DD/YYYY HH:MI:SS AM'), 10, 12, 'PENDING'
, 167, 130, 4, 14,0); 
commit;
 

 
