INSERT INTO ACCESS_RIGHTS ( ID, ACTIVE, FK_RIGHT, FK_EMPLOYEE ) VALUES ( 
774, 1, 43, 1); 
INSERT INTO ACCESS_RIGHTS ( ID, ACTIVE, FK_RIGHT, FK_EMPLOYEE ) VALUES ( 
775, 1, 44, 1); 
INSERT INTO ACCESS_RIGHTS ( ID, ACTIVE, FK_RIGHT, FK_EMPLOYEE ) VALUES ( 
776, 1, 45, 1); 
INSERT INTO ACCESS_RIGHTS ( ID, ACTIVE, FK_RIGHT, FK_EMPLOYEE ) VALUES ( 
777, 1, 43, 2); 
INSERT INTO ACCESS_RIGHTS ( ID, ACTIVE, FK_RIGHT, FK_EMPLOYEE ) VALUES ( 
778, 1, 44, 2); 
INSERT INTO ACCESS_RIGHTS ( ID, ACTIVE, FK_RIGHT, FK_EMPLOYEE ) VALUES ( 
779, 1, 45, 2); 
INSERT INTO ACCESS_RIGHTS ( ID, ACTIVE, FK_RIGHT, FK_EMPLOYEE ) VALUES ( 
780, 1, 43, 3); 
INSERT INTO ACCESS_RIGHTS ( ID, ACTIVE, FK_RIGHT, FK_EMPLOYEE ) VALUES ( 
781, 1, 44, 3); 
INSERT INTO ACCESS_RIGHTS ( ID, ACTIVE, FK_RIGHT, FK_EMPLOYEE ) VALUES ( 
782, 1, 45, 3); 
INSERT INTO ACCESS_RIGHTS ( ID, ACTIVE, FK_RIGHT, FK_EMPLOYEE ) VALUES ( 
783, 1, 43, 4); 
INSERT INTO ACCESS_RIGHTS ( ID, ACTIVE, FK_RIGHT, FK_EMPLOYEE ) VALUES ( 
784, 1, 44, 4); 
INSERT INTO ACCESS_RIGHTS ( ID, ACTIVE, FK_RIGHT, FK_EMPLOYEE ) VALUES ( 
785, 1, 45, 4); 
INSERT INTO ACCESS_RIGHTS ( ID, ACTIVE, FK_RIGHT, FK_EMPLOYEE ) VALUES ( 
786, 1, 43, 5); 
INSERT INTO ACCESS_RIGHTS ( ID, ACTIVE, FK_RIGHT, FK_EMPLOYEE ) VALUES ( 
787, 1, 44, 5); 
INSERT INTO ACCESS_RIGHTS ( ID, ACTIVE, FK_RIGHT, FK_EMPLOYEE ) VALUES ( 
788, 1, 45, 5); 
INSERT INTO ACCESS_RIGHTS ( ID, ACTIVE, FK_RIGHT, FK_EMPLOYEE ) VALUES ( 
789, 1, 43, 6); 
INSERT INTO ACCESS_RIGHTS ( ID, ACTIVE, FK_RIGHT, FK_EMPLOYEE ) VALUES ( 
790, 1, 44, 6); 
INSERT INTO ACCESS_RIGHTS ( ID, ACTIVE, FK_RIGHT, FK_EMPLOYEE ) VALUES ( 
791, 1, 45, 6); 
INSERT INTO ACCESS_RIGHTS ( ID, ACTIVE, FK_RIGHT, FK_EMPLOYEE ) VALUES ( 
792, 1, 43, 7); 
INSERT INTO ACCESS_RIGHTS ( ID, ACTIVE, FK_RIGHT, FK_EMPLOYEE ) VALUES ( 
793, 1, 44, 7); 
INSERT INTO ACCESS_RIGHTS ( ID, ACTIVE, FK_RIGHT, FK_EMPLOYEE ) VALUES ( 
794, 1, 45, 7); 
INSERT INTO ACCESS_RIGHTS ( ID, ACTIVE, FK_RIGHT, FK_EMPLOYEE ) VALUES ( 
795, 1, 43, 181); 
INSERT INTO ACCESS_RIGHTS ( ID, ACTIVE, FK_RIGHT, FK_EMPLOYEE ) VALUES ( 
796, 1, 44, 181); 
INSERT INTO ACCESS_RIGHTS ( ID, ACTIVE, FK_RIGHT, FK_EMPLOYEE ) VALUES ( 
797, 1, 45, 181); 
INSERT INTO ACCESS_RIGHTS ( ID, ACTIVE, FK_RIGHT, FK_EMPLOYEE ) VALUES ( 
798, 1, 43, 241); 
INSERT INTO ACCESS_RIGHTS ( ID, ACTIVE, FK_RIGHT, FK_EMPLOYEE ) VALUES ( 
799, 1, 44, 241); 
INSERT INTO ACCESS_RIGHTS ( ID, ACTIVE, FK_RIGHT, FK_EMPLOYEE ) VALUES ( 
800, 1, 45, 241); 
INSERT INTO ACCESS_RIGHTS ( ID, ACTIVE, FK_RIGHT, FK_EMPLOYEE ) VALUES ( 
801, 1, 43, 541); 
INSERT INTO ACCESS_RIGHTS ( ID, ACTIVE, FK_RIGHT, FK_EMPLOYEE ) VALUES ( 
802, 1, 44, 541); 
INSERT INTO ACCESS_RIGHTS ( ID, ACTIVE, FK_RIGHT, FK_EMPLOYEE ) VALUES ( 
803, 1, 45, 541); 
INSERT INTO ACCESS_RIGHTS ( ID, ACTIVE, FK_RIGHT, FK_EMPLOYEE ) VALUES ( 
804, 1, 43, 542); 
INSERT INTO ACCESS_RIGHTS ( ID, ACTIVE, FK_RIGHT, FK_EMPLOYEE ) VALUES ( 
805, 1, 44, 542); 
INSERT INTO ACCESS_RIGHTS ( ID, ACTIVE, FK_RIGHT, FK_EMPLOYEE ) VALUES ( 
806, 1, 45, 542); 
INSERT INTO ACCESS_RIGHTS ( ID, ACTIVE, FK_RIGHT, FK_EMPLOYEE ) VALUES ( 
807, 1, 43, 543); 
INSERT INTO ACCESS_RIGHTS ( ID, ACTIVE, FK_RIGHT, FK_EMPLOYEE ) VALUES ( 
808, 1, 44, 543); 
INSERT INTO ACCESS_RIGHTS ( ID, ACTIVE, FK_RIGHT, FK_EMPLOYEE ) VALUES ( 
809, 1, 45, 543); 
INSERT INTO ACCESS_RIGHTS ( ID, ACTIVE, FK_RIGHT, FK_EMPLOYEE ) VALUES ( 
810, 1, 43, 544); 
INSERT INTO ACCESS_RIGHTS ( ID, ACTIVE, FK_RIGHT, FK_EMPLOYEE ) VALUES ( 
811, 1, 44, 544); 
INSERT INTO ACCESS_RIGHTS ( ID, ACTIVE, FK_RIGHT, FK_EMPLOYEE ) VALUES ( 
812, 1, 45, 544); 
INSERT INTO ACCESS_RIGHTS ( ID, ACTIVE, FK_RIGHT, FK_EMPLOYEE ) VALUES ( 
813, 1, 43, 545); 
INSERT INTO ACCESS_RIGHTS ( ID, ACTIVE, FK_RIGHT, FK_EMPLOYEE ) VALUES ( 
814, 1, 44, 545); 
INSERT INTO ACCESS_RIGHTS ( ID, ACTIVE, FK_RIGHT, FK_EMPLOYEE ) VALUES ( 
815, 1, 45, 545); 
INSERT INTO ACCESS_RIGHTS ( ID, ACTIVE, FK_RIGHT, FK_EMPLOYEE ) VALUES ( 
816, 1, 43, 546); 
INSERT INTO ACCESS_RIGHTS ( ID, ACTIVE, FK_RIGHT, FK_EMPLOYEE ) VALUES ( 
817, 1, 44, 546); 
INSERT INTO ACCESS_RIGHTS ( ID, ACTIVE, FK_RIGHT, FK_EMPLOYEE ) VALUES ( 
818, 1, 45, 546); 
INSERT INTO ACCESS_RIGHTS ( ID, ACTIVE, FK_RIGHT, FK_EMPLOYEE ) VALUES ( 
819, 1, 43, 547); 
INSERT INTO ACCESS_RIGHTS ( ID, ACTIVE, FK_RIGHT, FK_EMPLOYEE ) VALUES ( 
820, 1, 44, 547); 
INSERT INTO ACCESS_RIGHTS ( ID, ACTIVE, FK_RIGHT, FK_EMPLOYEE ) VALUES ( 
821, 1, 45, 547); 
INSERT INTO ACCESS_RIGHTS ( ID, ACTIVE, FK_RIGHT, FK_EMPLOYEE ) VALUES ( 
822, 1, 43, 548); 
INSERT INTO ACCESS_RIGHTS ( ID, ACTIVE, FK_RIGHT, FK_EMPLOYEE ) VALUES ( 
823, 1, 44, 548); 
INSERT INTO ACCESS_RIGHTS ( ID, ACTIVE, FK_RIGHT, FK_EMPLOYEE ) VALUES ( 
824, 1, 45, 548); 
INSERT INTO ACCESS_RIGHTS ( ID, ACTIVE, FK_RIGHT, FK_EMPLOYEE ) VALUES ( 
825, 1, 43, 549); 
INSERT INTO ACCESS_RIGHTS ( ID, ACTIVE, FK_RIGHT, FK_EMPLOYEE ) VALUES ( 
826, 1, 44, 549); 
INSERT INTO ACCESS_RIGHTS ( ID, ACTIVE, FK_RIGHT, FK_EMPLOYEE ) VALUES ( 
827, 1, 45, 549); 
INSERT INTO ACCESS_RIGHTS ( ID, ACTIVE, FK_RIGHT, FK_EMPLOYEE ) VALUES ( 
1, 1, 1, 1); 
INSERT INTO ACCESS_RIGHTS ( ID, ACTIVE, FK_RIGHT, FK_EMPLOYEE ) VALUES ( 
2, 1, 2, 1); 
INSERT INTO ACCESS_RIGHTS ( ID, ACTIVE, FK_RIGHT, FK_EMPLOYEE ) VALUES ( 
3, 1, 3, 1); 
INSERT INTO ACCESS_RIGHTS ( ID, ACTIVE, FK_RIGHT, FK_EMPLOYEE ) VALUES ( 
4, 1, 4, 1); 
INSERT INTO ACCESS_RIGHTS ( ID, ACTIVE, FK_RIGHT, FK_EMPLOYEE ) VALUES ( 
5, 1, 5, 1); 
INSERT INTO ACCESS_RIGHTS ( ID, ACTIVE, FK_RIGHT, FK_EMPLOYEE ) VALUES ( 
6, 1, 6, 1); 
INSERT INTO ACCESS_RIGHTS ( ID, ACTIVE, FK_RIGHT, FK_EMPLOYEE ) VALUES ( 
7, 1, 7, 1); 
INSERT INTO ACCESS_RIGHTS ( ID, ACTIVE, FK_RIGHT, FK_EMPLOYEE ) VALUES ( 
8, 1, 8, 1); 
INSERT INTO ACCESS_RIGHTS ( ID, ACTIVE, FK_RIGHT, FK_EMPLOYEE ) VALUES ( 
9, 1, 9, 1); 
INSERT INTO ACCESS_RIGHTS ( ID, ACTIVE, FK_RIGHT, FK_EMPLOYEE ) VALUES ( 
10, 1, 10, 1); 
INSERT INTO ACCESS_RIGHTS ( ID, ACTIVE, FK_RIGHT, FK_EMPLOYEE ) VALUES ( 
11, 1, 11, 1); 
INSERT INTO ACCESS_RIGHTS ( ID, ACTIVE, FK_RIGHT, FK_EMPLOYEE ) VALUES ( 
12, 1, 12, 1); 
INSERT INTO ACCESS_RIGHTS ( ID, ACTIVE, FK_RIGHT, FK_EMPLOYEE ) VALUES ( 
13, 1, 13, 1); 
INSERT INTO ACCESS_RIGHTS ( ID, ACTIVE, FK_RIGHT, FK_EMPLOYEE ) VALUES ( 
14, 1, 14, 1); 
INSERT INTO ACCESS_RIGHTS ( ID, ACTIVE, FK_RIGHT, FK_EMPLOYEE ) VALUES ( 
15, 1, 15, 1); 
INSERT INTO ACCESS_RIGHTS ( ID, ACTIVE, FK_RIGHT, FK_EMPLOYEE ) VALUES ( 
16, 1, 16, 1); 
INSERT INTO ACCESS_RIGHTS ( ID, ACTIVE, FK_RIGHT, FK_EMPLOYEE ) VALUES ( 
17, 1, 17, 1); 
INSERT INTO ACCESS_RIGHTS ( ID, ACTIVE, FK_RIGHT, FK_EMPLOYEE ) VALUES ( 
18, 1, 18, 1); 
INSERT INTO ACCESS_RIGHTS ( ID, ACTIVE, FK_RIGHT, FK_EMPLOYEE ) VALUES ( 
19, 1, 19, 1); 
INSERT INTO ACCESS_RIGHTS ( ID, ACTIVE, FK_RIGHT, FK_EMPLOYEE ) VALUES ( 
20, 1, 20, 1); 
INSERT INTO ACCESS_RIGHTS ( ID, ACTIVE, FK_RIGHT, FK_EMPLOYEE ) VALUES ( 
21, 1, 21, 1); 
INSERT INTO ACCESS_RIGHTS ( ID, ACTIVE, FK_RIGHT, FK_EMPLOYEE ) VALUES ( 
22, 1, 22, 1); 
INSERT INTO ACCESS_RIGHTS ( ID, ACTIVE, FK_RIGHT, FK_EMPLOYEE ) VALUES ( 
23, 1, 23, 1); 
INSERT INTO ACCESS_RIGHTS ( ID, ACTIVE, FK_RIGHT, FK_EMPLOYEE ) VALUES ( 
24, 1, 24, 1); 
INSERT INTO ACCESS_RIGHTS ( ID, ACTIVE, FK_RIGHT, FK_EMPLOYEE ) VALUES ( 
25, 1, 25, 1); 
INSERT INTO ACCESS_RIGHTS ( ID, ACTIVE, FK_RIGHT, FK_EMPLOYEE ) VALUES ( 
26, 1, 26, 1); 
INSERT INTO ACCESS_RIGHTS ( ID, ACTIVE, FK_RIGHT, FK_EMPLOYEE ) VALUES ( 
27, 1, 27, 1); 
INSERT INTO ACCESS_RIGHTS ( ID, ACTIVE, FK_RIGHT, FK_EMPLOYEE ) VALUES ( 
28, 1, 28, 1); 
INSERT INTO ACCESS_RIGHTS ( ID, ACTIVE, FK_RIGHT, FK_EMPLOYEE ) VALUES ( 
29, 1, 29, 1); 
INSERT INTO ACCESS_RIGHTS ( ID, ACTIVE, FK_RIGHT, FK_EMPLOYEE ) VALUES ( 
30, 1, 30, 1); 
INSERT INTO ACCESS_RIGHTS ( ID, ACTIVE, FK_RIGHT, FK_EMPLOYEE ) VALUES ( 
31, 1, 31, 1); 
INSERT INTO ACCESS_RIGHTS ( ID, ACTIVE, FK_RIGHT, FK_EMPLOYEE ) VALUES ( 
32, 1, 32, 1); 
INSERT INTO ACCESS_RIGHTS ( ID, ACTIVE, FK_RIGHT, FK_EMPLOYEE ) VALUES ( 
33, 1, 33, 1); 
INSERT INTO ACCESS_RIGHTS ( ID, ACTIVE, FK_RIGHT, FK_EMPLOYEE ) VALUES ( 
34, 1, 34, 1); 
INSERT INTO ACCESS_RIGHTS ( ID, ACTIVE, FK_RIGHT, FK_EMPLOYEE ) VALUES ( 
35, 1, 35, 1); 
INSERT INTO ACCESS_RIGHTS ( ID, ACTIVE, FK_RIGHT, FK_EMPLOYEE ) VALUES ( 
36, 1, 36, 1); 
INSERT INTO ACCESS_RIGHTS ( ID, ACTIVE, FK_RIGHT, FK_EMPLOYEE ) VALUES ( 
37, 1, 37, 1); 
INSERT INTO ACCESS_RIGHTS ( ID, ACTIVE, FK_RIGHT, FK_EMPLOYEE ) VALUES ( 
38, 1, 38, 1); 
INSERT INTO ACCESS_RIGHTS ( ID, ACTIVE, FK_RIGHT, FK_EMPLOYEE ) VALUES ( 
39, 1, 39, 1); 
INSERT INTO ACCESS_RIGHTS ( ID, ACTIVE, FK_RIGHT, FK_EMPLOYEE ) VALUES ( 
40, 1, 40, 1); 
INSERT INTO ACCESS_RIGHTS ( ID, ACTIVE, FK_RIGHT, FK_EMPLOYEE ) VALUES ( 
41, 0, 41, 1); 
INSERT INTO ACCESS_RIGHTS ( ID, ACTIVE, FK_RIGHT, FK_EMPLOYEE ) VALUES ( 
42, 0, 42, 1); 
INSERT INTO ACCESS_RIGHTS ( ID, ACTIVE, FK_RIGHT, FK_EMPLOYEE ) VALUES ( 
44, 1, 1, 2); 
INSERT INTO ACCESS_RIGHTS ( ID, ACTIVE, FK_RIGHT, FK_EMPLOYEE ) VALUES ( 
45, 1, 2, 2); 
INSERT INTO ACCESS_RIGHTS ( ID, ACTIVE, FK_RIGHT, FK_EMPLOYEE ) VALUES ( 
46, 1, 3, 2); 
INSERT INTO ACCESS_RIGHTS ( ID, ACTIVE, FK_RIGHT, FK_EMPLOYEE ) VALUES ( 
47, 1, 4, 2); 
INSERT INTO ACCESS_RIGHTS ( ID, ACTIVE, FK_RIGHT, FK_EMPLOYEE ) VALUES ( 
48, 1, 5, 2); 
INSERT INTO ACCESS_RIGHTS ( ID, ACTIVE, FK_RIGHT, FK_EMPLOYEE ) VALUES ( 
49, 1, 6, 2); 
INSERT INTO ACCESS_RIGHTS ( ID, ACTIVE, FK_RIGHT, FK_EMPLOYEE ) VALUES ( 
50, 1, 7, 2); 
INSERT INTO ACCESS_RIGHTS ( ID, ACTIVE, FK_RIGHT, FK_EMPLOYEE ) VALUES ( 
51, 1, 8, 2); 
INSERT INTO ACCESS_RIGHTS ( ID, ACTIVE, FK_RIGHT, FK_EMPLOYEE ) VALUES ( 
52, 1, 9, 2); 
INSERT INTO ACCESS_RIGHTS ( ID, ACTIVE, FK_RIGHT, FK_EMPLOYEE ) VALUES ( 
53, 1, 10, 2); 
INSERT INTO ACCESS_RIGHTS ( ID, ACTIVE, FK_RIGHT, FK_EMPLOYEE ) VALUES ( 
54, 1, 11, 2); 
INSERT INTO ACCESS_RIGHTS ( ID, ACTIVE, FK_RIGHT, FK_EMPLOYEE ) VALUES ( 
55, 1, 12, 2); 
INSERT INTO ACCESS_RIGHTS ( ID, ACTIVE, FK_RIGHT, FK_EMPLOYEE ) VALUES ( 
56, 1, 13, 2); 
INSERT INTO ACCESS_RIGHTS ( ID, ACTIVE, FK_RIGHT, FK_EMPLOYEE ) VALUES ( 
57, 1, 14, 2); 
INSERT INTO ACCESS_RIGHTS ( ID, ACTIVE, FK_RIGHT, FK_EMPLOYEE ) VALUES ( 
58, 1, 15, 2); 
INSERT INTO ACCESS_RIGHTS ( ID, ACTIVE, FK_RIGHT, FK_EMPLOYEE ) VALUES ( 
59, 1, 16, 2); 
INSERT INTO ACCESS_RIGHTS ( ID, ACTIVE, FK_RIGHT, FK_EMPLOYEE ) VALUES ( 
60, 1, 17, 2); 
INSERT INTO ACCESS_RIGHTS ( ID, ACTIVE, FK_RIGHT, FK_EMPLOYEE ) VALUES ( 
61, 1, 18, 2); 
INSERT INTO ACCESS_RIGHTS ( ID, ACTIVE, FK_RIGHT, FK_EMPLOYEE ) VALUES ( 
62, 1, 19, 2); 
INSERT INTO ACCESS_RIGHTS ( ID, ACTIVE, FK_RIGHT, FK_EMPLOYEE ) VALUES ( 
63, 1, 20, 2); 
INSERT INTO ACCESS_RIGHTS ( ID, ACTIVE, FK_RIGHT, FK_EMPLOYEE ) VALUES ( 
64, 1, 21, 2); 
INSERT INTO ACCESS_RIGHTS ( ID, ACTIVE, FK_RIGHT, FK_EMPLOYEE ) VALUES ( 
65, 1, 22, 2); 
INSERT INTO ACCESS_RIGHTS ( ID, ACTIVE, FK_RIGHT, FK_EMPLOYEE ) VALUES ( 
66, 1, 23, 2); 
INSERT INTO ACCESS_RIGHTS ( ID, ACTIVE, FK_RIGHT, FK_EMPLOYEE ) VALUES ( 
67, 1, 24, 2); 
INSERT INTO ACCESS_RIGHTS ( ID, ACTIVE, FK_RIGHT, FK_EMPLOYEE ) VALUES ( 
68, 1, 25, 2); 
INSERT INTO ACCESS_RIGHTS ( ID, ACTIVE, FK_RIGHT, FK_EMPLOYEE ) VALUES ( 
69, 1, 26, 2); 
INSERT INTO ACCESS_RIGHTS ( ID, ACTIVE, FK_RIGHT, FK_EMPLOYEE ) VALUES ( 
70, 1, 27, 2); 
INSERT INTO ACCESS_RIGHTS ( ID, ACTIVE, FK_RIGHT, FK_EMPLOYEE ) VALUES ( 
71, 1, 28, 2); 
INSERT INTO ACCESS_RIGHTS ( ID, ACTIVE, FK_RIGHT, FK_EMPLOYEE ) VALUES ( 
72, 1, 29, 2); 
INSERT INTO ACCESS_RIGHTS ( ID, ACTIVE, FK_RIGHT, FK_EMPLOYEE ) VALUES ( 
73, 1, 30, 2); 
INSERT INTO ACCESS_RIGHTS ( ID, ACTIVE, FK_RIGHT, FK_EMPLOYEE ) VALUES ( 
74, 1, 31, 2); 
INSERT INTO ACCESS_RIGHTS ( ID, ACTIVE, FK_RIGHT, FK_EMPLOYEE ) VALUES ( 
75, 1, 32, 2); 
INSERT INTO ACCESS_RIGHTS ( ID, ACTIVE, FK_RIGHT, FK_EMPLOYEE ) VALUES ( 
76, 1, 33, 2); 
INSERT INTO ACCESS_RIGHTS ( ID, ACTIVE, FK_RIGHT, FK_EMPLOYEE ) VALUES ( 
77, 1, 34, 2); 
INSERT INTO ACCESS_RIGHTS ( ID, ACTIVE, FK_RIGHT, FK_EMPLOYEE ) VALUES ( 
78, 1, 35, 2); 
INSERT INTO ACCESS_RIGHTS ( ID, ACTIVE, FK_RIGHT, FK_EMPLOYEE ) VALUES ( 
79, 1, 36, 2); 
INSERT INTO ACCESS_RIGHTS ( ID, ACTIVE, FK_RIGHT, FK_EMPLOYEE ) VALUES ( 
80, 1, 37, 2); 
INSERT INTO ACCESS_RIGHTS ( ID, ACTIVE, FK_RIGHT, FK_EMPLOYEE ) VALUES ( 
81, 1, 38, 2); 
INSERT INTO ACCESS_RIGHTS ( ID, ACTIVE, FK_RIGHT, FK_EMPLOYEE ) VALUES ( 
82, 1, 39, 2); 
INSERT INTO ACCESS_RIGHTS ( ID, ACTIVE, FK_RIGHT, FK_EMPLOYEE ) VALUES ( 
83, 1, 40, 2); 
INSERT INTO ACCESS_RIGHTS ( ID, ACTIVE, FK_RIGHT, FK_EMPLOYEE ) VALUES ( 
84, 0, 41, 2); 
INSERT INTO ACCESS_RIGHTS ( ID, ACTIVE, FK_RIGHT, FK_EMPLOYEE ) VALUES ( 
85, 0, 42, 2); 
INSERT INTO ACCESS_RIGHTS ( ID, ACTIVE, FK_RIGHT, FK_EMPLOYEE ) VALUES ( 
87, 1, 1, 3); 
INSERT INTO ACCESS_RIGHTS ( ID, ACTIVE, FK_RIGHT, FK_EMPLOYEE ) VALUES ( 
88, 1, 2, 3); 
INSERT INTO ACCESS_RIGHTS ( ID, ACTIVE, FK_RIGHT, FK_EMPLOYEE ) VALUES ( 
89, 1, 3, 3); 
INSERT INTO ACCESS_RIGHTS ( ID, ACTIVE, FK_RIGHT, FK_EMPLOYEE ) VALUES ( 
90, 1, 4, 3); 
INSERT INTO ACCESS_RIGHTS ( ID, ACTIVE, FK_RIGHT, FK_EMPLOYEE ) VALUES ( 
91, 1, 5, 3); 
INSERT INTO ACCESS_RIGHTS ( ID, ACTIVE, FK_RIGHT, FK_EMPLOYEE ) VALUES ( 
92, 1, 6, 3); 
INSERT INTO ACCESS_RIGHTS ( ID, ACTIVE, FK_RIGHT, FK_EMPLOYEE ) VALUES ( 
93, 1, 7, 3); 
INSERT INTO ACCESS_RIGHTS ( ID, ACTIVE, FK_RIGHT, FK_EMPLOYEE ) VALUES ( 
94, 1, 8, 3); 
INSERT INTO ACCESS_RIGHTS ( ID, ACTIVE, FK_RIGHT, FK_EMPLOYEE ) VALUES ( 
95, 1, 9, 3); 
INSERT INTO ACCESS_RIGHTS ( ID, ACTIVE, FK_RIGHT, FK_EMPLOYEE ) VALUES ( 
96, 1, 10, 3); 
INSERT INTO ACCESS_RIGHTS ( ID, ACTIVE, FK_RIGHT, FK_EMPLOYEE ) VALUES ( 
97, 1, 11, 3); 
INSERT INTO ACCESS_RIGHTS ( ID, ACTIVE, FK_RIGHT, FK_EMPLOYEE ) VALUES ( 
98, 1, 12, 3); 
INSERT INTO ACCESS_RIGHTS ( ID, ACTIVE, FK_RIGHT, FK_EMPLOYEE ) VALUES ( 
99, 1, 13, 3); 
INSERT INTO ACCESS_RIGHTS ( ID, ACTIVE, FK_RIGHT, FK_EMPLOYEE ) VALUES ( 
100, 1, 14, 3); 
INSERT INTO ACCESS_RIGHTS ( ID, ACTIVE, FK_RIGHT, FK_EMPLOYEE ) VALUES ( 
101, 1, 15, 3); 
INSERT INTO ACCESS_RIGHTS ( ID, ACTIVE, FK_RIGHT, FK_EMPLOYEE ) VALUES ( 
102, 1, 16, 3); 
INSERT INTO ACCESS_RIGHTS ( ID, ACTIVE, FK_RIGHT, FK_EMPLOYEE ) VALUES ( 
103, 1, 17, 3); 
INSERT INTO ACCESS_RIGHTS ( ID, ACTIVE, FK_RIGHT, FK_EMPLOYEE ) VALUES ( 
104, 1, 18, 3); 
INSERT INTO ACCESS_RIGHTS ( ID, ACTIVE, FK_RIGHT, FK_EMPLOYEE ) VALUES ( 
105, 1, 19, 3); 
INSERT INTO ACCESS_RIGHTS ( ID, ACTIVE, FK_RIGHT, FK_EMPLOYEE ) VALUES ( 
106, 1, 20, 3); 
INSERT INTO ACCESS_RIGHTS ( ID, ACTIVE, FK_RIGHT, FK_EMPLOYEE ) VALUES ( 
107, 1, 21, 3); 
INSERT INTO ACCESS_RIGHTS ( ID, ACTIVE, FK_RIGHT, FK_EMPLOYEE ) VALUES ( 
108, 1, 22, 3); 
INSERT INTO ACCESS_RIGHTS ( ID, ACTIVE, FK_RIGHT, FK_EMPLOYEE ) VALUES ( 
109, 1, 23, 3); 
INSERT INTO ACCESS_RIGHTS ( ID, ACTIVE, FK_RIGHT, FK_EMPLOYEE ) VALUES ( 
110, 1, 24, 3); 
INSERT INTO ACCESS_RIGHTS ( ID, ACTIVE, FK_RIGHT, FK_EMPLOYEE ) VALUES ( 
111, 1, 25, 3); 
INSERT INTO ACCESS_RIGHTS ( ID, ACTIVE, FK_RIGHT, FK_EMPLOYEE ) VALUES ( 
112, 1, 26, 3); 
INSERT INTO ACCESS_RIGHTS ( ID, ACTIVE, FK_RIGHT, FK_EMPLOYEE ) VALUES ( 
113, 1, 27, 3); 
INSERT INTO ACCESS_RIGHTS ( ID, ACTIVE, FK_RIGHT, FK_EMPLOYEE ) VALUES ( 
114, 1, 28, 3); 
INSERT INTO ACCESS_RIGHTS ( ID, ACTIVE, FK_RIGHT, FK_EMPLOYEE ) VALUES ( 
115, 1, 29, 3); 
INSERT INTO ACCESS_RIGHTS ( ID, ACTIVE, FK_RIGHT, FK_EMPLOYEE ) VALUES ( 
116, 1, 30, 3); 
INSERT INTO ACCESS_RIGHTS ( ID, ACTIVE, FK_RIGHT, FK_EMPLOYEE ) VALUES ( 
117, 1, 31, 3); 
INSERT INTO ACCESS_RIGHTS ( ID, ACTIVE, FK_RIGHT, FK_EMPLOYEE ) VALUES ( 
118, 1, 32, 3); 
INSERT INTO ACCESS_RIGHTS ( ID, ACTIVE, FK_RIGHT, FK_EMPLOYEE ) VALUES ( 
119, 1, 33, 3); 
INSERT INTO ACCESS_RIGHTS ( ID, ACTIVE, FK_RIGHT, FK_EMPLOYEE ) VALUES ( 
120, 1, 34, 3); 
INSERT INTO ACCESS_RIGHTS ( ID, ACTIVE, FK_RIGHT, FK_EMPLOYEE ) VALUES ( 
121, 1, 35, 3); 
INSERT INTO ACCESS_RIGHTS ( ID, ACTIVE, FK_RIGHT, FK_EMPLOYEE ) VALUES ( 
122, 1, 36, 3); 
INSERT INTO ACCESS_RIGHTS ( ID, ACTIVE, FK_RIGHT, FK_EMPLOYEE ) VALUES ( 
123, 1, 37, 3); 
INSERT INTO ACCESS_RIGHTS ( ID, ACTIVE, FK_RIGHT, FK_EMPLOYEE ) VALUES ( 
124, 1, 38, 3); 
INSERT INTO ACCESS_RIGHTS ( ID, ACTIVE, FK_RIGHT, FK_EMPLOYEE ) VALUES ( 
125, 1, 39, 3); 
INSERT INTO ACCESS_RIGHTS ( ID, ACTIVE, FK_RIGHT, FK_EMPLOYEE ) VALUES ( 
126, 1, 40, 3); 
INSERT INTO ACCESS_RIGHTS ( ID, ACTIVE, FK_RIGHT, FK_EMPLOYEE ) VALUES ( 
127, 1, 41, 3); 
INSERT INTO ACCESS_RIGHTS ( ID, ACTIVE, FK_RIGHT, FK_EMPLOYEE ) VALUES ( 
128, 1, 42, 3); 
INSERT INTO ACCESS_RIGHTS ( ID, ACTIVE, FK_RIGHT, FK_EMPLOYEE ) VALUES ( 
130, 1, 1, 4); 
INSERT INTO ACCESS_RIGHTS ( ID, ACTIVE, FK_RIGHT, FK_EMPLOYEE ) VALUES ( 
131, 1, 2, 4); 
INSERT INTO ACCESS_RIGHTS ( ID, ACTIVE, FK_RIGHT, FK_EMPLOYEE ) VALUES ( 
132, 1, 3, 4); 
INSERT INTO ACCESS_RIGHTS ( ID, ACTIVE, FK_RIGHT, FK_EMPLOYEE ) VALUES ( 
133, 1, 4, 4); 
INSERT INTO ACCESS_RIGHTS ( ID, ACTIVE, FK_RIGHT, FK_EMPLOYEE ) VALUES ( 
134, 1, 5, 4); 
INSERT INTO ACCESS_RIGHTS ( ID, ACTIVE, FK_RIGHT, FK_EMPLOYEE ) VALUES ( 
135, 1, 6, 4); 
INSERT INTO ACCESS_RIGHTS ( ID, ACTIVE, FK_RIGHT, FK_EMPLOYEE ) VALUES ( 
136, 1, 7, 4); 
INSERT INTO ACCESS_RIGHTS ( ID, ACTIVE, FK_RIGHT, FK_EMPLOYEE ) VALUES ( 
137, 1, 8, 4); 
INSERT INTO ACCESS_RIGHTS ( ID, ACTIVE, FK_RIGHT, FK_EMPLOYEE ) VALUES ( 
138, 1, 9, 4); 
INSERT INTO ACCESS_RIGHTS ( ID, ACTIVE, FK_RIGHT, FK_EMPLOYEE ) VALUES ( 
139, 1, 10, 4); 
INSERT INTO ACCESS_RIGHTS ( ID, ACTIVE, FK_RIGHT, FK_EMPLOYEE ) VALUES ( 
140, 1, 11, 4); 
INSERT INTO ACCESS_RIGHTS ( ID, ACTIVE, FK_RIGHT, FK_EMPLOYEE ) VALUES ( 
141, 1, 12, 4); 
INSERT INTO ACCESS_RIGHTS ( ID, ACTIVE, FK_RIGHT, FK_EMPLOYEE ) VALUES ( 
142, 1, 13, 4); 
INSERT INTO ACCESS_RIGHTS ( ID, ACTIVE, FK_RIGHT, FK_EMPLOYEE ) VALUES ( 
143, 1, 14, 4); 
INSERT INTO ACCESS_RIGHTS ( ID, ACTIVE, FK_RIGHT, FK_EMPLOYEE ) VALUES ( 
144, 1, 15, 4); 
INSERT INTO ACCESS_RIGHTS ( ID, ACTIVE, FK_RIGHT, FK_EMPLOYEE ) VALUES ( 
145, 1, 16, 4); 
INSERT INTO ACCESS_RIGHTS ( ID, ACTIVE, FK_RIGHT, FK_EMPLOYEE ) VALUES ( 
146, 1, 17, 4); 
INSERT INTO ACCESS_RIGHTS ( ID, ACTIVE, FK_RIGHT, FK_EMPLOYEE ) VALUES ( 
147, 1, 18, 4); 
INSERT INTO ACCESS_RIGHTS ( ID, ACTIVE, FK_RIGHT, FK_EMPLOYEE ) VALUES ( 
148, 1, 19, 4); 
INSERT INTO ACCESS_RIGHTS ( ID, ACTIVE, FK_RIGHT, FK_EMPLOYEE ) VALUES ( 
149, 1, 20, 4); 
INSERT INTO ACCESS_RIGHTS ( ID, ACTIVE, FK_RIGHT, FK_EMPLOYEE ) VALUES ( 
150, 1, 21, 4); 
INSERT INTO ACCESS_RIGHTS ( ID, ACTIVE, FK_RIGHT, FK_EMPLOYEE ) VALUES ( 
151, 1, 22, 4); 
INSERT INTO ACCESS_RIGHTS ( ID, ACTIVE, FK_RIGHT, FK_EMPLOYEE ) VALUES ( 
152, 1, 23, 4); 
INSERT INTO ACCESS_RIGHTS ( ID, ACTIVE, FK_RIGHT, FK_EMPLOYEE ) VALUES ( 
153, 1, 24, 4); 
INSERT INTO ACCESS_RIGHTS ( ID, ACTIVE, FK_RIGHT, FK_EMPLOYEE ) VALUES ( 
154, 1, 25, 4); 
INSERT INTO ACCESS_RIGHTS ( ID, ACTIVE, FK_RIGHT, FK_EMPLOYEE ) VALUES ( 
155, 1, 26, 4); 
INSERT INTO ACCESS_RIGHTS ( ID, ACTIVE, FK_RIGHT, FK_EMPLOYEE ) VALUES ( 
156, 1, 27, 4); 
INSERT INTO ACCESS_RIGHTS ( ID, ACTIVE, FK_RIGHT, FK_EMPLOYEE ) VALUES ( 
157, 1, 28, 4); 
INSERT INTO ACCESS_RIGHTS ( ID, ACTIVE, FK_RIGHT, FK_EMPLOYEE ) VALUES ( 
158, 1, 29, 4); 
INSERT INTO ACCESS_RIGHTS ( ID, ACTIVE, FK_RIGHT, FK_EMPLOYEE ) VALUES ( 
159, 1, 30, 4); 
INSERT INTO ACCESS_RIGHTS ( ID, ACTIVE, FK_RIGHT, FK_EMPLOYEE ) VALUES ( 
160, 1, 31, 4); 
INSERT INTO ACCESS_RIGHTS ( ID, ACTIVE, FK_RIGHT, FK_EMPLOYEE ) VALUES ( 
161, 1, 32, 4); 
INSERT INTO ACCESS_RIGHTS ( ID, ACTIVE, FK_RIGHT, FK_EMPLOYEE ) VALUES ( 
162, 1, 33, 4); 
INSERT INTO ACCESS_RIGHTS ( ID, ACTIVE, FK_RIGHT, FK_EMPLOYEE ) VALUES ( 
163, 1, 34, 4); 
INSERT INTO ACCESS_RIGHTS ( ID, ACTIVE, FK_RIGHT, FK_EMPLOYEE ) VALUES ( 
164, 1, 35, 4); 
INSERT INTO ACCESS_RIGHTS ( ID, ACTIVE, FK_RIGHT, FK_EMPLOYEE ) VALUES ( 
165, 1, 36, 4); 
INSERT INTO ACCESS_RIGHTS ( ID, ACTIVE, FK_RIGHT, FK_EMPLOYEE ) VALUES ( 
166, 1, 37, 4); 
INSERT INTO ACCESS_RIGHTS ( ID, ACTIVE, FK_RIGHT, FK_EMPLOYEE ) VALUES ( 
167, 1, 38, 4); 
INSERT INTO ACCESS_RIGHTS ( ID, ACTIVE, FK_RIGHT, FK_EMPLOYEE ) VALUES ( 
168, 1, 39, 4); 
INSERT INTO ACCESS_RIGHTS ( ID, ACTIVE, FK_RIGHT, FK_EMPLOYEE ) VALUES ( 
169, 1, 40, 4); 
INSERT INTO ACCESS_RIGHTS ( ID, ACTIVE, FK_RIGHT, FK_EMPLOYEE ) VALUES ( 
170, 0, 41, 4); 
INSERT INTO ACCESS_RIGHTS ( ID, ACTIVE, FK_RIGHT, FK_EMPLOYEE ) VALUES ( 
171, 1, 42, 4); 
INSERT INTO ACCESS_RIGHTS ( ID, ACTIVE, FK_RIGHT, FK_EMPLOYEE ) VALUES ( 
173, 0, 1, 5); 
INSERT INTO ACCESS_RIGHTS ( ID, ACTIVE, FK_RIGHT, FK_EMPLOYEE ) VALUES ( 
174, 0, 2, 5); 
INSERT INTO ACCESS_RIGHTS ( ID, ACTIVE, FK_RIGHT, FK_EMPLOYEE ) VALUES ( 
175, 0, 3, 5); 
INSERT INTO ACCESS_RIGHTS ( ID, ACTIVE, FK_RIGHT, FK_EMPLOYEE ) VALUES ( 
176, 1, 4, 5); 
INSERT INTO ACCESS_RIGHTS ( ID, ACTIVE, FK_RIGHT, FK_EMPLOYEE ) VALUES ( 
177, 1, 5, 5); 
INSERT INTO ACCESS_RIGHTS ( ID, ACTIVE, FK_RIGHT, FK_EMPLOYEE ) VALUES ( 
178, 1, 6, 5); 
INSERT INTO ACCESS_RIGHTS ( ID, ACTIVE, FK_RIGHT, FK_EMPLOYEE ) VALUES ( 
179, 1, 7, 5); 
INSERT INTO ACCESS_RIGHTS ( ID, ACTIVE, FK_RIGHT, FK_EMPLOYEE ) VALUES ( 
180, 1, 8, 5); 
INSERT INTO ACCESS_RIGHTS ( ID, ACTIVE, FK_RIGHT, FK_EMPLOYEE ) VALUES ( 
181, 1, 9, 5); 
INSERT INTO ACCESS_RIGHTS ( ID, ACTIVE, FK_RIGHT, FK_EMPLOYEE ) VALUES ( 
182, 1, 10, 5); 
INSERT INTO ACCESS_RIGHTS ( ID, ACTIVE, FK_RIGHT, FK_EMPLOYEE ) VALUES ( 
183, 1, 11, 5); 
INSERT INTO ACCESS_RIGHTS ( ID, ACTIVE, FK_RIGHT, FK_EMPLOYEE ) VALUES ( 
184, 1, 12, 5); 
INSERT INTO ACCESS_RIGHTS ( ID, ACTIVE, FK_RIGHT, FK_EMPLOYEE ) VALUES ( 
185, 1, 13, 5); 
INSERT INTO ACCESS_RIGHTS ( ID, ACTIVE, FK_RIGHT, FK_EMPLOYEE ) VALUES ( 
186, 1, 14, 5); 
INSERT INTO ACCESS_RIGHTS ( ID, ACTIVE, FK_RIGHT, FK_EMPLOYEE ) VALUES ( 
187, 1, 15, 5); 
INSERT INTO ACCESS_RIGHTS ( ID, ACTIVE, FK_RIGHT, FK_EMPLOYEE ) VALUES ( 
188, 1, 16, 5); 
INSERT INTO ACCESS_RIGHTS ( ID, ACTIVE, FK_RIGHT, FK_EMPLOYEE ) VALUES ( 
189, 1, 17, 5); 
INSERT INTO ACCESS_RIGHTS ( ID, ACTIVE, FK_RIGHT, FK_EMPLOYEE ) VALUES ( 
190, 1, 18, 5); 
INSERT INTO ACCESS_RIGHTS ( ID, ACTIVE, FK_RIGHT, FK_EMPLOYEE ) VALUES ( 
191, 1, 19, 5); 
INSERT INTO ACCESS_RIGHTS ( ID, ACTIVE, FK_RIGHT, FK_EMPLOYEE ) VALUES ( 
192, 1, 20, 5); 
INSERT INTO ACCESS_RIGHTS ( ID, ACTIVE, FK_RIGHT, FK_EMPLOYEE ) VALUES ( 
193, 1, 21, 5); 
INSERT INTO ACCESS_RIGHTS ( ID, ACTIVE, FK_RIGHT, FK_EMPLOYEE ) VALUES ( 
194, 1, 22, 5); 
INSERT INTO ACCESS_RIGHTS ( ID, ACTIVE, FK_RIGHT, FK_EMPLOYEE ) VALUES ( 
195, 1, 23, 5); 
INSERT INTO ACCESS_RIGHTS ( ID, ACTIVE, FK_RIGHT, FK_EMPLOYEE ) VALUES ( 
196, 1, 24, 5); 
INSERT INTO ACCESS_RIGHTS ( ID, ACTIVE, FK_RIGHT, FK_EMPLOYEE ) VALUES ( 
197, 1, 25, 5); 
INSERT INTO ACCESS_RIGHTS ( ID, ACTIVE, FK_RIGHT, FK_EMPLOYEE ) VALUES ( 
198, 1, 26, 5); 
INSERT INTO ACCESS_RIGHTS ( ID, ACTIVE, FK_RIGHT, FK_EMPLOYEE ) VALUES ( 
199, 1, 27, 5); 
INSERT INTO ACCESS_RIGHTS ( ID, ACTIVE, FK_RIGHT, FK_EMPLOYEE ) VALUES ( 
200, 1, 28, 5); 
INSERT INTO ACCESS_RIGHTS ( ID, ACTIVE, FK_RIGHT, FK_EMPLOYEE ) VALUES ( 
201, 1, 29, 5); 
INSERT INTO ACCESS_RIGHTS ( ID, ACTIVE, FK_RIGHT, FK_EMPLOYEE ) VALUES ( 
202, 1, 30, 5); 
INSERT INTO ACCESS_RIGHTS ( ID, ACTIVE, FK_RIGHT, FK_EMPLOYEE ) VALUES ( 
203, 1, 31, 5); 
INSERT INTO ACCESS_RIGHTS ( ID, ACTIVE, FK_RIGHT, FK_EMPLOYEE ) VALUES ( 
204, 1, 32, 5); 
INSERT INTO ACCESS_RIGHTS ( ID, ACTIVE, FK_RIGHT, FK_EMPLOYEE ) VALUES ( 
205, 1, 33, 5); 
INSERT INTO ACCESS_RIGHTS ( ID, ACTIVE, FK_RIGHT, FK_EMPLOYEE ) VALUES ( 
206, 1, 34, 5); 
INSERT INTO ACCESS_RIGHTS ( ID, ACTIVE, FK_RIGHT, FK_EMPLOYEE ) VALUES ( 
207, 1, 35, 5); 
INSERT INTO ACCESS_RIGHTS ( ID, ACTIVE, FK_RIGHT, FK_EMPLOYEE ) VALUES ( 
208, 1, 36, 5); 
INSERT INTO ACCESS_RIGHTS ( ID, ACTIVE, FK_RIGHT, FK_EMPLOYEE ) VALUES ( 
209, 1, 37, 5); 
INSERT INTO ACCESS_RIGHTS ( ID, ACTIVE, FK_RIGHT, FK_EMPLOYEE ) VALUES ( 
210, 1, 38, 5); 
INSERT INTO ACCESS_RIGHTS ( ID, ACTIVE, FK_RIGHT, FK_EMPLOYEE ) VALUES ( 
211, 1, 39, 5); 
INSERT INTO ACCESS_RIGHTS ( ID, ACTIVE, FK_RIGHT, FK_EMPLOYEE ) VALUES ( 
212, 1, 40, 5); 
INSERT INTO ACCESS_RIGHTS ( ID, ACTIVE, FK_RIGHT, FK_EMPLOYEE ) VALUES ( 
213, 0, 41, 5); 
INSERT INTO ACCESS_RIGHTS ( ID, ACTIVE, FK_RIGHT, FK_EMPLOYEE ) VALUES ( 
214, 0, 42, 5); 
INSERT INTO ACCESS_RIGHTS ( ID, ACTIVE, FK_RIGHT, FK_EMPLOYEE ) VALUES ( 
216, 1, 1, 6); 
INSERT INTO ACCESS_RIGHTS ( ID, ACTIVE, FK_RIGHT, FK_EMPLOYEE ) VALUES ( 
217, 1, 2, 6); 
INSERT INTO ACCESS_RIGHTS ( ID, ACTIVE, FK_RIGHT, FK_EMPLOYEE ) VALUES ( 
218, 1, 3, 6); 
INSERT INTO ACCESS_RIGHTS ( ID, ACTIVE, FK_RIGHT, FK_EMPLOYEE ) VALUES ( 
219, 1, 4, 6); 
INSERT INTO ACCESS_RIGHTS ( ID, ACTIVE, FK_RIGHT, FK_EMPLOYEE ) VALUES ( 
220, 1, 5, 6); 
INSERT INTO ACCESS_RIGHTS ( ID, ACTIVE, FK_RIGHT, FK_EMPLOYEE ) VALUES ( 
221, 1, 6, 6); 
INSERT INTO ACCESS_RIGHTS ( ID, ACTIVE, FK_RIGHT, FK_EMPLOYEE ) VALUES ( 
222, 1, 7, 6); 
INSERT INTO ACCESS_RIGHTS ( ID, ACTIVE, FK_RIGHT, FK_EMPLOYEE ) VALUES ( 
223, 1, 8, 6); 
INSERT INTO ACCESS_RIGHTS ( ID, ACTIVE, FK_RIGHT, FK_EMPLOYEE ) VALUES ( 
224, 1, 9, 6); 
INSERT INTO ACCESS_RIGHTS ( ID, ACTIVE, FK_RIGHT, FK_EMPLOYEE ) VALUES ( 
225, 1, 10, 6); 
INSERT INTO ACCESS_RIGHTS ( ID, ACTIVE, FK_RIGHT, FK_EMPLOYEE ) VALUES ( 
226, 1, 11, 6); 
INSERT INTO ACCESS_RIGHTS ( ID, ACTIVE, FK_RIGHT, FK_EMPLOYEE ) VALUES ( 
227, 1, 12, 6); 
INSERT INTO ACCESS_RIGHTS ( ID, ACTIVE, FK_RIGHT, FK_EMPLOYEE ) VALUES ( 
228, 1, 13, 6); 
INSERT INTO ACCESS_RIGHTS ( ID, ACTIVE, FK_RIGHT, FK_EMPLOYEE ) VALUES ( 
229, 1, 14, 6); 
INSERT INTO ACCESS_RIGHTS ( ID, ACTIVE, FK_RIGHT, FK_EMPLOYEE ) VALUES ( 
230, 1, 15, 6); 
INSERT INTO ACCESS_RIGHTS ( ID, ACTIVE, FK_RIGHT, FK_EMPLOYEE ) VALUES ( 
231, 1, 16, 6); 
INSERT INTO ACCESS_RIGHTS ( ID, ACTIVE, FK_RIGHT, FK_EMPLOYEE ) VALUES ( 
232, 1, 17, 6); 
INSERT INTO ACCESS_RIGHTS ( ID, ACTIVE, FK_RIGHT, FK_EMPLOYEE ) VALUES ( 
233, 1, 18, 6); 
INSERT INTO ACCESS_RIGHTS ( ID, ACTIVE, FK_RIGHT, FK_EMPLOYEE ) VALUES ( 
234, 1, 19, 6); 
INSERT INTO ACCESS_RIGHTS ( ID, ACTIVE, FK_RIGHT, FK_EMPLOYEE ) VALUES ( 
235, 1, 20, 6); 
INSERT INTO ACCESS_RIGHTS ( ID, ACTIVE, FK_RIGHT, FK_EMPLOYEE ) VALUES ( 
236, 1, 21, 6); 
INSERT INTO ACCESS_RIGHTS ( ID, ACTIVE, FK_RIGHT, FK_EMPLOYEE ) VALUES ( 
237, 1, 22, 6); 
INSERT INTO ACCESS_RIGHTS ( ID, ACTIVE, FK_RIGHT, FK_EMPLOYEE ) VALUES ( 
238, 1, 23, 6); 
INSERT INTO ACCESS_RIGHTS ( ID, ACTIVE, FK_RIGHT, FK_EMPLOYEE ) VALUES ( 
239, 1, 24, 6); 
INSERT INTO ACCESS_RIGHTS ( ID, ACTIVE, FK_RIGHT, FK_EMPLOYEE ) VALUES ( 
240, 1, 25, 6); 
INSERT INTO ACCESS_RIGHTS ( ID, ACTIVE, FK_RIGHT, FK_EMPLOYEE ) VALUES ( 
241, 1, 26, 6); 
INSERT INTO ACCESS_RIGHTS ( ID, ACTIVE, FK_RIGHT, FK_EMPLOYEE ) VALUES ( 
242, 1, 27, 6); 
INSERT INTO ACCESS_RIGHTS ( ID, ACTIVE, FK_RIGHT, FK_EMPLOYEE ) VALUES ( 
243, 1, 28, 6); 
INSERT INTO ACCESS_RIGHTS ( ID, ACTIVE, FK_RIGHT, FK_EMPLOYEE ) VALUES ( 
244, 1, 29, 6); 
INSERT INTO ACCESS_RIGHTS ( ID, ACTIVE, FK_RIGHT, FK_EMPLOYEE ) VALUES ( 
245, 1, 30, 6); 
INSERT INTO ACCESS_RIGHTS ( ID, ACTIVE, FK_RIGHT, FK_EMPLOYEE ) VALUES ( 
246, 1, 31, 6); 
INSERT INTO ACCESS_RIGHTS ( ID, ACTIVE, FK_RIGHT, FK_EMPLOYEE ) VALUES ( 
247, 1, 32, 6); 
INSERT INTO ACCESS_RIGHTS ( ID, ACTIVE, FK_RIGHT, FK_EMPLOYEE ) VALUES ( 
248, 1, 33, 6); 
INSERT INTO ACCESS_RIGHTS ( ID, ACTIVE, FK_RIGHT, FK_EMPLOYEE ) VALUES ( 
249, 1, 34, 6); 
INSERT INTO ACCESS_RIGHTS ( ID, ACTIVE, FK_RIGHT, FK_EMPLOYEE ) VALUES ( 
250, 1, 35, 6); 
INSERT INTO ACCESS_RIGHTS ( ID, ACTIVE, FK_RIGHT, FK_EMPLOYEE ) VALUES ( 
251, 1, 36, 6); 
INSERT INTO ACCESS_RIGHTS ( ID, ACTIVE, FK_RIGHT, FK_EMPLOYEE ) VALUES ( 
252, 1, 37, 6); 
INSERT INTO ACCESS_RIGHTS ( ID, ACTIVE, FK_RIGHT, FK_EMPLOYEE ) VALUES ( 
253, 1, 38, 6); 
INSERT INTO ACCESS_RIGHTS ( ID, ACTIVE, FK_RIGHT, FK_EMPLOYEE ) VALUES ( 
254, 1, 39, 6); 
INSERT INTO ACCESS_RIGHTS ( ID, ACTIVE, FK_RIGHT, FK_EMPLOYEE ) VALUES ( 
255, 1, 40, 6); 
INSERT INTO ACCESS_RIGHTS ( ID, ACTIVE, FK_RIGHT, FK_EMPLOYEE ) VALUES ( 
256, 0, 41, 6); 
INSERT INTO ACCESS_RIGHTS ( ID, ACTIVE, FK_RIGHT, FK_EMPLOYEE ) VALUES ( 
257, 0, 42, 6); 
INSERT INTO ACCESS_RIGHTS ( ID, ACTIVE, FK_RIGHT, FK_EMPLOYEE ) VALUES ( 
259, 1, 1, 7); 
INSERT INTO ACCESS_RIGHTS ( ID, ACTIVE, FK_RIGHT, FK_EMPLOYEE ) VALUES ( 
260, 1, 2, 7); 
INSERT INTO ACCESS_RIGHTS ( ID, ACTIVE, FK_RIGHT, FK_EMPLOYEE ) VALUES ( 
261, 1, 3, 7); 
INSERT INTO ACCESS_RIGHTS ( ID, ACTIVE, FK_RIGHT, FK_EMPLOYEE ) VALUES ( 
262, 1, 4, 7); 
INSERT INTO ACCESS_RIGHTS ( ID, ACTIVE, FK_RIGHT, FK_EMPLOYEE ) VALUES ( 
263, 1, 5, 7); 
INSERT INTO ACCESS_RIGHTS ( ID, ACTIVE, FK_RIGHT, FK_EMPLOYEE ) VALUES ( 
264, 1, 6, 7); 
INSERT INTO ACCESS_RIGHTS ( ID, ACTIVE, FK_RIGHT, FK_EMPLOYEE ) VALUES ( 
265, 1, 7, 7); 
INSERT INTO ACCESS_RIGHTS ( ID, ACTIVE, FK_RIGHT, FK_EMPLOYEE ) VALUES ( 
266, 1, 8, 7); 
INSERT INTO ACCESS_RIGHTS ( ID, ACTIVE, FK_RIGHT, FK_EMPLOYEE ) VALUES ( 
267, 1, 9, 7); 
INSERT INTO ACCESS_RIGHTS ( ID, ACTIVE, FK_RIGHT, FK_EMPLOYEE ) VALUES ( 
268, 1, 10, 7); 
INSERT INTO ACCESS_RIGHTS ( ID, ACTIVE, FK_RIGHT, FK_EMPLOYEE ) VALUES ( 
269, 1, 11, 7); 
INSERT INTO ACCESS_RIGHTS ( ID, ACTIVE, FK_RIGHT, FK_EMPLOYEE ) VALUES ( 
270, 1, 12, 7); 
INSERT INTO ACCESS_RIGHTS ( ID, ACTIVE, FK_RIGHT, FK_EMPLOYEE ) VALUES ( 
271, 1, 13, 7); 
INSERT INTO ACCESS_RIGHTS ( ID, ACTIVE, FK_RIGHT, FK_EMPLOYEE ) VALUES ( 
272, 1, 14, 7); 
INSERT INTO ACCESS_RIGHTS ( ID, ACTIVE, FK_RIGHT, FK_EMPLOYEE ) VALUES ( 
273, 1, 15, 7); 
INSERT INTO ACCESS_RIGHTS ( ID, ACTIVE, FK_RIGHT, FK_EMPLOYEE ) VALUES ( 
274, 1, 16, 7); 
INSERT INTO ACCESS_RIGHTS ( ID, ACTIVE, FK_RIGHT, FK_EMPLOYEE ) VALUES ( 
275, 1, 17, 7); 
INSERT INTO ACCESS_RIGHTS ( ID, ACTIVE, FK_RIGHT, FK_EMPLOYEE ) VALUES ( 
276, 1, 18, 7); 
INSERT INTO ACCESS_RIGHTS ( ID, ACTIVE, FK_RIGHT, FK_EMPLOYEE ) VALUES ( 
277, 1, 19, 7); 
INSERT INTO ACCESS_RIGHTS ( ID, ACTIVE, FK_RIGHT, FK_EMPLOYEE ) VALUES ( 
278, 1, 20, 7); 
INSERT INTO ACCESS_RIGHTS ( ID, ACTIVE, FK_RIGHT, FK_EMPLOYEE ) VALUES ( 
279, 1, 21, 7); 
INSERT INTO ACCESS_RIGHTS ( ID, ACTIVE, FK_RIGHT, FK_EMPLOYEE ) VALUES ( 
280, 1, 22, 7); 
INSERT INTO ACCESS_RIGHTS ( ID, ACTIVE, FK_RIGHT, FK_EMPLOYEE ) VALUES ( 
281, 1, 23, 7); 
INSERT INTO ACCESS_RIGHTS ( ID, ACTIVE, FK_RIGHT, FK_EMPLOYEE ) VALUES ( 
282, 1, 24, 7); 
INSERT INTO ACCESS_RIGHTS ( ID, ACTIVE, FK_RIGHT, FK_EMPLOYEE ) VALUES ( 
283, 1, 25, 7); 
INSERT INTO ACCESS_RIGHTS ( ID, ACTIVE, FK_RIGHT, FK_EMPLOYEE ) VALUES ( 
284, 1, 26, 7); 
INSERT INTO ACCESS_RIGHTS ( ID, ACTIVE, FK_RIGHT, FK_EMPLOYEE ) VALUES ( 
285, 1, 27, 7); 
INSERT INTO ACCESS_RIGHTS ( ID, ACTIVE, FK_RIGHT, FK_EMPLOYEE ) VALUES ( 
286, 1, 28, 7); 
INSERT INTO ACCESS_RIGHTS ( ID, ACTIVE, FK_RIGHT, FK_EMPLOYEE ) VALUES ( 
287, 1, 29, 7); 
INSERT INTO ACCESS_RIGHTS ( ID, ACTIVE, FK_RIGHT, FK_EMPLOYEE ) VALUES ( 
288, 1, 30, 7); 
INSERT INTO ACCESS_RIGHTS ( ID, ACTIVE, FK_RIGHT, FK_EMPLOYEE ) VALUES ( 
289, 1, 31, 7); 
INSERT INTO ACCESS_RIGHTS ( ID, ACTIVE, FK_RIGHT, FK_EMPLOYEE ) VALUES ( 
290, 1, 32, 7); 
INSERT INTO ACCESS_RIGHTS ( ID, ACTIVE, FK_RIGHT, FK_EMPLOYEE ) VALUES ( 
291, 1, 33, 7); 
INSERT INTO ACCESS_RIGHTS ( ID, ACTIVE, FK_RIGHT, FK_EMPLOYEE ) VALUES ( 
292, 1, 34, 7); 
INSERT INTO ACCESS_RIGHTS ( ID, ACTIVE, FK_RIGHT, FK_EMPLOYEE ) VALUES ( 
293, 1, 35, 7); 
INSERT INTO ACCESS_RIGHTS ( ID, ACTIVE, FK_RIGHT, FK_EMPLOYEE ) VALUES ( 
294, 1, 36, 7); 
INSERT INTO ACCESS_RIGHTS ( ID, ACTIVE, FK_RIGHT, FK_EMPLOYEE ) VALUES ( 
295, 1, 37, 7); 
INSERT INTO ACCESS_RIGHTS ( ID, ACTIVE, FK_RIGHT, FK_EMPLOYEE ) VALUES ( 
296, 1, 38, 7); 
INSERT INTO ACCESS_RIGHTS ( ID, ACTIVE, FK_RIGHT, FK_EMPLOYEE ) VALUES ( 
297, 1, 39, 7); 
INSERT INTO ACCESS_RIGHTS ( ID, ACTIVE, FK_RIGHT, FK_EMPLOYEE ) VALUES ( 
298, 1, 40, 7); 
INSERT INTO ACCESS_RIGHTS ( ID, ACTIVE, FK_RIGHT, FK_EMPLOYEE ) VALUES ( 
299, 0, 41, 7); 
INSERT INTO ACCESS_RIGHTS ( ID, ACTIVE, FK_RIGHT, FK_EMPLOYEE ) VALUES ( 
300, 0, 42, 7); 
INSERT INTO ACCESS_RIGHTS ( ID, ACTIVE, FK_RIGHT, FK_EMPLOYEE ) VALUES ( 
302, 1, 1, 181); 
INSERT INTO ACCESS_RIGHTS ( ID, ACTIVE, FK_RIGHT, FK_EMPLOYEE ) VALUES ( 
303, 1, 2, 181); 
INSERT INTO ACCESS_RIGHTS ( ID, ACTIVE, FK_RIGHT, FK_EMPLOYEE ) VALUES ( 
304, 1, 3, 181); 
INSERT INTO ACCESS_RIGHTS ( ID, ACTIVE, FK_RIGHT, FK_EMPLOYEE ) VALUES ( 
305, 1, 4, 181); 
INSERT INTO ACCESS_RIGHTS ( ID, ACTIVE, FK_RIGHT, FK_EMPLOYEE ) VALUES ( 
306, 1, 5, 181); 
INSERT INTO ACCESS_RIGHTS ( ID, ACTIVE, FK_RIGHT, FK_EMPLOYEE ) VALUES ( 
307, 1, 6, 181); 
INSERT INTO ACCESS_RIGHTS ( ID, ACTIVE, FK_RIGHT, FK_EMPLOYEE ) VALUES ( 
308, 1, 7, 181); 
INSERT INTO ACCESS_RIGHTS ( ID, ACTIVE, FK_RIGHT, FK_EMPLOYEE ) VALUES ( 
309, 1, 8, 181); 
INSERT INTO ACCESS_RIGHTS ( ID, ACTIVE, FK_RIGHT, FK_EMPLOYEE ) VALUES ( 
310, 1, 9, 181); 
INSERT INTO ACCESS_RIGHTS ( ID, ACTIVE, FK_RIGHT, FK_EMPLOYEE ) VALUES ( 
311, 1, 10, 181); 
INSERT INTO ACCESS_RIGHTS ( ID, ACTIVE, FK_RIGHT, FK_EMPLOYEE ) VALUES ( 
312, 1, 11, 181); 
INSERT INTO ACCESS_RIGHTS ( ID, ACTIVE, FK_RIGHT, FK_EMPLOYEE ) VALUES ( 
313, 1, 12, 181); 
INSERT INTO ACCESS_RIGHTS ( ID, ACTIVE, FK_RIGHT, FK_EMPLOYEE ) VALUES ( 
314, 1, 13, 181); 
INSERT INTO ACCESS_RIGHTS ( ID, ACTIVE, FK_RIGHT, FK_EMPLOYEE ) VALUES ( 
315, 1, 14, 181); 
INSERT INTO ACCESS_RIGHTS ( ID, ACTIVE, FK_RIGHT, FK_EMPLOYEE ) VALUES ( 
316, 1, 15, 181); 
INSERT INTO ACCESS_RIGHTS ( ID, ACTIVE, FK_RIGHT, FK_EMPLOYEE ) VALUES ( 
317, 1, 16, 181); 
INSERT INTO ACCESS_RIGHTS ( ID, ACTIVE, FK_RIGHT, FK_EMPLOYEE ) VALUES ( 
318, 1, 17, 181); 
INSERT INTO ACCESS_RIGHTS ( ID, ACTIVE, FK_RIGHT, FK_EMPLOYEE ) VALUES ( 
319, 1, 18, 181); 
INSERT INTO ACCESS_RIGHTS ( ID, ACTIVE, FK_RIGHT, FK_EMPLOYEE ) VALUES ( 
320, 1, 19, 181); 
INSERT INTO ACCESS_RIGHTS ( ID, ACTIVE, FK_RIGHT, FK_EMPLOYEE ) VALUES ( 
321, 1, 20, 181); 
INSERT INTO ACCESS_RIGHTS ( ID, ACTIVE, FK_RIGHT, FK_EMPLOYEE ) VALUES ( 
322, 1, 21, 181); 
INSERT INTO ACCESS_RIGHTS ( ID, ACTIVE, FK_RIGHT, FK_EMPLOYEE ) VALUES ( 
323, 1, 22, 181); 
INSERT INTO ACCESS_RIGHTS ( ID, ACTIVE, FK_RIGHT, FK_EMPLOYEE ) VALUES ( 
324, 1, 23, 181); 
INSERT INTO ACCESS_RIGHTS ( ID, ACTIVE, FK_RIGHT, FK_EMPLOYEE ) VALUES ( 
325, 1, 24, 181); 
INSERT INTO ACCESS_RIGHTS ( ID, ACTIVE, FK_RIGHT, FK_EMPLOYEE ) VALUES ( 
326, 1, 25, 181); 
INSERT INTO ACCESS_RIGHTS ( ID, ACTIVE, FK_RIGHT, FK_EMPLOYEE ) VALUES ( 
327, 1, 26, 181); 
INSERT INTO ACCESS_RIGHTS ( ID, ACTIVE, FK_RIGHT, FK_EMPLOYEE ) VALUES ( 
328, 1, 27, 181); 
INSERT INTO ACCESS_RIGHTS ( ID, ACTIVE, FK_RIGHT, FK_EMPLOYEE ) VALUES ( 
329, 1, 28, 181); 
INSERT INTO ACCESS_RIGHTS ( ID, ACTIVE, FK_RIGHT, FK_EMPLOYEE ) VALUES ( 
330, 1, 29, 181); 
INSERT INTO ACCESS_RIGHTS ( ID, ACTIVE, FK_RIGHT, FK_EMPLOYEE ) VALUES ( 
331, 1, 30, 181); 
INSERT INTO ACCESS_RIGHTS ( ID, ACTIVE, FK_RIGHT, FK_EMPLOYEE ) VALUES ( 
332, 1, 31, 181); 
INSERT INTO ACCESS_RIGHTS ( ID, ACTIVE, FK_RIGHT, FK_EMPLOYEE ) VALUES ( 
333, 1, 32, 181); 
INSERT INTO ACCESS_RIGHTS ( ID, ACTIVE, FK_RIGHT, FK_EMPLOYEE ) VALUES ( 
334, 1, 33, 181); 
INSERT INTO ACCESS_RIGHTS ( ID, ACTIVE, FK_RIGHT, FK_EMPLOYEE ) VALUES ( 
335, 1, 34, 181); 
INSERT INTO ACCESS_RIGHTS ( ID, ACTIVE, FK_RIGHT, FK_EMPLOYEE ) VALUES ( 
336, 1, 35, 181); 
INSERT INTO ACCESS_RIGHTS ( ID, ACTIVE, FK_RIGHT, FK_EMPLOYEE ) VALUES ( 
337, 1, 36, 181); 
INSERT INTO ACCESS_RIGHTS ( ID, ACTIVE, FK_RIGHT, FK_EMPLOYEE ) VALUES ( 
338, 1, 37, 181); 
INSERT INTO ACCESS_RIGHTS ( ID, ACTIVE, FK_RIGHT, FK_EMPLOYEE ) VALUES ( 
339, 1, 38, 181); 
INSERT INTO ACCESS_RIGHTS ( ID, ACTIVE, FK_RIGHT, FK_EMPLOYEE ) VALUES ( 
340, 1, 39, 181); 
INSERT INTO ACCESS_RIGHTS ( ID, ACTIVE, FK_RIGHT, FK_EMPLOYEE ) VALUES ( 
341, 1, 40, 181); 
INSERT INTO ACCESS_RIGHTS ( ID, ACTIVE, FK_RIGHT, FK_EMPLOYEE ) VALUES ( 
342, 0, 41, 181); 
INSERT INTO ACCESS_RIGHTS ( ID, ACTIVE, FK_RIGHT, FK_EMPLOYEE ) VALUES ( 
343, 0, 42, 181); 
INSERT INTO ACCESS_RIGHTS ( ID, ACTIVE, FK_RIGHT, FK_EMPLOYEE ) VALUES ( 
345, 1, 1, 241); 
INSERT INTO ACCESS_RIGHTS ( ID, ACTIVE, FK_RIGHT, FK_EMPLOYEE ) VALUES ( 
346, 1, 2, 241); 
INSERT INTO ACCESS_RIGHTS ( ID, ACTIVE, FK_RIGHT, FK_EMPLOYEE ) VALUES ( 
347, 1, 3, 241); 
INSERT INTO ACCESS_RIGHTS ( ID, ACTIVE, FK_RIGHT, FK_EMPLOYEE ) VALUES ( 
348, 1, 4, 241); 
INSERT INTO ACCESS_RIGHTS ( ID, ACTIVE, FK_RIGHT, FK_EMPLOYEE ) VALUES ( 
349, 1, 5, 241); 
INSERT INTO ACCESS_RIGHTS ( ID, ACTIVE, FK_RIGHT, FK_EMPLOYEE ) VALUES ( 
350, 1, 6, 241); 
INSERT INTO ACCESS_RIGHTS ( ID, ACTIVE, FK_RIGHT, FK_EMPLOYEE ) VALUES ( 
351, 1, 7, 241); 
INSERT INTO ACCESS_RIGHTS ( ID, ACTIVE, FK_RIGHT, FK_EMPLOYEE ) VALUES ( 
352, 1, 8, 241); 
INSERT INTO ACCESS_RIGHTS ( ID, ACTIVE, FK_RIGHT, FK_EMPLOYEE ) VALUES ( 
353, 1, 9, 241); 
INSERT INTO ACCESS_RIGHTS ( ID, ACTIVE, FK_RIGHT, FK_EMPLOYEE ) VALUES ( 
354, 1, 10, 241); 
INSERT INTO ACCESS_RIGHTS ( ID, ACTIVE, FK_RIGHT, FK_EMPLOYEE ) VALUES ( 
355, 1, 11, 241); 
INSERT INTO ACCESS_RIGHTS ( ID, ACTIVE, FK_RIGHT, FK_EMPLOYEE ) VALUES ( 
356, 1, 12, 241); 
INSERT INTO ACCESS_RIGHTS ( ID, ACTIVE, FK_RIGHT, FK_EMPLOYEE ) VALUES ( 
357, 1, 13, 241); 
INSERT INTO ACCESS_RIGHTS ( ID, ACTIVE, FK_RIGHT, FK_EMPLOYEE ) VALUES ( 
358, 1, 14, 241); 
INSERT INTO ACCESS_RIGHTS ( ID, ACTIVE, FK_RIGHT, FK_EMPLOYEE ) VALUES ( 
359, 1, 15, 241); 
INSERT INTO ACCESS_RIGHTS ( ID, ACTIVE, FK_RIGHT, FK_EMPLOYEE ) VALUES ( 
360, 1, 16, 241); 
INSERT INTO ACCESS_RIGHTS ( ID, ACTIVE, FK_RIGHT, FK_EMPLOYEE ) VALUES ( 
361, 1, 17, 241); 
INSERT INTO ACCESS_RIGHTS ( ID, ACTIVE, FK_RIGHT, FK_EMPLOYEE ) VALUES ( 
362, 1, 18, 241); 
INSERT INTO ACCESS_RIGHTS ( ID, ACTIVE, FK_RIGHT, FK_EMPLOYEE ) VALUES ( 
363, 1, 19, 241); 
INSERT INTO ACCESS_RIGHTS ( ID, ACTIVE, FK_RIGHT, FK_EMPLOYEE ) VALUES ( 
364, 1, 20, 241); 
INSERT INTO ACCESS_RIGHTS ( ID, ACTIVE, FK_RIGHT, FK_EMPLOYEE ) VALUES ( 
365, 1, 21, 241); 
INSERT INTO ACCESS_RIGHTS ( ID, ACTIVE, FK_RIGHT, FK_EMPLOYEE ) VALUES ( 
366, 1, 22, 241); 
INSERT INTO ACCESS_RIGHTS ( ID, ACTIVE, FK_RIGHT, FK_EMPLOYEE ) VALUES ( 
367, 1, 23, 241); 
INSERT INTO ACCESS_RIGHTS ( ID, ACTIVE, FK_RIGHT, FK_EMPLOYEE ) VALUES ( 
368, 1, 24, 241); 
INSERT INTO ACCESS_RIGHTS ( ID, ACTIVE, FK_RIGHT, FK_EMPLOYEE ) VALUES ( 
369, 1, 25, 241); 
INSERT INTO ACCESS_RIGHTS ( ID, ACTIVE, FK_RIGHT, FK_EMPLOYEE ) VALUES ( 
370, 1, 26, 241); 
INSERT INTO ACCESS_RIGHTS ( ID, ACTIVE, FK_RIGHT, FK_EMPLOYEE ) VALUES ( 
371, 1, 27, 241); 
INSERT INTO ACCESS_RIGHTS ( ID, ACTIVE, FK_RIGHT, FK_EMPLOYEE ) VALUES ( 
372, 1, 28, 241); 
INSERT INTO ACCESS_RIGHTS ( ID, ACTIVE, FK_RIGHT, FK_EMPLOYEE ) VALUES ( 
373, 0, 29, 241); 
INSERT INTO ACCESS_RIGHTS ( ID, ACTIVE, FK_RIGHT, FK_EMPLOYEE ) VALUES ( 
374, 1, 30, 241); 
INSERT INTO ACCESS_RIGHTS ( ID, ACTIVE, FK_RIGHT, FK_EMPLOYEE ) VALUES ( 
375, 1, 31, 241); 
INSERT INTO ACCESS_RIGHTS ( ID, ACTIVE, FK_RIGHT, FK_EMPLOYEE ) VALUES ( 
376, 1, 32, 241); 
INSERT INTO ACCESS_RIGHTS ( ID, ACTIVE, FK_RIGHT, FK_EMPLOYEE ) VALUES ( 
377, 1, 33, 241); 
INSERT INTO ACCESS_RIGHTS ( ID, ACTIVE, FK_RIGHT, FK_EMPLOYEE ) VALUES ( 
378, 1, 34, 241); 
INSERT INTO ACCESS_RIGHTS ( ID, ACTIVE, FK_RIGHT, FK_EMPLOYEE ) VALUES ( 
379, 1, 35, 241); 
INSERT INTO ACCESS_RIGHTS ( ID, ACTIVE, FK_RIGHT, FK_EMPLOYEE ) VALUES ( 
380, 1, 36, 241); 
INSERT INTO ACCESS_RIGHTS ( ID, ACTIVE, FK_RIGHT, FK_EMPLOYEE ) VALUES ( 
381, 1, 37, 241); 
INSERT INTO ACCESS_RIGHTS ( ID, ACTIVE, FK_RIGHT, FK_EMPLOYEE ) VALUES ( 
382, 1, 38, 241); 
INSERT INTO ACCESS_RIGHTS ( ID, ACTIVE, FK_RIGHT, FK_EMPLOYEE ) VALUES ( 
383, 1, 39, 241); 
INSERT INTO ACCESS_RIGHTS ( ID, ACTIVE, FK_RIGHT, FK_EMPLOYEE ) VALUES ( 
384, 1, 40, 241); 
INSERT INTO ACCESS_RIGHTS ( ID, ACTIVE, FK_RIGHT, FK_EMPLOYEE ) VALUES ( 
385, 0, 41, 241); 
INSERT INTO ACCESS_RIGHTS ( ID, ACTIVE, FK_RIGHT, FK_EMPLOYEE ) VALUES ( 
386, 0, 42, 241); 
INSERT INTO ACCESS_RIGHTS ( ID, ACTIVE, FK_RIGHT, FK_EMPLOYEE ) VALUES ( 
388, 1, 1, 541); 
INSERT INTO ACCESS_RIGHTS ( ID, ACTIVE, FK_RIGHT, FK_EMPLOYEE ) VALUES ( 
389, 1, 2, 541); 
INSERT INTO ACCESS_RIGHTS ( ID, ACTIVE, FK_RIGHT, FK_EMPLOYEE ) VALUES ( 
390, 1, 3, 541); 
INSERT INTO ACCESS_RIGHTS ( ID, ACTIVE, FK_RIGHT, FK_EMPLOYEE ) VALUES ( 
391, 1, 4, 541); 
INSERT INTO ACCESS_RIGHTS ( ID, ACTIVE, FK_RIGHT, FK_EMPLOYEE ) VALUES ( 
392, 1, 5, 541); 
INSERT INTO ACCESS_RIGHTS ( ID, ACTIVE, FK_RIGHT, FK_EMPLOYEE ) VALUES ( 
393, 1, 6, 541); 
INSERT INTO ACCESS_RIGHTS ( ID, ACTIVE, FK_RIGHT, FK_EMPLOYEE ) VALUES ( 
394, 1, 7, 541); 
INSERT INTO ACCESS_RIGHTS ( ID, ACTIVE, FK_RIGHT, FK_EMPLOYEE ) VALUES ( 
395, 1, 8, 541); 
INSERT INTO ACCESS_RIGHTS ( ID, ACTIVE, FK_RIGHT, FK_EMPLOYEE ) VALUES ( 
396, 1, 9, 541); 
INSERT INTO ACCESS_RIGHTS ( ID, ACTIVE, FK_RIGHT, FK_EMPLOYEE ) VALUES ( 
397, 1, 10, 541); 
INSERT INTO ACCESS_RIGHTS ( ID, ACTIVE, FK_RIGHT, FK_EMPLOYEE ) VALUES ( 
398, 1, 11, 541); 
INSERT INTO ACCESS_RIGHTS ( ID, ACTIVE, FK_RIGHT, FK_EMPLOYEE ) VALUES ( 
399, 1, 12, 541); 
INSERT INTO ACCESS_RIGHTS ( ID, ACTIVE, FK_RIGHT, FK_EMPLOYEE ) VALUES ( 
400, 1, 13, 541); 
INSERT INTO ACCESS_RIGHTS ( ID, ACTIVE, FK_RIGHT, FK_EMPLOYEE ) VALUES ( 
401, 1, 14, 541); 
INSERT INTO ACCESS_RIGHTS ( ID, ACTIVE, FK_RIGHT, FK_EMPLOYEE ) VALUES ( 
402, 1, 15, 541); 
INSERT INTO ACCESS_RIGHTS ( ID, ACTIVE, FK_RIGHT, FK_EMPLOYEE ) VALUES ( 
403, 1, 16, 541); 
INSERT INTO ACCESS_RIGHTS ( ID, ACTIVE, FK_RIGHT, FK_EMPLOYEE ) VALUES ( 
404, 1, 17, 541); 
INSERT INTO ACCESS_RIGHTS ( ID, ACTIVE, FK_RIGHT, FK_EMPLOYEE ) VALUES ( 
405, 1, 18, 541); 
INSERT INTO ACCESS_RIGHTS ( ID, ACTIVE, FK_RIGHT, FK_EMPLOYEE ) VALUES ( 
406, 1, 19, 541); 
INSERT INTO ACCESS_RIGHTS ( ID, ACTIVE, FK_RIGHT, FK_EMPLOYEE ) VALUES ( 
407, 1, 20, 541); 
INSERT INTO ACCESS_RIGHTS ( ID, ACTIVE, FK_RIGHT, FK_EMPLOYEE ) VALUES ( 
408, 1, 21, 541); 
INSERT INTO ACCESS_RIGHTS ( ID, ACTIVE, FK_RIGHT, FK_EMPLOYEE ) VALUES ( 
409, 1, 22, 541); 
INSERT INTO ACCESS_RIGHTS ( ID, ACTIVE, FK_RIGHT, FK_EMPLOYEE ) VALUES ( 
410, 1, 23, 541); 
INSERT INTO ACCESS_RIGHTS ( ID, ACTIVE, FK_RIGHT, FK_EMPLOYEE ) VALUES ( 
411, 1, 24, 541); 
INSERT INTO ACCESS_RIGHTS ( ID, ACTIVE, FK_RIGHT, FK_EMPLOYEE ) VALUES ( 
412, 1, 25, 541); 
INSERT INTO ACCESS_RIGHTS ( ID, ACTIVE, FK_RIGHT, FK_EMPLOYEE ) VALUES ( 
413, 1, 26, 541); 
INSERT INTO ACCESS_RIGHTS ( ID, ACTIVE, FK_RIGHT, FK_EMPLOYEE ) VALUES ( 
414, 1, 27, 541); 
INSERT INTO ACCESS_RIGHTS ( ID, ACTIVE, FK_RIGHT, FK_EMPLOYEE ) VALUES ( 
415, 1, 28, 541); 
INSERT INTO ACCESS_RIGHTS ( ID, ACTIVE, FK_RIGHT, FK_EMPLOYEE ) VALUES ( 
416, 1, 29, 541); 
INSERT INTO ACCESS_RIGHTS ( ID, ACTIVE, FK_RIGHT, FK_EMPLOYEE ) VALUES ( 
417, 1, 30, 541); 
INSERT INTO ACCESS_RIGHTS ( ID, ACTIVE, FK_RIGHT, FK_EMPLOYEE ) VALUES ( 
418, 1, 31, 541); 
INSERT INTO ACCESS_RIGHTS ( ID, ACTIVE, FK_RIGHT, FK_EMPLOYEE ) VALUES ( 
419, 1, 32, 541); 
INSERT INTO ACCESS_RIGHTS ( ID, ACTIVE, FK_RIGHT, FK_EMPLOYEE ) VALUES ( 
420, 1, 33, 541); 
INSERT INTO ACCESS_RIGHTS ( ID, ACTIVE, FK_RIGHT, FK_EMPLOYEE ) VALUES ( 
421, 1, 34, 541); 
INSERT INTO ACCESS_RIGHTS ( ID, ACTIVE, FK_RIGHT, FK_EMPLOYEE ) VALUES ( 
422, 1, 35, 541); 
INSERT INTO ACCESS_RIGHTS ( ID, ACTIVE, FK_RIGHT, FK_EMPLOYEE ) VALUES ( 
423, 1, 36, 541); 
INSERT INTO ACCESS_RIGHTS ( ID, ACTIVE, FK_RIGHT, FK_EMPLOYEE ) VALUES ( 
424, 1, 37, 541); 
INSERT INTO ACCESS_RIGHTS ( ID, ACTIVE, FK_RIGHT, FK_EMPLOYEE ) VALUES ( 
425, 1, 38, 541); 
INSERT INTO ACCESS_RIGHTS ( ID, ACTIVE, FK_RIGHT, FK_EMPLOYEE ) VALUES ( 
426, 1, 39, 541); 
INSERT INTO ACCESS_RIGHTS ( ID, ACTIVE, FK_RIGHT, FK_EMPLOYEE ) VALUES ( 
427, 1, 40, 541); 
INSERT INTO ACCESS_RIGHTS ( ID, ACTIVE, FK_RIGHT, FK_EMPLOYEE ) VALUES ( 
428, 0, 41, 541); 
INSERT INTO ACCESS_RIGHTS ( ID, ACTIVE, FK_RIGHT, FK_EMPLOYEE ) VALUES ( 
429, 1, 42, 541); 
INSERT INTO ACCESS_RIGHTS ( ID, ACTIVE, FK_RIGHT, FK_EMPLOYEE ) VALUES ( 
431, 1, 1, 542); 
INSERT INTO ACCESS_RIGHTS ( ID, ACTIVE, FK_RIGHT, FK_EMPLOYEE ) VALUES ( 
432, 1, 2, 542); 
INSERT INTO ACCESS_RIGHTS ( ID, ACTIVE, FK_RIGHT, FK_EMPLOYEE ) VALUES ( 
433, 1, 3, 542); 
INSERT INTO ACCESS_RIGHTS ( ID, ACTIVE, FK_RIGHT, FK_EMPLOYEE ) VALUES ( 
434, 1, 4, 542); 
INSERT INTO ACCESS_RIGHTS ( ID, ACTIVE, FK_RIGHT, FK_EMPLOYEE ) VALUES ( 
435, 1, 5, 542); 
INSERT INTO ACCESS_RIGHTS ( ID, ACTIVE, FK_RIGHT, FK_EMPLOYEE ) VALUES ( 
436, 1, 6, 542); 
INSERT INTO ACCESS_RIGHTS ( ID, ACTIVE, FK_RIGHT, FK_EMPLOYEE ) VALUES ( 
437, 1, 7, 542); 
INSERT INTO ACCESS_RIGHTS ( ID, ACTIVE, FK_RIGHT, FK_EMPLOYEE ) VALUES ( 
438, 1, 8, 542); 
INSERT INTO ACCESS_RIGHTS ( ID, ACTIVE, FK_RIGHT, FK_EMPLOYEE ) VALUES ( 
439, 1, 9, 542); 
INSERT INTO ACCESS_RIGHTS ( ID, ACTIVE, FK_RIGHT, FK_EMPLOYEE ) VALUES ( 
440, 1, 10, 542); 
INSERT INTO ACCESS_RIGHTS ( ID, ACTIVE, FK_RIGHT, FK_EMPLOYEE ) VALUES ( 
441, 1, 11, 542); 
INSERT INTO ACCESS_RIGHTS ( ID, ACTIVE, FK_RIGHT, FK_EMPLOYEE ) VALUES ( 
442, 1, 12, 542); 
INSERT INTO ACCESS_RIGHTS ( ID, ACTIVE, FK_RIGHT, FK_EMPLOYEE ) VALUES ( 
443, 1, 13, 542); 
INSERT INTO ACCESS_RIGHTS ( ID, ACTIVE, FK_RIGHT, FK_EMPLOYEE ) VALUES ( 
444, 1, 14, 542); 
INSERT INTO ACCESS_RIGHTS ( ID, ACTIVE, FK_RIGHT, FK_EMPLOYEE ) VALUES ( 
445, 1, 15, 542); 
INSERT INTO ACCESS_RIGHTS ( ID, ACTIVE, FK_RIGHT, FK_EMPLOYEE ) VALUES ( 
446, 1, 16, 542); 
INSERT INTO ACCESS_RIGHTS ( ID, ACTIVE, FK_RIGHT, FK_EMPLOYEE ) VALUES ( 
447, 1, 17, 542); 
INSERT INTO ACCESS_RIGHTS ( ID, ACTIVE, FK_RIGHT, FK_EMPLOYEE ) VALUES ( 
448, 1, 18, 542); 
INSERT INTO ACCESS_RIGHTS ( ID, ACTIVE, FK_RIGHT, FK_EMPLOYEE ) VALUES ( 
449, 1, 19, 542); 
INSERT INTO ACCESS_RIGHTS ( ID, ACTIVE, FK_RIGHT, FK_EMPLOYEE ) VALUES ( 
450, 1, 20, 542); 
INSERT INTO ACCESS_RIGHTS ( ID, ACTIVE, FK_RIGHT, FK_EMPLOYEE ) VALUES ( 
451, 1, 21, 542); 
INSERT INTO ACCESS_RIGHTS ( ID, ACTIVE, FK_RIGHT, FK_EMPLOYEE ) VALUES ( 
452, 1, 22, 542); 
INSERT INTO ACCESS_RIGHTS ( ID, ACTIVE, FK_RIGHT, FK_EMPLOYEE ) VALUES ( 
453, 1, 23, 542); 
INSERT INTO ACCESS_RIGHTS ( ID, ACTIVE, FK_RIGHT, FK_EMPLOYEE ) VALUES ( 
454, 1, 24, 542); 
INSERT INTO ACCESS_RIGHTS ( ID, ACTIVE, FK_RIGHT, FK_EMPLOYEE ) VALUES ( 
455, 1, 25, 542); 
INSERT INTO ACCESS_RIGHTS ( ID, ACTIVE, FK_RIGHT, FK_EMPLOYEE ) VALUES ( 
456, 1, 26, 542); 
INSERT INTO ACCESS_RIGHTS ( ID, ACTIVE, FK_RIGHT, FK_EMPLOYEE ) VALUES ( 
457, 1, 27, 542); 
INSERT INTO ACCESS_RIGHTS ( ID, ACTIVE, FK_RIGHT, FK_EMPLOYEE ) VALUES ( 
458, 1, 28, 542); 
INSERT INTO ACCESS_RIGHTS ( ID, ACTIVE, FK_RIGHT, FK_EMPLOYEE ) VALUES ( 
459, 1, 29, 542); 
INSERT INTO ACCESS_RIGHTS ( ID, ACTIVE, FK_RIGHT, FK_EMPLOYEE ) VALUES ( 
460, 1, 30, 542); 
INSERT INTO ACCESS_RIGHTS ( ID, ACTIVE, FK_RIGHT, FK_EMPLOYEE ) VALUES ( 
461, 1, 31, 542); 
INSERT INTO ACCESS_RIGHTS ( ID, ACTIVE, FK_RIGHT, FK_EMPLOYEE ) VALUES ( 
462, 1, 32, 542); 
INSERT INTO ACCESS_RIGHTS ( ID, ACTIVE, FK_RIGHT, FK_EMPLOYEE ) VALUES ( 
463, 1, 33, 542); 
INSERT INTO ACCESS_RIGHTS ( ID, ACTIVE, FK_RIGHT, FK_EMPLOYEE ) VALUES ( 
464, 1, 34, 542); 
INSERT INTO ACCESS_RIGHTS ( ID, ACTIVE, FK_RIGHT, FK_EMPLOYEE ) VALUES ( 
465, 1, 35, 542); 
INSERT INTO ACCESS_RIGHTS ( ID, ACTIVE, FK_RIGHT, FK_EMPLOYEE ) VALUES ( 
466, 1, 36, 542); 
INSERT INTO ACCESS_RIGHTS ( ID, ACTIVE, FK_RIGHT, FK_EMPLOYEE ) VALUES ( 
467, 1, 37, 542); 
INSERT INTO ACCESS_RIGHTS ( ID, ACTIVE, FK_RIGHT, FK_EMPLOYEE ) VALUES ( 
468, 1, 38, 542); 
INSERT INTO ACCESS_RIGHTS ( ID, ACTIVE, FK_RIGHT, FK_EMPLOYEE ) VALUES ( 
469, 1, 39, 542); 
INSERT INTO ACCESS_RIGHTS ( ID, ACTIVE, FK_RIGHT, FK_EMPLOYEE ) VALUES ( 
470, 1, 40, 542); 
INSERT INTO ACCESS_RIGHTS ( ID, ACTIVE, FK_RIGHT, FK_EMPLOYEE ) VALUES ( 
471, 0, 41, 542); 
INSERT INTO ACCESS_RIGHTS ( ID, ACTIVE, FK_RIGHT, FK_EMPLOYEE ) VALUES ( 
472, 0, 42, 542); 
INSERT INTO ACCESS_RIGHTS ( ID, ACTIVE, FK_RIGHT, FK_EMPLOYEE ) VALUES ( 
474, 0, 1, 543); 
INSERT INTO ACCESS_RIGHTS ( ID, ACTIVE, FK_RIGHT, FK_EMPLOYEE ) VALUES ( 
475, 1, 2, 543); 
INSERT INTO ACCESS_RIGHTS ( ID, ACTIVE, FK_RIGHT, FK_EMPLOYEE ) VALUES ( 
476, 1, 3, 543); 
INSERT INTO ACCESS_RIGHTS ( ID, ACTIVE, FK_RIGHT, FK_EMPLOYEE ) VALUES ( 
477, 1, 4, 543); 
INSERT INTO ACCESS_RIGHTS ( ID, ACTIVE, FK_RIGHT, FK_EMPLOYEE ) VALUES ( 
478, 1, 5, 543); 
INSERT INTO ACCESS_RIGHTS ( ID, ACTIVE, FK_RIGHT, FK_EMPLOYEE ) VALUES ( 
479, 1, 6, 543); 
INSERT INTO ACCESS_RIGHTS ( ID, ACTIVE, FK_RIGHT, FK_EMPLOYEE ) VALUES ( 
480, 0, 7, 543); 
INSERT INTO ACCESS_RIGHTS ( ID, ACTIVE, FK_RIGHT, FK_EMPLOYEE ) VALUES ( 
481, 1, 8, 543); 
INSERT INTO ACCESS_RIGHTS ( ID, ACTIVE, FK_RIGHT, FK_EMPLOYEE ) VALUES ( 
482, 1, 9, 543); 
INSERT INTO ACCESS_RIGHTS ( ID, ACTIVE, FK_RIGHT, FK_EMPLOYEE ) VALUES ( 
483, 1, 10, 543); 
INSERT INTO ACCESS_RIGHTS ( ID, ACTIVE, FK_RIGHT, FK_EMPLOYEE ) VALUES ( 
484, 1, 11, 543); 
INSERT INTO ACCESS_RIGHTS ( ID, ACTIVE, FK_RIGHT, FK_EMPLOYEE ) VALUES ( 
485, 1, 12, 543); 
INSERT INTO ACCESS_RIGHTS ( ID, ACTIVE, FK_RIGHT, FK_EMPLOYEE ) VALUES ( 
486, 1, 13, 543); 
INSERT INTO ACCESS_RIGHTS ( ID, ACTIVE, FK_RIGHT, FK_EMPLOYEE ) VALUES ( 
487, 1, 14, 543); 
INSERT INTO ACCESS_RIGHTS ( ID, ACTIVE, FK_RIGHT, FK_EMPLOYEE ) VALUES ( 
488, 1, 15, 543); 
INSERT INTO ACCESS_RIGHTS ( ID, ACTIVE, FK_RIGHT, FK_EMPLOYEE ) VALUES ( 
489, 1, 16, 543); 
INSERT INTO ACCESS_RIGHTS ( ID, ACTIVE, FK_RIGHT, FK_EMPLOYEE ) VALUES ( 
490, 1, 17, 543); 
INSERT INTO ACCESS_RIGHTS ( ID, ACTIVE, FK_RIGHT, FK_EMPLOYEE ) VALUES ( 
491, 1, 18, 543); 
INSERT INTO ACCESS_RIGHTS ( ID, ACTIVE, FK_RIGHT, FK_EMPLOYEE ) VALUES ( 
492, 1, 19, 543); 
INSERT INTO ACCESS_RIGHTS ( ID, ACTIVE, FK_RIGHT, FK_EMPLOYEE ) VALUES ( 
493, 1, 20, 543); 
INSERT INTO ACCESS_RIGHTS ( ID, ACTIVE, FK_RIGHT, FK_EMPLOYEE ) VALUES ( 
494, 1, 21, 543); 
INSERT INTO ACCESS_RIGHTS ( ID, ACTIVE, FK_RIGHT, FK_EMPLOYEE ) VALUES ( 
495, 0, 22, 543); 
INSERT INTO ACCESS_RIGHTS ( ID, ACTIVE, FK_RIGHT, FK_EMPLOYEE ) VALUES ( 
496, 0, 23, 543); 
INSERT INTO ACCESS_RIGHTS ( ID, ACTIVE, FK_RIGHT, FK_EMPLOYEE ) VALUES ( 
497, 0, 24, 543); 
INSERT INTO ACCESS_RIGHTS ( ID, ACTIVE, FK_RIGHT, FK_EMPLOYEE ) VALUES ( 
498, 0, 25, 543); 
INSERT INTO ACCESS_RIGHTS ( ID, ACTIVE, FK_RIGHT, FK_EMPLOYEE ) VALUES ( 
499, 0, 26, 543); 
INSERT INTO ACCESS_RIGHTS ( ID, ACTIVE, FK_RIGHT, FK_EMPLOYEE ) VALUES ( 
500, 0, 27, 543); 
INSERT INTO ACCESS_RIGHTS ( ID, ACTIVE, FK_RIGHT, FK_EMPLOYEE ) VALUES ( 
501, 0, 28, 543); 
INSERT INTO ACCESS_RIGHTS ( ID, ACTIVE, FK_RIGHT, FK_EMPLOYEE ) VALUES ( 
502, 0, 29, 543); 
INSERT INTO ACCESS_RIGHTS ( ID, ACTIVE, FK_RIGHT, FK_EMPLOYEE ) VALUES ( 
503, 1, 30, 543); 
INSERT INTO ACCESS_RIGHTS ( ID, ACTIVE, FK_RIGHT, FK_EMPLOYEE ) VALUES ( 
504, 1, 31, 543); 
INSERT INTO ACCESS_RIGHTS ( ID, ACTIVE, FK_RIGHT, FK_EMPLOYEE ) VALUES ( 
505, 1, 32, 543); 
INSERT INTO ACCESS_RIGHTS ( ID, ACTIVE, FK_RIGHT, FK_EMPLOYEE ) VALUES ( 
506, 1, 33, 543); 
INSERT INTO ACCESS_RIGHTS ( ID, ACTIVE, FK_RIGHT, FK_EMPLOYEE ) VALUES ( 
507, 1, 34, 543); 
INSERT INTO ACCESS_RIGHTS ( ID, ACTIVE, FK_RIGHT, FK_EMPLOYEE ) VALUES ( 
508, 1, 35, 543); 
INSERT INTO ACCESS_RIGHTS ( ID, ACTIVE, FK_RIGHT, FK_EMPLOYEE ) VALUES ( 
509, 1, 36, 543); 
INSERT INTO ACCESS_RIGHTS ( ID, ACTIVE, FK_RIGHT, FK_EMPLOYEE ) VALUES ( 
510, 1, 37, 543); 
INSERT INTO ACCESS_RIGHTS ( ID, ACTIVE, FK_RIGHT, FK_EMPLOYEE ) VALUES ( 
511, 1, 38, 543); 
INSERT INTO ACCESS_RIGHTS ( ID, ACTIVE, FK_RIGHT, FK_EMPLOYEE ) VALUES ( 
512, 0, 39, 543); 
INSERT INTO ACCESS_RIGHTS ( ID, ACTIVE, FK_RIGHT, FK_EMPLOYEE ) VALUES ( 
513, 0, 40, 543); 
INSERT INTO ACCESS_RIGHTS ( ID, ACTIVE, FK_RIGHT, FK_EMPLOYEE ) VALUES ( 
514, 0, 41, 543); 
INSERT INTO ACCESS_RIGHTS ( ID, ACTIVE, FK_RIGHT, FK_EMPLOYEE ) VALUES ( 
515, 0, 42, 543); 
INSERT INTO ACCESS_RIGHTS ( ID, ACTIVE, FK_RIGHT, FK_EMPLOYEE ) VALUES ( 
517, 1, 1, 544); 
INSERT INTO ACCESS_RIGHTS ( ID, ACTIVE, FK_RIGHT, FK_EMPLOYEE ) VALUES ( 
518, 1, 2, 544); 
INSERT INTO ACCESS_RIGHTS ( ID, ACTIVE, FK_RIGHT, FK_EMPLOYEE ) VALUES ( 
519, 1, 3, 544); 
INSERT INTO ACCESS_RIGHTS ( ID, ACTIVE, FK_RIGHT, FK_EMPLOYEE ) VALUES ( 
520, 1, 4, 544); 
INSERT INTO ACCESS_RIGHTS ( ID, ACTIVE, FK_RIGHT, FK_EMPLOYEE ) VALUES ( 
521, 1, 5, 544); 
INSERT INTO ACCESS_RIGHTS ( ID, ACTIVE, FK_RIGHT, FK_EMPLOYEE ) VALUES ( 
522, 1, 6, 544); 
INSERT INTO ACCESS_RIGHTS ( ID, ACTIVE, FK_RIGHT, FK_EMPLOYEE ) VALUES ( 
523, 1, 7, 544); 
INSERT INTO ACCESS_RIGHTS ( ID, ACTIVE, FK_RIGHT, FK_EMPLOYEE ) VALUES ( 
524, 1, 8, 544); 
INSERT INTO ACCESS_RIGHTS ( ID, ACTIVE, FK_RIGHT, FK_EMPLOYEE ) VALUES ( 
525, 1, 9, 544); 
INSERT INTO ACCESS_RIGHTS ( ID, ACTIVE, FK_RIGHT, FK_EMPLOYEE ) VALUES ( 
526, 1, 10, 544); 
INSERT INTO ACCESS_RIGHTS ( ID, ACTIVE, FK_RIGHT, FK_EMPLOYEE ) VALUES ( 
527, 1, 11, 544); 
INSERT INTO ACCESS_RIGHTS ( ID, ACTIVE, FK_RIGHT, FK_EMPLOYEE ) VALUES ( 
528, 1, 12, 544); 
INSERT INTO ACCESS_RIGHTS ( ID, ACTIVE, FK_RIGHT, FK_EMPLOYEE ) VALUES ( 
529, 1, 13, 544); 
INSERT INTO ACCESS_RIGHTS ( ID, ACTIVE, FK_RIGHT, FK_EMPLOYEE ) VALUES ( 
530, 1, 14, 544); 
INSERT INTO ACCESS_RIGHTS ( ID, ACTIVE, FK_RIGHT, FK_EMPLOYEE ) VALUES ( 
531, 1, 15, 544); 
INSERT INTO ACCESS_RIGHTS ( ID, ACTIVE, FK_RIGHT, FK_EMPLOYEE ) VALUES ( 
532, 1, 16, 544); 
INSERT INTO ACCESS_RIGHTS ( ID, ACTIVE, FK_RIGHT, FK_EMPLOYEE ) VALUES ( 
533, 1, 17, 544); 
INSERT INTO ACCESS_RIGHTS ( ID, ACTIVE, FK_RIGHT, FK_EMPLOYEE ) VALUES ( 
534, 1, 18, 544); 
INSERT INTO ACCESS_RIGHTS ( ID, ACTIVE, FK_RIGHT, FK_EMPLOYEE ) VALUES ( 
535, 1, 19, 544); 
INSERT INTO ACCESS_RIGHTS ( ID, ACTIVE, FK_RIGHT, FK_EMPLOYEE ) VALUES ( 
536, 1, 20, 544); 
INSERT INTO ACCESS_RIGHTS ( ID, ACTIVE, FK_RIGHT, FK_EMPLOYEE ) VALUES ( 
537, 1, 21, 544); 
INSERT INTO ACCESS_RIGHTS ( ID, ACTIVE, FK_RIGHT, FK_EMPLOYEE ) VALUES ( 
538, 1, 22, 544); 
INSERT INTO ACCESS_RIGHTS ( ID, ACTIVE, FK_RIGHT, FK_EMPLOYEE ) VALUES ( 
539, 1, 23, 544); 
INSERT INTO ACCESS_RIGHTS ( ID, ACTIVE, FK_RIGHT, FK_EMPLOYEE ) VALUES ( 
540, 1, 24, 544); 
INSERT INTO ACCESS_RIGHTS ( ID, ACTIVE, FK_RIGHT, FK_EMPLOYEE ) VALUES ( 
541, 1, 25, 544); 
INSERT INTO ACCESS_RIGHTS ( ID, ACTIVE, FK_RIGHT, FK_EMPLOYEE ) VALUES ( 
542, 1, 26, 544); 
INSERT INTO ACCESS_RIGHTS ( ID, ACTIVE, FK_RIGHT, FK_EMPLOYEE ) VALUES ( 
543, 1, 27, 544); 
INSERT INTO ACCESS_RIGHTS ( ID, ACTIVE, FK_RIGHT, FK_EMPLOYEE ) VALUES ( 
544, 1, 28, 544); 
INSERT INTO ACCESS_RIGHTS ( ID, ACTIVE, FK_RIGHT, FK_EMPLOYEE ) VALUES ( 
545, 1, 29, 544); 
INSERT INTO ACCESS_RIGHTS ( ID, ACTIVE, FK_RIGHT, FK_EMPLOYEE ) VALUES ( 
546, 1, 30, 544); 
INSERT INTO ACCESS_RIGHTS ( ID, ACTIVE, FK_RIGHT, FK_EMPLOYEE ) VALUES ( 
547, 1, 31, 544); 
INSERT INTO ACCESS_RIGHTS ( ID, ACTIVE, FK_RIGHT, FK_EMPLOYEE ) VALUES ( 
548, 1, 32, 544); 
INSERT INTO ACCESS_RIGHTS ( ID, ACTIVE, FK_RIGHT, FK_EMPLOYEE ) VALUES ( 
549, 1, 33, 544); 
INSERT INTO ACCESS_RIGHTS ( ID, ACTIVE, FK_RIGHT, FK_EMPLOYEE ) VALUES ( 
550, 1, 34, 544); 
INSERT INTO ACCESS_RIGHTS ( ID, ACTIVE, FK_RIGHT, FK_EMPLOYEE ) VALUES ( 
551, 1, 35, 544); 
INSERT INTO ACCESS_RIGHTS ( ID, ACTIVE, FK_RIGHT, FK_EMPLOYEE ) VALUES ( 
552, 1, 36, 544); 
INSERT INTO ACCESS_RIGHTS ( ID, ACTIVE, FK_RIGHT, FK_EMPLOYEE ) VALUES ( 
553, 1, 37, 544); 
INSERT INTO ACCESS_RIGHTS ( ID, ACTIVE, FK_RIGHT, FK_EMPLOYEE ) VALUES ( 
554, 1, 38, 544); 
INSERT INTO ACCESS_RIGHTS ( ID, ACTIVE, FK_RIGHT, FK_EMPLOYEE ) VALUES ( 
555, 1, 39, 544); 
INSERT INTO ACCESS_RIGHTS ( ID, ACTIVE, FK_RIGHT, FK_EMPLOYEE ) VALUES ( 
556, 1, 40, 544); 
INSERT INTO ACCESS_RIGHTS ( ID, ACTIVE, FK_RIGHT, FK_EMPLOYEE ) VALUES ( 
557, 0, 41, 544); 
INSERT INTO ACCESS_RIGHTS ( ID, ACTIVE, FK_RIGHT, FK_EMPLOYEE ) VALUES ( 
558, 0, 42, 544); 
INSERT INTO ACCESS_RIGHTS ( ID, ACTIVE, FK_RIGHT, FK_EMPLOYEE ) VALUES ( 
560, 0, 1, 545); 
INSERT INTO ACCESS_RIGHTS ( ID, ACTIVE, FK_RIGHT, FK_EMPLOYEE ) VALUES ( 
561, 1, 2, 545); 
INSERT INTO ACCESS_RIGHTS ( ID, ACTIVE, FK_RIGHT, FK_EMPLOYEE ) VALUES ( 
562, 1, 3, 545); 
INSERT INTO ACCESS_RIGHTS ( ID, ACTIVE, FK_RIGHT, FK_EMPLOYEE ) VALUES ( 
563, 1, 4, 545); 
INSERT INTO ACCESS_RIGHTS ( ID, ACTIVE, FK_RIGHT, FK_EMPLOYEE ) VALUES ( 
564, 1, 5, 545); 
INSERT INTO ACCESS_RIGHTS ( ID, ACTIVE, FK_RIGHT, FK_EMPLOYEE ) VALUES ( 
565, 1, 6, 545); 
INSERT INTO ACCESS_RIGHTS ( ID, ACTIVE, FK_RIGHT, FK_EMPLOYEE ) VALUES ( 
566, 1, 7, 545); 
INSERT INTO ACCESS_RIGHTS ( ID, ACTIVE, FK_RIGHT, FK_EMPLOYEE ) VALUES ( 
567, 1, 8, 545); 
INSERT INTO ACCESS_RIGHTS ( ID, ACTIVE, FK_RIGHT, FK_EMPLOYEE ) VALUES ( 
568, 1, 9, 545); 
INSERT INTO ACCESS_RIGHTS ( ID, ACTIVE, FK_RIGHT, FK_EMPLOYEE ) VALUES ( 
569, 1, 10, 545); 
INSERT INTO ACCESS_RIGHTS ( ID, ACTIVE, FK_RIGHT, FK_EMPLOYEE ) VALUES ( 
570, 1, 11, 545); 
INSERT INTO ACCESS_RIGHTS ( ID, ACTIVE, FK_RIGHT, FK_EMPLOYEE ) VALUES ( 
571, 1, 12, 545); 
INSERT INTO ACCESS_RIGHTS ( ID, ACTIVE, FK_RIGHT, FK_EMPLOYEE ) VALUES ( 
572, 1, 13, 545); 
INSERT INTO ACCESS_RIGHTS ( ID, ACTIVE, FK_RIGHT, FK_EMPLOYEE ) VALUES ( 
573, 1, 14, 545); 
INSERT INTO ACCESS_RIGHTS ( ID, ACTIVE, FK_RIGHT, FK_EMPLOYEE ) VALUES ( 
574, 1, 15, 545); 
INSERT INTO ACCESS_RIGHTS ( ID, ACTIVE, FK_RIGHT, FK_EMPLOYEE ) VALUES ( 
575, 1, 16, 545); 
INSERT INTO ACCESS_RIGHTS ( ID, ACTIVE, FK_RIGHT, FK_EMPLOYEE ) VALUES ( 
576, 1, 17, 545); 
INSERT INTO ACCESS_RIGHTS ( ID, ACTIVE, FK_RIGHT, FK_EMPLOYEE ) VALUES ( 
577, 1, 18, 545); 
INSERT INTO ACCESS_RIGHTS ( ID, ACTIVE, FK_RIGHT, FK_EMPLOYEE ) VALUES ( 
578, 1, 19, 545); 
INSERT INTO ACCESS_RIGHTS ( ID, ACTIVE, FK_RIGHT, FK_EMPLOYEE ) VALUES ( 
579, 1, 20, 545); 
INSERT INTO ACCESS_RIGHTS ( ID, ACTIVE, FK_RIGHT, FK_EMPLOYEE ) VALUES ( 
580, 1, 21, 545); 
INSERT INTO ACCESS_RIGHTS ( ID, ACTIVE, FK_RIGHT, FK_EMPLOYEE ) VALUES ( 
581, 1, 22, 545); 
INSERT INTO ACCESS_RIGHTS ( ID, ACTIVE, FK_RIGHT, FK_EMPLOYEE ) VALUES ( 
582, 1, 23, 545); 
INSERT INTO ACCESS_RIGHTS ( ID, ACTIVE, FK_RIGHT, FK_EMPLOYEE ) VALUES ( 
583, 1, 24, 545); 
INSERT INTO ACCESS_RIGHTS ( ID, ACTIVE, FK_RIGHT, FK_EMPLOYEE ) VALUES ( 
584, 1, 25, 545); 
INSERT INTO ACCESS_RIGHTS ( ID, ACTIVE, FK_RIGHT, FK_EMPLOYEE ) VALUES ( 
585, 1, 26, 545); 
INSERT INTO ACCESS_RIGHTS ( ID, ACTIVE, FK_RIGHT, FK_EMPLOYEE ) VALUES ( 
586, 1, 27, 545); 
INSERT INTO ACCESS_RIGHTS ( ID, ACTIVE, FK_RIGHT, FK_EMPLOYEE ) VALUES ( 
587, 1, 28, 545); 
INSERT INTO ACCESS_RIGHTS ( ID, ACTIVE, FK_RIGHT, FK_EMPLOYEE ) VALUES ( 
588, 0, 29, 545); 
INSERT INTO ACCESS_RIGHTS ( ID, ACTIVE, FK_RIGHT, FK_EMPLOYEE ) VALUES ( 
589, 1, 30, 545); 
INSERT INTO ACCESS_RIGHTS ( ID, ACTIVE, FK_RIGHT, FK_EMPLOYEE ) VALUES ( 
590, 1, 31, 545); 
INSERT INTO ACCESS_RIGHTS ( ID, ACTIVE, FK_RIGHT, FK_EMPLOYEE ) VALUES ( 
591, 1, 32, 545); 
INSERT INTO ACCESS_RIGHTS ( ID, ACTIVE, FK_RIGHT, FK_EMPLOYEE ) VALUES ( 
592, 1, 33, 545); 
INSERT INTO ACCESS_RIGHTS ( ID, ACTIVE, FK_RIGHT, FK_EMPLOYEE ) VALUES ( 
593, 1, 34, 545); 
INSERT INTO ACCESS_RIGHTS ( ID, ACTIVE, FK_RIGHT, FK_EMPLOYEE ) VALUES ( 
594, 1, 35, 545); 
INSERT INTO ACCESS_RIGHTS ( ID, ACTIVE, FK_RIGHT, FK_EMPLOYEE ) VALUES ( 
595, 1, 36, 545); 
INSERT INTO ACCESS_RIGHTS ( ID, ACTIVE, FK_RIGHT, FK_EMPLOYEE ) VALUES ( 
596, 1, 37, 545); 
INSERT INTO ACCESS_RIGHTS ( ID, ACTIVE, FK_RIGHT, FK_EMPLOYEE ) VALUES ( 
597, 1, 38, 545); 
INSERT INTO ACCESS_RIGHTS ( ID, ACTIVE, FK_RIGHT, FK_EMPLOYEE ) VALUES ( 
598, 1, 39, 545); 
INSERT INTO ACCESS_RIGHTS ( ID, ACTIVE, FK_RIGHT, FK_EMPLOYEE ) VALUES ( 
599, 1, 40, 545); 
INSERT INTO ACCESS_RIGHTS ( ID, ACTIVE, FK_RIGHT, FK_EMPLOYEE ) VALUES ( 
600, 0, 41, 545); 
INSERT INTO ACCESS_RIGHTS ( ID, ACTIVE, FK_RIGHT, FK_EMPLOYEE ) VALUES ( 
601, 0, 42, 545); 
INSERT INTO ACCESS_RIGHTS ( ID, ACTIVE, FK_RIGHT, FK_EMPLOYEE ) VALUES ( 
603, 1, 1, 546); 
INSERT INTO ACCESS_RIGHTS ( ID, ACTIVE, FK_RIGHT, FK_EMPLOYEE ) VALUES ( 
604, 1, 2, 546); 
INSERT INTO ACCESS_RIGHTS ( ID, ACTIVE, FK_RIGHT, FK_EMPLOYEE ) VALUES ( 
605, 1, 3, 546); 
INSERT INTO ACCESS_RIGHTS ( ID, ACTIVE, FK_RIGHT, FK_EMPLOYEE ) VALUES ( 
606, 1, 4, 546); 
INSERT INTO ACCESS_RIGHTS ( ID, ACTIVE, FK_RIGHT, FK_EMPLOYEE ) VALUES ( 
607, 1, 5, 546); 
INSERT INTO ACCESS_RIGHTS ( ID, ACTIVE, FK_RIGHT, FK_EMPLOYEE ) VALUES ( 
608, 1, 6, 546); 
INSERT INTO ACCESS_RIGHTS ( ID, ACTIVE, FK_RIGHT, FK_EMPLOYEE ) VALUES ( 
609, 1, 7, 546); 
INSERT INTO ACCESS_RIGHTS ( ID, ACTIVE, FK_RIGHT, FK_EMPLOYEE ) VALUES ( 
610, 1, 8, 546); 
INSERT INTO ACCESS_RIGHTS ( ID, ACTIVE, FK_RIGHT, FK_EMPLOYEE ) VALUES ( 
611, 1, 9, 546); 
INSERT INTO ACCESS_RIGHTS ( ID, ACTIVE, FK_RIGHT, FK_EMPLOYEE ) VALUES ( 
612, 1, 10, 546); 
INSERT INTO ACCESS_RIGHTS ( ID, ACTIVE, FK_RIGHT, FK_EMPLOYEE ) VALUES ( 
613, 1, 11, 546); 
INSERT INTO ACCESS_RIGHTS ( ID, ACTIVE, FK_RIGHT, FK_EMPLOYEE ) VALUES ( 
614, 1, 12, 546); 
INSERT INTO ACCESS_RIGHTS ( ID, ACTIVE, FK_RIGHT, FK_EMPLOYEE ) VALUES ( 
615, 1, 13, 546); 
INSERT INTO ACCESS_RIGHTS ( ID, ACTIVE, FK_RIGHT, FK_EMPLOYEE ) VALUES ( 
616, 1, 14, 546); 
INSERT INTO ACCESS_RIGHTS ( ID, ACTIVE, FK_RIGHT, FK_EMPLOYEE ) VALUES ( 
617, 1, 15, 546); 
INSERT INTO ACCESS_RIGHTS ( ID, ACTIVE, FK_RIGHT, FK_EMPLOYEE ) VALUES ( 
618, 1, 16, 546); 
INSERT INTO ACCESS_RIGHTS ( ID, ACTIVE, FK_RIGHT, FK_EMPLOYEE ) VALUES ( 
619, 1, 17, 546); 
INSERT INTO ACCESS_RIGHTS ( ID, ACTIVE, FK_RIGHT, FK_EMPLOYEE ) VALUES ( 
620, 1, 18, 546); 
INSERT INTO ACCESS_RIGHTS ( ID, ACTIVE, FK_RIGHT, FK_EMPLOYEE ) VALUES ( 
621, 1, 19, 546); 
INSERT INTO ACCESS_RIGHTS ( ID, ACTIVE, FK_RIGHT, FK_EMPLOYEE ) VALUES ( 
622, 1, 20, 546); 
INSERT INTO ACCESS_RIGHTS ( ID, ACTIVE, FK_RIGHT, FK_EMPLOYEE ) VALUES ( 
623, 1, 21, 546); 
INSERT INTO ACCESS_RIGHTS ( ID, ACTIVE, FK_RIGHT, FK_EMPLOYEE ) VALUES ( 
624, 1, 22, 546); 
INSERT INTO ACCESS_RIGHTS ( ID, ACTIVE, FK_RIGHT, FK_EMPLOYEE ) VALUES ( 
625, 1, 23, 546); 
INSERT INTO ACCESS_RIGHTS ( ID, ACTIVE, FK_RIGHT, FK_EMPLOYEE ) VALUES ( 
626, 1, 24, 546); 
INSERT INTO ACCESS_RIGHTS ( ID, ACTIVE, FK_RIGHT, FK_EMPLOYEE ) VALUES ( 
627, 1, 25, 546); 
INSERT INTO ACCESS_RIGHTS ( ID, ACTIVE, FK_RIGHT, FK_EMPLOYEE ) VALUES ( 
628, 1, 26, 546); 
INSERT INTO ACCESS_RIGHTS ( ID, ACTIVE, FK_RIGHT, FK_EMPLOYEE ) VALUES ( 
629, 1, 27, 546); 
INSERT INTO ACCESS_RIGHTS ( ID, ACTIVE, FK_RIGHT, FK_EMPLOYEE ) VALUES ( 
630, 1, 28, 546); 
INSERT INTO ACCESS_RIGHTS ( ID, ACTIVE, FK_RIGHT, FK_EMPLOYEE ) VALUES ( 
631, 1, 29, 546); 
INSERT INTO ACCESS_RIGHTS ( ID, ACTIVE, FK_RIGHT, FK_EMPLOYEE ) VALUES ( 
632, 1, 30, 546); 
INSERT INTO ACCESS_RIGHTS ( ID, ACTIVE, FK_RIGHT, FK_EMPLOYEE ) VALUES ( 
633, 1, 31, 546); 
INSERT INTO ACCESS_RIGHTS ( ID, ACTIVE, FK_RIGHT, FK_EMPLOYEE ) VALUES ( 
634, 1, 32, 546); 
INSERT INTO ACCESS_RIGHTS ( ID, ACTIVE, FK_RIGHT, FK_EMPLOYEE ) VALUES ( 
635, 1, 33, 546); 
INSERT INTO ACCESS_RIGHTS ( ID, ACTIVE, FK_RIGHT, FK_EMPLOYEE ) VALUES ( 
636, 1, 34, 546); 
INSERT INTO ACCESS_RIGHTS ( ID, ACTIVE, FK_RIGHT, FK_EMPLOYEE ) VALUES ( 
637, 1, 35, 546); 
INSERT INTO ACCESS_RIGHTS ( ID, ACTIVE, FK_RIGHT, FK_EMPLOYEE ) VALUES ( 
638, 1, 36, 546); 
INSERT INTO ACCESS_RIGHTS ( ID, ACTIVE, FK_RIGHT, FK_EMPLOYEE ) VALUES ( 
639, 1, 37, 546); 
INSERT INTO ACCESS_RIGHTS ( ID, ACTIVE, FK_RIGHT, FK_EMPLOYEE ) VALUES ( 
640, 1, 38, 546); 
INSERT INTO ACCESS_RIGHTS ( ID, ACTIVE, FK_RIGHT, FK_EMPLOYEE ) VALUES ( 
641, 1, 39, 546); 
INSERT INTO ACCESS_RIGHTS ( ID, ACTIVE, FK_RIGHT, FK_EMPLOYEE ) VALUES ( 
642, 1, 40, 546); 
INSERT INTO ACCESS_RIGHTS ( ID, ACTIVE, FK_RIGHT, FK_EMPLOYEE ) VALUES ( 
643, 0, 41, 546); 
INSERT INTO ACCESS_RIGHTS ( ID, ACTIVE, FK_RIGHT, FK_EMPLOYEE ) VALUES ( 
644, 0, 42, 546); 
INSERT INTO ACCESS_RIGHTS ( ID, ACTIVE, FK_RIGHT, FK_EMPLOYEE ) VALUES ( 
646, 1, 1, 547); 
INSERT INTO ACCESS_RIGHTS ( ID, ACTIVE, FK_RIGHT, FK_EMPLOYEE ) VALUES ( 
647, 1, 2, 547); 
INSERT INTO ACCESS_RIGHTS ( ID, ACTIVE, FK_RIGHT, FK_EMPLOYEE ) VALUES ( 
648, 1, 3, 547); 
INSERT INTO ACCESS_RIGHTS ( ID, ACTIVE, FK_RIGHT, FK_EMPLOYEE ) VALUES ( 
649, 1, 4, 547); 
INSERT INTO ACCESS_RIGHTS ( ID, ACTIVE, FK_RIGHT, FK_EMPLOYEE ) VALUES ( 
650, 1, 5, 547); 
INSERT INTO ACCESS_RIGHTS ( ID, ACTIVE, FK_RIGHT, FK_EMPLOYEE ) VALUES ( 
651, 1, 6, 547); 
INSERT INTO ACCESS_RIGHTS ( ID, ACTIVE, FK_RIGHT, FK_EMPLOYEE ) VALUES ( 
652, 1, 7, 547); 
INSERT INTO ACCESS_RIGHTS ( ID, ACTIVE, FK_RIGHT, FK_EMPLOYEE ) VALUES ( 
653, 1, 8, 547); 
INSERT INTO ACCESS_RIGHTS ( ID, ACTIVE, FK_RIGHT, FK_EMPLOYEE ) VALUES ( 
654, 1, 9, 547); 
INSERT INTO ACCESS_RIGHTS ( ID, ACTIVE, FK_RIGHT, FK_EMPLOYEE ) VALUES ( 
655, 1, 10, 547); 
INSERT INTO ACCESS_RIGHTS ( ID, ACTIVE, FK_RIGHT, FK_EMPLOYEE ) VALUES ( 
656, 1, 11, 547); 
INSERT INTO ACCESS_RIGHTS ( ID, ACTIVE, FK_RIGHT, FK_EMPLOYEE ) VALUES ( 
657, 1, 12, 547); 
INSERT INTO ACCESS_RIGHTS ( ID, ACTIVE, FK_RIGHT, FK_EMPLOYEE ) VALUES ( 
658, 1, 13, 547); 
INSERT INTO ACCESS_RIGHTS ( ID, ACTIVE, FK_RIGHT, FK_EMPLOYEE ) VALUES ( 
659, 1, 14, 547); 
INSERT INTO ACCESS_RIGHTS ( ID, ACTIVE, FK_RIGHT, FK_EMPLOYEE ) VALUES ( 
660, 1, 15, 547); 
INSERT INTO ACCESS_RIGHTS ( ID, ACTIVE, FK_RIGHT, FK_EMPLOYEE ) VALUES ( 
661, 1, 16, 547); 
INSERT INTO ACCESS_RIGHTS ( ID, ACTIVE, FK_RIGHT, FK_EMPLOYEE ) VALUES ( 
662, 1, 17, 547); 
INSERT INTO ACCESS_RIGHTS ( ID, ACTIVE, FK_RIGHT, FK_EMPLOYEE ) VALUES ( 
663, 1, 18, 547); 
INSERT INTO ACCESS_RIGHTS ( ID, ACTIVE, FK_RIGHT, FK_EMPLOYEE ) VALUES ( 
664, 1, 19, 547); 
INSERT INTO ACCESS_RIGHTS ( ID, ACTIVE, FK_RIGHT, FK_EMPLOYEE ) VALUES ( 
665, 1, 20, 547); 
INSERT INTO ACCESS_RIGHTS ( ID, ACTIVE, FK_RIGHT, FK_EMPLOYEE ) VALUES ( 
666, 1, 21, 547); 
INSERT INTO ACCESS_RIGHTS ( ID, ACTIVE, FK_RIGHT, FK_EMPLOYEE ) VALUES ( 
667, 1, 22, 547); 
INSERT INTO ACCESS_RIGHTS ( ID, ACTIVE, FK_RIGHT, FK_EMPLOYEE ) VALUES ( 
668, 1, 23, 547); 
INSERT INTO ACCESS_RIGHTS ( ID, ACTIVE, FK_RIGHT, FK_EMPLOYEE ) VALUES ( 
669, 1, 24, 547); 
INSERT INTO ACCESS_RIGHTS ( ID, ACTIVE, FK_RIGHT, FK_EMPLOYEE ) VALUES ( 
670, 1, 25, 547); 
INSERT INTO ACCESS_RIGHTS ( ID, ACTIVE, FK_RIGHT, FK_EMPLOYEE ) VALUES ( 
671, 1, 26, 547); 
INSERT INTO ACCESS_RIGHTS ( ID, ACTIVE, FK_RIGHT, FK_EMPLOYEE ) VALUES ( 
672, 1, 27, 547); 
INSERT INTO ACCESS_RIGHTS ( ID, ACTIVE, FK_RIGHT, FK_EMPLOYEE ) VALUES ( 
673, 1, 28, 547); 
INSERT INTO ACCESS_RIGHTS ( ID, ACTIVE, FK_RIGHT, FK_EMPLOYEE ) VALUES ( 
674, 1, 29, 547); 
INSERT INTO ACCESS_RIGHTS ( ID, ACTIVE, FK_RIGHT, FK_EMPLOYEE ) VALUES ( 
675, 1, 30, 547); 
INSERT INTO ACCESS_RIGHTS ( ID, ACTIVE, FK_RIGHT, FK_EMPLOYEE ) VALUES ( 
676, 1, 31, 547); 
INSERT INTO ACCESS_RIGHTS ( ID, ACTIVE, FK_RIGHT, FK_EMPLOYEE ) VALUES ( 
677, 1, 32, 547); 
INSERT INTO ACCESS_RIGHTS ( ID, ACTIVE, FK_RIGHT, FK_EMPLOYEE ) VALUES ( 
678, 1, 33, 547); 
INSERT INTO ACCESS_RIGHTS ( ID, ACTIVE, FK_RIGHT, FK_EMPLOYEE ) VALUES ( 
679, 1, 34, 547); 
INSERT INTO ACCESS_RIGHTS ( ID, ACTIVE, FK_RIGHT, FK_EMPLOYEE ) VALUES ( 
680, 1, 35, 547); 
INSERT INTO ACCESS_RIGHTS ( ID, ACTIVE, FK_RIGHT, FK_EMPLOYEE ) VALUES ( 
681, 1, 36, 547); 
INSERT INTO ACCESS_RIGHTS ( ID, ACTIVE, FK_RIGHT, FK_EMPLOYEE ) VALUES ( 
682, 1, 37, 547); 
INSERT INTO ACCESS_RIGHTS ( ID, ACTIVE, FK_RIGHT, FK_EMPLOYEE ) VALUES ( 
683, 1, 38, 547); 
INSERT INTO ACCESS_RIGHTS ( ID, ACTIVE, FK_RIGHT, FK_EMPLOYEE ) VALUES ( 
684, 1, 39, 547); 
INSERT INTO ACCESS_RIGHTS ( ID, ACTIVE, FK_RIGHT, FK_EMPLOYEE ) VALUES ( 
685, 1, 40, 547); 
INSERT INTO ACCESS_RIGHTS ( ID, ACTIVE, FK_RIGHT, FK_EMPLOYEE ) VALUES ( 
686, 0, 41, 547); 
INSERT INTO ACCESS_RIGHTS ( ID, ACTIVE, FK_RIGHT, FK_EMPLOYEE ) VALUES ( 
687, 1, 42, 547); 
INSERT INTO ACCESS_RIGHTS ( ID, ACTIVE, FK_RIGHT, FK_EMPLOYEE ) VALUES ( 
689, 1, 1, 548); 
INSERT INTO ACCESS_RIGHTS ( ID, ACTIVE, FK_RIGHT, FK_EMPLOYEE ) VALUES ( 
690, 1, 2, 548); 
INSERT INTO ACCESS_RIGHTS ( ID, ACTIVE, FK_RIGHT, FK_EMPLOYEE ) VALUES ( 
691, 1, 3, 548); 
INSERT INTO ACCESS_RIGHTS ( ID, ACTIVE, FK_RIGHT, FK_EMPLOYEE ) VALUES ( 
692, 1, 4, 548); 
INSERT INTO ACCESS_RIGHTS ( ID, ACTIVE, FK_RIGHT, FK_EMPLOYEE ) VALUES ( 
693, 1, 5, 548); 
INSERT INTO ACCESS_RIGHTS ( ID, ACTIVE, FK_RIGHT, FK_EMPLOYEE ) VALUES ( 
694, 1, 6, 548); 
INSERT INTO ACCESS_RIGHTS ( ID, ACTIVE, FK_RIGHT, FK_EMPLOYEE ) VALUES ( 
695, 1, 7, 548); 
INSERT INTO ACCESS_RIGHTS ( ID, ACTIVE, FK_RIGHT, FK_EMPLOYEE ) VALUES ( 
696, 1, 8, 548); 
INSERT INTO ACCESS_RIGHTS ( ID, ACTIVE, FK_RIGHT, FK_EMPLOYEE ) VALUES ( 
697, 1, 9, 548); 
INSERT INTO ACCESS_RIGHTS ( ID, ACTIVE, FK_RIGHT, FK_EMPLOYEE ) VALUES ( 
698, 1, 10, 548); 
INSERT INTO ACCESS_RIGHTS ( ID, ACTIVE, FK_RIGHT, FK_EMPLOYEE ) VALUES ( 
699, 1, 11, 548); 
INSERT INTO ACCESS_RIGHTS ( ID, ACTIVE, FK_RIGHT, FK_EMPLOYEE ) VALUES ( 
700, 1, 12, 548); 
INSERT INTO ACCESS_RIGHTS ( ID, ACTIVE, FK_RIGHT, FK_EMPLOYEE ) VALUES ( 
701, 1, 13, 548); 
INSERT INTO ACCESS_RIGHTS ( ID, ACTIVE, FK_RIGHT, FK_EMPLOYEE ) VALUES ( 
702, 1, 14, 548); 
INSERT INTO ACCESS_RIGHTS ( ID, ACTIVE, FK_RIGHT, FK_EMPLOYEE ) VALUES ( 
703, 1, 15, 548); 
INSERT INTO ACCESS_RIGHTS ( ID, ACTIVE, FK_RIGHT, FK_EMPLOYEE ) VALUES ( 
704, 1, 16, 548); 
INSERT INTO ACCESS_RIGHTS ( ID, ACTIVE, FK_RIGHT, FK_EMPLOYEE ) VALUES ( 
705, 1, 17, 548); 
INSERT INTO ACCESS_RIGHTS ( ID, ACTIVE, FK_RIGHT, FK_EMPLOYEE ) VALUES ( 
706, 1, 18, 548); 
INSERT INTO ACCESS_RIGHTS ( ID, ACTIVE, FK_RIGHT, FK_EMPLOYEE ) VALUES ( 
707, 1, 19, 548); 
INSERT INTO ACCESS_RIGHTS ( ID, ACTIVE, FK_RIGHT, FK_EMPLOYEE ) VALUES ( 
708, 1, 20, 548); 
INSERT INTO ACCESS_RIGHTS ( ID, ACTIVE, FK_RIGHT, FK_EMPLOYEE ) VALUES ( 
709, 1, 21, 548); 
INSERT INTO ACCESS_RIGHTS ( ID, ACTIVE, FK_RIGHT, FK_EMPLOYEE ) VALUES ( 
710, 1, 22, 548); 
INSERT INTO ACCESS_RIGHTS ( ID, ACTIVE, FK_RIGHT, FK_EMPLOYEE ) VALUES ( 
711, 1, 23, 548); 
INSERT INTO ACCESS_RIGHTS ( ID, ACTIVE, FK_RIGHT, FK_EMPLOYEE ) VALUES ( 
712, 1, 24, 548); 
INSERT INTO ACCESS_RIGHTS ( ID, ACTIVE, FK_RIGHT, FK_EMPLOYEE ) VALUES ( 
713, 1, 25, 548); 
INSERT INTO ACCESS_RIGHTS ( ID, ACTIVE, FK_RIGHT, FK_EMPLOYEE ) VALUES ( 
714, 1, 26, 548); 
INSERT INTO ACCESS_RIGHTS ( ID, ACTIVE, FK_RIGHT, FK_EMPLOYEE ) VALUES ( 
715, 1, 27, 548); 
INSERT INTO ACCESS_RIGHTS ( ID, ACTIVE, FK_RIGHT, FK_EMPLOYEE ) VALUES ( 
716, 1, 28, 548); 
INSERT INTO ACCESS_RIGHTS ( ID, ACTIVE, FK_RIGHT, FK_EMPLOYEE ) VALUES ( 
717, 1, 29, 548); 
INSERT INTO ACCESS_RIGHTS ( ID, ACTIVE, FK_RIGHT, FK_EMPLOYEE ) VALUES ( 
718, 1, 30, 548); 
INSERT INTO ACCESS_RIGHTS ( ID, ACTIVE, FK_RIGHT, FK_EMPLOYEE ) VALUES ( 
719, 1, 31, 548); 
INSERT INTO ACCESS_RIGHTS ( ID, ACTIVE, FK_RIGHT, FK_EMPLOYEE ) VALUES ( 
720, 1, 32, 548); 
INSERT INTO ACCESS_RIGHTS ( ID, ACTIVE, FK_RIGHT, FK_EMPLOYEE ) VALUES ( 
721, 1, 33, 548); 
INSERT INTO ACCESS_RIGHTS ( ID, ACTIVE, FK_RIGHT, FK_EMPLOYEE ) VALUES ( 
722, 1, 34, 548); 
INSERT INTO ACCESS_RIGHTS ( ID, ACTIVE, FK_RIGHT, FK_EMPLOYEE ) VALUES ( 
723, 1, 35, 548); 
INSERT INTO ACCESS_RIGHTS ( ID, ACTIVE, FK_RIGHT, FK_EMPLOYEE ) VALUES ( 
724, 1, 36, 548); 
INSERT INTO ACCESS_RIGHTS ( ID, ACTIVE, FK_RIGHT, FK_EMPLOYEE ) VALUES ( 
725, 1, 37, 548); 
INSERT INTO ACCESS_RIGHTS ( ID, ACTIVE, FK_RIGHT, FK_EMPLOYEE ) VALUES ( 
726, 1, 38, 548); 
INSERT INTO ACCESS_RIGHTS ( ID, ACTIVE, FK_RIGHT, FK_EMPLOYEE ) VALUES ( 
727, 1, 39, 548); 
INSERT INTO ACCESS_RIGHTS ( ID, ACTIVE, FK_RIGHT, FK_EMPLOYEE ) VALUES ( 
728, 1, 40, 548); 
INSERT INTO ACCESS_RIGHTS ( ID, ACTIVE, FK_RIGHT, FK_EMPLOYEE ) VALUES ( 
729, 0, 41, 548); 
INSERT INTO ACCESS_RIGHTS ( ID, ACTIVE, FK_RIGHT, FK_EMPLOYEE ) VALUES ( 
730, 0, 42, 548); 
INSERT INTO ACCESS_RIGHTS ( ID, ACTIVE, FK_RIGHT, FK_EMPLOYEE ) VALUES ( 
732, 1, 1, 549); 
INSERT INTO ACCESS_RIGHTS ( ID, ACTIVE, FK_RIGHT, FK_EMPLOYEE ) VALUES ( 
733, 1, 2, 549); 
INSERT INTO ACCESS_RIGHTS ( ID, ACTIVE, FK_RIGHT, FK_EMPLOYEE ) VALUES ( 
734, 1, 3, 549); 
INSERT INTO ACCESS_RIGHTS ( ID, ACTIVE, FK_RIGHT, FK_EMPLOYEE ) VALUES ( 
735, 1, 4, 549); 
INSERT INTO ACCESS_RIGHTS ( ID, ACTIVE, FK_RIGHT, FK_EMPLOYEE ) VALUES ( 
736, 1, 5, 549); 
INSERT INTO ACCESS_RIGHTS ( ID, ACTIVE, FK_RIGHT, FK_EMPLOYEE ) VALUES ( 
737, 1, 6, 549); 
INSERT INTO ACCESS_RIGHTS ( ID, ACTIVE, FK_RIGHT, FK_EMPLOYEE ) VALUES ( 
738, 1, 7, 549); 
INSERT INTO ACCESS_RIGHTS ( ID, ACTIVE, FK_RIGHT, FK_EMPLOYEE ) VALUES ( 
739, 1, 8, 549); 
INSERT INTO ACCESS_RIGHTS ( ID, ACTIVE, FK_RIGHT, FK_EMPLOYEE ) VALUES ( 
740, 1, 9, 549); 
INSERT INTO ACCESS_RIGHTS ( ID, ACTIVE, FK_RIGHT, FK_EMPLOYEE ) VALUES ( 
741, 1, 10, 549); 
INSERT INTO ACCESS_RIGHTS ( ID, ACTIVE, FK_RIGHT, FK_EMPLOYEE ) VALUES ( 
742, 1, 11, 549); 
INSERT INTO ACCESS_RIGHTS ( ID, ACTIVE, FK_RIGHT, FK_EMPLOYEE ) VALUES ( 
743, 1, 12, 549); 
INSERT INTO ACCESS_RIGHTS ( ID, ACTIVE, FK_RIGHT, FK_EMPLOYEE ) VALUES ( 
744, 1, 13, 549); 
INSERT INTO ACCESS_RIGHTS ( ID, ACTIVE, FK_RIGHT, FK_EMPLOYEE ) VALUES ( 
745, 1, 14, 549); 
INSERT INTO ACCESS_RIGHTS ( ID, ACTIVE, FK_RIGHT, FK_EMPLOYEE ) VALUES ( 
746, 1, 15, 549); 
INSERT INTO ACCESS_RIGHTS ( ID, ACTIVE, FK_RIGHT, FK_EMPLOYEE ) VALUES ( 
747, 1, 16, 549); 
INSERT INTO ACCESS_RIGHTS ( ID, ACTIVE, FK_RIGHT, FK_EMPLOYEE ) VALUES ( 
748, 1, 17, 549); 
INSERT INTO ACCESS_RIGHTS ( ID, ACTIVE, FK_RIGHT, FK_EMPLOYEE ) VALUES ( 
749, 1, 18, 549); 
INSERT INTO ACCESS_RIGHTS ( ID, ACTIVE, FK_RIGHT, FK_EMPLOYEE ) VALUES ( 
750, 1, 19, 549); 
INSERT INTO ACCESS_RIGHTS ( ID, ACTIVE, FK_RIGHT, FK_EMPLOYEE ) VALUES ( 
751, 1, 20, 549); 
INSERT INTO ACCESS_RIGHTS ( ID, ACTIVE, FK_RIGHT, FK_EMPLOYEE ) VALUES ( 
752, 1, 21, 549); 
INSERT INTO ACCESS_RIGHTS ( ID, ACTIVE, FK_RIGHT, FK_EMPLOYEE ) VALUES ( 
753, 1, 22, 549); 
INSERT INTO ACCESS_RIGHTS ( ID, ACTIVE, FK_RIGHT, FK_EMPLOYEE ) VALUES ( 
754, 1, 23, 549); 
INSERT INTO ACCESS_RIGHTS ( ID, ACTIVE, FK_RIGHT, FK_EMPLOYEE ) VALUES ( 
755, 1, 24, 549); 
INSERT INTO ACCESS_RIGHTS ( ID, ACTIVE, FK_RIGHT, FK_EMPLOYEE ) VALUES ( 
756, 1, 25, 549); 
INSERT INTO ACCESS_RIGHTS ( ID, ACTIVE, FK_RIGHT, FK_EMPLOYEE ) VALUES ( 
757, 1, 26, 549); 
INSERT INTO ACCESS_RIGHTS ( ID, ACTIVE, FK_RIGHT, FK_EMPLOYEE ) VALUES ( 
758, 1, 27, 549); 
INSERT INTO ACCESS_RIGHTS ( ID, ACTIVE, FK_RIGHT, FK_EMPLOYEE ) VALUES ( 
759, 1, 28, 549); 
INSERT INTO ACCESS_RIGHTS ( ID, ACTIVE, FK_RIGHT, FK_EMPLOYEE ) VALUES ( 
760, 1, 29, 549); 
INSERT INTO ACCESS_RIGHTS ( ID, ACTIVE, FK_RIGHT, FK_EMPLOYEE ) VALUES ( 
761, 1, 30, 549); 
INSERT INTO ACCESS_RIGHTS ( ID, ACTIVE, FK_RIGHT, FK_EMPLOYEE ) VALUES ( 
762, 1, 31, 549); 
INSERT INTO ACCESS_RIGHTS ( ID, ACTIVE, FK_RIGHT, FK_EMPLOYEE ) VALUES ( 
763, 1, 32, 549); 
INSERT INTO ACCESS_RIGHTS ( ID, ACTIVE, FK_RIGHT, FK_EMPLOYEE ) VALUES ( 
764, 1, 33, 549); 
INSERT INTO ACCESS_RIGHTS ( ID, ACTIVE, FK_RIGHT, FK_EMPLOYEE ) VALUES ( 
765, 1, 34, 549); 
INSERT INTO ACCESS_RIGHTS ( ID, ACTIVE, FK_RIGHT, FK_EMPLOYEE ) VALUES ( 
766, 1, 35, 549); 
INSERT INTO ACCESS_RIGHTS ( ID, ACTIVE, FK_RIGHT, FK_EMPLOYEE ) VALUES ( 
767, 1, 36, 549); 
INSERT INTO ACCESS_RIGHTS ( ID, ACTIVE, FK_RIGHT, FK_EMPLOYEE ) VALUES ( 
768, 1, 37, 549); 
INSERT INTO ACCESS_RIGHTS ( ID, ACTIVE, FK_RIGHT, FK_EMPLOYEE ) VALUES ( 
769, 1, 38, 549); 
INSERT INTO ACCESS_RIGHTS ( ID, ACTIVE, FK_RIGHT, FK_EMPLOYEE ) VALUES ( 
770, 1, 39, 549); 
INSERT INTO ACCESS_RIGHTS ( ID, ACTIVE, FK_RIGHT, FK_EMPLOYEE ) VALUES ( 
771, 1, 40, 549); 
INSERT INTO ACCESS_RIGHTS ( ID, ACTIVE, FK_RIGHT, FK_EMPLOYEE ) VALUES ( 
772, 0, 41, 549); 
INSERT INTO ACCESS_RIGHTS ( ID, ACTIVE, FK_RIGHT, FK_EMPLOYEE ) VALUES ( 
773, 0, 42, 549); 
commit;
 
INSERT INTO ACTIVITIES ( ID, STATUS, TODO, VERSION, STARTDATE, UPDATEDATE, ENDDATE, MISSION_ID,
FK_EMPLOYEE, COMMENTS ) VALUES ( 
441, 'CLIENT APPROVAL/REP LETTER', 'TO_REVIEW', 2,  TO_Date( '01/20/2010 12:00:00 AM', 'MM/DD/YYYY HH:MI:SS AM')
, NULL, NULL, 440, 4, 'bla'); 
INSERT INTO ACTIVITIES ( ID, STATUS, TODO, VERSION, STARTDATE, UPDATEDATE, ENDDATE, MISSION_ID,
FK_EMPLOYEE, COMMENTS ) VALUES ( 
506, 'FIELD WORK TO FINALISE', 'TO_REVIEW', 0,  TO_Date( '01/29/2010 12:00:00 AM', 'MM/DD/YYYY HH:MI:SS AM')
, NULL, NULL, 430, 4, NULL); 
INSERT INTO ACTIVITIES ( ID, STATUS, TODO, VERSION, STARTDATE, UPDATEDATE, ENDDATE, MISSION_ID,
FK_EMPLOYEE, COMMENTS ) VALUES ( 
531, 'FIELD WORK TO FINALISE', 'TO_REVIEW', 0,  TO_Date( '02/08/2010 12:00:00 AM', 'MM/DD/YYYY HH:MI:SS AM')
, NULL, NULL, 421, 4, NULL); 
INSERT INTO ACTIVITIES ( ID, STATUS, TODO, VERSION, STARTDATE, UPDATEDATE, ENDDATE, MISSION_ID,
FK_EMPLOYEE, COMMENTS ) VALUES ( 
443, 'FIELD WORK TO FINALISE', 'TO_REVIEW', 0,  TO_Date( '01/20/2010 12:00:00 AM', 'MM/DD/YYYY HH:MI:SS AM')
, NULL, NULL, 440, 545, NULL); 
INSERT INTO ACTIVITIES ( ID, STATUS, TODO, VERSION, STARTDATE, UPDATEDATE, ENDDATE, MISSION_ID,
FK_EMPLOYEE, COMMENTS ) VALUES ( 
570, 'FIELD WORK TO FINALISE', 'TO_REVIEW', 0,  TO_Date( '02/10/2010 12:00:00 AM', 'MM/DD/YYYY HH:MI:SS AM')
, NULL, NULL, 426, 4, NULL); 
INSERT INTO ACTIVITIES ( ID, STATUS, TODO, VERSION, STARTDATE, UPDATEDATE, ENDDATE, MISSION_ID,
FK_EMPLOYEE, COMMENTS ) VALUES ( 
572, 'FIELD WORK TO FINALISE', 'TO_REVIEW', 0,  TO_Date( '02/10/2010 12:00:00 AM', 'MM/DD/YYYY HH:MI:SS AM')
, NULL, NULL, 417, 4, NULL); 
INSERT INTO ACTIVITIES ( ID, STATUS, TODO, VERSION, STARTDATE, UPDATEDATE, ENDDATE, MISSION_ID,
FK_EMPLOYEE, COMMENTS ) VALUES ( 
592, 'FIELD WORK TO FINALISE', 'TO_REVIEW', 0,  TO_Date( '02/10/2010 12:00:00 AM', 'MM/DD/YYYY HH:MI:SS AM')
, NULL, NULL, 433, 4, NULL); 
INSERT INTO ACTIVITIES ( ID, STATUS, TODO, VERSION, STARTDATE, UPDATEDATE, ENDDATE, MISSION_ID,
FK_EMPLOYEE, COMMENTS ) VALUES ( 
630, 'FIELD WORK TO FINALISE', 'TO_REVIEW', 0,  TO_Date( '02/10/2010 12:00:00 AM', 'MM/DD/YYYY HH:MI:SS AM')
, NULL, NULL, 434, 4, NULL); 
commit;
 
INSERT INTO BANKS ( ID, NAME, CODE, ACCOUNT, CONTACTPERSON, CONTACTPERSONEMAIL, CONTACTPERSONPHONE,
CONTACTPERSONFAX, ACTIVE ) VALUES ( 
302, 'Banque et Caisse d''Epargne de l''Etat', 'bceelull', '19556012', 'Hocheid '
, 'hocheid@bcee.lu', '491212', NULL, 1); 
INSERT INTO BANKS ( ID, NAME, CODE, ACCOUNT, CONTACTPERSON, CONTACTPERSONEMAIL, CONTACTPERSONPHONE,
CONTACTPERSONFAX, ACTIVE ) VALUES ( 
303, 'BGL BNP Parisbas', 'BGLLLULL', 'LU945583698', 'Scorpionne', 'scorpionne@bgl.lu'
, '494448', '256365', 1); 
INSERT INTO BANKS ( ID, NAME, CODE, ACCOUNT, CONTACTPERSON, CONTACTPERSONEMAIL, CONTACTPERSONPHONE,
CONTACTPERSONFAX, ACTIVE ) VALUES ( 
242, 'Societe generale', 'SG', 'LU 456987-789444', 'Alan Johns', 'alan.johns@interaudit.lu'
, '4578963210', NULL, 1); 
commit;
 
INSERT INTO BUDGETS ( ID, VERSION, EXP_AMOUNT, REAL_AMOUNT, REP_AMOUNT, COMMENTS, STATUS,
FK_ASSOCIE, FK_CONTRACT, FK_EXERCISE, FK_MANAGER ) VALUES ( 
508, 1, 2240.00000953674, 0, 257.600001096725, 'bla', 'PENDING', 3, 40, 378, 6); 
INSERT INTO BUDGETS ( ID, VERSION, EXP_AMOUNT, REAL_AMOUNT, REP_AMOUNT, COMMENTS, STATUS,
FK_ASSOCIE, FK_CONTRACT, FK_EXERCISE, FK_MANAGER ) VALUES ( 
509, 1, 883.680003762245, 0, 60.4800002574921, 'lmlmlm', 'PENDING', 7, 40, 378, 6); 
INSERT INTO BUDGETS ( ID, VERSION, EXP_AMOUNT, REAL_AMOUNT, REP_AMOUNT, COMMENTS, STATUS,
FK_ASSOCIE, FK_CONTRACT, FK_EXERCISE, FK_MANAGER ) VALUES ( 
379, 3, 13776.000058651, 1500.5, 0, NULL, 'ONGOING', 2, 21, 378, 5); 
INSERT INTO BUDGETS ( ID, VERSION, EXP_AMOUNT, REAL_AMOUNT, REP_AMOUNT, COMMENTS, STATUS,
FK_ASSOCIE, FK_CONTRACT, FK_EXERCISE, FK_MANAGER ) VALUES ( 
380, 2, 16240.0000691414, 0, 0, NULL, 'ONGOING', 7, 2, 378, 4); 
INSERT INTO BUDGETS ( ID, VERSION, EXP_AMOUNT, REAL_AMOUNT, REP_AMOUNT, COMMENTS, STATUS,
FK_ASSOCIE, FK_CONTRACT, FK_EXERCISE, FK_MANAGER ) VALUES ( 
381, 2, 5261.76002240181, 0, 0, NULL, 'ONGOING', 3, 23, 378, 5); 
INSERT INTO BUDGETS ( ID, VERSION, EXP_AMOUNT, REAL_AMOUNT, REP_AMOUNT, COMMENTS, STATUS,
FK_ASSOCIE, FK_CONTRACT, FK_EXERCISE, FK_MANAGER ) VALUES ( 
382, 2, 7825.44003331661, 0, 0, NULL, 'ONGOING', 7, 41, 378, 6); 
INSERT INTO BUDGETS ( ID, VERSION, EXP_AMOUNT, REAL_AMOUNT, REP_AMOUNT, COMMENTS, STATUS,
FK_ASSOCIE, FK_CONTRACT, FK_EXERCISE, FK_MANAGER ) VALUES ( 
383, 2, 6272.00002670288, 0, 0, NULL, 'ONGOING', 3, 36, 378, 6); 
INSERT INTO BUDGETS ( ID, VERSION, EXP_AMOUNT, REAL_AMOUNT, REP_AMOUNT, COMMENTS, STATUS,
FK_ASSOCIE, FK_CONTRACT, FK_EXERCISE, FK_MANAGER ) VALUES ( 
384, 2, 16240.0000691414, 0, 0, NULL, 'ONGOING', 1, 28, 378, 5); 
INSERT INTO BUDGETS ( ID, VERSION, EXP_AMOUNT, REAL_AMOUNT, REP_AMOUNT, COMMENTS, STATUS,
FK_ASSOCIE, FK_CONTRACT, FK_EXERCISE, FK_MANAGER ) VALUES ( 
385, 2, 6720.00002861023, 0, 0, NULL, 'ONGOING', 2, 34, 378, 4); 
INSERT INTO BUDGETS ( ID, VERSION, EXP_AMOUNT, REAL_AMOUNT, REP_AMOUNT, COMMENTS, STATUS,
FK_ASSOCIE, FK_CONTRACT, FK_EXERCISE, FK_MANAGER ) VALUES ( 
386, 2, 13440.0000572205, 0, 0, NULL, 'ONGOING', 2, 1, 378, 5); 
INSERT INTO BUDGETS ( ID, VERSION, EXP_AMOUNT, REAL_AMOUNT, REP_AMOUNT, COMMENTS, STATUS,
FK_ASSOCIE, FK_CONTRACT, FK_EXERCISE, FK_MANAGER ) VALUES ( 
387, 2, 6003.20002555847, 0, 0, NULL, 'ONGOING', 2, 32, 378, 4); 
INSERT INTO BUDGETS ( ID, VERSION, EXP_AMOUNT, REAL_AMOUNT, REP_AMOUNT, COMMENTS, STATUS,
FK_ASSOCIE, FK_CONTRACT, FK_EXERCISE, FK_MANAGER ) VALUES ( 
388, 2, 8960.00003814697, 0, 0, NULL, 'ONGOING', 7, 33, 378, 6); 
INSERT INTO BUDGETS ( ID, VERSION, EXP_AMOUNT, REAL_AMOUNT, REP_AMOUNT, COMMENTS, STATUS,
FK_ASSOCIE, FK_CONTRACT, FK_EXERCISE, FK_MANAGER ) VALUES ( 
389, 2, 5040.00002145767, 0, 0, NULL, 'ONGOING', 7, 22, 378, 4); 
INSERT INTO BUDGETS ( ID, VERSION, EXP_AMOUNT, REAL_AMOUNT, REP_AMOUNT, COMMENTS, STATUS,
FK_ASSOCIE, FK_CONTRACT, FK_EXERCISE, FK_MANAGER ) VALUES ( 
390, 2, 28000.0001192093, 0, 0, NULL, 'ONGOING', 2, 26, 378, 6); 
INSERT INTO BUDGETS ( ID, VERSION, EXP_AMOUNT, REAL_AMOUNT, REP_AMOUNT, COMMENTS, STATUS,
FK_ASSOCIE, FK_CONTRACT, FK_EXERCISE, FK_MANAGER ) VALUES ( 
391, 2, 11058.8800470829, 0, 0, NULL, 'ONGOING', 3, 43, 378, 5); 
INSERT INTO BUDGETS ( ID, VERSION, EXP_AMOUNT, REAL_AMOUNT, REP_AMOUNT, COMMENTS, STATUS,
FK_ASSOCIE, FK_CONTRACT, FK_EXERCISE, FK_MANAGER ) VALUES ( 
392, 2, 6720.00002861023, 0, 0, NULL, 'ONGOING', 1, 30, 378, 4); 
INSERT INTO BUDGETS ( ID, VERSION, EXP_AMOUNT, REAL_AMOUNT, REP_AMOUNT, COMMENTS, STATUS,
FK_ASSOCIE, FK_CONTRACT, FK_EXERCISE, FK_MANAGER ) VALUES ( 
393, 2, 11061.1200470924, 0, 0, NULL, 'ONGOING', 7, 42, 378, 5); 
INSERT INTO BUDGETS ( ID, VERSION, EXP_AMOUNT, REAL_AMOUNT, REP_AMOUNT, COMMENTS, STATUS,
FK_ASSOCIE, FK_CONTRACT, FK_EXERCISE, FK_MANAGER ) VALUES ( 
394, 2, 11054.4000470638, 0, 0, NULL, 'ONGOING', 1, 35, 378, 6); 
INSERT INTO BUDGETS ( ID, VERSION, EXP_AMOUNT, REAL_AMOUNT, REP_AMOUNT, COMMENTS, STATUS,
FK_ASSOCIE, FK_CONTRACT, FK_EXERCISE, FK_MANAGER ) VALUES ( 
395, 2, 5149.76002192497, 0, 0, NULL, 'ONGOING', 3, 24, 378, 4); 
INSERT INTO BUDGETS ( ID, VERSION, EXP_AMOUNT, REAL_AMOUNT, REP_AMOUNT, COMMENTS, STATUS,
FK_ASSOCIE, FK_CONTRACT, FK_EXERCISE, FK_MANAGER ) VALUES ( 
396, 2, 7056.00003004074, 0, 0, NULL, 'ONGOING', 3, 38, 378, 4); 
INSERT INTO BUDGETS ( ID, VERSION, EXP_AMOUNT, REAL_AMOUNT, REP_AMOUNT, COMMENTS, STATUS,
FK_ASSOCIE, FK_CONTRACT, FK_EXERCISE, FK_MANAGER ) VALUES ( 
397, 2, 2240.00000953674, 0, 0, NULL, 'ONGOING', 1, 37, 378, 6); 
INSERT INTO BUDGETS ( ID, VERSION, EXP_AMOUNT, REAL_AMOUNT, REP_AMOUNT, COMMENTS, STATUS,
FK_ASSOCIE, FK_CONTRACT, FK_EXERCISE, FK_MANAGER ) VALUES ( 
398, 2, 9801.12004172802, 0, 0, NULL, 'ONGOING', 1, 40, 378, 5); 
INSERT INTO BUDGETS ( ID, VERSION, EXP_AMOUNT, REAL_AMOUNT, REP_AMOUNT, COMMENTS, STATUS,
FK_ASSOCIE, FK_CONTRACT, FK_EXERCISE, FK_MANAGER ) VALUES ( 
399, 2, 14067.2000598907, 0, 0, NULL, 'ONGOING', 2, 25, 378, 5); 
INSERT INTO BUDGETS ( ID, VERSION, EXP_AMOUNT, REAL_AMOUNT, REP_AMOUNT, COMMENTS, STATUS,
FK_ASSOCIE, FK_CONTRACT, FK_EXERCISE, FK_MANAGER ) VALUES ( 
400, 2, 13440.0000572205, 0, 0, NULL, 'ONGOING', 1, 27, 378, 5); 
INSERT INTO BUDGETS ( ID, VERSION, EXP_AMOUNT, REAL_AMOUNT, REP_AMOUNT, COMMENTS, STATUS,
FK_ASSOCIE, FK_CONTRACT, FK_EXERCISE, FK_MANAGER ) VALUES ( 
401, 2, 17920.0000762939, 0, 0, NULL, 'ONGOING', 1, 44, 378, 5); 
INSERT INTO BUDGETS ( ID, VERSION, EXP_AMOUNT, REAL_AMOUNT, REP_AMOUNT, COMMENTS, STATUS,
FK_ASSOCIE, FK_CONTRACT, FK_EXERCISE, FK_MANAGER ) VALUES ( 
402, 2, 8842.40003764629, 0, 0, NULL, 'ONGOING', 7, 39, 378, 6); 
commit;
 
INSERT INTO CONTRACTS ( ID, REFERENCE, DESCRIPTION, FROMDATE, TODATE, DURATION, LANGUAGE, VAL, CUR,
VERSION, MISSIONTYPE, AGREED, FK_CUSTOMER ) VALUES ( 
1, 'CARYOSSA_1', 'Caryos SA mission',  TO_Date( '01/01/2009 12:00:00 AM', 'MM/DD/YYYY HH:MI:SS AM')
,  TO_Date( '12/31/2010 12:00:00 AM', 'MM/DD/YYYY HH:MI:SS AM'), NULL, 'EN', 12000
, 'EUR', 0, 'REVISION', 0, 15); 
INSERT INTO CONTRACTS ( ID, REFERENCE, DESCRIPTION, FROMDATE, TODATE, DURATION, LANGUAGE, VAL, CUR,
VERSION, MISSIONTYPE, AGREED, FK_CUSTOMER ) VALUES ( 
21, 'ANGLESEACAPITALSA_1', 'ANGLESEA CAPITAL SA',  TO_Date( '01/01/2009 12:00:00 AM', 'MM/DD/YYYY HH:MI:SS AM')
,  TO_Date( '12/31/2010 12:00:00 AM', 'MM/DD/YYYY HH:MI:SS AM'), NULL, 'EN', 12300
, 'EUR', 0, 'CONSOLIDATION', 1, 3); 
INSERT INTO CONTRACTS ( ID, REFERENCE, DESCRIPTION, FROMDATE, TODATE, DURATION, LANGUAGE, VAL, CUR,
VERSION, MISSIONTYPE, AGREED, FK_CUSTOMER ) VALUES ( 
22, 'APKIEFFER_1', 'APKieffer',  TO_Date( '01/01/2009 12:00:00 AM', 'MM/DD/YYYY HH:MI:SS AM')
,  TO_Date( '12/31/2010 12:00:00 AM', 'MM/DD/YYYY HH:MI:SS AM'), NULL, 'FR', 4500
, 'EUR', 0, 'COMMISSAIRE', 1, 14); 
INSERT INTO CONTRACTS ( ID, REFERENCE, DESCRIPTION, FROMDATE, TODATE, DURATION, LANGUAGE, VAL, CUR,
VERSION, MISSIONTYPE, AGREED, FK_CUSTOMER ) VALUES ( 
23, 'BORGLUXEMBOURGSA_1', 'BORG LUXEMBOURG SA',  TO_Date( '01/01/2009 12:00:00 AM', 'MM/DD/YYYY HH:MI:SS AM')
,  TO_Date( '12/31/2010 12:00:00 AM', 'MM/DD/YYYY HH:MI:SS AM'), NULL, 'DE', 4698
, 'EUR', 0, 'REVISION', 1, 653); 
INSERT INTO CONTRACTS ( ID, REFERENCE, DESCRIPTION, FROMDATE, TODATE, DURATION, LANGUAGE, VAL, CUR,
VERSION, MISSIONTYPE, AGREED, FK_CUSTOMER ) VALUES ( 
24, 'COLOGIC_1', 'Cologic',  TO_Date( '01/01/2009 12:00:00 AM', 'MM/DD/YYYY HH:MI:SS AM')
,  TO_Date( '01/01/2011 12:00:00 AM', 'MM/DD/YYYY HH:MI:SS AM'), NULL, 'FR', 4598
, 'EUR', 0, 'RAPPORT_DISTINCT_CAA', 0, 16); 
INSERT INTO CONTRACTS ( ID, REFERENCE, DESCRIPTION, FROMDATE, TODATE, DURATION, LANGUAGE, VAL, CUR,
VERSION, MISSIONTYPE, AGREED, FK_CUSTOMER ) VALUES ( 
25, 'DIMPEXSA_1', 'DIMPEX SA',  TO_Date( '01/01/2009 12:00:00 AM', 'MM/DD/YYYY HH:MI:SS AM')
,  TO_Date( '12/31/2010 12:00:00 AM', 'MM/DD/YYYY HH:MI:SS AM'), NULL, 'DE', 12560
, 'EUR', 0, 'REVISION', 1, 651); 
INSERT INTO CONTRACTS ( ID, REFERENCE, DESCRIPTION, FROMDATE, TODATE, DURATION, LANGUAGE, VAL, CUR,
VERSION, MISSIONTYPE, AGREED, FK_CUSTOMER ) VALUES ( 
26, 'EASYDISTRIBUTIONSA(EXEASYCARSSA)_1', 'Easy Distribution SA (ex EASYCARS SA)'
,  TO_Date( '01/01/2009 12:00:00 AM', 'MM/DD/YYYY HH:MI:SS AM'),  TO_Date( '12/31/2010 12:00:00 AM', 'MM/DD/YYYY HH:MI:SS AM')
, NULL, 'EN', 25000, 'EUR', 0, 'OTHER', 1, 9); 
INSERT INTO CONTRACTS ( ID, REFERENCE, DESCRIPTION, FROMDATE, TODATE, DURATION, LANGUAGE, VAL, CUR,
VERSION, MISSIONTYPE, AGREED, FK_CUSTOMER ) VALUES ( 
27, 'EUROPEANPARLIAMENT-CANTEEN_1', 'EUROPEAN PARLIAMENT-canteen',  TO_Date( '01/01/2009 12:00:00 AM', 'MM/DD/YYYY HH:MI:SS AM')
,  TO_Date( '01/01/2011 12:00:00 AM', 'MM/DD/YYYY HH:MI:SS AM'), NULL, 'DE', 12000
, 'EUR', 0, 'REVISION', 0, 2); 
INSERT INTO CONTRACTS ( ID, REFERENCE, DESCRIPTION, FROMDATE, TODATE, DURATION, LANGUAGE, VAL, CUR,
VERSION, MISSIONTYPE, AGREED, FK_CUSTOMER ) VALUES ( 
28, 'EUROPEANPARLIAMENT-IMPRESTQTRLYREVIEWS_1', 'EUROPEAN PARLIAMENT-Imprest qtrly reviews'
,  TO_Date( '01/01/2009 12:00:00 AM', 'MM/DD/YYYY HH:MI:SS AM'),  TO_Date( '12/31/2010 12:00:00 AM', 'MM/DD/YYYY HH:MI:SS AM')
, NULL, 'FR', 14500, 'EUR', 0, 'COMMISSAIRE', 1, 1); 
INSERT INTO CONTRACTS ( ID, REFERENCE, DESCRIPTION, FROMDATE, TODATE, DURATION, LANGUAGE, VAL, CUR,
VERSION, MISSIONTYPE, AGREED, FK_CUSTOMER ) VALUES ( 
29, 'EUROPEANPARLIAMENT-SUPERMARKET_1', 'EUROPEAN PARLIAMENT-supermarket',  TO_Date( '01/01/2009 12:00:00 AM', 'MM/DD/YYYY HH:MI:SS AM')
,  TO_Date( '01/01/2010 12:00:00 AM', 'MM/DD/YYYY HH:MI:SS AM'), NULL, 'DE', 15600
, 'EUR', 0, 'RAPPORT_DISTINCT_CAA', 1, 4); 
INSERT INTO CONTRACTS ( ID, REFERENCE, DESCRIPTION, FROMDATE, TODATE, DURATION, LANGUAGE, VAL, CUR,
VERSION, MISSIONTYPE, AGREED, FK_CUSTOMER ) VALUES ( 
30, 'GAMETINVESTMENTSA_1', 'GAMET INVESTMENT SA',  TO_Date( '01/01/2009 12:00:00 AM', 'MM/DD/YYYY HH:MI:SS AM')
,  TO_Date( '01/01/2011 12:00:00 AM', 'MM/DD/YYYY HH:MI:SS AM'), NULL, 'DE', 6000
, 'EUR', 0, 'REVISION', 1, 654); 
INSERT INTO CONTRACTS ( ID, REFERENCE, DESCRIPTION, FROMDATE, TODATE, DURATION, LANGUAGE, VAL, CUR,
VERSION, MISSIONTYPE, AGREED, FK_CUSTOMER ) VALUES ( 
32, 'HERMESPARTNERSTRUSTSERVICESSA_1', 'HERMES PARTNERS TRUST SERVICES SA',  TO_Date( '01/04/2009 12:00:00 AM', 'MM/DD/YYYY HH:MI:SS AM')
,  TO_Date( '12/31/2010 12:00:00 AM', 'MM/DD/YYYY HH:MI:SS AM'), NULL, 'FR', 5360
, 'EUR', 0, 'RAPPORT_CONSOLIDATION', 1, 11); 
INSERT INTO CONTRACTS ( ID, REFERENCE, DESCRIPTION, FROMDATE, TODATE, DURATION, LANGUAGE, VAL, CUR,
VERSION, MISSIONTYPE, AGREED, FK_CUSTOMER ) VALUES ( 
33, 'HOLDUNSA_1', 'HOLDUN SA',  TO_Date( '01/01/2009 12:00:00 AM', 'MM/DD/YYYY HH:MI:SS AM')
,  TO_Date( '12/31/2010 12:00:00 AM', 'MM/DD/YYYY HH:MI:SS AM'), NULL, 'FR', 8000
, 'EUR', 0, 'COMMISSAIRE', 1, 6); 
INSERT INTO CONTRACTS ( ID, REFERENCE, DESCRIPTION, FROMDATE, TODATE, DURATION, LANGUAGE, VAL, CUR,
VERSION, MISSIONTYPE, AGREED, FK_CUSTOMER ) VALUES ( 
34, 'HPMC1SRL_1', 'HPMC1 Srl',  TO_Date( '01/01/2009 12:00:00 AM', 'MM/DD/YYYY HH:MI:SS AM')
,  TO_Date( '01/01/2011 12:00:00 AM', 'MM/DD/YYYY HH:MI:SS AM'), NULL, 'EN', 6000
, 'EUR', 0, 'OTHER', 1, 5); 
INSERT INTO CONTRACTS ( ID, REFERENCE, DESCRIPTION, FROMDATE, TODATE, DURATION, LANGUAGE, VAL, CUR,
VERSION, MISSIONTYPE, AGREED, FK_CUSTOMER ) VALUES ( 
35, 'INTRUMACORPORATESERVICESSA_1', 'Intruma Corporate Services SA',  TO_Date( '01/01/2009 12:00:00 AM', 'MM/DD/YYYY HH:MI:SS AM')
,  TO_Date( '01/01/2011 12:00:00 AM', 'MM/DD/YYYY HH:MI:SS AM'), NULL, 'EN', 9870
, 'EUR', 0, 'COMMISSAIRE', 1, 12); 
INSERT INTO CONTRACTS ( ID, REFERENCE, DESCRIPTION, FROMDATE, TODATE, DURATION, LANGUAGE, VAL, CUR,
VERSION, MISSIONTYPE, AGREED, FK_CUSTOMER ) VALUES ( 
36, 'LAURADHOLDING_1', 'Laurad Holding',  TO_Date( '01/01/2009 12:00:00 AM', 'MM/DD/YYYY HH:MI:SS AM')
,  TO_Date( '01/01/2011 12:00:00 AM', 'MM/DD/YYYY HH:MI:SS AM'), NULL, 'DE', 5600
, 'EUR', 0, 'RAPPORT_CONSOLIDATION', 1, 17); 
INSERT INTO CONTRACTS ( ID, REFERENCE, DESCRIPTION, FROMDATE, TODATE, DURATION, LANGUAGE, VAL, CUR,
VERSION, MISSIONTYPE, AGREED, FK_CUSTOMER ) VALUES ( 
37, 'LUXLAITSA_1', 'LUXLAIT SA',  TO_Date( '01/01/2009 12:00:00 AM', 'MM/DD/YYYY HH:MI:SS AM')
,  TO_Date( '01/01/2011 12:00:00 AM', 'MM/DD/YYYY HH:MI:SS AM'), NULL, 'EN', 2000
, 'EUR', 0, 'REVISION', 1, 655); 
INSERT INTO CONTRACTS ( ID, REFERENCE, DESCRIPTION, FROMDATE, TODATE, DURATION, LANGUAGE, VAL, CUR,
VERSION, MISSIONTYPE, AGREED, FK_CUSTOMER ) VALUES ( 
38, 'LUXYSSA_1', 'Luxys SA',  TO_Date( '01/01/2009 12:00:00 AM', 'MM/DD/YYYY HH:MI:SS AM')
,  TO_Date( '01/01/2011 12:00:00 AM', 'MM/DD/YYYY HH:MI:SS AM'), NULL, 'FR', 6300
, 'EUR', 0, 'RAPPORT_CONSOLIDATION', 1, 8); 
INSERT INTO CONTRACTS ( ID, REFERENCE, DESCRIPTION, FROMDATE, TODATE, DURATION, LANGUAGE, VAL, CUR,
VERSION, MISSIONTYPE, AGREED, FK_CUSTOMER ) VALUES ( 
39, 'MATSASA_1', 'MATSA',  TO_Date( '01/01/2009 12:00:00 AM', 'MM/DD/YYYY HH:MI:SS AM')
,  TO_Date( '01/01/2011 12:00:00 AM', 'MM/DD/YYYY HH:MI:SS AM'), NULL, 'DE', 7895
, 'EUR', 0, 'CONSOLIDATION', 1, 18); 
INSERT INTO CONTRACTS ( ID, REFERENCE, DESCRIPTION, FROMDATE, TODATE, DURATION, LANGUAGE, VAL, CUR,
VERSION, MISSIONTYPE, AGREED, FK_CUSTOMER ) VALUES ( 
40, 'PARFIMATSA_1', 'Parfimat SA',  TO_Date( '01/01/2009 12:00:00 AM', 'MM/DD/YYYY HH:MI:SS AM')
,  TO_Date( '01/01/2011 12:00:00 AM', 'MM/DD/YYYY HH:MI:SS AM'), NULL, 'EN', 8751
, 'EUR', 0, 'REVISION', 1, 19); 
INSERT INTO CONTRACTS ( ID, REFERENCE, DESCRIPTION, FROMDATE, TODATE, DURATION, LANGUAGE, VAL, CUR,
VERSION, MISSIONTYPE, AGREED, FK_CUSTOMER ) VALUES ( 
41, 'SABLIEREHEINSA_1', 'SABLIERE HEIN SA',  TO_Date( '01/01/2009 12:00:00 AM', 'MM/DD/YYYY HH:MI:SS AM')
,  TO_Date( '12/31/2010 12:00:00 AM', 'MM/DD/YYYY HH:MI:SS AM'), NULL, 'DE', 6987
, 'EUR', 0, 'REVISION', 1, 650); 
INSERT INTO CONTRACTS ( ID, REFERENCE, DESCRIPTION, FROMDATE, TODATE, DURATION, LANGUAGE, VAL, CUR,
VERSION, MISSIONTYPE, AGREED, FK_CUSTOMER ) VALUES ( 
42, 'SCANCARGOSA_1', 'Scancargo SA',  TO_Date( '01/01/2009 12:00:00 AM', 'MM/DD/YYYY HH:MI:SS AM')
,  TO_Date( '01/01/2011 12:00:00 AM', 'MM/DD/YYYY HH:MI:SS AM'), NULL, 'FR', 9876
, 'EUR', 0, 'REVISION', 1, 7); 
INSERT INTO CONTRACTS ( ID, REFERENCE, DESCRIPTION, FROMDATE, TODATE, DURATION, LANGUAGE, VAL, CUR,
VERSION, MISSIONTYPE, AGREED, FK_CUSTOMER ) VALUES ( 
43, 'SUMMERWINDSA_1', 'Summerwind SA',  TO_Date( '01/01/2009 12:00:00 AM', 'MM/DD/YYYY HH:MI:SS AM')
,  TO_Date( '01/01/2011 12:00:00 AM', 'MM/DD/YYYY HH:MI:SS AM'), NULL, 'EN', 9874
, 'EUR', 0, 'REVISION', 1, 13); 
INSERT INTO CONTRACTS ( ID, REFERENCE, DESCRIPTION, FROMDATE, TODATE, DURATION, LANGUAGE, VAL, CUR,
VERSION, MISSIONTYPE, AGREED, FK_CUSTOMER ) VALUES ( 
44, 'WEISGERBEREXPERTISE_1', 'Weisgerber Expertise',  TO_Date( '01/01/2009 12:00:00 AM', 'MM/DD/YYYY HH:MI:SS AM')
,  TO_Date( '01/01/2011 12:00:00 AM', 'MM/DD/YYYY HH:MI:SS AM'), NULL, 'FR', 16000
, 'EUR', 0, 'CONSOLIDATION', 1, 10); 
INSERT INTO CONTRACTS ( ID, REFERENCE, DESCRIPTION, FROMDATE, TODATE, DURATION, LANGUAGE, VAL, CUR,
VERSION, MISSIONTYPE, AGREED, FK_CUSTOMER ) VALUES ( 
2, 'GULFOILINTERNATIONALLTD_1', 'GULF OIL INTERNATIONAL LTD',  TO_Date( '01/01/2010 12:00:00 AM', 'MM/DD/YYYY HH:MI:SS AM')
,  TO_Date( '12/31/2010 12:00:00 AM', 'MM/DD/YYYY HH:MI:SS AM'), NULL, 'EN', 14500
, 'EUR', 0, 'RAPPORT_CONSOLIDATION', 1, 652); 
commit;
 
INSERT INTO CUSTOMERS ( ID, WEB_ADDRESS, ACTIVE, COUNTRY, MAINADDRESS, MAINBILLINGADDRESS, ACTIVITY,
CREATEDATE, UPDATEDATE, UPDATEDUSER, COMPY_NAME, FAX, PHONE, MOBILE, P_PHONE, P_MOBILE, EMAIL, CODE,
VERSION, FK_ORIGIN, FK_MANAGER, FK_ASSOCIE ) VALUES ( 
4, 'contact@europarl.eu.lu', 1, 'LU', 'Kirchberg', 'Kirchberg', 'EUROPEAN PARLIAMENT-supermarket
'
, NULL, NULL, NULL, 'EUROPEAN PARLIAMENT-supermarket', NULL, '+352 44 10 12 2000'
, NULL, NULL, NULL, 'contact@europarl.eu.lu', '6666', 1, 2, 4, 3); 
INSERT INTO CUSTOMERS ( ID, WEB_ADDRESS, ACTIVE, COUNTRY, MAINADDRESS, MAINBILLINGADDRESS, ACTIVITY,
CREATEDATE, UPDATEDATE, UPDATEDUSER, COMPY_NAME, FAX, PHONE, MOBILE, P_PHONE, P_MOBILE, EMAIL, CODE,
VERSION, FK_ORIGIN, FK_MANAGER, FK_ASSOCIE ) VALUES ( 
6, 'contact@europarl.eu.lu', 1, 'LU', 'Kirchberg', 'Kirchberg', 'HOLDUN SA
', NULL
, NULL, NULL, 'HOLDUN SA', '+352 44 10 12 2000', '+352 44 10 12 2000', NULL, NULL
, NULL, 'contact@europarl.eu.lu', '9280', 0, 4, 6, 7); 
INSERT INTO CUSTOMERS ( ID, WEB_ADDRESS, ACTIVE, COUNTRY, MAINADDRESS, MAINBILLINGADDRESS, ACTIVITY,
CREATEDATE, UPDATEDATE, UPDATEDUSER, COMPY_NAME, FAX, PHONE, MOBILE, P_PHONE, P_MOBILE, EMAIL, CODE,
VERSION, FK_ORIGIN, FK_MANAGER, FK_ASSOCIE ) VALUES ( 
7, 'contact@europarl.eu.lu', 1, 'LU', 'Kirchberg', 'Kirchberg', 'Scancargo SA', NULL
, NULL, NULL, 'Scancargo SA', '+352 44 10 12 2000', '+352 44 10 12 2000', NULL, NULL
, NULL, 'contact@europarl.eu.lu', '9281', 1, 3, 5, 7); 
INSERT INTO CUSTOMERS ( ID, WEB_ADDRESS, ACTIVE, COUNTRY, MAINADDRESS, MAINBILLINGADDRESS, ACTIVITY,
CREATEDATE, UPDATEDATE, UPDATEDUSER, COMPY_NAME, FAX, PHONE, MOBILE, P_PHONE, P_MOBILE, EMAIL, CODE,
VERSION, FK_ORIGIN, FK_MANAGER, FK_ASSOCIE ) VALUES ( 
8, 'Luxys SA', 1, 'LU', 'Kichberg', 'Kichberg', 'Luxys SA
', NULL, NULL, NULL, 'Luxys SA'
, NULL, '+352 44 10 12 2000', NULL, NULL, NULL, 'contact@europarl.eu.lu', '9282', 1
, 5, 4, 3); 
INSERT INTO CUSTOMERS ( ID, WEB_ADDRESS, ACTIVE, COUNTRY, MAINADDRESS, MAINBILLINGADDRESS, ACTIVITY,
CREATEDATE, UPDATEDATE, UPDATEDUSER, COMPY_NAME, FAX, PHONE, MOBILE, P_PHONE, P_MOBILE, EMAIL, CODE,
VERSION, FK_ORIGIN, FK_MANAGER, FK_ASSOCIE ) VALUES ( 
9, 'contact@email.lu', 1, 'LU', 'Kirchberg', 'Kirchberg', 'Easy Distribution SA (ex EASYCARS SA)
'
, NULL, NULL, NULL, 'Easy Distribution SA (ex EASYCARS SA)', '+352 44 10 12 2000'
, '+352 44 10 12 2000', NULL, NULL, NULL, 'contact@email.lu', '9283', 1, 3, 6, 2); 
INSERT INTO CUSTOMERS ( ID, WEB_ADDRESS, ACTIVE, COUNTRY, MAINADDRESS, MAINBILLINGADDRESS, ACTIVITY,
CREATEDATE, UPDATEDATE, UPDATEDUSER, COMPY_NAME, FAX, PHONE, MOBILE, P_PHONE, P_MOBILE, EMAIL, CODE,
VERSION, FK_ORIGIN, FK_MANAGER, FK_ASSOCIE ) VALUES ( 
10, 'contact@email.lu', 1, 'LU', 'Kirchberg', 'Kirchberg', 'Weisgerber Expertise
'
, NULL, NULL, NULL, 'Weisgerber Expertise', '+352 44 10 12 2000', '+352 44 10 12 2000'
, NULL, NULL, NULL, 'contact@email.lu', '9284', 1, 4, 5, 1); 
INSERT INTO CUSTOMERS ( ID, WEB_ADDRESS, ACTIVE, COUNTRY, MAINADDRESS, MAINBILLINGADDRESS, ACTIVITY,
CREATEDATE, UPDATEDATE, UPDATEDUSER, COMPY_NAME, FAX, PHONE, MOBILE, P_PHONE, P_MOBILE, EMAIL, CODE,
VERSION, FK_ORIGIN, FK_MANAGER, FK_ASSOCIE ) VALUES ( 
11, 'contact@email.lu', 1, 'LU', 'Kirchberg', 'Kirchberg', 'HERMES PARTNERS TRUST SERVICES SA
'
, NULL, NULL, NULL, 'HERMES PARTNERS TRUST SERVICES SA', NULL, '+352 44 10 12 20000'
, NULL, NULL, NULL, 'contact@email.lu', '9286', 1, 3, 4, 2); 
INSERT INTO CUSTOMERS ( ID, WEB_ADDRESS, ACTIVE, COUNTRY, MAINADDRESS, MAINBILLINGADDRESS, ACTIVITY,
CREATEDATE, UPDATEDATE, UPDATEDUSER, COMPY_NAME, FAX, PHONE, MOBILE, P_PHONE, P_MOBILE, EMAIL, CODE,
VERSION, FK_ORIGIN, FK_MANAGER, FK_ASSOCIE ) VALUES ( 
12, 'contact@email.lu', 1, 'LU', 'Kirchberg', 'Kirchberg', 'Intruma Corporate Services SA
'
, NULL, NULL, NULL, 'Intruma Corporate Services SA', '+352 44 10 12 20000', '+352 44 10 12 20000'
, NULL, NULL, NULL, 'contact@email.lu', '9287', 1, 3, 6, 1); 
INSERT INTO CUSTOMERS ( ID, WEB_ADDRESS, ACTIVE, COUNTRY, MAINADDRESS, MAINBILLINGADDRESS, ACTIVITY,
CREATEDATE, UPDATEDATE, UPDATEDUSER, COMPY_NAME, FAX, PHONE, MOBILE, P_PHONE, P_MOBILE, EMAIL, CODE,
VERSION, FK_ORIGIN, FK_MANAGER, FK_ASSOCIE ) VALUES ( 
13, 'contact@email.lu', 1, 'LU', 'Kirchberg', 'Kirchberg', 'Summerwind SA
', NULL
, NULL, NULL, 'Summerwind SA', NULL, '+352 44 10 12 2000', NULL, NULL, NULL, 'contact@email.lu'
, '9289', 2, 3, 5, 3); 
INSERT INTO CUSTOMERS ( ID, WEB_ADDRESS, ACTIVE, COUNTRY, MAINADDRESS, MAINBILLINGADDRESS, ACTIVITY,
CREATEDATE, UPDATEDATE, UPDATEDUSER, COMPY_NAME, FAX, PHONE, MOBILE, P_PHONE, P_MOBILE, EMAIL, CODE,
VERSION, FK_ORIGIN, FK_MANAGER, FK_ASSOCIE ) VALUES ( 
14, 'contact@email.fr', 1, 'LU', 'Kirchberg', 'Kirchberg', 'APKieffer
', NULL, NULL
, NULL, 'APKieffer', NULL, '+352 44 10122000', NULL, NULL, NULL, 'contact@email.fr'
, '9290', 1, 3, 4, 7); 
INSERT INTO CUSTOMERS ( ID, WEB_ADDRESS, ACTIVE, COUNTRY, MAINADDRESS, MAINBILLINGADDRESS, ACTIVITY,
CREATEDATE, UPDATEDATE, UPDATEDUSER, COMPY_NAME, FAX, PHONE, MOBILE, P_PHONE, P_MOBILE, EMAIL, CODE,
VERSION, FK_ORIGIN, FK_MANAGER, FK_ASSOCIE ) VALUES ( 
17, NULL, 1, 'LU', 'Metz', 'Metz', 'Laurad Holding
', NULL, NULL, NULL, 'Laurad Holding'
, NULL, '+333 87 96 368542', NULL, NULL, NULL, 'contact@email.fr', '9293', 2, 3, 6
, 3); 
INSERT INTO CUSTOMERS ( ID, WEB_ADDRESS, ACTIVE, COUNTRY, MAINADDRESS, MAINBILLINGADDRESS, ACTIVITY,
CREATEDATE, UPDATEDATE, UPDATEDUSER, COMPY_NAME, FAX, PHONE, MOBILE, P_PHONE, P_MOBILE, EMAIL, CODE,
VERSION, FK_ORIGIN, FK_MANAGER, FK_ASSOCIE ) VALUES ( 
1, 'europarl.eu.lu', 1, 'LU', 'Kirchberg', 'Kirchberg', 'EUROPEAN PARLIAMENT-Imprest qtrly reviews
'
, NULL, NULL, NULL, 'EUROPEAN PARLIAMENT-Imprest qtrly reviews', '+352 44 10 12 2000'
, '+352 44 10 12 2000', NULL, NULL, NULL, 'contact@europarl.eu.lu', '6363', 1, 3, 5
, 1); 
INSERT INTO CUSTOMERS ( ID, WEB_ADDRESS, ACTIVE, COUNTRY, MAINADDRESS, MAINBILLINGADDRESS, ACTIVITY,
CREATEDATE, UPDATEDATE, UPDATEDUSER, COMPY_NAME, FAX, PHONE, MOBILE, P_PHONE, P_MOBILE, EMAIL, CODE,
VERSION, FK_ORIGIN, FK_MANAGER, FK_ASSOCIE ) VALUES ( 
5, 'contact@europarl.eu.lu', 1, 'LU', 'Kirchberg', 'Kirchberg', 'HPMC1 Srl
', NULL
, NULL, NULL, 'HPMC1 Srl', NULL, '+352 44 10 12 2000', NULL, NULL, NULL, 'contact@europarl.eu.lu'
, '9000', 1, 6, 4, 2); 
INSERT INTO CUSTOMERS ( ID, WEB_ADDRESS, ACTIVE, COUNTRY, MAINADDRESS, MAINBILLINGADDRESS, ACTIVITY,
CREATEDATE, UPDATEDATE, UPDATEDUSER, COMPY_NAME, FAX, PHONE, MOBILE, P_PHONE, P_MOBILE, EMAIL, CODE,
VERSION, FK_ORIGIN, FK_MANAGER, FK_ASSOCIE ) VALUES ( 
650, NULL, 1, 'LU', NULL, NULL, 'Fournisseur de sable',  TO_Date( '05/18/2009 12:00:00 AM', 'MM/DD/YYYY HH:MI:SS AM')
,  TO_Date( '05/18/2009 12:00:00 AM', 'MM/DD/YYYY HH:MI:SS AM'), NULL, 'SABLIERE HEIN SA'
, NULL, '20.45.96.369', NULL, NULL, NULL, 'a.marx@sabliere.lu', '10388', 2, 1, 6, 7); 
INSERT INTO CUSTOMERS ( ID, WEB_ADDRESS, ACTIVE, COUNTRY, MAINADDRESS, MAINBILLINGADDRESS, ACTIVITY,
CREATEDATE, UPDATEDATE, UPDATEDUSER, COMPY_NAME, FAX, PHONE, MOBILE, P_PHONE, P_MOBILE, EMAIL, CODE,
VERSION, FK_ORIGIN, FK_MANAGER, FK_ASSOCIE ) VALUES ( 
651, NULL, 1, 'LU', NULL, NULL, 'Fournisseur de sable',  TO_Date( '05/18/2009 12:00:00 AM', 'MM/DD/YYYY HH:MI:SS AM')
,  TO_Date( '05/18/2009 12:00:00 AM', 'MM/DD/YYYY HH:MI:SS AM'), NULL, 'DIMPEX SA'
, NULL, '20.45.96.369', NULL, NULL, NULL, 'a.marx@sabliere.lu', '82633', 2, 2, 5, 2); 
INSERT INTO CUSTOMERS ( ID, WEB_ADDRESS, ACTIVE, COUNTRY, MAINADDRESS, MAINBILLINGADDRESS, ACTIVITY,
CREATEDATE, UPDATEDATE, UPDATEDUSER, COMPY_NAME, FAX, PHONE, MOBILE, P_PHONE, P_MOBILE, EMAIL, CODE,
VERSION, FK_ORIGIN, FK_MANAGER, FK_ASSOCIE ) VALUES ( 
652, NULL, 1, 'LU', NULL, NULL, 'Fournisseur de sable',  TO_Date( '05/18/2009 12:00:00 AM', 'MM/DD/YYYY HH:MI:SS AM')
,  TO_Date( '05/18/2009 12:00:00 AM', 'MM/DD/YYYY HH:MI:SS AM'), NULL, 'GULF OIL INTERNATIONAL LTD'
, NULL, '20.45.96.369', NULL, NULL, NULL, 'a.marx@sabliere.lu', '11261', 3, 3, 4, 7); 
INSERT INTO CUSTOMERS ( ID, WEB_ADDRESS, ACTIVE, COUNTRY, MAINADDRESS, MAINBILLINGADDRESS, ACTIVITY,
CREATEDATE, UPDATEDATE, UPDATEDUSER, COMPY_NAME, FAX, PHONE, MOBILE, P_PHONE, P_MOBILE, EMAIL, CODE,
VERSION, FK_ORIGIN, FK_MANAGER, FK_ASSOCIE ) VALUES ( 
653, NULL, 1, 'LU', NULL, NULL, 'Fournisseur de sable',  TO_Date( '05/18/2009 12:00:00 AM', 'MM/DD/YYYY HH:MI:SS AM')
,  TO_Date( '05/18/2009 12:00:00 AM', 'MM/DD/YYYY HH:MI:SS AM'), NULL, 'BORG LUXEMBOURG SA'
, NULL, '20.45.96.369', NULL, NULL, NULL, 'a.marx@sabliere.lu', '16000', 3, 4, 5, 3); 
INSERT INTO CUSTOMERS ( ID, WEB_ADDRESS, ACTIVE, COUNTRY, MAINADDRESS, MAINBILLINGADDRESS, ACTIVITY,
CREATEDATE, UPDATEDATE, UPDATEDUSER, COMPY_NAME, FAX, PHONE, MOBILE, P_PHONE, P_MOBILE, EMAIL, CODE,
VERSION, FK_ORIGIN, FK_MANAGER, FK_ASSOCIE ) VALUES ( 
654, NULL, 1, 'LU', NULL, NULL, 'Fournisseur de sable',  TO_Date( '05/18/2009 12:00:00 AM', 'MM/DD/YYYY HH:MI:SS AM')
,  TO_Date( '05/18/2009 12:00:00 AM', 'MM/DD/YYYY HH:MI:SS AM'), NULL, 'GAMET INVESTMENT SA'
, NULL, '20.45.96.369', NULL, NULL, NULL, 'a.marx@sabliere.lu', '12084', 2, 5, 4, 1); 
INSERT INTO CUSTOMERS ( ID, WEB_ADDRESS, ACTIVE, COUNTRY, MAINADDRESS, MAINBILLINGADDRESS, ACTIVITY,
CREATEDATE, UPDATEDATE, UPDATEDUSER, COMPY_NAME, FAX, PHONE, MOBILE, P_PHONE, P_MOBILE, EMAIL, CODE,
VERSION, FK_ORIGIN, FK_MANAGER, FK_ASSOCIE ) VALUES ( 
655, NULL, 1, 'LU', NULL, NULL, 'Fournisseur de sable',  TO_Date( '05/18/2009 12:00:00 AM', 'MM/DD/YYYY HH:MI:SS AM')
,  TO_Date( '05/18/2009 12:00:00 AM', 'MM/DD/YYYY HH:MI:SS AM'), NULL, 'LUXLAIT SA'
, NULL, '20.45.96.369', NULL, NULL, NULL, 'a.marx@sabliere.lu', '12085', 2, 6, 6, 1); 
INSERT INTO CUSTOMERS ( ID, WEB_ADDRESS, ACTIVE, COUNTRY, MAINADDRESS, MAINBILLINGADDRESS, ACTIVITY,
CREATEDATE, UPDATEDATE, UPDATEDUSER, COMPY_NAME, FAX, PHONE, MOBILE, P_PHONE, P_MOBILE, EMAIL, CODE,
VERSION, FK_ORIGIN, FK_MANAGER, FK_ASSOCIE ) VALUES ( 
2, '0352 44 10 12 2000', 1, 'LU', 'Kirchberg', 'Kirchberg', 'EUROPEAN PARLIAMENT-canteen
'
, NULL, NULL, NULL, 'EUROPEAN PARLIAMENT-canteen', '0352 44 10 12 2000', '0352 44 10 12 2000'
, NULL, NULL, NULL, 'contact@europarl.eu.lu', '6464', 1, 5, 5, 1); 
INSERT INTO CUSTOMERS ( ID, WEB_ADDRESS, ACTIVE, COUNTRY, MAINADDRESS, MAINBILLINGADDRESS, ACTIVITY,
CREATEDATE, UPDATEDATE, UPDATEDUSER, COMPY_NAME, FAX, PHONE, MOBILE, P_PHONE, P_MOBILE, EMAIL, CODE,
VERSION, FK_ORIGIN, FK_MANAGER, FK_ASSOCIE ) VALUES ( 
3, NULL, 1, 'LU', 'Kirchberg', 'Kirchberg', 'Activity', NULL, NULL, NULL, 'ANGLESEA CAPITAL SA'
, '+352 44 10 12 2000', '+352 44 10 12 2000', NULL, NULL, NULL, 'example@server.lu'
, '6565', 2, 2, 5, 2); 
INSERT INTO CUSTOMERS ( ID, WEB_ADDRESS, ACTIVE, COUNTRY, MAINADDRESS, MAINBILLINGADDRESS, ACTIVITY,
CREATEDATE, UPDATEDATE, UPDATEDUSER, COMPY_NAME, FAX, PHONE, MOBILE, P_PHONE, P_MOBILE, EMAIL, CODE,
VERSION, FK_ORIGIN, FK_MANAGER, FK_ASSOCIE ) VALUES ( 
15, NULL, 1, 'LU', 'Kirchberg', 'Kirchberg', 'Caryos SA', NULL, NULL, NULL, 'Caryos SA'
, NULL, '+352 44 10 12 2000', NULL, NULL, NULL, 'contact.email@wanadoo.fr', '9291'
, 1, 3, 5, 2); 
INSERT INTO CUSTOMERS ( ID, WEB_ADDRESS, ACTIVE, COUNTRY, MAINADDRESS, MAINBILLINGADDRESS, ACTIVITY,
CREATEDATE, UPDATEDATE, UPDATEDUSER, COMPY_NAME, FAX, PHONE, MOBILE, P_PHONE, P_MOBILE, EMAIL, CODE,
VERSION, FK_ORIGIN, FK_MANAGER, FK_ASSOCIE ) VALUES ( 
16, NULL, 1, 'FR', 'Kirchberg', 'Kirchberg', 'Cologic
', NULL, NULL, NULL, 'Cologic'
, NULL, '+ 333 45 96 33210254', NULL, NULL, NULL, 'contact.email@pt.lu', '9292', 1
, 4, 4, 3); 
INSERT INTO CUSTOMERS ( ID, WEB_ADDRESS, ACTIVE, COUNTRY, MAINADDRESS, MAINBILLINGADDRESS, ACTIVITY,
CREATEDATE, UPDATEDATE, UPDATEDUSER, COMPY_NAME, FAX, PHONE, MOBILE, P_PHONE, P_MOBILE, EMAIL, CODE,
VERSION, FK_ORIGIN, FK_MANAGER, FK_ASSOCIE ) VALUES ( 
18, NULL, 1, 'LU', 'Nancy', 'Nancy', 'MATSA SA
', NULL, NULL, NULL, 'MATSA SA', NULL
, '+333 98 75 963210', NULL, NULL, NULL, 'contact@email.fr', '9294', 1, 2, 6, 7); 
INSERT INTO CUSTOMERS ( ID, WEB_ADDRESS, ACTIVE, COUNTRY, MAINADDRESS, MAINBILLINGADDRESS, ACTIVITY,
CREATEDATE, UPDATEDATE, UPDATEDUSER, COMPY_NAME, FAX, PHONE, MOBILE, P_PHONE, P_MOBILE, EMAIL, CODE,
VERSION, FK_ORIGIN, FK_MANAGER, FK_ASSOCIE ) VALUES ( 
19, NULL, 1, 'LU', 'Luxembourg', 'Luxembourg', 'Parfimat SA
', NULL, NULL, NULL, 'Parfimat SA'
, NULL, '+352 44 52 69 78', NULL, NULL, NULL, 'contactemail@sa.kh', '9296', 1, 5, 5
, 1); 
commit;
 
INSERT INTO EMPLOYEES ( ID, VERSION, USERNAME, FIRSTNAME, LASTNAME, JOBTITLE, COUNTRY, PHONE,
MOBILE, PERSONALPHONE, PERSONALMOBILE, EMAIL, WEBADDRESS, PHOTO, CODE, ACTIVE, PASSWORD, LOGIN,
UPDATEUSER, DATE_OF_BIRTH, CREATEDATE, MODIFIEDDATE, ADDRESS, PRIXVENTE, PRIXREVIENT, COUTHORAIRE,
FK_POSITION ) VALUES ( 
181, 1, NULL, 'Valentin', 'Nedeltchev', NULL, 'LU', NULL, NULL, '476846853', '476846853'
, 'valentin.nedeltchev@interaudit.lu', NULL, NULL, 'VN', 1, 'Nedeltchev', 'Nedeltchev'
, NULL,  TO_Date( '11/25/2009 12:00:00 AM', 'MM/DD/YYYY HH:MI:SS AM'),  TO_Date( '11/07/2009 08:07:05 AM', 'MM/DD/YYYY HH:MI:SS AM')
, NULL, 'Glacis', 130, 120, 50, 3); 
INSERT INTO EMPLOYEES ( ID, VERSION, USERNAME, FIRSTNAME, LASTNAME, JOBTITLE, COUNTRY, PHONE,
MOBILE, PERSONALPHONE, PERSONALMOBILE, EMAIL, WEBADDRESS, PHOTO, CODE, ACTIVE, PASSWORD, LOGIN,
UPDATEUSER, DATE_OF_BIRTH, CREATEDATE, MODIFIEDDATE, ADDRESS, PRIXVENTE, PRIXREVIENT, COUTHORAIRE,
FK_POSITION ) VALUES ( 
241, 0, NULL, 'Jonathan', 'Picard', NULL, 'LU', NULL, NULL, '476846853', '476846853'
, 'jonathan.picard@interaudit.lu', NULL, NULL, 'JP', 1, 'picard', 'picard', NULL,  TO_Date( '11/04/2009 12:00:00 AM', 'MM/DD/YYYY HH:MI:SS AM')
,  TO_Date( '11/08/2009 02:26:26 PM', 'MM/DD/YYYY HH:MI:SS AM'), NULL, 'Glacis', 0
, 0, 0, 3); 
INSERT INTO EMPLOYEES ( ID, VERSION, USERNAME, FIRSTNAME, LASTNAME, JOBTITLE, COUNTRY, PHONE,
MOBILE, PERSONALPHONE, PERSONALMOBILE, EMAIL, WEBADDRESS, PHOTO, CODE, ACTIVE, PASSWORD, LOGIN,
UPDATEUSER, DATE_OF_BIRTH, CREATEDATE, MODIFIEDDATE, ADDRESS, PRIXVENTE, PRIXREVIENT, COUTHORAIRE,
FK_POSITION ) VALUES ( 
1, 0, NULL, 'Vincent', 'Dog', NULL, 'LU', NULL, NULL, '476846580', '476846580', 'vincent.dog@interaudit.lu'
, NULL, NULL, 'VD', 1, 'vincentdog', 'vincentdog', NULL,  TO_Date( '11/03/2009 12:00:00 AM', 'MM/DD/YYYY HH:MI:SS AM')
,  TO_Date( '11/01/2009 01:36:19 PM', 'MM/DD/YYYY HH:MI:SS AM'), NULL, 'Glacis', 150
, 150, 100, 4); 
INSERT INTO EMPLOYEES ( ID, VERSION, USERNAME, FIRSTNAME, LASTNAME, JOBTITLE, COUNTRY, PHONE,
MOBILE, PERSONALPHONE, PERSONALMOBILE, EMAIL, WEBADDRESS, PHOTO, CODE, ACTIVE, PASSWORD, LOGIN,
UPDATEUSER, DATE_OF_BIRTH, CREATEDATE, MODIFIEDDATE, ADDRESS, PRIXVENTE, PRIXREVIENT, COUTHORAIRE,
FK_POSITION ) VALUES ( 
2, 0, NULL, 'Edouard', 'Kostka', NULL, 'LU', NULL, NULL, '476879632', '476879632'
, 'edouard.kostka@interausit.lu', NULL, NULL, 'EK', 1, 'edouard', 'ekostka', NULL
,  TO_Date( '11/30/1959 12:00:00 AM', 'MM/DD/YYYY HH:MI:SS AM'),  TO_Date( '11/01/2009 01:38:30 PM', 'MM/DD/YYYY HH:MI:SS AM')
, NULL, 'Glacis', 150, 120, 100, 4); 
INSERT INTO EMPLOYEES ( ID, VERSION, USERNAME, FIRSTNAME, LASTNAME, JOBTITLE, COUNTRY, PHONE,
MOBILE, PERSONALPHONE, PERSONALMOBILE, EMAIL, WEBADDRESS, PHOTO, CODE, ACTIVE, PASSWORD, LOGIN,
UPDATEUSER, DATE_OF_BIRTH, CREATEDATE, MODIFIEDDATE, ADDRESS, PRIXVENTE, PRIXREVIENT, COUTHORAIRE,
FK_POSITION ) VALUES ( 
3, 0, NULL, 'Murielle', 'Badoux', NULL, 'LU', NULL, NULL, '47657896', '47657896', 'murielle.badoux@interaudit.lu'
, NULL, NULL, 'MB', 1, 'badoux', 'badoux', NULL,  TO_Date( '11/10/2009 12:00:00 AM', 'MM/DD/YYYY HH:MI:SS AM')
,  TO_Date( '11/01/2009 01:41:39 PM', 'MM/DD/YYYY HH:MI:SS AM'), NULL, 'Glacis', 120
, 100, 90, 5); 
INSERT INTO EMPLOYEES ( ID, VERSION, USERNAME, FIRSTNAME, LASTNAME, JOBTITLE, COUNTRY, PHONE,
MOBILE, PERSONALPHONE, PERSONALMOBILE, EMAIL, WEBADDRESS, PHOTO, CODE, ACTIVE, PASSWORD, LOGIN,
UPDATEUSER, DATE_OF_BIRTH, CREATEDATE, MODIFIEDDATE, ADDRESS, PRIXVENTE, PRIXREVIENT, COUTHORAIRE,
FK_POSITION ) VALUES ( 
4, 1, NULL, 'Stephane', 'Gaillard', NULL, 'LU', NULL, NULL, '476846589', '476846589'
, 'stephane.gaillard@interaudit.lu', NULL, NULL, 'SG', 1, 'gaillard', 'gaillard', NULL
,  TO_Date( '11/11/2009 12:00:00 AM', 'MM/DD/YYYY HH:MI:SS AM'),  TO_Date( '11/01/2009 01:48:02 PM', 'MM/DD/YYYY HH:MI:SS AM')
, NULL, 'Glacis...Luxembourg', 165, 140, 80, 7); 
INSERT INTO EMPLOYEES ( ID, VERSION, USERNAME, FIRSTNAME, LASTNAME, JOBTITLE, COUNTRY, PHONE,
MOBILE, PERSONALPHONE, PERSONALMOBILE, EMAIL, WEBADDRESS, PHOTO, CODE, ACTIVE, PASSWORD, LOGIN,
UPDATEUSER, DATE_OF_BIRTH, CREATEDATE, MODIFIEDDATE, ADDRESS, PRIXVENTE, PRIXREVIENT, COUTHORAIRE,
FK_POSITION ) VALUES ( 
6, 0, NULL, 'Olivier', 'Jansen', NULL, 'LU', NULL, NULL, '4758963212', '4758963212'
, 'olivier.jansen@interaudit.lu', NULL, NULL, 'OJ', 1, 'jansen', 'jansen', NULL,  TO_Date( '11/27/2009 12:00:00 AM', 'MM/DD/YYYY HH:MI:SS AM')
,  TO_Date( '11/01/2009 01:52:48 PM', 'MM/DD/YYYY HH:MI:SS AM'), NULL, 'Glacis', 120
, 140, 56, 7); 
INSERT INTO EMPLOYEES ( ID, VERSION, USERNAME, FIRSTNAME, LASTNAME, JOBTITLE, COUNTRY, PHONE,
MOBILE, PERSONALPHONE, PERSONALMOBILE, EMAIL, WEBADDRESS, PHOTO, CODE, ACTIVE, PASSWORD, LOGIN,
UPDATEUSER, DATE_OF_BIRTH, CREATEDATE, MODIFIEDDATE, ADDRESS, PRIXVENTE, PRIXREVIENT, COUTHORAIRE,
FK_POSITION ) VALUES ( 
5, 0, NULL, 'Laurent', 'Mariani', NULL, 'LU', NULL, NULL, '476845698', '476845698'
, 'laurent.mariani@interausit.lu', NULL, NULL, 'LM', 1, 'mariani', 'mariani', NULL
,  TO_Date( '11/26/2009 12:00:00 AM', 'MM/DD/YYYY HH:MI:SS AM'),  TO_Date( '11/01/2009 01:50:01 PM', 'MM/DD/YYYY HH:MI:SS AM')
, NULL, 'Glacis...', 170, 150, 100, 7); 
INSERT INTO EMPLOYEES ( ID, VERSION, USERNAME, FIRSTNAME, LASTNAME, JOBTITLE, COUNTRY, PHONE,
MOBILE, PERSONALPHONE, PERSONALMOBILE, EMAIL, WEBADDRESS, PHOTO, CODE, ACTIVE, PASSWORD, LOGIN,
UPDATEUSER, DATE_OF_BIRTH, CREATEDATE, MODIFIEDDATE, ADDRESS, PRIXVENTE, PRIXREVIENT, COUTHORAIRE,
FK_POSITION ) VALUES ( 
7, 0, NULL, 'Olivier', 'Biren', NULL, 'LU', NULL, NULL, '47687596', '47687596', 'olivier.biren@interaudit.lu'
, NULL, NULL, 'OB', 1, 'biren', 'biren', NULL,  TO_Date( '11/05/2009 12:00:00 AM', 'MM/DD/YYYY HH:MI:SS AM')
,  TO_Date( '11/01/2009 02:00:31 PM', 'MM/DD/YYYY HH:MI:SS AM'), NULL, 'Glacis', 170
, 150, 100, 5); 
INSERT INTO EMPLOYEES ( ID, VERSION, USERNAME, FIRSTNAME, LASTNAME, JOBTITLE, COUNTRY, PHONE,
MOBILE, PERSONALPHONE, PERSONALMOBILE, EMAIL, WEBADDRESS, PHOTO, CODE, ACTIVE, PASSWORD, LOGIN,
UPDATEUSER, DATE_OF_BIRTH, CREATEDATE, MODIFIEDDATE, ADDRESS, PRIXVENTE, PRIXREVIENT, COUTHORAIRE,
FK_POSITION ) VALUES ( 
541, 1, NULL, 'Veronique', 'Blocail', NULL, 'FR', NULL, NULL, '476846853', '0698177277'
, 'veronique.blocail@interaudit.lu', NULL, NULL, 'VB', 1, 'blocabe12', 'blocabe', NULL
,  TO_Date( '12/03/2009 12:00:00 AM', 'MM/DD/YYYY HH:MI:SS AM'),  TO_Date( '12/13/2009 05:02:23 PM', 'MM/DD/YYYY HH:MI:SS AM')
, NULL, '11 rue robert parisot 57000 Metz', 150, 120, 100, 6); 
INSERT INTO EMPLOYEES ( ID, VERSION, USERNAME, FIRSTNAME, LASTNAME, JOBTITLE, COUNTRY, PHONE,
MOBILE, PERSONALPHONE, PERSONALMOBILE, EMAIL, WEBADDRESS, PHOTO, CODE, ACTIVE, PASSWORD, LOGIN,
UPDATEUSER, DATE_OF_BIRTH, CREATEDATE, MODIFIEDDATE, ADDRESS, PRIXVENTE, PRIXREVIENT, COUTHORAIRE,
FK_POSITION ) VALUES ( 
544, 1, NULL, 'Phillippe', 'Lemoine', NULL, 'LU', NULL, NULL, '4555', '45644', 'Phillippe.Lemoine@interaudit.lu'
, NULL, NULL, 'PL', 1, 'Lemoine', 'Lemoine', NULL,  TO_Date( '12/01/2009 12:00:00 AM', 'MM/DD/YYYY HH:MI:SS AM')
,  TO_Date( '12/13/2009 05:32:42 PM', 'MM/DD/YYYY HH:MI:SS AM'), NULL, 'Kirchberg'
, 0, 0, 0, 3); 
INSERT INTO EMPLOYEES ( ID, VERSION, USERNAME, FIRSTNAME, LASTNAME, JOBTITLE, COUNTRY, PHONE,
MOBILE, PERSONALPHONE, PERSONALMOBILE, EMAIL, WEBADDRESS, PHOTO, CODE, ACTIVE, PASSWORD, LOGIN,
UPDATEUSER, DATE_OF_BIRTH, CREATEDATE, MODIFIEDDATE, ADDRESS, PRIXVENTE, PRIXREVIENT, COUTHORAIRE,
FK_POSITION ) VALUES ( 
542, 1, NULL, 'Dimitri', 'Hubin', NULL, 'LU', NULL, NULL, '478965', '545454454', 'dimitri.hubin@interaudit.lu'
, NULL, NULL, 'DH', 0, 'Hubin', 'Hubin', NULL,  TO_Date( '12/08/2009 12:00:00 AM', 'MM/DD/YYYY HH:MI:SS AM')
,  TO_Date( '12/13/2009 05:29:35 PM', 'MM/DD/YYYY HH:MI:SS AM'), NULL, 'Kircbherg'
, 455, 120, 89, 3); 
INSERT INTO EMPLOYEES ( ID, VERSION, USERNAME, FIRSTNAME, LASTNAME, JOBTITLE, COUNTRY, PHONE,
MOBILE, PERSONALPHONE, PERSONALMOBILE, EMAIL, WEBADDRESS, PHOTO, CODE, ACTIVE, PASSWORD, LOGIN,
UPDATEUSER, DATE_OF_BIRTH, CREATEDATE, MODIFIEDDATE, ADDRESS, PRIXVENTE, PRIXREVIENT, COUTHORAIRE,
FK_POSITION ) VALUES ( 
543, 1, NULL, 'Calogero', 'Midioni', NULL, 'LU', NULL, NULL, '145639', '145639', 'Calogero.Midioni@interaudit.lu'
, NULL, NULL, 'CM', 1, 'Calogero', 'Calogero', NULL,  TO_Date( '12/17/2009 12:00:00 AM', 'MM/DD/YYYY HH:MI:SS AM')
,  TO_Date( '12/13/2009 05:31:21 PM', 'MM/DD/YYYY HH:MI:SS AM'), NULL, 'Kirchberg'
, 0, 0, 0, 3); 
INSERT INTO EMPLOYEES ( ID, VERSION, USERNAME, FIRSTNAME, LASTNAME, JOBTITLE, COUNTRY, PHONE,
MOBILE, PERSONALPHONE, PERSONALMOBILE, EMAIL, WEBADDRESS, PHOTO, CODE, ACTIVE, PASSWORD, LOGIN,
UPDATEUSER, DATE_OF_BIRTH, CREATEDATE, MODIFIEDDATE, ADDRESS, PRIXVENTE, PRIXREVIENT, COUTHORAIRE,
FK_POSITION ) VALUES ( 
545, 2, NULL, 'Claire', 'Pignot', NULL, 'LU', NULL, NULL, '8878787', '8878787', 'claire.pignot@interaduit.lu'
, NULL, NULL, 'CP', 1, 'Pignot', 'Pignot', NULL,  TO_Date( '12/11/2009 12:00:00 AM', 'MM/DD/YYYY HH:MI:SS AM')
,  TO_Date( '12/13/2009 05:34:08 PM', 'MM/DD/YYYY HH:MI:SS AM'), NULL, 'Kirchberg'
, 130, 120, 90, 3); 
INSERT INTO EMPLOYEES ( ID, VERSION, USERNAME, FIRSTNAME, LASTNAME, JOBTITLE, COUNTRY, PHONE,
MOBILE, PERSONALPHONE, PERSONALMOBILE, EMAIL, WEBADDRESS, PHOTO, CODE, ACTIVE, PASSWORD, LOGIN,
UPDATEUSER, DATE_OF_BIRTH, CREATEDATE, MODIFIEDDATE, ADDRESS, PRIXVENTE, PRIXREVIENT, COUTHORAIRE,
FK_POSITION ) VALUES ( 
546, 0, NULL, 'Lancelot', 'Szraberg', NULL, 'LU', NULL, NULL, '54545454', '7987987989'
, 'Lancelot.Szraberg@interaudit.lu', NULL, NULL, 'LS', 1, 'Szraberg', 'Szraberg', NULL
,  TO_Date( '12/15/2009 12:00:00 AM', 'MM/DD/YYYY HH:MI:SS AM'),  TO_Date( '12/13/2009 05:35:46 PM', 'MM/DD/YYYY HH:MI:SS AM')
, NULL, 'Kirchbreg', 0, 0, 0, 3); 
INSERT INTO EMPLOYEES ( ID, VERSION, USERNAME, FIRSTNAME, LASTNAME, JOBTITLE, COUNTRY, PHONE,
MOBILE, PERSONALPHONE, PERSONALMOBILE, EMAIL, WEBADDRESS, PHOTO, CODE, ACTIVE, PASSWORD, LOGIN,
UPDATEUSER, DATE_OF_BIRTH, CREATEDATE, MODIFIEDDATE, ADDRESS, PRIXVENTE, PRIXREVIENT, COUTHORAIRE,
FK_POSITION ) VALUES ( 
547, 0, NULL, 'Sebastien', 'Radelet', NULL, 'LU', NULL, NULL, '54554', '545454', 'Sebastien.Radelet@interaudit.lu'
, NULL, NULL, 'SR', 1, 'Radelet', 'Radelet', NULL,  TO_Date( '12/02/2009 12:00:00 AM', 'MM/DD/YYYY HH:MI:SS AM')
,  TO_Date( '12/13/2009 05:37:06 PM', 'MM/DD/YYYY HH:MI:SS AM'), NULL, 'Kirchberg'
, 0, 0, 0, 3); 
INSERT INTO EMPLOYEES ( ID, VERSION, USERNAME, FIRSTNAME, LASTNAME, JOBTITLE, COUNTRY, PHONE,
MOBILE, PERSONALPHONE, PERSONALMOBILE, EMAIL, WEBADDRESS, PHOTO, CODE, ACTIVE, PASSWORD, LOGIN,
UPDATEUSER, DATE_OF_BIRTH, CREATEDATE, MODIFIEDDATE, ADDRESS, PRIXVENTE, PRIXREVIENT, COUTHORAIRE,
FK_POSITION ) VALUES ( 
548, 1, NULL, 'Elsa', 'Gaspard', NULL, 'LU', NULL, NULL, '5545454', '87878787', 'Elsa.Gaspard@interaudit.lu'
, NULL, NULL, 'EG', 1, 'Gaspard', 'Gaspard', NULL,  TO_Date( '12/18/2009 12:00:00 AM', 'MM/DD/YYYY HH:MI:SS AM')
,  TO_Date( '12/13/2009 05:38:32 PM', 'MM/DD/YYYY HH:MI:SS AM'), NULL, 'Kirchberg'
, 0, 0, 0, 3); 
INSERT INTO EMPLOYEES ( ID, VERSION, USERNAME, FIRSTNAME, LASTNAME, JOBTITLE, COUNTRY, PHONE,
MOBILE, PERSONALPHONE, PERSONALMOBILE, EMAIL, WEBADDRESS, PHOTO, CODE, ACTIVE, PASSWORD, LOGIN,
UPDATEUSER, DATE_OF_BIRTH, CREATEDATE, MODIFIEDDATE, ADDRESS, PRIXVENTE, PRIXREVIENT, COUTHORAIRE,
FK_POSITION ) VALUES ( 
549, 0, NULL, 'Medhi', 'Zidane', NULL, 'LU', NULL, NULL, '54545454', '5545454', 'Medhi.Zidane@interaudit.lu'
, NULL, NULL, 'MZ', 1, 'Zidane', 'Zidane', NULL,  TO_Date( '12/10/2009 12:00:00 AM', 'MM/DD/YYYY HH:MI:SS AM')
,  TO_Date( '12/13/2009 05:40:00 PM', 'MM/DD/YYYY HH:MI:SS AM'), NULL, 'Kirchberg'
, 0, 0, 0, 3); 
commit;
 
INSERT INTO EVENTS ( ID, YEAR, MONTH, DAY, STARTHOUR, ENDHOUR, TYPE, TITLE, DATEOFEVENT,
FK_EMPLOYEE, FK_MISSION, PRIXVENTE, PRIXREVIENT, COUTHORAIRE ) VALUES ( 
485, 2010, 0, 25, 0, 48, 'CONGE', NULL,  TO_Date( '01/25/2010 10:24:05 AM', 'MM/DD/YYYY HH:MI:SS AM')
, 4, NULL, 165, 140, 80); 
INSERT INTO EVENTS ( ID, YEAR, MONTH, DAY, STARTHOUR, ENDHOUR, TYPE, TITLE, DATEOFEVENT,
FK_EMPLOYEE, FK_MISSION, PRIXVENTE, PRIXREVIENT, COUTHORAIRE ) VALUES ( 
442, 2010, 0, 18, 0, 20, 'ANGLESEA CAPITAL SA', NULL,  TO_Date( '01/18/2010 12:34:02 PM', 'MM/DD/YYYY HH:MI:SS AM')
, 4, 440, 165, 140, 80); 
INSERT INTO EVENTS ( ID, YEAR, MONTH, DAY, STARTHOUR, ENDHOUR, TYPE, TITLE, DATEOFEVENT,
FK_EMPLOYEE, FK_MISSION, PRIXVENTE, PRIXREVIENT, COUTHORAIRE ) VALUES ( 
505, 2010, 0, 27, 0, 10, 'ANGLESEA CAPITAL SA', NULL,  TO_Date( '01/27/2010 04:11:51 PM', 'MM/DD/YYYY HH:MI:SS AM')
, 4, 440, 165, 140, 80); 
INSERT INTO EVENTS ( ID, YEAR, MONTH, DAY, STARTHOUR, ENDHOUR, TYPE, TITLE, DATEOFEVENT,
FK_EMPLOYEE, FK_MISSION, PRIXVENTE, PRIXREVIENT, COUTHORAIRE ) VALUES ( 
444, 2010, 0, 18, 0, 12, 'ANGLESEA CAPITAL SA', NULL,  TO_Date( '01/18/2010 12:34:47 PM', 'MM/DD/YYYY HH:MI:SS AM')
, 545, 440, 130, 120, 90); 
INSERT INTO EVENTS ( ID, YEAR, MONTH, DAY, STARTHOUR, ENDHOUR, TYPE, TITLE, DATEOFEVENT,
FK_EMPLOYEE, FK_MISSION, PRIXVENTE, PRIXREVIENT, COUTHORAIRE ) VALUES ( 
507, 2010, 0, 25, 0, 4, 'BORG LUXEMBOURG SA', NULL,  TO_Date( '01/25/2010 04:13:05 PM', 'MM/DD/YYYY HH:MI:SS AM')
, 4, 430, 165, 140, 80); 
INSERT INTO EVENTS ( ID, YEAR, MONTH, DAY, STARTHOUR, ENDHOUR, TYPE, TITLE, DATEOFEVENT,
FK_EMPLOYEE, FK_MISSION, PRIXVENTE, PRIXREVIENT, COUTHORAIRE ) VALUES ( 
532, 2010, 1, 39, 0, 52, 'Caryos SA', NULL,  TO_Date( '02/08/2010 10:31:44 AM', 'MM/DD/YYYY HH:MI:SS AM')
, 4, 421, 165, 140, 80); 
INSERT INTO EVENTS ( ID, YEAR, MONTH, DAY, STARTHOUR, ENDHOUR, TYPE, TITLE, DATEOFEVENT,
FK_EMPLOYEE, FK_MISSION, PRIXVENTE, PRIXREVIENT, COUTHORAIRE ) VALUES ( 
571, 2010, 0, 11, 0, 52, 'Parfimat SA', NULL,  TO_Date( '01/11/2010 09:53:27 AM', 'MM/DD/YYYY HH:MI:SS AM')
, 4, 426, 165, 140, 80); 
INSERT INTO EVENTS ( ID, YEAR, MONTH, DAY, STARTHOUR, ENDHOUR, TYPE, TITLE, DATEOFEVENT,
FK_EMPLOYEE, FK_MISSION, PRIXVENTE, PRIXREVIENT, COUTHORAIRE ) VALUES ( 
573, 2010, 1, 34, 0, 52, 'Laurad Holding', 'undefined',  TO_Date( '02/03/2010 11:40:36 AM', 'MM/DD/YYYY HH:MI:SS AM')
, 4, 417, 165, 140, 80); 
INSERT INTO EVENTS ( ID, YEAR, MONTH, DAY, STARTHOUR, ENDHOUR, TYPE, TITLE, DATEOFEVENT,
FK_EMPLOYEE, FK_MISSION, PRIXVENTE, PRIXREVIENT, COUTHORAIRE ) VALUES ( 
590, 2010, 1, 41, 0, 52, 'Parfimat SA', NULL,  TO_Date( '02/10/2010 11:38:17 AM', 'MM/DD/YYYY HH:MI:SS AM')
, 4, 426, 165, 140, 80); 
INSERT INTO EVENTS ( ID, YEAR, MONTH, DAY, STARTHOUR, ENDHOUR, TYPE, TITLE, DATEOFEVENT,
FK_EMPLOYEE, FK_MISSION, PRIXVENTE, PRIXREVIENT, COUTHORAIRE ) VALUES ( 
591, 2010, 1, 42, 0, 52, 'CONGE', NULL,  TO_Date( '02/11/2010 11:38:29 AM', 'MM/DD/YYYY HH:MI:SS AM')
, 4, NULL, 165, 140, 80); 
INSERT INTO EVENTS ( ID, YEAR, MONTH, DAY, STARTHOUR, ENDHOUR, TYPE, TITLE, DATEOFEVENT,
FK_EMPLOYEE, FK_MISSION, PRIXVENTE, PRIXREVIENT, COUTHORAIRE ) VALUES ( 
593, 2010, 1, 40, 0, 52, 'HOLDUN SA', NULL,  TO_Date( '02/09/2010 11:38:41 AM', 'MM/DD/YYYY HH:MI:SS AM')
, 4, 433, 165, 140, 80); 
INSERT INTO EVENTS ( ID, YEAR, MONTH, DAY, STARTHOUR, ENDHOUR, TYPE, TITLE, DATEOFEVENT,
FK_EMPLOYEE, FK_MISSION, PRIXVENTE, PRIXREVIENT, COUTHORAIRE ) VALUES ( 
631, 2010, 1, 43, 0, 52, 'Intruma Corporate Services SA', NULL,  TO_Date( '02/12/2010 03:07:02 PM', 'MM/DD/YYYY HH:MI:SS AM')
, 4, 434, 165, 140, 80); 
INSERT INTO EVENTS ( ID, YEAR, MONTH, DAY, STARTHOUR, ENDHOUR, TYPE, TITLE, DATEOFEVENT,
FK_EMPLOYEE, FK_MISSION, PRIXVENTE, PRIXREVIENT, COUTHORAIRE ) VALUES ( 
632, 2010, 1, 35, 0, 52, 'Laurad Holding', NULL,  TO_Date( '02/04/2010 03:10:07 PM', 'MM/DD/YYYY HH:MI:SS AM')
, 4, 417, 165, 140, 80); 
commit;
 
INSERT INTO EXERCISE_OBJECTIFS ( ID, TAUX, ANNUAL, ANNUAL_CO, ROLE, FK_RESPONSABLE,
FK_EXERCISE ) VALUES ( 
403, 0.31630462, 80857.2803442478, 80857.2803442478, 'PARTNER', 1, 378); 
INSERT INTO EXERCISE_OBJECTIFS ( ID, TAUX, ANNUAL, ANNUAL_CO, ROLE, FK_RESPONSABLE,
FK_EXERCISE ) VALUES ( 
404, 0.29979146, 76636.0003262758, 76636.0003262758, 'MANAGER', 6, 378); 
INSERT INTO EXERCISE_OBJECTIFS ( ID, TAUX, ANNUAL, ANNUAL_CO, ROLE, FK_RESPONSABLE,
FK_EXERCISE ) VALUES ( 
405, 0.49315637, 126066.080536723, 126066.080536723, 'MANAGER', 5, 378); 
INSERT INTO EXERCISE_OBJECTIFS ( ID, TAUX, ANNUAL, ANNUAL_CO, ROLE, FK_RESPONSABLE,
FK_EXERCISE ) VALUES ( 
406, 0.22676808, 57968.9602468014, 57968.9602468014, 'PARTNER', 7, 378); 
INSERT INTO EXERCISE_OBJECTIFS ( ID, TAUX, ANNUAL, ANNUAL_CO, ROLE, FK_RESPONSABLE,
FK_EXERCISE ) VALUES ( 
407, 0.32079986, 82006.4003491402, 82006.4003491402, 'PARTNER', 2, 378); 
INSERT INTO EXERCISE_OBJECTIFS ( ID, TAUX, ANNUAL, ANNUAL_CO, ROLE, FK_RESPONSABLE,
FK_EXERCISE ) VALUES ( 
408, 0.20705217, 52928.9602253437, 52928.9602253437, 'MANAGER', 4, 378); 
INSERT INTO EXERCISE_OBJECTIFS ( ID, TAUX, ANNUAL, ANNUAL_CO, ROLE, FK_RESPONSABLE,
FK_EXERCISE ) VALUES ( 
409, 0.13612744, 34798.4001481533, 34798.4001481533, 'PARTNER', 3, 378); 
commit;
 
INSERT INTO EXERCISE_RESULTS ( ID, JAN, FEB, MAR, APR, MAY, JUN, JUL, AUG, SEP, OCT, NOV, DEC, ROLE,
FK_EXERCISE, FK_RESPONSABLE ) VALUES ( 
410, 0, 0, 0, 0, 0, 0, 0, 0, 0, 0, 0, 0, 'PARTNER', 378, 1); 
INSERT INTO EXERCISE_RESULTS ( ID, JAN, FEB, MAR, APR, MAY, JUN, JUL, AUG, SEP, OCT, NOV, DEC, ROLE,
FK_EXERCISE, FK_RESPONSABLE ) VALUES ( 
411, 0, 0, 0, 0, 0, 0, 0, 0, 0, 0, 0, 0, 'PARTNER', 378, 7); 
INSERT INTO EXERCISE_RESULTS ( ID, JAN, FEB, MAR, APR, MAY, JUN, JUL, AUG, SEP, OCT, NOV, DEC, ROLE,
FK_EXERCISE, FK_RESPONSABLE ) VALUES ( 
412, 0, 0, 0, 0, 0, 0, 0, 0, 0, 0, 0, 0, 'PARTNER', 378, 3); 
INSERT INTO EXERCISE_RESULTS ( ID, JAN, FEB, MAR, APR, MAY, JUN, JUL, AUG, SEP, OCT, NOV, DEC, ROLE,
FK_EXERCISE, FK_RESPONSABLE ) VALUES ( 
413, 0, 0, 0, 0, 0, 0, 0, 0, 0, 0, 0, 0, 'MANAGER', 378, 6); 
INSERT INTO EXERCISE_RESULTS ( ID, JAN, FEB, MAR, APR, MAY, JUN, JUL, AUG, SEP, OCT, NOV, DEC, ROLE,
FK_EXERCISE, FK_RESPONSABLE ) VALUES ( 
414, 1500.5, 0, 0, 0, 0, 0, 0, 0, 0, 0, 0, 0, 'PARTNER', 378, 2); 
INSERT INTO EXERCISE_RESULTS ( ID, JAN, FEB, MAR, APR, MAY, JUN, JUL, AUG, SEP, OCT, NOV, DEC, ROLE,
FK_EXERCISE, FK_RESPONSABLE ) VALUES ( 
415, 1500.5, 0, 0, 0, 0, 0, 0, 0, 0, 0, 0, 0, 'MANAGER', 378, 5); 
INSERT INTO EXERCISE_RESULTS ( ID, JAN, FEB, MAR, APR, MAY, JUN, JUL, AUG, SEP, OCT, NOV, DEC, ROLE,
FK_EXERCISE, FK_RESPONSABLE ) VALUES ( 
416, 0, 0, 0, 0, 0, 0, 0, 0, 0, 0, 0, 0, 'MANAGER', 378, 4); 
commit;
 
INSERT INTO EXERCISES ( ID, VERSION, YEAR, STATUS, STARTDATE, ENDDATE, ISAPPPROVED, TOT_EXP_AMOUNT,
INFLATIONPERCENTAGE, TOT_REP_AMOUNT, TOT_REAL_AMOUNT ) VALUES ( 
378, 6, 2010, 'PENDING',  TO_Date( '01/01/2010 12:00:00 AM', 'MM/DD/YYYY HH:MI:SS AM')
,  TO_Date( '12/31/2010 12:00:00 AM', 'MM/DD/YYYY HH:MI:SS AM'), 1, 255312.961086988
, 1, 318.080001354218, 0); 
commit;
 
INSERT INTO INVOICES ( DTYPE, ID, VERSION, TYPE, DATEFACTURE, SENTDATE, DATEOFPAYMENT, CURRENCY,
YEAR, LIBELLE, AMOUNT, REFERENCE, STATUS, TOTALWORKEDHOURS, TOTALADVANCES, TOTALEXTRACOSTS,
FINALBILL_ID, PROJECT_ID ) VALUES ( 
'AdvanceInvoice', 445, 0, 'AD',  TO_Date( '01/20/2010 12:00:00 AM', 'MM/DD/YYYY HH:MI:SS AM')
, NULL, NULL, 'EUR', '2010', 'avance', 1500.5, 'F-20101', 'pending', NULL, NULL, NULL
, NULL, 440); 
commit;
 
INSERT INTO MESSAGE ( ID, SUBJECT, CONTENTS, CREATEDATE, MISSION_ID, FROM_ID, TO_ID, PARENT_ID,
SENTDATE ) VALUES ( 
559, 'document rapport', 'Peux-tu uploader le rapport ',  TO_Date( '02/08/2010 11:40:20 AM', 'MM/DD/YYYY HH:MI:SS AM')
, 421, 4, 4, NULL, NULL); 
commit;
 
INSERT INTO MISSION_COSTS ( ID, VERSION, COSTCODE, DESCRIPTION, AMOUNT, CURRENCY, CREATEDATE,
FINALBILL_ID, OWNER_ID, MISSION_ID ) VALUES ( 
465, 0, 'restaurant', 'restaurant', 120, 'EUR',  TO_Date( '12/01/2011 12:00:00 AM', 'MM/DD/YYYY HH:MI:SS AM')
, NULL, 545, 440); 
commit;
 
INSERT INTO MISSIONS ( ID, EXERCISE, TITLE, REFER, COMMENTS, CREATEDATE, STARTDATE, DUEDATE,
UPDATEDATE, UPDATEDUSER, STATUS, TYP, TOTALCOST, TOTALSCHEDULEDCOST, COUNTSCHEDULEDDAYS, VERSION,
LANGUAGE, ANNUALBUDGET_ID ) VALUES ( 
417, '2010', 'Mission : 9293_2010', '9293_2010', 'Mission : 9293_2010',  TO_Date( '01/20/2010 12:00:00 AM', 'MM/DD/YYYY HH:MI:SS AM')
, NULL, NULL, NULL, NULL, 'PENDING', 'RAPPORT_CONSOLIDATION', 0, 0, 0, 0, 'DE', 383); 
INSERT INTO MISSIONS ( ID, EXERCISE, TITLE, REFER, COMMENTS, CREATEDATE, STARTDATE, DUEDATE,
UPDATEDATE, UPDATEDUSER, STATUS, TYP, TOTALCOST, TOTALSCHEDULEDCOST, COUNTSCHEDULEDDAYS, VERSION,
LANGUAGE, ANNUALBUDGET_ID ) VALUES ( 
418, '2010', 'Mission : 10388_2010', '10388_2010', 'Mission : 10388_2010',  TO_Date( '01/20/2010 12:00:00 AM', 'MM/DD/YYYY HH:MI:SS AM')
, NULL, NULL, NULL, NULL, 'PENDING', 'REVISION', 0, 0, 0, 0, 'DE', 382); 
INSERT INTO MISSIONS ( ID, EXERCISE, TITLE, REFER, COMMENTS, CREATEDATE, STARTDATE, DUEDATE,
UPDATEDATE, UPDATEDUSER, STATUS, TYP, TOTALCOST, TOTALSCHEDULEDCOST, COUNTSCHEDULEDDAYS, VERSION,
LANGUAGE, ANNUALBUDGET_ID ) VALUES ( 
419, '2010', 'Mission : 9289_2010', '9289_2010', 'Mission : 9289_2010',  TO_Date( '01/20/2010 12:00:00 AM', 'MM/DD/YYYY HH:MI:SS AM')
, NULL, NULL, NULL, NULL, 'PENDING', 'REVISION', 0, 0, 0, 0, 'EN', 391); 
INSERT INTO MISSIONS ( ID, EXERCISE, TITLE, REFER, COMMENTS, CREATEDATE, STARTDATE, DUEDATE,
UPDATEDATE, UPDATEDUSER, STATUS, TYP, TOTALCOST, TOTALSCHEDULEDCOST, COUNTSCHEDULEDDAYS, VERSION,
LANGUAGE, ANNUALBUDGET_ID ) VALUES ( 
420, '2010', 'Mission : 9284_2010', '9284_2010', 'Mission : 9284_2010',  TO_Date( '01/20/2010 12:00:00 AM', 'MM/DD/YYYY HH:MI:SS AM')
, NULL, NULL, NULL, NULL, 'PENDING', 'CONSOLIDATION', 0, 0, 0, 0, 'FR', 401); 
INSERT INTO MISSIONS ( ID, EXERCISE, TITLE, REFER, COMMENTS, CREATEDATE, STARTDATE, DUEDATE,
UPDATEDATE, UPDATEDUSER, STATUS, TYP, TOTALCOST, TOTALSCHEDULEDCOST, COUNTSCHEDULEDDAYS, VERSION,
LANGUAGE, ANNUALBUDGET_ID ) VALUES ( 
421, '2010', 'Mission : 9291_2010', '9291_2010', 'Mission : 9291_2010',  TO_Date( '01/20/2010 12:00:00 AM', 'MM/DD/YYYY HH:MI:SS AM')
,  TO_Date( '02/01/2010 12:00:00 AM', 'MM/DD/YYYY HH:MI:SS AM'),  TO_Date( '09/30/2010 12:00:00 AM', 'MM/DD/YYYY HH:MI:SS AM')
, NULL, NULL, 'PENDING', 'REVISION', 0, 0, 0, 2, 'EN', 386); 
INSERT INTO MISSIONS ( ID, EXERCISE, TITLE, REFER, COMMENTS, CREATEDATE, STARTDATE, DUEDATE,
UPDATEDATE, UPDATEDUSER, STATUS, TYP, TOTALCOST, TOTALSCHEDULEDCOST, COUNTSCHEDULEDDAYS, VERSION,
LANGUAGE, ANNUALBUDGET_ID ) VALUES ( 
422, '2010', 'Mission : 12084_2010', '12084_2010', 'Mission : 12084_2010',  TO_Date( '01/20/2010 12:00:00 AM', 'MM/DD/YYYY HH:MI:SS AM')
,  TO_Date( '02/10/2010 12:00:00 AM', 'MM/DD/YYYY HH:MI:SS AM'),  TO_Date( '11/24/2010 12:00:00 AM', 'MM/DD/YYYY HH:MI:SS AM')
, NULL, NULL, 'PENDING', 'REVISION', 0, 0, 0, 1, 'DE', 392); 
INSERT INTO MISSIONS ( ID, EXERCISE, TITLE, REFER, COMMENTS, CREATEDATE, STARTDATE, DUEDATE,
UPDATEDATE, UPDATEDUSER, STATUS, TYP, TOTALCOST, TOTALSCHEDULEDCOST, COUNTSCHEDULEDDAYS, VERSION,
LANGUAGE, ANNUALBUDGET_ID ) VALUES ( 
423, '2010', 'Mission : 9000_2010', '9000_2010', 'Mission : 9000_2010',  TO_Date( '01/20/2010 12:00:00 AM', 'MM/DD/YYYY HH:MI:SS AM')
, NULL, NULL, NULL, NULL, 'PENDING', 'OTHER', 0, 0, 0, 0, 'EN', 385); 
INSERT INTO MISSIONS ( ID, EXERCISE, TITLE, REFER, COMMENTS, CREATEDATE, STARTDATE, DUEDATE,
UPDATEDATE, UPDATEDUSER, STATUS, TYP, TOTALCOST, TOTALSCHEDULEDCOST, COUNTSCHEDULEDDAYS, VERSION,
LANGUAGE, ANNUALBUDGET_ID ) VALUES ( 
424, '2010', 'Mission : 6464_2010', '6464_2010', 'Mission : 6464_2010',  TO_Date( '01/20/2010 12:00:00 AM', 'MM/DD/YYYY HH:MI:SS AM')
,  TO_Date( '02/10/2010 12:00:00 AM', 'MM/DD/YYYY HH:MI:SS AM'),  TO_Date( '11/30/2010 12:00:00 AM', 'MM/DD/YYYY HH:MI:SS AM')
, NULL, NULL, 'PENDING', 'REVISION', 0, 0, 0, 1, 'DE', 400); 
INSERT INTO MISSIONS ( ID, EXERCISE, TITLE, REFER, COMMENTS, CREATEDATE, STARTDATE, DUEDATE,
UPDATEDATE, UPDATEDUSER, STATUS, TYP, TOTALCOST, TOTALSCHEDULEDCOST, COUNTSCHEDULEDDAYS, VERSION,
LANGUAGE, ANNUALBUDGET_ID ) VALUES ( 
425, '2010', 'Mission : 9282_2010', '9282_2010', 'Mission : 9282_2010',  TO_Date( '01/20/2010 12:00:00 AM', 'MM/DD/YYYY HH:MI:SS AM')
, NULL, NULL, NULL, NULL, 'PENDING', 'RAPPORT_CONSOLIDATION', 0, 0, 0, 0, 'FR', 396); 
INSERT INTO MISSIONS ( ID, EXERCISE, TITLE, REFER, COMMENTS, CREATEDATE, STARTDATE, DUEDATE,
UPDATEDATE, UPDATEDUSER, STATUS, TYP, TOTALCOST, TOTALSCHEDULEDCOST, COUNTSCHEDULEDDAYS, VERSION,
LANGUAGE, ANNUALBUDGET_ID ) VALUES ( 
426, '2010', 'Mission : 9296_2010', '9296_2010', 'Mission : 9296_2010',  TO_Date( '01/20/2010 12:00:00 AM', 'MM/DD/YYYY HH:MI:SS AM')
, NULL, NULL, NULL, NULL, 'PENDING', 'REVISION', 0, 0, 0, 0, 'EN', 398); 
INSERT INTO MISSIONS ( ID, EXERCISE, TITLE, REFER, COMMENTS, CREATEDATE, STARTDATE, DUEDATE,
UPDATEDATE, UPDATEDUSER, STATUS, TYP, TOTALCOST, TOTALSCHEDULEDCOST, COUNTSCHEDULEDDAYS, VERSION,
LANGUAGE, ANNUALBUDGET_ID ) VALUES ( 
427, '2010', 'Mission : 11261_2010', '11261_2010', 'Mission : 11261_2010',  TO_Date( '01/20/2010 12:00:00 AM', 'MM/DD/YYYY HH:MI:SS AM')
,  TO_Date( '02/10/2010 12:00:00 AM', 'MM/DD/YYYY HH:MI:SS AM'),  TO_Date( '10/21/2010 12:00:00 AM', 'MM/DD/YYYY HH:MI:SS AM')
, NULL, NULL, 'PENDING', 'RAPPORT_CONSOLIDATION', 0, 0, 0, 1, 'EN', 380); 
INSERT INTO MISSIONS ( ID, EXERCISE, TITLE, REFER, COMMENTS, CREATEDATE, STARTDATE, DUEDATE,
UPDATEDATE, UPDATEDUSER, STATUS, TYP, TOTALCOST, TOTALSCHEDULEDCOST, COUNTSCHEDULEDDAYS, VERSION,
LANGUAGE, ANNUALBUDGET_ID ) VALUES ( 
428, '2010', 'Mission : 9286_2010', '9286_2010', 'Mission : 9286_2010',  TO_Date( '01/20/2010 12:00:00 AM', 'MM/DD/YYYY HH:MI:SS AM')
,  TO_Date( '01/01/2010 12:00:00 AM', 'MM/DD/YYYY HH:MI:SS AM'),  TO_Date( '09/30/2010 12:00:00 AM', 'MM/DD/YYYY HH:MI:SS AM')
, NULL, NULL, 'PENDING', 'RAPPORT_CONSOLIDATION', 0, 0, 0, 1, 'FR', 387); 
INSERT INTO MISSIONS ( ID, EXERCISE, TITLE, REFER, COMMENTS, CREATEDATE, STARTDATE, DUEDATE,
UPDATEDATE, UPDATEDUSER, STATUS, TYP, TOTALCOST, TOTALSCHEDULEDCOST, COUNTSCHEDULEDDAYS, VERSION,
LANGUAGE, ANNUALBUDGET_ID ) VALUES ( 
429, '2010', 'Mission : 9290_2010', '9290_2010', 'Mission : 9290_2010',  TO_Date( '01/20/2010 12:00:00 AM', 'MM/DD/YYYY HH:MI:SS AM')
,  TO_Date( '02/10/2010 12:00:00 AM', 'MM/DD/YYYY HH:MI:SS AM'),  TO_Date( '04/30/2010 12:00:00 AM', 'MM/DD/YYYY HH:MI:SS AM')
, NULL, NULL, 'PENDING', 'COMMISSAIRE', 0, 0, 0, 1, 'FR', 389); 
INSERT INTO MISSIONS ( ID, EXERCISE, TITLE, REFER, COMMENTS, CREATEDATE, STARTDATE, DUEDATE,
UPDATEDATE, UPDATEDUSER, STATUS, TYP, TOTALCOST, TOTALSCHEDULEDCOST, COUNTSCHEDULEDDAYS, VERSION,
LANGUAGE, ANNUALBUDGET_ID ) VALUES ( 
430, '2010', 'Mission : 16000_2010', '16000_2010', 'Mission : 16000_2010',  TO_Date( '01/20/2010 12:00:00 AM', 'MM/DD/YYYY HH:MI:SS AM')
,  TO_Date( '01/01/2010 12:00:00 AM', 'MM/DD/YYYY HH:MI:SS AM'),  TO_Date( '07/31/2010 12:00:00 AM', 'MM/DD/YYYY HH:MI:SS AM')
, NULL, NULL, 'PENDING', 'REVISION', 0, 0, 0, 1, 'DE', 381); 
INSERT INTO MISSIONS ( ID, EXERCISE, TITLE, REFER, COMMENTS, CREATEDATE, STARTDATE, DUEDATE,
UPDATEDATE, UPDATEDUSER, STATUS, TYP, TOTALCOST, TOTALSCHEDULEDCOST, COUNTSCHEDULEDDAYS, VERSION,
LANGUAGE, ANNUALBUDGET_ID ) VALUES ( 
431, '2010', 'Mission : 6363_2010', '6363_2010', 'Mission : 6363_2010',  TO_Date( '01/20/2010 12:00:00 AM', 'MM/DD/YYYY HH:MI:SS AM')
,  TO_Date( '03/16/2010 12:00:00 AM', 'MM/DD/YYYY HH:MI:SS AM'),  TO_Date( '12/31/2010 12:00:00 AM', 'MM/DD/YYYY HH:MI:SS AM')
, NULL, NULL, 'PENDING', 'COMMISSAIRE', 0, 0, 0, 1, 'FR', 384); 
INSERT INTO MISSIONS ( ID, EXERCISE, TITLE, REFER, COMMENTS, CREATEDATE, STARTDATE, DUEDATE,
UPDATEDATE, UPDATEDUSER, STATUS, TYP, TOTALCOST, TOTALSCHEDULEDCOST, COUNTSCHEDULEDDAYS, VERSION,
LANGUAGE, ANNUALBUDGET_ID ) VALUES ( 
432, '2010', 'Mission : 9294_2010', '9294_2010', 'Mission : 9294_2010',  TO_Date( '01/20/2010 12:00:00 AM', 'MM/DD/YYYY HH:MI:SS AM')
, NULL, NULL, NULL, NULL, 'PENDING', 'CONSOLIDATION', 0, 0, 0, 0, 'DE', 402); 
INSERT INTO MISSIONS ( ID, EXERCISE, TITLE, REFER, COMMENTS, CREATEDATE, STARTDATE, DUEDATE,
UPDATEDATE, UPDATEDUSER, STATUS, TYP, TOTALCOST, TOTALSCHEDULEDCOST, COUNTSCHEDULEDDAYS, VERSION,
LANGUAGE, ANNUALBUDGET_ID ) VALUES ( 
433, '2010', 'Mission : 9280_2010', '9280_2010', 'Mission : 9280_2010',  TO_Date( '01/20/2010 12:00:00 AM', 'MM/DD/YYYY HH:MI:SS AM')
,  TO_Date( '05/01/2010 12:00:00 AM', 'MM/DD/YYYY HH:MI:SS AM'),  TO_Date( '06/30/2010 12:00:00 AM', 'MM/DD/YYYY HH:MI:SS AM')
, NULL, NULL, 'PENDING', 'COMMISSAIRE', 0, 0, 0, 1, 'FR', 388); 
INSERT INTO MISSIONS ( ID, EXERCISE, TITLE, REFER, COMMENTS, CREATEDATE, STARTDATE, DUEDATE,
UPDATEDATE, UPDATEDUSER, STATUS, TYP, TOTALCOST, TOTALSCHEDULEDCOST, COUNTSCHEDULEDDAYS, VERSION,
LANGUAGE, ANNUALBUDGET_ID ) VALUES ( 
434, '2010', 'Mission : 9287_2010', '9287_2010', 'Mission : 9287_2010',  TO_Date( '01/20/2010 12:00:00 AM', 'MM/DD/YYYY HH:MI:SS AM')
, NULL, NULL, NULL, NULL, 'PENDING', 'COMMISSAIRE', 0, 0, 0, 0, 'EN', 394); 
INSERT INTO MISSIONS ( ID, EXERCISE, TITLE, REFER, COMMENTS, CREATEDATE, STARTDATE, DUEDATE,
UPDATEDATE, UPDATEDUSER, STATUS, TYP, TOTALCOST, TOTALSCHEDULEDCOST, COUNTSCHEDULEDDAYS, VERSION,
LANGUAGE, ANNUALBUDGET_ID ) VALUES ( 
435, '2010', 'Mission : 9281_2010', '9281_2010', 'Mission : 9281_2010',  TO_Date( '01/20/2010 12:00:00 AM', 'MM/DD/YYYY HH:MI:SS AM')
, NULL, NULL, NULL, NULL, 'PENDING', 'REVISION', 0, 0, 0, 0, 'FR', 393); 
INSERT INTO MISSIONS ( ID, EXERCISE, TITLE, REFER, COMMENTS, CREATEDATE, STARTDATE, DUEDATE,
UPDATEDATE, UPDATEDUSER, STATUS, TYP, TOTALCOST, TOTALSCHEDULEDCOST, COUNTSCHEDULEDDAYS, VERSION,
LANGUAGE, ANNUALBUDGET_ID ) VALUES ( 
436, '2010', 'Mission : 9283_2010', '9283_2010', 'Mission : 9283_2010',  TO_Date( '01/20/2010 12:00:00 AM', 'MM/DD/YYYY HH:MI:SS AM')
,  TO_Date( '02/10/2010 12:00:00 AM', 'MM/DD/YYYY HH:MI:SS AM'),  TO_Date( '03/31/2010 12:00:00 AM', 'MM/DD/YYYY HH:MI:SS AM')
, NULL, NULL, 'PENDING', 'OTHER', 0, 0, 0, 1, 'EN', 390); 
INSERT INTO MISSIONS ( ID, EXERCISE, TITLE, REFER, COMMENTS, CREATEDATE, STARTDATE, DUEDATE,
UPDATEDATE, UPDATEDUSER, STATUS, TYP, TOTALCOST, TOTALSCHEDULEDCOST, COUNTSCHEDULEDDAYS, VERSION,
LANGUAGE, ANNUALBUDGET_ID ) VALUES ( 
437, '2010', 'Mission : 82633_2010', '82633_2010', 'Mission : 82633_2010',  TO_Date( '01/20/2010 12:00:00 AM', 'MM/DD/YYYY HH:MI:SS AM')
,  TO_Date( '02/01/2010 12:00:00 AM', 'MM/DD/YYYY HH:MI:SS AM'),  TO_Date( '11/30/2010 12:00:00 AM', 'MM/DD/YYYY HH:MI:SS AM')
, NULL, NULL, 'PENDING', 'REVISION', 0, 0, 0, 1, 'DE', 399); 
INSERT INTO MISSIONS ( ID, EXERCISE, TITLE, REFER, COMMENTS, CREATEDATE, STARTDATE, DUEDATE,
UPDATEDATE, UPDATEDUSER, STATUS, TYP, TOTALCOST, TOTALSCHEDULEDCOST, COUNTSCHEDULEDDAYS, VERSION,
LANGUAGE, ANNUALBUDGET_ID ) VALUES ( 
438, '2010', 'Mission : 12085_2010', '12085_2010', 'Mission : 12085_2010',  TO_Date( '01/20/2010 12:00:00 AM', 'MM/DD/YYYY HH:MI:SS AM')
, NULL, NULL, NULL, NULL, 'PENDING', 'REVISION', 0, 0, 0, 0, 'EN', 397); 
INSERT INTO MISSIONS ( ID, EXERCISE, TITLE, REFER, COMMENTS, CREATEDATE, STARTDATE, DUEDATE,
UPDATEDATE, UPDATEDUSER, STATUS, TYP, TOTALCOST, TOTALSCHEDULEDCOST, COUNTSCHEDULEDDAYS, VERSION,
LANGUAGE, ANNUALBUDGET_ID ) VALUES ( 
439, '2010', 'Mission : 9292_2010', '9292_2010', 'Mission : 9292_2010',  TO_Date( '01/20/2010 12:00:00 AM', 'MM/DD/YYYY HH:MI:SS AM')
,  TO_Date( '01/01/2010 12:00:00 AM', 'MM/DD/YYYY HH:MI:SS AM'),  TO_Date( '09/30/2010 12:00:00 AM', 'MM/DD/YYYY HH:MI:SS AM')
, NULL, NULL, 'PENDING', 'RAPPORT_DISTINCT_CAA', 0, 0, 0, 1, 'FR', 395); 
INSERT INTO MISSIONS ( ID, EXERCISE, TITLE, REFER, COMMENTS, CREATEDATE, STARTDATE, DUEDATE,
UPDATEDATE, UPDATEDUSER, STATUS, TYP, TOTALCOST, TOTALSCHEDULEDCOST, COUNTSCHEDULEDDAYS, VERSION,
LANGUAGE, ANNUALBUDGET_ID ) VALUES ( 
440, '2010', 'Mission : 6565_2010', '6565_2010', 'Mission : 6565_2010',  TO_Date( '01/20/2010 12:00:00 AM', 'MM/DD/YYYY HH:MI:SS AM')
,  TO_Date( '01/01/2010 12:00:00 AM', 'MM/DD/YYYY HH:MI:SS AM'),  TO_Date( '09/25/2010 12:00:00 AM', 'MM/DD/YYYY HH:MI:SS AM')
, NULL, NULL, 'PENDING', 'CONSOLIDATION', 0, 0, 0, 2, 'EN', 379); 
commit;
 
INSERT INTO ORIGINS ( ID, NAME, CODE ) VALUES ( 
1, 'InterFiduciaire', 'IF'); 
INSERT INTO ORIGINS ( ID, NAME, CODE ) VALUES ( 
2, 'InterAudit', 'IA'); 
INSERT INTO ORIGINS ( ID, NAME, CODE ) VALUES ( 
3, 'Atoz', 'AT'); 
INSERT INTO ORIGINS ( ID, NAME, CODE ) VALUES ( 
4, 'Fideos', 'FD'); 
INSERT INTO ORIGINS ( ID, NAME, CODE ) VALUES ( 
5, 'Bob Bernard', 'BB'); 
INSERT INTO ORIGINS ( ID, NAME, CODE ) VALUES ( 
6, 'Signes', 'SG'); 
INSERT INTO ORIGINS ( ID, NAME, CODE ) VALUES ( 
7, 'Inconnue', 'IC'); 
commit;
 
INSERT INTO PROFILES ( ID, VERSION, NAME, FROMDATE, TODATE, ACTIVE ) VALUES ( 
1, 0, 'SENIOR_MANAGER',  TO_Date( '05/18/2009 10:20:49 AM', 'MM/DD/YYYY HH:MI:SS AM')
,  TO_Date( '05/18/2009 10:20:49 AM', 'MM/DD/YYYY HH:MI:SS AM'), 1); 
INSERT INTO PROFILES ( ID, VERSION, NAME, FROMDATE, TODATE, ACTIVE ) VALUES ( 
2, 0, 'DIRECTOR',  TO_Date( '05/18/2009 10:20:50 AM', 'MM/DD/YYYY HH:MI:SS AM'),  TO_Date( '05/18/2009 10:20:50 AM', 'MM/DD/YYYY HH:MI:SS AM')
, 1); 
INSERT INTO PROFILES ( ID, VERSION, NAME, FROMDATE, TODATE, ACTIVE ) VALUES ( 
3, 0, 'ASSISTANTS',  TO_Date( '05/18/2009 10:20:50 AM', 'MM/DD/YYYY HH:MI:SS AM')
,  TO_Date( '05/18/2009 10:20:50 AM', 'MM/DD/YYYY HH:MI:SS AM'), 1); 
INSERT INTO PROFILES ( ID, VERSION, NAME, FROMDATE, TODATE, ACTIVE ) VALUES ( 
4, 0, 'PARTNER',  TO_Date( '05/18/2009 10:20:50 AM', 'MM/DD/YYYY HH:MI:SS AM'),  TO_Date( '05/18/2009 10:20:50 AM', 'MM/DD/YYYY HH:MI:SS AM')
, 1); 
INSERT INTO PROFILES ( ID, VERSION, NAME, FROMDATE, TODATE, ACTIVE ) VALUES ( 
5, 0, 'MGMT_PARTNER',  TO_Date( '05/18/2009 10:20:50 AM', 'MM/DD/YYYY HH:MI:SS AM')
,  TO_Date( '05/18/2009 10:20:50 AM', 'MM/DD/YYYY HH:MI:SS AM'), 1); 
INSERT INTO PROFILES ( ID, VERSION, NAME, FROMDATE, TODATE, ACTIVE ) VALUES ( 
6, 0, 'SECRETAIRE',  TO_Date( '05/18/2009 10:20:50 AM', 'MM/DD/YYYY HH:MI:SS AM')
,  TO_Date( '05/18/2009 10:20:50 AM', 'MM/DD/YYYY HH:MI:SS AM'), 1); 
INSERT INTO PROFILES ( ID, VERSION, NAME, FROMDATE, TODATE, ACTIVE ) VALUES ( 
7, 0, 'MANAGER',  TO_Date( '05/18/2009 10:20:50 AM', 'MM/DD/YYYY HH:MI:SS AM'),  TO_Date( '05/18/2009 10:20:50 AM', 'MM/DD/YYYY HH:MI:SS AM')
, 1); 
INSERT INTO PROFILES ( ID, VERSION, NAME, FROMDATE, TODATE, ACTIVE ) VALUES ( 
8, 0, 'ASSISTANT_MANAGER',  TO_Date( '05/18/2009 10:20:50 AM', 'MM/DD/YYYY HH:MI:SS AM')
,  TO_Date( '05/18/2009 10:20:50 AM', 'MM/DD/YYYY HH:MI:SS AM'), 1); 
INSERT INTO PROFILES ( ID, VERSION, NAME, FROMDATE, TODATE, ACTIVE ) VALUES ( 
9, 0, 'SENIOR_MANAGER',  TO_Date( '05/18/2009 10:20:50 AM', 'MM/DD/YYYY HH:MI:SS AM')
,  TO_Date( '05/18/2009 10:20:50 AM', 'MM/DD/YYYY HH:MI:SS AM'), 1); 
INSERT INTO PROFILES ( ID, VERSION, NAME, FROMDATE, TODATE, ACTIVE ) VALUES ( 
10, 0, 'SENIORS',  TO_Date( '05/18/2009 10:20:50 AM', 'MM/DD/YYYY HH:MI:SS AM'),  TO_Date( '05/18/2009 10:20:50 AM', 'MM/DD/YYYY HH:MI:SS AM')
, 1); 
commit;
 
INSERT INTO RIGHTS ( ID, NAME, DESCRIPTION, CODE, TYPE ) VALUES ( 
43, 'Consulter facture', 'Consulter les factures', 'CONSULT_INVOICE', 'INVOICE'); 
INSERT INTO RIGHTS ( ID, NAME, DESCRIPTION, CODE, TYPE ) VALUES ( 
44, 'Consulter document', 'Consulter document', 'CONSULT_DOCUMENT', 'DOCUMENT'); 
INSERT INTO RIGHTS ( ID, NAME, DESCRIPTION, CODE, TYPE ) VALUES ( 
45, 'Enregister timesheet', 'Enregistrer timesheet', 'REGISTER_TIMESHEET', 'TIMESHEET'); 
INSERT INTO RIGHTS ( ID, NAME, DESCRIPTION, CODE, TYPE ) VALUES ( 
1, 'Enregister employee', 'Enregister un employee', 'REGISTER_USER', 'EMPLOYEE'); 
INSERT INTO RIGHTS ( ID, NAME, DESCRIPTION, CODE, TYPE ) VALUES ( 
2, 'Modifier employee', 'Permet de modifier un employee', 'MODIFY_USER', 'EMPLOYEE'); 
INSERT INTO RIGHTS ( ID, NAME, DESCRIPTION, CODE, TYPE ) VALUES ( 
3, 'Consulter employee ', 'Consulter les details d''un employee', 'CONSULT_USER', 'EMPLOYEE'); 
INSERT INTO RIGHTS ( ID, NAME, DESCRIPTION, CODE, TYPE ) VALUES ( 
4, 'Enregistrer client', 'Enregistrer un client ', 'REGISTER_CUST', 'CLIENT'); 
INSERT INTO RIGHTS ( ID, NAME, DESCRIPTION, CODE, TYPE ) VALUES ( 
5, 'Modifier client', 'Permet de modifier un client', 'MODIFY_CUST', 'CLIENT'); 
INSERT INTO RIGHTS ( ID, NAME, DESCRIPTION, CODE, TYPE ) VALUES ( 
6, 'Consulter client', 'Permet de modifier les details d''un client', 'CONSULT_CUST'
, 'CLIENT'); 
INSERT INTO RIGHTS ( ID, NAME, DESCRIPTION, CODE, TYPE ) VALUES ( 
7, 'Enregistrer banque', 'Enregistrer une banque', 'REGISTER_BANK', 'BANK'); 
INSERT INTO RIGHTS ( ID, NAME, DESCRIPTION, CODE, TYPE ) VALUES ( 
8, 'Modifier  banque', 'Modifier une banque', 'MODIFY_BANK', 'BANK'); 
INSERT INTO RIGHTS ( ID, NAME, DESCRIPTION, CODE, TYPE ) VALUES ( 
9, 'Consulter banque', 'Consulter banque', 'CONSULT_BANK', 'BANK'); 
INSERT INTO RIGHTS ( ID, NAME, DESCRIPTION, CODE, TYPE ) VALUES ( 
10, 'Enregistrer payment', 'Enregistrer payment', 'REGISTER_PAYMENT', 'PAYMENT'); 
INSERT INTO RIGHTS ( ID, NAME, DESCRIPTION, CODE, TYPE ) VALUES ( 
11, 'Modifier payment', 'Modifier payment', 'MODIFY_PAYMENT', 'PAYMENT'); 
INSERT INTO RIGHTS ( ID, NAME, DESCRIPTION, CODE, TYPE ) VALUES ( 
12, 'Consulter payment', 'Consulter payment', 'CONSULT_PAYMENT', 'PAYMENT'); 
INSERT INTO RIGHTS ( ID, NAME, DESCRIPTION, CODE, TYPE ) VALUES ( 
13, 'Enregistrer contact', 'Enregistrer contact', 'REGISTER_CONTACT', 'CONTACT'); 
INSERT INTO RIGHTS ( ID, NAME, DESCRIPTION, CODE, TYPE ) VALUES ( 
14, 'Modifier contact', 'Modifier contact', 'MODIFY_CONTACT', 'CONTACT'); 
INSERT INTO RIGHTS ( ID, NAME, DESCRIPTION, CODE, TYPE ) VALUES ( 
15, 'Consulter contact', 'Consulter contact', 'CONSULT_CONTACT', 'CONTACT'); 
INSERT INTO RIGHTS ( ID, NAME, DESCRIPTION, CODE, TYPE ) VALUES ( 
16, 'Enregistrer declaration', 'Enregistrer declarartion', 'REGISTER_DECLARATION'
, 'DECLARATION'); 
INSERT INTO RIGHTS ( ID, NAME, DESCRIPTION, CODE, TYPE ) VALUES ( 
17, 'Modifier declaration', 'Modifier dclaration', 'MODIFY_DECLARATION', 'DECLARATION'); 
INSERT INTO RIGHTS ( ID, NAME, DESCRIPTION, CODE, TYPE ) VALUES ( 
18, 'Consulter declaration', 'Consulter declaration', 'CONSULT_DECLARATION', 'DECLARATION'); 
INSERT INTO RIGHTS ( ID, NAME, DESCRIPTION, CODE, TYPE ) VALUES ( 
19, 'Enregistrer contrat', 'Enregistrer contrat', 'REGISTER_CONTRACT', 'CONTRAT'); 
INSERT INTO RIGHTS ( ID, NAME, DESCRIPTION, CODE, TYPE ) VALUES ( 
20, 'Modifier contrat', 'Modifier contrat', 'MODIFY_CONTRACT', 'CONTRAT'); 
INSERT INTO RIGHTS ( ID, NAME, DESCRIPTION, CODE, TYPE ) VALUES ( 
21, 'Consulter contrat', 'Consulter contrat', 'CONSULT_CONTRACT', 'CONTRAT'); 
INSERT INTO RIGHTS ( ID, NAME, DESCRIPTION, CODE, TYPE ) VALUES ( 
22, 'Consulter budget', 'Consulter budget', 'CONSULT_BUDGET', 'BUDGET'); 
INSERT INTO RIGHTS ( ID, NAME, DESCRIPTION, CODE, TYPE ) VALUES ( 
23, 'Modify budget', 'Modify budget', 'MODIFY_BUDGET', 'BUDGET'); 
INSERT INTO RIGHTS ( ID, NAME, DESCRIPTION, CODE, TYPE ) VALUES ( 
24, 'Build budget', 'Build budget', 'BUILD_BUDGET', 'BUDGET'); 
INSERT INTO RIGHTS ( ID, NAME, DESCRIPTION, CODE, TYPE ) VALUES ( 
25, 'Export budget to excel file', 'Export budget to excel file', 'EXPORT_BUDGET_TO_EXCEL'
, 'BUDGET'); 
INSERT INTO RIGHTS ( ID, NAME, DESCRIPTION, CODE, TYPE ) VALUES ( 
26, 'Consult  resultats', 'Consult resultats', 'CONSULT_RESULTATS', 'BUDGET'); 
INSERT INTO RIGHTS ( ID, NAME, DESCRIPTION, CODE, TYPE ) VALUES ( 
27, 'Consult rentabilite clients', 'Consulter rentablilite clients', 'CONSULT_RENTABILITE_CLIENTS'
, 'BUDGET'); 
INSERT INTO RIGHTS ( ID, NAME, DESCRIPTION, CODE, TYPE ) VALUES ( 
28, 'Consult financial data', 'Consulter financial data', 'CONSULT_FINANCIAL_DATA'
, 'BUDGET'); 
INSERT INTO RIGHTS ( ID, NAME, DESCRIPTION, CODE, TYPE ) VALUES ( 
29, 'Modifier droits ', 'Modifier droits', 'MODIFY_ACCESS_RIGHTS', 'DROITS'); 
INSERT INTO RIGHTS ( ID, NAME, DESCRIPTION, CODE, TYPE ) VALUES ( 
30, 'Consulter planning missions', 'Consulter planning missions', 'CONSULT_PLANNING_MISSIONS'
, 'PLANNING'); 
INSERT INTO RIGHTS ( ID, NAME, DESCRIPTION, CODE, TYPE ) VALUES ( 
31, 'Consulter planning general', 'Consulter planning general', 'CONSULT_GENERAL_PLANNING'
, 'PLANNING'); 
INSERT INTO RIGHTS ( ID, NAME, DESCRIPTION, CODE, TYPE ) VALUES ( 
32, 'Modifier planning general', 'Modifier planning general', 'MODIFY_GENERAL_PLANNING'
, 'PLANNING'); 
INSERT INTO RIGHTS ( ID, NAME, DESCRIPTION, CODE, TYPE ) VALUES ( 
33, 'Consulter calendrier', 'Consulter calendrier', 'CONSULT_CALENDAR', 'PLANNING'); 
INSERT INTO RIGHTS ( ID, NAME, DESCRIPTION, CODE, TYPE ) VALUES ( 
34, 'Modifier calendrier', 'Modifier calendrier', 'MODIFY_CALENDAR', 'PLANNING'); 
INSERT INTO RIGHTS ( ID, NAME, DESCRIPTION, CODE, TYPE ) VALUES ( 
35, 'Consulter missions', 'Consulter missions', 'CONSULT_MISSIONS', 'PLANNING'); 
INSERT INTO RIGHTS ( ID, NAME, DESCRIPTION, CODE, TYPE ) VALUES ( 
36, 'Modifier mission', 'Modifier mission', 'MODIFY_MISSIONS', 'PLANNING'); 
INSERT INTO RIGHTS ( ID, NAME, DESCRIPTION, CODE, TYPE ) VALUES ( 
37, 'Creer facture', 'Creer facture', 'CREATE_INVOICE', 'INVOICE'); 
INSERT INTO RIGHTS ( ID, NAME, DESCRIPTION, CODE, TYPE ) VALUES ( 
38, 'Modifier facture', 'Modifier facture', 'MODIFY_INVOICE', 'INVOICE'); 
INSERT INTO RIGHTS ( ID, NAME, DESCRIPTION, CODE, TYPE ) VALUES ( 
39, 'Enregistrer depense', 'Enregistrer depense', 'REGISTER_EXPENSE', 'BUDGET'); 
INSERT INTO RIGHTS ( ID, NAME, DESCRIPTION, CODE, TYPE ) VALUES ( 
40, 'Modifier depense', 'Modifier depense', 'MODIFY_EXPENSE', 'BUDGET'); 
INSERT INTO RIGHTS ( ID, NAME, DESCRIPTION, CODE, TYPE ) VALUES ( 
41, 'Valider timesheet', 'Validate timesheet', 'VALIDATE_TIMESHEET', 'TIMESHEET'); 
INSERT INTO RIGHTS ( ID, NAME, DESCRIPTION, CODE, TYPE ) VALUES ( 
42, 'Reject timesheet', 'Reject timeshet', 'REJECT_TIMESHEET', 'TIMESHEET'); 
commit;
 
INSERT INTO TASKS ( ID, NAME, DESCRIPTION, CODEPRESTATION, CHARGEABLE, CODE,
VERSION ) VALUES ( 
14, 'Planning-budget', 'Planning-budget', '4000', 1, 'PLB', 0); 
INSERT INTO TASKS ( ID, NAME, DESCRIPTION, CODEPRESTATION, CHARGEABLE, CODE,
VERSION ) VALUES ( 
15, 'Preparation des confirmations', 'banques , avocats, cadastre', '4001', 1, 'PDC'
, 0); 
INSERT INTO TASKS ( ID, NAME, DESCRIPTION, CODEPRESTATION, CHARGEABLE, CODE,
VERSION ) VALUES ( 
16, 'Preparation lancement du dossier (DA,LS)', 'Preparation lancement du dossier (DA,LS)'
, '4002', 1, 'PLDD', 0); 
INSERT INTO TASKS ( ID, NAME, DESCRIPTION, CODEPRESTATION, CHARGEABLE, CODE,
VERSION ) VALUES ( 
17, 'Dossier administratif', 'Dossier administratif', '4003', 1, 'DA', 0); 
INSERT INTO TASKS ( ID, NAME, DESCRIPTION, CODEPRESTATION, CHARGEABLE, CODE,
VERSION ) VALUES ( 
18, 'Compte annuels', 'controle: report,sommes pointage B/G', '4004', 1, 'CA', 0); 
INSERT INTO TASKS ( ID, NAME, DESCRIPTION, CODEPRESTATION, CHARGEABLE, CODE,
VERSION ) VALUES ( 
19, 'Prise de connaissance du dossier - repartition du travail', 'Prise de connaissance du dossier - repartition du travail'
, '4005', 1, 'PCDRT', 0); 
INSERT INTO TASKS ( ID, NAME, DESCRIPTION, CODEPRESTATION, CHARGEABLE, CODE,
VERSION ) VALUES ( 
20, 'Suivi du dossier chez le client/Supervision', 'Suivi du dossier chez le client/Supervision'
, '4006', 1, 'SDCS', 0); 
INSERT INTO TASKS ( ID, NAME, DESCRIPTION, CODEPRESTATION, CHARGEABLE, CODE,
VERSION ) VALUES ( 
21, 'Frais d''tablissement', 'Frais d''tablissement', '4007', 1, 'FRE', 0); 
INSERT INTO TASKS ( ID, NAME, DESCRIPTION, CODEPRESTATION, CHARGEABLE, CODE,
VERSION ) VALUES ( 
22, 'Immobilisations incorporelles', 'Immobilisations incorporelles', '4008', 1, 'IMINC'
, 0); 
INSERT INTO TASKS ( ID, NAME, DESCRIPTION, CODEPRESTATION, CHARGEABLE, CODE,
VERSION ) VALUES ( 
23, 'Immobilisations corporelles', 'Immobilisations corporelles', '4009', 1, 'IMCP'
, 0); 
INSERT INTO TASKS ( ID, NAME, DESCRIPTION, CODEPRESTATION, CHARGEABLE, CODE,
VERSION ) VALUES ( 
24, 'Immobilisations financieres', 'Immobilisations financieres', '4010', 1, 'IMFI'
, 0); 
INSERT INTO TASKS ( ID, NAME, DESCRIPTION, CODEPRESTATION, CHARGEABLE, CODE,
VERSION ) VALUES ( 
25, 'Stock-Inventaire physique', 'Stock-Inventaire physique', '4011', 1, 'SIPH', 0); 
INSERT INTO TASKS ( ID, NAME, DESCRIPTION, CODEPRESTATION, CHARGEABLE, CODE,
VERSION ) VALUES ( 
26, 'Stock-Audit de la section', 'Stock-Audit de la section', '4012', 1, 'SAS', 0); 
INSERT INTO TASKS ( ID, NAME, DESCRIPTION, CODEPRESTATION, CHARGEABLE, CODE,
VERSION ) VALUES ( 
27, 'Client-Preparation et suivi de la circularisation', 'Client-Preparation et suivi de la circularisation'
, '4013', 1, 'CPSC', 0); 
INSERT INTO TASKS ( ID, NAME, DESCRIPTION, CODEPRESTATION, CHARGEABLE, CODE,
VERSION ) VALUES ( 
28, 'Client-Audit de la section', 'Client-Audit de la section', '4014', 1, 'CAS', 0); 
INSERT INTO TASKS ( ID, NAME, DESCRIPTION, CODEPRESTATION, CHARGEABLE, CODE,
VERSION ) VALUES ( 
29, 'Creances sur des entreprises liees', 'Creances sur des entreprises liees', '4015'
, 1, 'CEL', 0); 
INSERT INTO TASKS ( ID, NAME, DESCRIPTION, CODEPRESTATION, CHARGEABLE, CODE,
VERSION ) VALUES ( 
30, 'Autres creances', 'Autres creances', '4016', 1, 'ATC', 0); 
INSERT INTO TASKS ( ID, NAME, DESCRIPTION, CODEPRESTATION, CHARGEABLE, CODE,
VERSION ) VALUES ( 
31, 'Valeurs mobilieres', 'Valeurs mobilieres', '4017', 1, 'VMB', 0); 
INSERT INTO TASKS ( ID, NAME, DESCRIPTION, CODEPRESTATION, CHARGEABLE, CODE,
VERSION ) VALUES ( 
32, 'Avoirs en banques et encaisses', 'Avoirs en banques et encaisses', '4018', 1
, 'ABEC', 0); 
INSERT INTO TASKS ( ID, NAME, DESCRIPTION, CODEPRESTATION, CHARGEABLE, CODE,
VERSION ) VALUES ( 
33, 'Compte de regularisation actif', 'Compte de regularisation actif', '4019', 1
, 'CPRA', 0); 
INSERT INTO TASKS ( ID, NAME, DESCRIPTION, CODEPRESTATION, CHARGEABLE, CODE,
VERSION ) VALUES ( 
34, 'Capitaux propres', 'Capitaux propres', '4020', 1, 'CPP', 0); 
INSERT INTO TASKS ( ID, NAME, DESCRIPTION, CODEPRESTATION, CHARGEABLE, CODE,
VERSION ) VALUES ( 
35, 'Provisions pour risques et charges', 'Provisions pour risques et charges', '4021'
, 1, 'PRRC', 0); 
INSERT INTO TASKS ( ID, NAME, DESCRIPTION, CODEPRESTATION, CHARGEABLE, CODE,
VERSION ) VALUES ( 
36, 'Dettes envers ets de credit', 'Dettes envers ets de credit', '4022', 1, 'DECR'
, 0); 
INSERT INTO TASKS ( ID, NAME, DESCRIPTION, CODEPRESTATION, CHARGEABLE, CODE,
VERSION ) VALUES ( 
37, 'Fournisseurs-preparation et suivi de la circularisation', 'Fournisseurs-preparation et suivi de la circularisation'
, '4023', 1, 'FNPSC', 0); 
INSERT INTO TASKS ( ID, NAME, DESCRIPTION, CODEPRESTATION, CHARGEABLE, CODE,
VERSION ) VALUES ( 
38, 'Fournisseurs-audit de la section', 'Fournisseurs-audit de la section', '4024'
, 1, 'FNAS', 0); 
INSERT INTO TASKS ( ID, NAME, DESCRIPTION, CODEPRESTATION, CHARGEABLE, CODE,
VERSION ) VALUES ( 
39, 'Dettes sur des entreprises liees', 'Dettes sur des entreprises liees', '4025'
, 1, 'DEL', 0); 
INSERT INTO TASKS ( ID, NAME, DESCRIPTION, CODEPRESTATION, CHARGEABLE, CODE,
VERSION ) VALUES ( 
40, 'Autres dettes', 'Autres dettes', '4026', 1, 'ADTS', 0); 
INSERT INTO TASKS ( ID, NAME, DESCRIPTION, CODEPRESTATION, CHARGEABLE, CODE,
VERSION ) VALUES ( 
41, 'Compte de regularisation passif', 'Compte de regularisation passif', '4027', 1
, 'CPRP', 0); 
INSERT INTO TASKS ( ID, NAME, DESCRIPTION, CODEPRESTATION, CHARGEABLE, CODE,
VERSION ) VALUES ( 
42, 'Compte de pertes et profits', 'Compte de pertes et profits', '4028', 1, 'CPP'
, 0); 
INSERT INTO TASKS ( ID, NAME, DESCRIPTION, CODEPRESTATION, CHARGEABLE, CODE,
VERSION ) VALUES ( 
43, 'Compte de pertes et profits-Resultats brut', 'Compte de pertes et profits-Resultats brut'
, '4029', 1, 'CPPRB', 0); 
INSERT INTO TASKS ( ID, NAME, DESCRIPTION, CODEPRESTATION, CHARGEABLE, CODE,
VERSION ) VALUES ( 
44, 'Compte de pertes et profits-Frais de personnel', 'Compte de pertes et profits-Frais de personnel'
, '4030', 1, 'CPPFP', 0); 
INSERT INTO TASKS ( ID, NAME, DESCRIPTION, CODEPRESTATION, CHARGEABLE, CODE,
VERSION ) VALUES ( 
45, 'Compte de pertes et profits-Autres charges dxploitation', 'Compte de pertes et profits-Autres charges dxploitation'
, '4031', 1, 'CPP-ACD', 0); 
INSERT INTO TASKS ( ID, NAME, DESCRIPTION, CODEPRESTATION, CHARGEABLE, CODE,
VERSION ) VALUES ( 
46, 'Compte de pertes et profits-Produits provenant de participations', 'Compte de pertes et profits-Produits provenant de participations'
, '4032', 1, 'CPP-PPP', 0); 
INSERT INTO TASKS ( ID, NAME, DESCRIPTION, CODEPRESTATION, CHARGEABLE, CODE,
VERSION ) VALUES ( 
47, 'Compte de pertes et profits-Resultat financier', 'Compte de pertes et profits-Resultat financier'
, '4033', 1, 'CPPRF', 0); 
INSERT INTO TASKS ( ID, NAME, DESCRIPTION, CODEPRESTATION, CHARGEABLE, CODE,
VERSION ) VALUES ( 
48, 'Compte de pertes et profits-Resultat exceptionel', 'Compte de pertes et profits-Resultat exceptionel'
, '4034', 1, 'CPPRE', 0); 
INSERT INTO TASKS ( ID, NAME, DESCRIPTION, CODEPRESTATION, CHARGEABLE, CODE,
VERSION ) VALUES ( 
49, 'Compte de pertes et profits-Impots', 'Compte de pertes et profits-Impots', '4035'
, 1, 'CPPRI', 0); 
INSERT INTO TASKS ( ID, NAME, DESCRIPTION, CODEPRESTATION, CHARGEABLE, CODE,
VERSION ) VALUES ( 
50, 'Engagements hors bilan', 'Engagements hors bilan', '4036', 1, 'EGHB', 0); 
INSERT INTO TASKS ( ID, NAME, DESCRIPTION, CODEPRESTATION, CHARGEABLE, CODE,
VERSION ) VALUES ( 
51, 'Review', 'Review', '4037', 1, 'RVW', 0); 
INSERT INTO TASKS ( ID, NAME, DESCRIPTION, CODEPRESTATION, CHARGEABLE, CODE,
VERSION ) VALUES ( 
52, 'Copie de controle', 'Copie de controle', '4038', 1, 'CDCT', 0); 
INSERT INTO TASKS ( ID, NAME, DESCRIPTION, CODEPRESTATION, CHARGEABLE, CODE,
VERSION ) VALUES ( 
53, 'Travail specifique ', 'Travail specifique', '4039', 1, 'TRSP', 0); 
INSERT INTO TASKS ( ID, NAME, DESCRIPTION, CODEPRESTATION, CHARGEABLE, CODE,
VERSION ) VALUES ( 
54, 'Relation client ', 'Relation client', '4040', 1, 'RCT', 0); 
INSERT INTO TASKS ( ID, NAME, DESCRIPTION, CODEPRESTATION, CHARGEABLE, CODE,
VERSION ) VALUES ( 
55, 'Datev', 'Datev', '4041', 0, 'DTV', 0); 
INSERT INTO TASKS ( ID, NAME, DESCRIPTION, CODEPRESTATION, CHARGEABLE, CODE,
VERSION ) VALUES ( 
56, 'Organisation/Administration', 'Planning, organisation travail, releves conges/TS, evaluation'
, '4042', 0, 'ORAD', 0); 
INSERT INTO TASKS ( ID, NAME, DESCRIPTION, CODEPRESTATION, CHARGEABLE, CODE,
VERSION ) VALUES ( 
57, 'Formation ', 'IRE/KLUWER/KPMG Tax', '4043', 0, 'FOR', 0); 
INSERT INTO TASKS ( ID, NAME, DESCRIPTION, CODEPRESTATION, CHARGEABLE, CODE,
VERSION ) VALUES ( 
58, 'Litterature/Formation interne ', 'Litterature/Formation interne sur dossier'
, '4044', 0, 'LTFI', 0); 
INSERT INTO TASKS ( ID, NAME, DESCRIPTION, CODEPRESTATION, CHARGEABLE, CODE,
VERSION ) VALUES ( 
59, 'Divers', 'Reunion, secretariat, verre, repas client, informatique, ctl Q', '4045'
, 0, 'DV', 0); 
INSERT INTO TASKS ( ID, NAME, DESCRIPTION, CODEPRESTATION, CHARGEABLE, CODE,
VERSION ) VALUES ( 
60, 'Conge legal', 'Conge legal', '4046', 0, 'CL', 0); 
INSERT INTO TASKS ( ID, NAME, DESCRIPTION, CODEPRESTATION, CHARGEABLE, CODE,
VERSION ) VALUES ( 
61, 'Ferie', 'Ferie', '4047', 0, 'FR', 0); 
INSERT INTO TASKS ( ID, NAME, DESCRIPTION, CODEPRESTATION, CHARGEABLE, CODE,
VERSION ) VALUES ( 
62, 'Formation dispense en interne a collegues', 'Formation dispense en interne a collegues'
, '4048', 0, 'FDIC', 0); 
INSERT INTO TASKS ( ID, NAME, DESCRIPTION, CODEPRESTATION, CHARGEABLE, CODE,
VERSION ) VALUES ( 
63, 'Divers 2 ', 'decompte client, facturation, offre niveau client IRL, suivi MPI'
, '4049', 0, 'DV2', 0); 
INSERT INTO TASKS ( ID, NAME, DESCRIPTION, CODEPRESTATION, CHARGEABLE, CODE,
VERSION ) VALUES ( 
64, 'Maladie /medecin ', 'Maladie /medecin', '4050', 0, 'MD', 0); 
commit;
 
INSERT INTO TIMESHEET_CELLS ( ID, VERSION, DAYNUMBER, VALUE, FK_ROW ) VALUES ( 
558, 0, 1, 13, 557); 
INSERT INTO TIMESHEET_CELLS ( ID, VERSION, DAYNUMBER, VALUE, FK_ROW ) VALUES ( 
576, 1, 3, 13, 575); 
INSERT INTO TIMESHEET_CELLS ( ID, VERSION, DAYNUMBER, VALUE, FK_ROW ) VALUES ( 
578, 0, 1, 13, 577); 
INSERT INTO TIMESHEET_CELLS ( ID, VERSION, DAYNUMBER, VALUE, FK_ROW ) VALUES ( 
607, 0, 4, 13, 606); 
INSERT INTO TIMESHEET_CELLS ( ID, VERSION, DAYNUMBER, VALUE, FK_ROW ) VALUES ( 
609, 0, 3, 13, 608); 
INSERT INTO TIMESHEET_CELLS ( ID, VERSION, DAYNUMBER, VALUE, FK_ROW ) VALUES ( 
611, 0, 2, 13, 610); 
INSERT INTO TIMESHEET_CELLS ( ID, VERSION, DAYNUMBER, VALUE, FK_ROW ) VALUES ( 
614, 0, 3, 2.5, 613); 
INSERT INTO TIMESHEET_CELLS ( ID, VERSION, DAYNUMBER, VALUE, FK_ROW ) VALUES ( 
616, 0, 1, 12, 615); 
INSERT INTO TIMESHEET_CELLS ( ID, VERSION, DAYNUMBER, VALUE, FK_ROW ) VALUES ( 
618, 0, 1, 1, 617); 
INSERT INTO TIMESHEET_CELLS ( ID, VERSION, DAYNUMBER, VALUE, FK_ROW ) VALUES ( 
621, 0, 1, 13, 620); 
INSERT INTO TIMESHEET_CELLS ( ID, VERSION, DAYNUMBER, VALUE, FK_ROW ) VALUES ( 
633, 0, 4, 13, 575); 
commit;
 
INSERT INTO TIMESHEET_ROWS ( ID, VERSION, FK_TIMESHEET, FK_ACTIVITY, LABEL, CODEPRESTATION,
CUSTNUMBER, ASSCODE, MANCODE ) VALUES ( 
557, 7, 556, 531, 'Caryos SA', NULL, '9291', 'EK', 'LM'); 
INSERT INTO TIMESHEET_ROWS ( ID, VERSION, FK_TIMESHEET, FK_ACTIVITY, LABEL, CODEPRESTATION,
CUSTNUMBER, ASSCODE, MANCODE ) VALUES ( 
575, 2, 574, 572, 'Laurad Holding', NULL, '9293', 'MB', 'OJ'); 
INSERT INTO TIMESHEET_ROWS ( ID, VERSION, FK_TIMESHEET, FK_ACTIVITY, LABEL, CODEPRESTATION,
CUSTNUMBER, ASSCODE, MANCODE ) VALUES ( 
577, 2, 574, 531, 'Caryos SA', NULL, '9291', 'EK', 'LM'); 
INSERT INTO TIMESHEET_ROWS ( ID, VERSION, FK_TIMESHEET, FK_ACTIVITY, LABEL, CODEPRESTATION,
CUSTNUMBER, ASSCODE, MANCODE ) VALUES ( 
606, 2, 556, NULL, 'CONGE', NULL, '99900', NULL, NULL); 
INSERT INTO TIMESHEET_ROWS ( ID, VERSION, FK_TIMESHEET, FK_ACTIVITY, LABEL, CODEPRESTATION,
CUSTNUMBER, ASSCODE, MANCODE ) VALUES ( 
608, 2, 556, 570, 'Parfimat SA', NULL, '9296', 'VD', 'LM'); 
INSERT INTO TIMESHEET_ROWS ( ID, VERSION, FK_TIMESHEET, FK_ACTIVITY, LABEL, CODEPRESTATION,
CUSTNUMBER, ASSCODE, MANCODE ) VALUES ( 
610, 2, 556, 592, 'HOLDUN SA', NULL, '9280', 'OB', 'OJ'); 
INSERT INTO TIMESHEET_ROWS ( ID, VERSION, FK_TIMESHEET, FK_ACTIVITY, LABEL, CODEPRESTATION,
CUSTNUMBER, ASSCODE, MANCODE ) VALUES ( 
613, 0, 612, 441, 'ANGLESEA CAPITAL SA', NULL, '6565', 'EK', 'LM'); 
INSERT INTO TIMESHEET_ROWS ( ID, VERSION, FK_TIMESHEET, FK_ACTIVITY, LABEL, CODEPRESTATION,
CUSTNUMBER, ASSCODE, MANCODE ) VALUES ( 
615, 0, 612, NULL, 'CONGE', NULL, '99900', NULL, NULL); 
INSERT INTO TIMESHEET_ROWS ( ID, VERSION, FK_TIMESHEET, FK_ACTIVITY, LABEL, CODEPRESTATION,
CUSTNUMBER, ASSCODE, MANCODE ) VALUES ( 
617, 0, 612, 506, 'BORG LUXEMBOURG SA', NULL, '16000', 'MB', 'LM'); 
INSERT INTO TIMESHEET_ROWS ( ID, VERSION, FK_TIMESHEET, FK_ACTIVITY, LABEL, CODEPRESTATION,
CUSTNUMBER, ASSCODE, MANCODE ) VALUES ( 
620, 0, 619, 570, 'Parfimat SA', NULL, '9296', 'VD', 'LM'); 
commit;
 
INSERT INTO TIMESHEETS ( ID, VERSION, EXERCISE, CREATEDATE, UPDATEDATE, ACCEPTEDDATE, REJECTEDDATE,
SUBMITDATE, VALIDATIONDATE, STARTDATEOFWEEK, ENDDATEOFWEEK, STATUS, WEEKNUMBER, FK_EMPLOYEE, USERID,
PRIXVENTE, PRIXREVIENT, COUTHORAIRE ) VALUES ( 
556, 7, '2010',  TO_Date( '02/08/2010 12:00:00 AM', 'MM/DD/YYYY HH:MI:SS AM'),  TO_Date( '02/10/2010 12:00:00 AM', 'MM/DD/YYYY HH:MI:SS AM')
, NULL, NULL, NULL, NULL,  TO_Date( '02/08/2010 12:00:00 AM', 'MM/DD/YYYY HH:MI:SS AM')
,  TO_Date( '02/13/2010 12:00:00 AM', 'MM/DD/YYYY HH:MI:SS AM'), 'DRAFT', 6, NULL
, 4, 165, 140, 80); 
INSERT INTO TIMESHEETS ( ID, VERSION, EXERCISE, CREATEDATE, UPDATEDATE, ACCEPTEDDATE, REJECTEDDATE,
SUBMITDATE, VALIDATIONDATE, STARTDATEOFWEEK, ENDDATEOFWEEK, STATUS, WEEKNUMBER, FK_EMPLOYEE, USERID,
PRIXVENTE, PRIXREVIENT, COUTHORAIRE ) VALUES ( 
574, 2, '2010',  TO_Date( '02/10/2010 12:00:00 AM', 'MM/DD/YYYY HH:MI:SS AM'),  TO_Date( '02/10/2010 12:00:00 AM', 'MM/DD/YYYY HH:MI:SS AM')
, NULL, NULL, NULL, NULL,  TO_Date( '02/01/2010 12:00:00 AM', 'MM/DD/YYYY HH:MI:SS AM')
,  TO_Date( '02/06/2010 12:00:00 AM', 'MM/DD/YYYY HH:MI:SS AM'), 'DRAFT', 5, NULL
, 4, 165, 140, 80); 
INSERT INTO TIMESHEETS ( ID, VERSION, EXERCISE, CREATEDATE, UPDATEDATE, ACCEPTEDDATE, REJECTEDDATE,
SUBMITDATE, VALIDATIONDATE, STARTDATEOFWEEK, ENDDATEOFWEEK, STATUS, WEEKNUMBER, FK_EMPLOYEE, USERID,
PRIXVENTE, PRIXREVIENT, COUTHORAIRE ) VALUES ( 
579, 1, '2010',  TO_Date( '02/10/2010 12:00:00 AM', 'MM/DD/YYYY HH:MI:SS AM'),  TO_Date( '02/10/2010 12:00:00 AM', 'MM/DD/YYYY HH:MI:SS AM')
, NULL, NULL, NULL, NULL,  TO_Date( '02/08/2010 12:00:00 AM', 'MM/DD/YYYY HH:MI:SS AM')
,  TO_Date( '02/13/2010 12:00:00 AM', 'MM/DD/YYYY HH:MI:SS AM'), 'DRAFT', 6, NULL
, 3, 120, 100, 90); 
INSERT INTO TIMESHEETS ( ID, VERSION, EXERCISE, CREATEDATE, UPDATEDATE, ACCEPTEDDATE, REJECTEDDATE,
SUBMITDATE, VALIDATIONDATE, STARTDATEOFWEEK, ENDDATEOFWEEK, STATUS, WEEKNUMBER, FK_EMPLOYEE, USERID,
PRIXVENTE, PRIXREVIENT, COUTHORAIRE ) VALUES ( 
580, 1, '2010',  TO_Date( '02/10/2010 12:00:00 AM', 'MM/DD/YYYY HH:MI:SS AM'),  TO_Date( '02/10/2010 12:00:00 AM', 'MM/DD/YYYY HH:MI:SS AM')
, NULL, NULL, NULL, NULL,  TO_Date( '02/01/2010 12:00:00 AM', 'MM/DD/YYYY HH:MI:SS AM')
,  TO_Date( '02/06/2010 12:00:00 AM', 'MM/DD/YYYY HH:MI:SS AM'), 'DRAFT', 5, NULL
, 3, 120, 100, 90); 
INSERT INTO TIMESHEETS ( ID, VERSION, EXERCISE, CREATEDATE, UPDATEDATE, ACCEPTEDDATE, REJECTEDDATE,
SUBMITDATE, VALIDATIONDATE, STARTDATEOFWEEK, ENDDATEOFWEEK, STATUS, WEEKNUMBER, FK_EMPLOYEE, USERID,
PRIXVENTE, PRIXREVIENT, COUTHORAIRE ) VALUES ( 
581, 1, '2010',  TO_Date( '02/10/2010 12:00:00 AM', 'MM/DD/YYYY HH:MI:SS AM'),  TO_Date( '02/10/2010 12:00:00 AM', 'MM/DD/YYYY HH:MI:SS AM')
, NULL, NULL, NULL, NULL,  TO_Date( '02/08/2010 12:00:00 AM', 'MM/DD/YYYY HH:MI:SS AM')
,  TO_Date( '02/13/2010 12:00:00 AM', 'MM/DD/YYYY HH:MI:SS AM'), 'DRAFT', 6, NULL
, 541, 150, 120, 100); 
INSERT INTO TIMESHEETS ( ID, VERSION, EXERCISE, CREATEDATE, UPDATEDATE, ACCEPTEDDATE, REJECTEDDATE,
SUBMITDATE, VALIDATIONDATE, STARTDATEOFWEEK, ENDDATEOFWEEK, STATUS, WEEKNUMBER, FK_EMPLOYEE, USERID,
PRIXVENTE, PRIXREVIENT, COUTHORAIRE ) VALUES ( 
612, 0, '2010',  TO_Date( '02/10/2010 12:00:00 AM', 'MM/DD/YYYY HH:MI:SS AM'), NULL
, NULL, NULL, NULL, NULL,  TO_Date( '01/25/2010 12:00:00 AM', 'MM/DD/YYYY HH:MI:SS AM')
,  TO_Date( '01/30/2010 12:00:00 AM', 'MM/DD/YYYY HH:MI:SS AM'), 'DRAFT', 4, NULL
, 4, 165, 140, 80); 
INSERT INTO TIMESHEETS ( ID, VERSION, EXERCISE, CREATEDATE, UPDATEDATE, ACCEPTEDDATE, REJECTEDDATE,
SUBMITDATE, VALIDATIONDATE, STARTDATEOFWEEK, ENDDATEOFWEEK, STATUS, WEEKNUMBER, FK_EMPLOYEE, USERID,
PRIXVENTE, PRIXREVIENT, COUTHORAIRE ) VALUES ( 
619, 0, '2010',  TO_Date( '02/10/2010 12:00:00 AM', 'MM/DD/YYYY HH:MI:SS AM'), NULL
, NULL, NULL, NULL, NULL,  TO_Date( '01/04/2010 12:00:00 AM', 'MM/DD/YYYY HH:MI:SS AM')
,  TO_Date( '01/09/2010 12:00:00 AM', 'MM/DD/YYYY HH:MI:SS AM'), 'DRAFT', 1, NULL
, 4, 165, 140, 80); 
commit;
 
