--------------------------------------------------------
--  File created - mardi-février-09-2010   
--------------------------------------------------------
--------------------------------------------------------
--  DDL for Sequence ACTIVITY_SEQ
--------------------------------------------------------

   CREATE SEQUENCE  "ACTIVITY_SEQ"  MINVALUE 1 MAXVALUE 999999999999999999999999999 INCREMENT BY 1 START WITH 1 CACHE 20 NOORDER  NOCYCLE ;
--------------------------------------------------------
--  DDL for Sequence ADRESS_SEQ
--------------------------------------------------------

   CREATE SEQUENCE  "ADRESS_SEQ"  MINVALUE 1 MAXVALUE 999999999999999999999999999 INCREMENT BY 1 START WITH 1 CACHE 20 NOORDER  NOCYCLE ;
--------------------------------------------------------
--  DDL for Sequence BANK_SEQ
--------------------------------------------------------

   CREATE SEQUENCE  "BANK_SEQ"  MINVALUE 1 MAXVALUE 999999999999999999999999999 INCREMENT BY 1 START WITH 1 CACHE 20 NOORDER  NOCYCLE ;
--------------------------------------------------------
--  DDL for Sequence BUDGET_SEQ
--------------------------------------------------------

   CREATE SEQUENCE  "BUDGET_SEQ"  MINVALUE 1 MAXVALUE 999999999999999999999999999 INCREMENT BY 1 START WITH 1 CACHE 20 NOORDER  NOCYCLE ;
--------------------------------------------------------
--  DDL for Sequence CONTACT_SEQ
--------------------------------------------------------

   CREATE SEQUENCE  "CONTACT_SEQ"  MINVALUE 1 MAXVALUE 999999999999999999999999999 INCREMENT BY 1 START WITH 1 CACHE 20 NOORDER  NOCYCLE ;
--------------------------------------------------------
--  DDL for Sequence CONTRACT_SEQ
--------------------------------------------------------

   CREATE SEQUENCE  "CONTRACT_SEQ"  MINVALUE 1 MAXVALUE 999999999999999999999999999 INCREMENT BY 1 START WITH 1 CACHE 20 NOORDER  NOCYCLE ;
--------------------------------------------------------
--  DDL for Sequence COST_SEQ
--------------------------------------------------------

   CREATE SEQUENCE  "COST_SEQ"  MINVALUE 1 MAXVALUE 999999999999999999999999999 INCREMENT BY 1 START WITH 1 CACHE 20 NOORDER  NOCYCLE ;
--------------------------------------------------------
--  DDL for Sequence CUSTOMER_SEQ
--------------------------------------------------------

   CREATE SEQUENCE  "CUSTOMER_SEQ"  MINVALUE 1 MAXVALUE 999999999999999999999999999 INCREMENT BY 1 START WITH 1 CACHE 20 NOORDER  NOCYCLE ;
--------------------------------------------------------
--  DDL for Sequence DECLARATION_SEQ
--------------------------------------------------------

   CREATE SEQUENCE  "DECLARATION_SEQ"  MINVALUE 1 MAXVALUE 999999999999999999999999999 INCREMENT BY 1 START WITH 1 CACHE 20 NOORDER  NOCYCLE ;
--------------------------------------------------------
--  DDL for Sequence DOCUMENT_SEQ
--------------------------------------------------------

   CREATE SEQUENCE  "DOCUMENT_SEQ"  MINVALUE 1 MAXVALUE 999999999999999999999999999 INCREMENT BY 1 START WITH 1 CACHE 20 NOORDER  NOCYCLE ;
--------------------------------------------------------
--  DDL for Sequence EMPLOYEE_SEQ
--------------------------------------------------------

   CREATE SEQUENCE  "EMPLOYEE_SEQ"  MINVALUE 1 MAXVALUE 999999999999999999999999999 INCREMENT BY 1 START WITH 21 CACHE 20 NOORDER  NOCYCLE ;
--------------------------------------------------------
--  DDL for Sequence EXERCISE_SEQ
--------------------------------------------------------

   CREATE SEQUENCE  "EXERCISE_SEQ"  MINVALUE 1 MAXVALUE 999999999999999999999999999 INCREMENT BY 1 START WITH 1 CACHE 20 NOORDER  NOCYCLE ;
--------------------------------------------------------
--  DDL for Sequence HIBERNATE_SEQUENCE
--------------------------------------------------------

   CREATE SEQUENCE  "HIBERNATE_SEQUENCE"  MINVALUE 1 MAXVALUE 999999999999999999999999999 INCREMENT BY 1 START WITH 1021 CACHE 20 NOORDER  NOCYCLE ;
--------------------------------------------------------
--  DDL for Sequence INVOICE_REMIND_SEQ
--------------------------------------------------------

   CREATE SEQUENCE  "INVOICE_REMIND_SEQ"  MINVALUE 1 MAXVALUE 999999999999999999999999999 INCREMENT BY 1 START WITH 1 CACHE 20 NOORDER  NOCYCLE ;
--------------------------------------------------------
--  DDL for Sequence INVOICE_SEQ
--------------------------------------------------------

   CREATE SEQUENCE  "INVOICE_SEQ"  MINVALUE 1 MAXVALUE 999999999999999999999999999 INCREMENT BY 1 START WITH 1 CACHE 20 NOORDER  NOCYCLE ;
--------------------------------------------------------
--  DDL for Sequence MESSAGE_SEQ
--------------------------------------------------------

   CREATE SEQUENCE  "MESSAGE_SEQ"  MINVALUE 1 MAXVALUE 999999999999999999999999999 INCREMENT BY 1 START WITH 1 CACHE 20 NOORDER  NOCYCLE ;
--------------------------------------------------------
--  DDL for Sequence MISSION_SEQ
--------------------------------------------------------

   CREATE SEQUENCE  "MISSION_SEQ"  MINVALUE 1 MAXVALUE 999999999999999999999999999 INCREMENT BY 1 START WITH 1 CACHE 20 NOORDER  NOCYCLE ;
--------------------------------------------------------
--  DDL for Sequence OBJECTIVES_SEQ
--------------------------------------------------------

   CREATE SEQUENCE  "OBJECTIVES_SEQ"  MINVALUE 1 MAXVALUE 999999999999999999999999999 INCREMENT BY 1 START WITH 1 CACHE 20 NOORDER  NOCYCLE ;
--------------------------------------------------------
--  DDL for Sequence ORIGIN_SEQ
--------------------------------------------------------

   CREATE SEQUENCE  "ORIGIN_SEQ"  MINVALUE 1 MAXVALUE 999999999999999999999999999 INCREMENT BY 1 START WITH 1 CACHE 20 NOORDER  NOCYCLE ;
--------------------------------------------------------
--  DDL for Sequence PAYMENT_SEQ
--------------------------------------------------------

   CREATE SEQUENCE  "PAYMENT_SEQ"  MINVALUE 1 MAXVALUE 999999999999999999999999999 INCREMENT BY 1 START WITH 1 CACHE 20 NOORDER  NOCYCLE ;
--------------------------------------------------------
--  DDL for Sequence PROFILE_SEQ
--------------------------------------------------------

   CREATE SEQUENCE  "PROFILE_SEQ"  MINVALUE 1 MAXVALUE 999999999999999999999999999 INCREMENT BY 1 START WITH 1 CACHE 20 NOORDER  NOCYCLE ;
--------------------------------------------------------
--  DDL for Sequence RESULTATS_SEQ
--------------------------------------------------------

   CREATE SEQUENCE  "RESULTATS_SEQ"  MINVALUE 1 MAXVALUE 999999999999999999999999999 INCREMENT BY 1 START WITH 1 CACHE 20 NOORDER  NOCYCLE ;
--------------------------------------------------------
--  DDL for Sequence TASK_SEQ
--------------------------------------------------------

   CREATE SEQUENCE  "TASK_SEQ"  MINVALUE 1 MAXVALUE 999999999999999999999999999 INCREMENT BY 1 START WITH 1 CACHE 20 NOORDER  NOCYCLE ;
--------------------------------------------------------
--  DDL for Sequence TIMESHEET_CELL_SEQ
--------------------------------------------------------

   CREATE SEQUENCE  "TIMESHEET_CELL_SEQ"  MINVALUE 1 MAXVALUE 999999999999999999999999999 INCREMENT BY 1 START WITH 1 CACHE 20 NOORDER  NOCYCLE ;
--------------------------------------------------------
--  DDL for Sequence TIMESHEET_ROW_SEQ
--------------------------------------------------------

   CREATE SEQUENCE  "TIMESHEET_ROW_SEQ"  MINVALUE 1 MAXVALUE 999999999999999999999999999 INCREMENT BY 1 START WITH 1 CACHE 20 NOORDER  NOCYCLE ;
--------------------------------------------------------
--  DDL for Sequence TIMESHEET_SEQ
--------------------------------------------------------

   CREATE SEQUENCE  "TIMESHEET_SEQ"  MINVALUE 1 MAXVALUE 999999999999999999999999999 INCREMENT BY 1 START WITH 1 CACHE 20 NOORDER  NOCYCLE ;
--------------------------------------------------------
--  DDL for Sequence TRAINING_SEQ
--------------------------------------------------------

   CREATE SEQUENCE  "TRAINING_SEQ"  MINVALUE 1 MAXVALUE 999999999999999999999999999 INCREMENT BY 1 START WITH 1 CACHE 20 NOORDER  NOCYCLE ;
--------------------------------------------------------
--  DDL for Sequence WORKDONE_PER_DAY_SEQ
--------------------------------------------------------

   CREATE SEQUENCE  "WORKDONE_PER_DAY_SEQ"  MINVALUE 1 MAXVALUE 999999999999999999999999999 INCREMENT BY 1 START WITH 1 CACHE 20 NOORDER  NOCYCLE ;
--------------------------------------------------------
--  DDL for Table ACCESS_RIGHTS
--------------------------------------------------------

  CREATE TABLE "ACCESS_RIGHTS" 
   (	"ID" NUMBER(19,0), 
	"ACTIVE" NUMBER(1,0), 
	"FK_RIGHT" NUMBER(19,0), 
	"FK_EMPLOYEE" NUMBER(19,0)
   ) ;
--------------------------------------------------------
--  DDL for Table ACTIVITIES
--------------------------------------------------------

  CREATE TABLE "ACTIVITIES" 
   (	"ID" NUMBER(19,0), 
	"STATUS" VARCHAR2(255), 
	"TODO" VARCHAR2(255), 
	"VERSION" NUMBER(10,0), 
	"STARTDATE" DATE, 
	"UPDATEDATE" DATE, 
	"ENDDATE" DATE, 
	"MISSION_ID" NUMBER(19,0), 
	"FK_EMPLOYEE" NUMBER(19,0), 
	"COMMENTS" VARCHAR2(255)
   ) ;
--------------------------------------------------------
--  DDL for Table BANKS
--------------------------------------------------------

  CREATE TABLE "BANKS" 
   (	"ID" NUMBER(19,0), 
	"NAME" VARCHAR2(255), 
	"CODE" VARCHAR2(255), 
	"ACCOUNT" VARCHAR2(255), 
	"CONTACTPERSON" VARCHAR2(255), 
	"CONTACTPERSONEMAIL" VARCHAR2(255), 
	"CONTACTPERSONPHONE" VARCHAR2(255), 
	"CONTACTPERSONFAX" VARCHAR2(255), 
	"ACTIVE" NUMBER(1,0)
   ) ;
--------------------------------------------------------
--  DDL for Table BUDGETS
--------------------------------------------------------

  CREATE TABLE "BUDGETS" 
   (	"ID" NUMBER(19,0), 
	"VERSION" NUMBER(10,0), 
	"EXP_AMOUNT" FLOAT(126), 
	"REAL_AMOUNT" FLOAT(126), 
	"REP_AMOUNT" FLOAT(126), 
	"COMMENTS" VARCHAR2(255), 
	"STATUS" VARCHAR2(255), 
	"FK_ASSOCIE" NUMBER(19,0), 
	"FK_CONTRACT" NUMBER(19,0), 
	"FK_EXERCISE" NUMBER(19,0), 
	"FK_MANAGER" NUMBER(19,0)
   ) ;
--------------------------------------------------------
--  DDL for Table CONTACTS
--------------------------------------------------------

  CREATE TABLE "CONTACTS" 
   (	"ID" NUMBER(19,0), 
	"NAME" VARCHAR2(255), 
	"F_NAME" VARCHAR2(255), 
	"L_NAME" VARCHAR2(255), 
	"JOB" VARCHAR2(255), 
	"B_PHONE" VARCHAR2(255), 
	"B_MOBILE" VARCHAR2(255), 
	"B_FAX" VARCHAR2(255), 
	"P_PHONE" VARCHAR2(255), 
	"P_MOBILE" VARCHAR2(255), 
	"B_EMAIL" VARCHAR2(255), 
	"P_EMAIL" VARCHAR2(255), 
	"B_WEB_ADDR" VARCHAR2(255), 
	"ACTIVE" NUMBER(1,0), 
	"B_ACTIVITY" VARCHAR2(255), 
	"UPDATEDUSER" VARCHAR2(255), 
	"COMPANY" VARCHAR2(255), 
	"ADDRESS" VARCHAR2(255), 
	"CREATEDATE" DATE, 
	"UPDATEDATE" DATE, 
	"VERSION" NUMBER(10,0), 
	"FK_CUSTOMER" NUMBER(19,0)
   ) ;
--------------------------------------------------------
--  DDL for Table CONTRACTS
--------------------------------------------------------

  CREATE TABLE "CONTRACTS" 
   (	"ID" NUMBER(19,0), 
	"REFERENCE" VARCHAR2(255), 
	"DESCRIPTION" VARCHAR2(255), 
	"FROMDATE" DATE, 
	"TODATE" DATE, 
	"DURATION" NUMBER(10,0), 
	"LANGUAGE" VARCHAR2(255), 
	"VAL" FLOAT(126), 
	"CUR" VARCHAR2(255), 
	"VERSION" NUMBER(10,0), 
	"MISSIONTYPE" VARCHAR2(255), 
	"AGREED" NUMBER(1,0), 
	"FK_CUSTOMER" NUMBER(19,0)
   ) ;
--------------------------------------------------------
--  DDL for Table CUSTOMERS
--------------------------------------------------------

  CREATE TABLE "CUSTOMERS" 
   (	"ID" NUMBER(19,0), 
	"WEB_ADDRESS" VARCHAR2(255), 
	"ACTIVE" NUMBER(1,0), 
	"COUNTRY" VARCHAR2(255), 
	"MAINADDRESS" VARCHAR2(255), 
	"MAINBILLINGADDRESS" VARCHAR2(255), 
	"ACTIVITY" VARCHAR2(255), 
	"CREATEDATE" DATE, 
	"UPDATEDATE" DATE, 
	"UPDATEDUSER" VARCHAR2(255), 
	"COMPY_NAME" VARCHAR2(255), 
	"FAX" VARCHAR2(255), 
	"PHONE" VARCHAR2(255), 
	"MOBILE" VARCHAR2(255), 
	"P_PHONE" VARCHAR2(255), 
	"P_MOBILE" VARCHAR2(255), 
	"EMAIL" VARCHAR2(255), 
	"CODE" VARCHAR2(255), 
	"VERSION" NUMBER(10,0), 
	"FK_ORIGIN" NUMBER(19,0), 
	"FK_MANAGER" NUMBER(19,0), 
	"FK_ASSOCIE" NUMBER(19,0)
   ) ;
--------------------------------------------------------
--  DDL for Table DECLARATIONS
--------------------------------------------------------

  CREATE TABLE "DECLARATIONS" 
   (	"ID" NUMBER(19,0), 
	"EXERCISE" VARCHAR2(255), 
	"CUSTOMER" VARCHAR2(255), 
	"REQUESTDATE" DATE, 
	"RECEIPTDATE" DATE, 
	"VALIDITYDATE" DATE, 
	"DECLARATION" NUMBER(1,0), 
	"PASSPORT" NUMBER(1,0), 
	"ACTIVE" NUMBER(1,0)
   ) ;
--------------------------------------------------------
--  DDL for Table DOCS_INVOICES
--------------------------------------------------------

  CREATE TABLE "DOCS_INVOICES" 
   (	"ID_INVOICE" NUMBER(19,0), 
	"ID_DOCUMENT" NUMBER(19,0)
   ) ;
--------------------------------------------------------
--  DDL for Table DOCS_MISSIONS
--------------------------------------------------------

  CREATE TABLE "DOCS_MISSIONS" 
   (	"ID_MISSION" NUMBER(19,0), 
	"ID_DOCUMENT" NUMBER(19,0)
   ) ;
--------------------------------------------------------
--  DDL for Table DOCUMENT_INVOICES
--------------------------------------------------------

  CREATE TABLE "DOCUMENT_INVOICES" 
   (	"DOCUMENT_ID" NUMBER(19,0), 
	"INVOICE_ID" NUMBER(19,0), 
	"CREATEDDATE" DATE
   ) ;
--------------------------------------------------------
--  DDL for Table DOCUMENTS
--------------------------------------------------------

  CREATE TABLE "DOCUMENTS" 
   (	"ID" NUMBER(19,0), 
	"FILE_NAME" VARCHAR2(255), 
	"DESCRIPTION" VARCHAR2(255), 
	"CREATEDATE" DATE, 
	"UPDATEDATE" DATE, 
	"TITLE" VARCHAR2(255), 
	"VERSION" NUMBER(10,0), 
	"OWNER" NUMBER(19,0)
   ) ;
--------------------------------------------------------
--  DDL for Table EMPLOYEES
--------------------------------------------------------

  CREATE TABLE "EMPLOYEES" 
   (	"ID" NUMBER(19,0), 
	"VERSION" NUMBER(10,0), 
	"USERNAME" VARCHAR2(255), 
	"FIRSTNAME" VARCHAR2(255), 
	"LASTNAME" VARCHAR2(255), 
	"JOBTITLE" VARCHAR2(255), 
	"COUNTRY" VARCHAR2(255), 
	"PHONE" VARCHAR2(255), 
	"MOBILE" VARCHAR2(255), 
	"PERSONALPHONE" VARCHAR2(255), 
	"PERSONALMOBILE" VARCHAR2(255), 
	"EMAIL" VARCHAR2(255), 
	"WEBADDRESS" VARCHAR2(255), 
	"PHOTO" VARCHAR2(255), 
	"CODE" VARCHAR2(255), 
	"ACTIVE" NUMBER(1,0), 
	"PASSWORD" VARCHAR2(255), 
	"LOGIN" VARCHAR2(255), 
	"UPDATEUSER" VARCHAR2(255), 
	"DATE_OF_BIRTH" DATE, 
	"CREATEDATE" DATE, 
	"MODIFIEDDATE" DATE, 
	"ADDRESS" VARCHAR2(255), 
	"PRIXVENTE" FLOAT(126), 
	"PRIXREVIENT" FLOAT(126), 
	"COUTHORAIRE" FLOAT(126), 
	"FK_POSITION" NUMBER(19,0)
   ) ;
--------------------------------------------------------
--  DDL for Table EVENTS
--------------------------------------------------------

  CREATE TABLE "EVENTS" 
   (	"ID" NUMBER(19,0), 
	"YEAR" NUMBER(10,0), 
	"MONTH" NUMBER(10,0), 
	"DAY" NUMBER(10,0), 
	"STARTHOUR" NUMBER(10,0), 
	"ENDHOUR" NUMBER(10,0), 
	"TYPE" VARCHAR2(255), 
	"TITLE" VARCHAR2(255), 
	"DATEOFEVENT" DATE, 
	"FK_EMPLOYEE" NUMBER(19,0), 
	"FK_MISSION" NUMBER(19,0), 
	"PRIXVENTE" FLOAT(126), 
	"PRIXREVIENT" FLOAT(126), 
	"COUTHORAIRE" FLOAT(126)
   ) ;
--------------------------------------------------------
--  DDL for Table EXERCISE_OBJECTIFS
--------------------------------------------------------

  CREATE TABLE "EXERCISE_OBJECTIFS" 
   (	"ID" NUMBER(19,0), 
	"TAUX" FLOAT(126), 
	"ANNUAL" FLOAT(126), 
	"ANNUAL_CO" FLOAT(126), 
	"ROLE" VARCHAR2(255), 
	"FK_RESPONSABLE" NUMBER(19,0), 
	"FK_EXERCISE" NUMBER(19,0)
   ) ;
--------------------------------------------------------
--  DDL for Table EXERCISE_RESULTS
--------------------------------------------------------

  CREATE TABLE "EXERCISE_RESULTS" 
   (	"ID" NUMBER(19,0), 
	"JAN" FLOAT(126), 
	"FEB" FLOAT(126), 
	"MAR" FLOAT(126), 
	"APR" FLOAT(126), 
	"MAY" FLOAT(126), 
	"JUN" FLOAT(126), 
	"JUL" FLOAT(126), 
	"AUG" FLOAT(126), 
	"SEP" FLOAT(126), 
	"OCT" FLOAT(126), 
	"NOV" FLOAT(126), 
	"DEC" FLOAT(126), 
	"ROLE" VARCHAR2(255), 
	"FK_EXERCISE" NUMBER(19,0), 
	"FK_RESPONSABLE" NUMBER(19,0)
   ) ;
--------------------------------------------------------
--  DDL for Table EXERCISES
--------------------------------------------------------

  CREATE TABLE "EXERCISES" 
   (	"ID" NUMBER(19,0), 
	"VERSION" NUMBER(10,0), 
	"YEAR" NUMBER(10,0), 
	"STATUS" VARCHAR2(255), 
	"STARTDATE" DATE, 
	"ENDDATE" DATE, 
	"ISAPPPROVED" NUMBER(1,0), 
	"TOT_EXP_AMOUNT" FLOAT(126), 
	"INFLATIONPERCENTAGE" FLOAT(126), 
	"TOT_REP_AMOUNT" FLOAT(126), 
	"TOT_REAL_AMOUNT" FLOAT(126)
   ) ;
--------------------------------------------------------
--  DDL for Table INVOICE_REMINDS
--------------------------------------------------------

  CREATE TABLE "INVOICE_REMINDS" 
   (	"ID" NUMBER(19,0), 
	"REMINDDATE" DATE, 
	"VERSION" NUMBER(10,0), 
	"FK_FACTURE" NUMBER(19,0)
   ) ;
--------------------------------------------------------
--  DDL for Table INVOICES
--------------------------------------------------------

  CREATE TABLE "INVOICES" 
   (	"DTYPE" VARCHAR2(31), 
	"ID" NUMBER(19,0), 
	"VERSION" NUMBER(10,0), 
	"TYPE" VARCHAR2(255), 
	"DATEFACTURE" DATE, 
	"SENTDATE" DATE, 
	"DATEOFPAYMENT" DATE, 
	"CURRENCY" VARCHAR2(3), 
	"YEAR" VARCHAR2(255), 
	"LIBELLE" VARCHAR2(255), 
	"AMOUNT" FLOAT(126), 
	"REFERENCE" VARCHAR2(255), 
	"STATUS" VARCHAR2(255), 
	"TOTALWORKEDHOURS" FLOAT(126), 
	"TOTALADVANCES" FLOAT(126), 
	"TOTALEXTRACOSTS" FLOAT(126), 
	"FINALBILL_ID" NUMBER(19,0), 
	"PROJECT_ID" NUMBER(19,0)
   ) ;
--------------------------------------------------------
--  DDL for Table MESSAGE
--------------------------------------------------------

  CREATE TABLE "MESSAGE" 
   (	"ID" NUMBER(19,0), 
	"SUBJECT" VARCHAR2(255), 
	"CONTENTS" VARCHAR2(255), 
	"CREATEDATE" DATE, 
	"MISSION_ID" NUMBER(19,0), 
	"FROM_ID" NUMBER(19,0), 
	"TO_ID" NUMBER(19,0), 
	"PARENT_ID" NUMBER(19,0), 
	"SENTDATE" DATE
   ) ;
--------------------------------------------------------
--  DDL for Table MISSION_COSTS
--------------------------------------------------------

  CREATE TABLE "MISSION_COSTS" 
   (	"ID" NUMBER(19,0), 
	"VERSION" NUMBER(10,0), 
	"COSTCODE" VARCHAR2(255), 
	"DESCRIPTION" VARCHAR2(255), 
	"AMOUNT" FLOAT(126), 
	"CURRENCY" VARCHAR2(3), 
	"CREATEDATE" DATE, 
	"FINALBILL_ID" NUMBER(19,0), 
	"OWNER_ID" NUMBER(19,0), 
	"MISSION_ID" NUMBER(19,0)
   ) ;
--------------------------------------------------------
--  DDL for Table MISSIONS
--------------------------------------------------------

  CREATE TABLE "MISSIONS" 
   (	"ID" NUMBER(19,0), 
	"EXERCISE" VARCHAR2(255), 
	"TITLE" VARCHAR2(255), 
	"REFER" VARCHAR2(255), 
	"COMMENTS" VARCHAR2(255), 
	"CREATEDATE" DATE, 
	"STARTDATE" DATE, 
	"DUEDATE" DATE, 
	"UPDATEDATE" DATE, 
	"UPDATEDUSER" VARCHAR2(255), 
	"STATUS" VARCHAR2(255), 
	"TYP" VARCHAR2(255), 
	"TOTALCOST" FLOAT(126), 
	"TOTALSCHEDULEDCOST" FLOAT(126), 
	"COUNTSCHEDULEDDAYS" NUMBER(10,0), 
	"VERSION" NUMBER(10,0), 
	"LANGUAGE" VARCHAR2(255), 
	"ANNUALBUDGET_ID" NUMBER(19,0)
   ) ;
--------------------------------------------------------
--  DDL for Table ORIGINS
--------------------------------------------------------

  CREATE TABLE "ORIGINS" 
   (	"ID" NUMBER(19,0), 
	"NAME" VARCHAR2(255), 
	"CODE" VARCHAR2(255)
   ) ;
--------------------------------------------------------
--  DDL for Table PAYMENTS
--------------------------------------------------------

  CREATE TABLE "PAYMENTS" 
   (	"ID" NUMBER(19,0), 
	"CODE" VARCHAR2(255), 
	"REFERENCE" VARCHAR2(255), 
	"CUSTOMERNAME" VARCHAR2(255), 
	"AMOUNT" FLOAT(126), 
	"CURRENCY" VARCHAR2(3), 
	"PAYMENTDATE" DATE, 
	"VERSION" NUMBER(10,0), 
	"FK_FACTURE" NUMBER(19,0)
   ) ;
--------------------------------------------------------
--  DDL for Table PROFILES
--------------------------------------------------------

  CREATE TABLE "PROFILES" 
   (	"ID" NUMBER(19,0), 
	"VERSION" NUMBER(10,0), 
	"NAME" VARCHAR2(255), 
	"FROMDATE" DATE, 
	"TODATE" DATE, 
	"ACTIVE" NUMBER(1,0)
   ) ;
--------------------------------------------------------
--  DDL for Table RIGHTS
--------------------------------------------------------

  CREATE TABLE "RIGHTS" 
   (	"ID" NUMBER(19,0), 
	"NAME" VARCHAR2(255), 
	"DESCRIPTION" VARCHAR2(255), 
	"CODE" VARCHAR2(255), 
	"TYPE" VARCHAR2(255)
   ) ;
--------------------------------------------------------
--  DDL for Table TASKS
--------------------------------------------------------

  CREATE TABLE "TASKS" 
   (	"ID" NUMBER(19,0), 
	"NAME" VARCHAR2(255), 
	"DESCRIPTION" VARCHAR2(255), 
	"CODEPRESTATION" VARCHAR2(255), 
	"CHARGEABLE" NUMBER(1,0), 
	"CODE" VARCHAR2(255), 
	"VERSION" NUMBER(10,0)
   ) ;
--------------------------------------------------------
--  DDL for Table TIMESHEET_CELLS
--------------------------------------------------------

  CREATE TABLE "TIMESHEET_CELLS" 
   (	"ID" NUMBER(19,0), 
	"VERSION" NUMBER(10,0), 
	"DAYNUMBER" NUMBER(10,0), 
	"VALUE" FLOAT(126), 
	"FK_ROW" NUMBER(19,0), 
	"ROW_ID" NUMBER(19,0)
   ) ;
--------------------------------------------------------
--  DDL for Table TIMESHEET_ROWS
--------------------------------------------------------

  CREATE TABLE "TIMESHEET_ROWS" 
   (	"ID" NUMBER(19,0), 
	"VERSION" NUMBER(10,0), 
	"FK_TIMESHEET" NUMBER(19,0), 
	"FK_ACTIVITY" NUMBER(19,0), 
	"LABEL" VARCHAR2(255), 
	"CODEPRESTATION" VARCHAR2(255), 
	"CUSTNUMBER" VARCHAR2(255), 
	"ASSCODE" VARCHAR2(255), 
	"MANCODE" VARCHAR2(255)
   ) ;
--------------------------------------------------------
--  DDL for Table TIMESHEETS
--------------------------------------------------------

  CREATE TABLE "TIMESHEETS" 
   (	"ID" NUMBER(19,0), 
	"VERSION" NUMBER(10,0), 
	"EXERCISE" VARCHAR2(255), 
	"CREATEDATE" DATE, 
	"UPDATEDATE" DATE, 
	"ACCEPTEDDATE" DATE, 
	"REJECTEDDATE" DATE, 
	"SUBMITDATE" DATE, 
	"VALIDATIONDATE" DATE, 
	"STARTDATEOFWEEK" DATE, 
	"ENDDATEOFWEEK" DATE, 
	"STATUS" VARCHAR2(255), 
	"WEEKNUMBER" NUMBER(10,0), 
	"FK_EMPLOYEE" NUMBER(19,0), 
	"USERID" NUMBER(19,0), 
	"PRIXVENTE" FLOAT(126), 
	"PRIXREVIENT" FLOAT(126), 
	"COUTHORAIRE" FLOAT(126)
   ) ;
--------------------------------------------------------
--  DDL for Table TRAININGS
--------------------------------------------------------

  CREATE TABLE "TRAININGS" 
   (	"ID" NUMBER(19,0), 
	"TITLE" VARCHAR2(255), 
	"DESCRIPTION" VARCHAR2(255), 
	"STARTDATE" DATE, 
	"ENDDATE" DATE, 
	"COMPANYNAME" VARCHAR2(255), 
	"BENEFICIAIRE_ID" NUMBER(19,0)
   ) ;

---------------------------------------------------
--   DATA FOR TABLE PROFILES
--   FILTER = none used
---------------------------------------------------
REM INSERTING into PROFILES
Insert into PROFILES (ID,VERSION,NAME,FROMDATE,TODATE,ACTIVE) values (1,0,'SENIOR_MANAGER',to_timestamp('18/05/09 10:20:49,000000000','DD/MM/RR HH24:MI:SS,FF'),to_timestamp('18/05/09 10:20:49,000000000','DD/MM/RR HH24:MI:SS,FF'),1);
Insert into PROFILES (ID,VERSION,NAME,FROMDATE,TODATE,ACTIVE) values (2,0,'DIRECTOR',to_timestamp('18/05/09 10:20:50,000000000','DD/MM/RR HH24:MI:SS,FF'),to_timestamp('18/05/09 10:20:50,000000000','DD/MM/RR HH24:MI:SS,FF'),1);
Insert into PROFILES (ID,VERSION,NAME,FROMDATE,TODATE,ACTIVE) values (3,0,'ASSISTANTS',to_timestamp('18/05/09 10:20:50,000000000','DD/MM/RR HH24:MI:SS,FF'),to_timestamp('18/05/09 10:20:50,000000000','DD/MM/RR HH24:MI:SS,FF'),1);
Insert into PROFILES (ID,VERSION,NAME,FROMDATE,TODATE,ACTIVE) values (4,0,'PARTNER',to_timestamp('18/05/09 10:20:50,000000000','DD/MM/RR HH24:MI:SS,FF'),to_timestamp('18/05/09 10:20:50,000000000','DD/MM/RR HH24:MI:SS,FF'),1);
Insert into PROFILES (ID,VERSION,NAME,FROMDATE,TODATE,ACTIVE) values (5,0,'MGMT_PARTNER',to_timestamp('18/05/09 10:20:50,000000000','DD/MM/RR HH24:MI:SS,FF'),to_timestamp('18/05/09 10:20:50,000000000','DD/MM/RR HH24:MI:SS,FF'),1);
Insert into PROFILES (ID,VERSION,NAME,FROMDATE,TODATE,ACTIVE) values (6,0,'SECRETAIRE',to_timestamp('18/05/09 10:20:50,000000000','DD/MM/RR HH24:MI:SS,FF'),to_timestamp('18/05/09 10:20:50,000000000','DD/MM/RR HH24:MI:SS,FF'),1);
Insert into PROFILES (ID,VERSION,NAME,FROMDATE,TODATE,ACTIVE) values (7,0,'MANAGER',to_timestamp('18/05/09 10:20:50,000000000','DD/MM/RR HH24:MI:SS,FF'),to_timestamp('18/05/09 10:20:50,000000000','DD/MM/RR HH24:MI:SS,FF'),1);
Insert into PROFILES (ID,VERSION,NAME,FROMDATE,TODATE,ACTIVE) values (8,0,'ASSISTANT_MANAGER',to_timestamp('18/05/09 10:20:50,000000000','DD/MM/RR HH24:MI:SS,FF'),to_timestamp('18/05/09 10:20:50,000000000','DD/MM/RR HH24:MI:SS,FF'),1);
Insert into PROFILES (ID,VERSION,NAME,FROMDATE,TODATE,ACTIVE) values (9,0,'SENIOR_MANAGER',to_timestamp('18/05/09 10:20:50,000000000','DD/MM/RR HH24:MI:SS,FF'),to_timestamp('18/05/09 10:20:50,000000000','DD/MM/RR HH24:MI:SS,FF'),1);
Insert into PROFILES (ID,VERSION,NAME,FROMDATE,TODATE,ACTIVE) values (10,0,'SENIORS',to_timestamp('18/05/09 10:20:50,000000000','DD/MM/RR HH24:MI:SS,FF'),to_timestamp('18/05/09 10:20:50,000000000','DD/MM/RR HH24:MI:SS,FF'),1);

---------------------------------------------------
--   END DATA FOR TABLE PROFILES
---------------------------------------------------

---------------------------------------------------
--   DATA FOR TABLE INVOICE_REMINDS
--   FILTER = none used
---------------------------------------------------
REM INSERTING into INVOICE_REMINDS

---------------------------------------------------
--   END DATA FOR TABLE INVOICE_REMINDS
---------------------------------------------------

---------------------------------------------------
--   DATA FOR TABLE TIMESHEET_ROWS
--   FILTER = none used
---------------------------------------------------
REM INSERTING into TIMESHEET_ROWS
Insert into TIMESHEET_ROWS (ID,VERSION,FK_TIMESHEET,FK_ACTIVITY,LABEL,CODEPRESTATION,CUSTNUMBER,ASSCODE,MANCODE) values (964,2,963,931,'DIMPEX SA',null,'82633','EK','LM');
Insert into TIMESHEET_ROWS (ID,VERSION,FK_TIMESHEET,FK_ACTIVITY,LABEL,CODEPRESTATION,CUSTNUMBER,ASSCODE,MANCODE) values (966,2,963,929,'Caryos SA',null,'9291','EK','LM');
Insert into TIMESHEET_ROWS (ID,VERSION,FK_TIMESHEET,FK_ACTIVITY,LABEL,CODEPRESTATION,CUSTNUMBER,ASSCODE,MANCODE) values (970,2,969,444,'Caryos SA',null,'9291','EK','LM');
Insert into TIMESHEET_ROWS (ID,VERSION,FK_TIMESHEET,FK_ACTIVITY,LABEL,CODEPRESTATION,CUSTNUMBER,ASSCODE,MANCODE) values (972,2,969,412,'ANGLESEA CAPITAL SA',null,'6565','EK','LM');
Insert into TIMESHEET_ROWS (ID,VERSION,FK_TIMESHEET,FK_ACTIVITY,LABEL,CODEPRESTATION,CUSTNUMBER,ASSCODE,MANCODE) values (976,3,975,null,'FORMATION',null,'99900',null,null);
Insert into TIMESHEET_ROWS (ID,VERSION,FK_TIMESHEET,FK_ACTIVITY,LABEL,CODEPRESTATION,CUSTNUMBER,ASSCODE,MANCODE) values (978,3,975,null,'FACTURATION',null,'99900',null,null);
Insert into TIMESHEET_ROWS (ID,VERSION,FK_TIMESHEET,FK_ACTIVITY,LABEL,CODEPRESTATION,CUSTNUMBER,ASSCODE,MANCODE) values (980,3,975,null,'ORGANISATION',null,'99900',null,null);
Insert into TIMESHEET_ROWS (ID,VERSION,FK_TIMESHEET,FK_ACTIVITY,LABEL,CODEPRESTATION,CUSTNUMBER,ASSCODE,MANCODE) values (982,3,975,null,'CONGE',null,'99900',null,null);
Insert into TIMESHEET_ROWS (ID,VERSION,FK_TIMESHEET,FK_ACTIVITY,LABEL,CODEPRESTATION,CUSTNUMBER,ASSCODE,MANCODE) values (949,9,948,849,'EUROPEAN PARLIAMENT-canteen',null,'6464','VD','LM');
Insert into TIMESHEET_ROWS (ID,VERSION,FK_TIMESHEET,FK_ACTIVITY,LABEL,CODEPRESTATION,CUSTNUMBER,ASSCODE,MANCODE) values (951,9,948,855,'Caryos SA',null,'9291','EK','LM');
Insert into TIMESHEET_ROWS (ID,VERSION,FK_TIMESHEET,FK_ACTIVITY,LABEL,CODEPRESTATION,CUSTNUMBER,ASSCODE,MANCODE) values (953,9,948,905,'EUROPEAN PARLIAMENT-Imprest qtrly reviews',null,'6363','VD','LM');
Insert into TIMESHEET_ROWS (ID,VERSION,FK_TIMESHEET,FK_ACTIVITY,LABEL,CODEPRESTATION,CUSTNUMBER,ASSCODE,MANCODE) values (955,9,948,447,'DIMPEX SA',null,'82633','EK','LM');
Insert into TIMESHEET_ROWS (ID,VERSION,FK_TIMESHEET,FK_ACTIVITY,LABEL,CODEPRESTATION,CUSTNUMBER,ASSCODE,MANCODE) values (957,9,948,465,'BORG LUXEMBOURG SA',null,'16000','MB','LM');
Insert into TIMESHEET_ROWS (ID,VERSION,FK_TIMESHEET,FK_ACTIVITY,LABEL,CODEPRESTATION,CUSTNUMBER,ASSCODE,MANCODE) values (959,9,948,null,'CONGE',null,'99900',null,null);
Insert into TIMESHEET_ROWS (ID,VERSION,FK_TIMESHEET,FK_ACTIVITY,LABEL,CODEPRESTATION,CUSTNUMBER,ASSCODE,MANCODE) values (961,9,948,851,'GULF OIL INTERNATIONAL LTD',null,'11261','OB','SG');
Insert into TIMESHEET_ROWS (ID,VERSION,FK_TIMESHEET,FK_ACTIVITY,LABEL,CODEPRESTATION,CUSTNUMBER,ASSCODE,MANCODE) values (1001,6,948,null,'FACTURATION',null,'99900',null,null);
Insert into TIMESHEET_ROWS (ID,VERSION,FK_TIMESHEET,FK_ACTIVITY,LABEL,CODEPRESTATION,CUSTNUMBER,ASSCODE,MANCODE) values (1003,6,948,null,'JOUR FERIE',null,'99900',null,null);

---------------------------------------------------
--   END DATA FOR TABLE TIMESHEET_ROWS
---------------------------------------------------

---------------------------------------------------
--   DATA FOR TABLE MISSIONS
--   FILTER = none used
---------------------------------------------------
REM INSERTING into MISSIONS
Insert into MISSIONS (ID,EXERCISE,TITLE,REFER,COMMENTS,CREATEDATE,STARTDATE,DUEDATE,UPDATEDATE,UPDATEDUSER,STATUS,TYP,TOTALCOST,TOTALSCHEDULEDCOST,COUNTSCHEDULEDDAYS,VERSION,LANGUAGE,ANNUALBUDGET_ID) values (382,'2010','Mission : 12085_2010','12085_2010','Mission : 12085_2010',to_timestamp('20/01/10 00:00:00,000000000','DD/MM/RR HH24:MI:SS,FF'),null,null,null,null,'PENDING','REVISION',0,0,0,0,'EN',359);
Insert into MISSIONS (ID,EXERCISE,TITLE,REFER,COMMENTS,CREATEDATE,STARTDATE,DUEDATE,UPDATEDATE,UPDATEDUSER,STATUS,TYP,TOTALCOST,TOTALSCHEDULEDCOST,COUNTSCHEDULEDDAYS,VERSION,LANGUAGE,ANNUALBUDGET_ID) values (383,'2010','Mission : 6464_2010','6464_2010','Mission : 6464_2010',to_timestamp('20/01/10 00:00:00,000000000','DD/MM/RR HH24:MI:SS,FF'),null,null,null,null,'PENDING','REVISION',0,0,0,0,'DE',355);
Insert into MISSIONS (ID,EXERCISE,TITLE,REFER,COMMENTS,CREATEDATE,STARTDATE,DUEDATE,UPDATEDATE,UPDATEDUSER,STATUS,TYP,TOTALCOST,TOTALSCHEDULEDCOST,COUNTSCHEDULEDDAYS,VERSION,LANGUAGE,ANNUALBUDGET_ID) values (384,'2010','Mission : 9290_2010','9290_2010','Mission : 9290_2010',to_timestamp('20/01/10 00:00:00,000000000','DD/MM/RR HH24:MI:SS,FF'),to_timestamp('01/03/10 00:00:00,000000000','DD/MM/RR HH24:MI:SS,FF'),to_timestamp('02/11/10 00:00:00,000000000','DD/MM/RR HH24:MI:SS,FF'),null,null,'PENDING','COMMISSAIRE',0,0,0,2,'FR',367);
Insert into MISSIONS (ID,EXERCISE,TITLE,REFER,COMMENTS,CREATEDATE,STARTDATE,DUEDATE,UPDATEDATE,UPDATEDUSER,STATUS,TYP,TOTALCOST,TOTALSCHEDULEDCOST,COUNTSCHEDULEDDAYS,VERSION,LANGUAGE,ANNUALBUDGET_ID) values (385,'2010','Mission : 16000_2010','16000_2010','Mission : 16000_2010',to_timestamp('20/01/10 00:00:00,000000000','DD/MM/RR HH24:MI:SS,FF'),to_timestamp('20/01/10 00:00:00,000000000','DD/MM/RR HH24:MI:SS,FF'),to_timestamp('26/02/10 00:00:00,000000000','DD/MM/RR HH24:MI:SS,FF'),null,null,'PENDING','REVISION',0,0,0,1,'DE',351);
Insert into MISSIONS (ID,EXERCISE,TITLE,REFER,COMMENTS,CREATEDATE,STARTDATE,DUEDATE,UPDATEDATE,UPDATEDUSER,STATUS,TYP,TOTALCOST,TOTALSCHEDULEDCOST,COUNTSCHEDULEDDAYS,VERSION,LANGUAGE,ANNUALBUDGET_ID) values (386,'2010','Mission : 6565_2010','6565_2010','Mission : 6565_2010',to_timestamp('20/01/10 00:00:00,000000000','DD/MM/RR HH24:MI:SS,FF'),to_timestamp('01/01/10 00:00:00,000000000','DD/MM/RR HH24:MI:SS,FF'),to_timestamp('30/10/10 00:00:00,000000000','DD/MM/RR HH24:MI:SS,FF'),null,null,'PENDING','CONSOLIDATION',0,0,0,8,'EN',353);
Insert into MISSIONS (ID,EXERCISE,TITLE,REFER,COMMENTS,CREATEDATE,STARTDATE,DUEDATE,UPDATEDATE,UPDATEDUSER,STATUS,TYP,TOTALCOST,TOTALSCHEDULEDCOST,COUNTSCHEDULEDDAYS,VERSION,LANGUAGE,ANNUALBUDGET_ID) values (387,'2010','Mission : 9292_2010','9292_2010','Mission : 9292_2010',to_timestamp('20/01/10 00:00:00,000000000','DD/MM/RR HH24:MI:SS,FF'),null,null,null,null,'CANCELLED','RAPPORT_DISTINCT_CAA',0,0,0,1,'FR',356);
Insert into MISSIONS (ID,EXERCISE,TITLE,REFER,COMMENTS,CREATEDATE,STARTDATE,DUEDATE,UPDATEDATE,UPDATEDUSER,STATUS,TYP,TOTALCOST,TOTALSCHEDULEDCOST,COUNTSCHEDULEDDAYS,VERSION,LANGUAGE,ANNUALBUDGET_ID) values (388,'2010','Mission : 9291_2010','9291_2010','Mission : 9291_2010',to_timestamp('20/01/10 00:00:00,000000000','DD/MM/RR HH24:MI:SS,FF'),to_timestamp('01/01/10 00:00:00,000000000','DD/MM/RR HH24:MI:SS,FF'),to_timestamp('26/06/10 00:00:00,000000000','DD/MM/RR HH24:MI:SS,FF'),null,null,'PENDING','REVISION',0,0,0,5,'EN',345);
Insert into MISSIONS (ID,EXERCISE,TITLE,REFER,COMMENTS,CREATEDATE,STARTDATE,DUEDATE,UPDATEDATE,UPDATEDUSER,STATUS,TYP,TOTALCOST,TOTALSCHEDULEDCOST,COUNTSCHEDULEDDAYS,VERSION,LANGUAGE,ANNUALBUDGET_ID) values (389,'2010','Mission : 12084_2010','12084_2010','Mission : 12084_2010',to_timestamp('20/01/10 00:00:00,000000000','DD/MM/RR HH24:MI:SS,FF'),null,null,null,null,'PENDING','REVISION',0,0,0,0,'DE',361);
Insert into MISSIONS (ID,EXERCISE,TITLE,REFER,COMMENTS,CREATEDATE,STARTDATE,DUEDATE,UPDATEDATE,UPDATEDUSER,STATUS,TYP,TOTALCOST,TOTALSCHEDULEDCOST,COUNTSCHEDULEDDAYS,VERSION,LANGUAGE,ANNUALBUDGET_ID) values (390,'2010','Mission : 9283_2010','9283_2010','Mission : 9283_2010',to_timestamp('20/01/10 00:00:00,000000000','DD/MM/RR HH24:MI:SS,FF'),null,null,null,null,'PENDING','OTHER',0,0,0,0,'EN',358);
Insert into MISSIONS (ID,EXERCISE,TITLE,REFER,COMMENTS,CREATEDATE,STARTDATE,DUEDATE,UPDATEDATE,UPDATEDUSER,STATUS,TYP,TOTALCOST,TOTALSCHEDULEDCOST,COUNTSCHEDULEDDAYS,VERSION,LANGUAGE,ANNUALBUDGET_ID) values (391,'2010','Mission : 10388_2010','10388_2010','Mission : 10388_2010',to_timestamp('20/01/10 00:00:00,000000000','DD/MM/RR HH24:MI:SS,FF'),null,null,null,null,'PENDING','REVISION',0,0,0,0,'DE',365);
Insert into MISSIONS (ID,EXERCISE,TITLE,REFER,COMMENTS,CREATEDATE,STARTDATE,DUEDATE,UPDATEDATE,UPDATEDUSER,STATUS,TYP,TOTALCOST,TOTALSCHEDULEDCOST,COUNTSCHEDULEDDAYS,VERSION,LANGUAGE,ANNUALBUDGET_ID) values (392,'2010','Mission : 9294_2010','9294_2010','Mission : 9294_2010',to_timestamp('20/01/10 00:00:00,000000000','DD/MM/RR HH24:MI:SS,FF'),null,null,null,null,'PENDING','CONSOLIDATION',0,0,0,0,'DE',360);
Insert into MISSIONS (ID,EXERCISE,TITLE,REFER,COMMENTS,CREATEDATE,STARTDATE,DUEDATE,UPDATEDATE,UPDATEDUSER,STATUS,TYP,TOTALCOST,TOTALSCHEDULEDCOST,COUNTSCHEDULEDDAYS,VERSION,LANGUAGE,ANNUALBUDGET_ID) values (393,'2010','Mission : 6363_2010','6363_2010','Mission : 6363_2010',to_timestamp('20/01/10 00:00:00,000000000','DD/MM/RR HH24:MI:SS,FF'),null,null,null,null,'PENDING','COMMISSAIRE',0,0,0,1,'FR',344);
Insert into MISSIONS (ID,EXERCISE,TITLE,REFER,COMMENTS,CREATEDATE,STARTDATE,DUEDATE,UPDATEDATE,UPDATEDUSER,STATUS,TYP,TOTALCOST,TOTALSCHEDULEDCOST,COUNTSCHEDULEDDAYS,VERSION,LANGUAGE,ANNUALBUDGET_ID) values (394,'2010','Mission : 6666_2010','6666_2010','Mission : 6666_2010',to_timestamp('20/01/10 00:00:00,000000000','DD/MM/RR HH24:MI:SS,FF'),null,null,null,null,'PENDING','RAPPORT_DISTINCT_CAA',0,0,0,0,'DE',354);
Insert into MISSIONS (ID,EXERCISE,TITLE,REFER,COMMENTS,CREATEDATE,STARTDATE,DUEDATE,UPDATEDATE,UPDATEDUSER,STATUS,TYP,TOTALCOST,TOTALSCHEDULEDCOST,COUNTSCHEDULEDDAYS,VERSION,LANGUAGE,ANNUALBUDGET_ID) values (395,'2010','Mission : 9000_2010','9000_2010','Mission : 9000_2010',to_timestamp('20/01/10 00:00:00,000000000','DD/MM/RR HH24:MI:SS,FF'),null,null,null,null,'PENDING','OTHER',0,0,0,0,'EN',363);
Insert into MISSIONS (ID,EXERCISE,TITLE,REFER,COMMENTS,CREATEDATE,STARTDATE,DUEDATE,UPDATEDATE,UPDATEDUSER,STATUS,TYP,TOTALCOST,TOTALSCHEDULEDCOST,COUNTSCHEDULEDDAYS,VERSION,LANGUAGE,ANNUALBUDGET_ID) values (396,'2010','Mission : 9293_2010','9293_2010','Mission : 9293_2010',to_timestamp('20/01/10 00:00:00,000000000','DD/MM/RR HH24:MI:SS,FF'),null,null,null,null,'PENDING','RAPPORT_CONSOLIDATION',0,0,0,0,'DE',350);
Insert into MISSIONS (ID,EXERCISE,TITLE,REFER,COMMENTS,CREATEDATE,STARTDATE,DUEDATE,UPDATEDATE,UPDATEDUSER,STATUS,TYP,TOTALCOST,TOTALSCHEDULEDCOST,COUNTSCHEDULEDDAYS,VERSION,LANGUAGE,ANNUALBUDGET_ID) values (397,'2010','Mission : 9287_2010','9287_2010','Mission : 9287_2010',to_timestamp('20/01/10 00:00:00,000000000','DD/MM/RR HH24:MI:SS,FF'),null,null,null,null,'PENDING','COMMISSAIRE',0,0,0,0,'EN',349);
Insert into MISSIONS (ID,EXERCISE,TITLE,REFER,COMMENTS,CREATEDATE,STARTDATE,DUEDATE,UPDATEDATE,UPDATEDUSER,STATUS,TYP,TOTALCOST,TOTALSCHEDULEDCOST,COUNTSCHEDULEDDAYS,VERSION,LANGUAGE,ANNUALBUDGET_ID) values (398,'2010','Mission : 9284_2010','9284_2010','Mission : 9284_2010',to_timestamp('20/01/10 00:00:00,000000000','DD/MM/RR HH24:MI:SS,FF'),null,null,null,null,'PENDING','CONSOLIDATION',0,0,0,0,'FR',348);
Insert into MISSIONS (ID,EXERCISE,TITLE,REFER,COMMENTS,CREATEDATE,STARTDATE,DUEDATE,UPDATEDATE,UPDATEDUSER,STATUS,TYP,TOTALCOST,TOTALSCHEDULEDCOST,COUNTSCHEDULEDDAYS,VERSION,LANGUAGE,ANNUALBUDGET_ID) values (399,'2010','Mission : 9289_2010','9289_2010','Mission : 9289_2010',to_timestamp('20/01/10 00:00:00,000000000','DD/MM/RR HH24:MI:SS,FF'),null,null,null,null,'PENDING','REVISION',0,0,0,0,'EN',366);
Insert into MISSIONS (ID,EXERCISE,TITLE,REFER,COMMENTS,CREATEDATE,STARTDATE,DUEDATE,UPDATEDATE,UPDATEDUSER,STATUS,TYP,TOTALCOST,TOTALSCHEDULEDCOST,COUNTSCHEDULEDDAYS,VERSION,LANGUAGE,ANNUALBUDGET_ID) values (400,'2010','Mission : 9290_2010','9290_2010','Mission : 9290_2010',to_timestamp('20/01/10 00:00:00,000000000','DD/MM/RR HH24:MI:SS,FF'),to_timestamp('16/03/10 00:00:00,000000000','DD/MM/RR HH24:MI:SS,FF'),to_timestamp('17/06/10 00:00:00,000000000','DD/MM/RR HH24:MI:SS,FF'),null,null,'PENDING','RAPPORT_DISTINCT_CAA',0,0,0,1,'EN',347);
Insert into MISSIONS (ID,EXERCISE,TITLE,REFER,COMMENTS,CREATEDATE,STARTDATE,DUEDATE,UPDATEDATE,UPDATEDUSER,STATUS,TYP,TOTALCOST,TOTALSCHEDULEDCOST,COUNTSCHEDULEDDAYS,VERSION,LANGUAGE,ANNUALBUDGET_ID) values (401,'2010','Mission : 9296_2010','9296_2010','Mission : 9296_2010',to_timestamp('20/01/10 00:00:00,000000000','DD/MM/RR HH24:MI:SS,FF'),null,null,null,null,'PENDING','REVISION',0,0,0,0,'EN',343);
Insert into MISSIONS (ID,EXERCISE,TITLE,REFER,COMMENTS,CREATEDATE,STARTDATE,DUEDATE,UPDATEDATE,UPDATEDUSER,STATUS,TYP,TOTALCOST,TOTALSCHEDULEDCOST,COUNTSCHEDULEDDAYS,VERSION,LANGUAGE,ANNUALBUDGET_ID) values (402,'2010','Mission : 82633_2010','82633_2010','Mission : 82633_2010',to_timestamp('20/01/10 00:00:00,000000000','DD/MM/RR HH24:MI:SS,FF'),null,null,null,null,'STOPPED','REVISION',0,0,0,1,'DE',364);
Insert into MISSIONS (ID,EXERCISE,TITLE,REFER,COMMENTS,CREATEDATE,STARTDATE,DUEDATE,UPDATEDATE,UPDATEDUSER,STATUS,TYP,TOTALCOST,TOTALSCHEDULEDCOST,COUNTSCHEDULEDDAYS,VERSION,LANGUAGE,ANNUALBUDGET_ID) values (403,'2010','Mission : 9282_2010','9282_2010','Mission : 9282_2010',to_timestamp('20/01/10 00:00:00,000000000','DD/MM/RR HH24:MI:SS,FF'),null,null,null,null,'PENDING','RAPPORT_CONSOLIDATION',0,0,0,0,'FR',346);
Insert into MISSIONS (ID,EXERCISE,TITLE,REFER,COMMENTS,CREATEDATE,STARTDATE,DUEDATE,UPDATEDATE,UPDATEDUSER,STATUS,TYP,TOTALCOST,TOTALSCHEDULEDCOST,COUNTSCHEDULEDDAYS,VERSION,LANGUAGE,ANNUALBUDGET_ID) values (404,'2010','Mission : 9286_2010','9286_2010','Mission : 9286_2010',to_timestamp('20/01/10 00:00:00,000000000','DD/MM/RR HH24:MI:SS,FF'),null,null,null,null,'PENDING','RAPPORT_CONSOLIDATION',0,0,0,0,'FR',352);
Insert into MISSIONS (ID,EXERCISE,TITLE,REFER,COMMENTS,CREATEDATE,STARTDATE,DUEDATE,UPDATEDATE,UPDATEDUSER,STATUS,TYP,TOTALCOST,TOTALSCHEDULEDCOST,COUNTSCHEDULEDDAYS,VERSION,LANGUAGE,ANNUALBUDGET_ID) values (405,'2010','Mission : 9281_2010','9281_2010','Mission : 9281_2010',to_timestamp('20/01/10 00:00:00,000000000','DD/MM/RR HH24:MI:SS,FF'),null,null,null,null,'PENDING','REVISION',0,0,0,0,'FR',362);
Insert into MISSIONS (ID,EXERCISE,TITLE,REFER,COMMENTS,CREATEDATE,STARTDATE,DUEDATE,UPDATEDATE,UPDATEDUSER,STATUS,TYP,TOTALCOST,TOTALSCHEDULEDCOST,COUNTSCHEDULEDDAYS,VERSION,LANGUAGE,ANNUALBUDGET_ID) values (406,'2010','Mission : 9280_2010','9280_2010','Mission : 9280_2010',to_timestamp('20/01/10 00:00:00,000000000','DD/MM/RR HH24:MI:SS,FF'),null,null,null,null,'PENDING','COMMISSAIRE',0,0,0,0,'FR',357);
Insert into MISSIONS (ID,EXERCISE,TITLE,REFER,COMMENTS,CREATEDATE,STARTDATE,DUEDATE,UPDATEDATE,UPDATEDUSER,STATUS,TYP,TOTALCOST,TOTALSCHEDULEDCOST,COUNTSCHEDULEDDAYS,VERSION,LANGUAGE,ANNUALBUDGET_ID) values (407,'2010','Mission : 11261_2010','11261_2010','Mission : 11261_2010',to_timestamp('20/01/10 00:00:00,000000000','DD/MM/RR HH24:MI:SS,FF'),null,null,null,null,'PENDING','RAPPORT_CONSOLIDATION',0,0,0,0,'EN',342);

---------------------------------------------------
--   END DATA FOR TABLE MISSIONS
---------------------------------------------------

---------------------------------------------------
--   DATA FOR TABLE RIGHTS
--   FILTER = none used
---------------------------------------------------
REM INSERTING into RIGHTS
Insert into RIGHTS (ID,NAME,DESCRIPTION,CODE,TYPE) values (43,'Consulter facture','Consulter les factures','CONSULT_INVOICE','INVOICE');
Insert into RIGHTS (ID,NAME,DESCRIPTION,CODE,TYPE) values (44,'Consulter document','Consulter document','CONSULT_DOCUMENT','DOCUMENT');
Insert into RIGHTS (ID,NAME,DESCRIPTION,CODE,TYPE) values (45,'Enregister timesheet','Enregistrer timesheet','REGISTER_TIMESHEET','TIMESHEET');
Insert into RIGHTS (ID,NAME,DESCRIPTION,CODE,TYPE) values (1,'Enregister employee','Enregister un employee','REGISTER_USER','EMPLOYEE');
Insert into RIGHTS (ID,NAME,DESCRIPTION,CODE,TYPE) values (2,'Modifier employee','Permet de modifier un employee','MODIFY_USER','EMPLOYEE');
Insert into RIGHTS (ID,NAME,DESCRIPTION,CODE,TYPE) values (3,'Consulter employee ','Consulter les details d''un employee','CONSULT_USER','EMPLOYEE');
Insert into RIGHTS (ID,NAME,DESCRIPTION,CODE,TYPE) values (4,'Enregistrer client','Enregistrer un client ','REGISTER_CUST','CLIENT');
Insert into RIGHTS (ID,NAME,DESCRIPTION,CODE,TYPE) values (5,'Modifier client','Permet de modifier un client','MODIFY_CUST','CLIENT');
Insert into RIGHTS (ID,NAME,DESCRIPTION,CODE,TYPE) values (6,'Consulter client','Permet de modifier les details d''un client','CONSULT_CUST','CLIENT');
Insert into RIGHTS (ID,NAME,DESCRIPTION,CODE,TYPE) values (7,'Enregistrer banque','Enregistrer une banque','REGISTER_BANK','BANK');
Insert into RIGHTS (ID,NAME,DESCRIPTION,CODE,TYPE) values (8,'Modifier  banque','Modifier une banque','MODIFY_BANK','BANK');
Insert into RIGHTS (ID,NAME,DESCRIPTION,CODE,TYPE) values (9,'Consulter banque','Consulter banque','CONSULT_BANK','BANK');
Insert into RIGHTS (ID,NAME,DESCRIPTION,CODE,TYPE) values (10,'Enregistrer payment','Enregistrer payment','REGISTER_PAYMENT','PAYMENT');
Insert into RIGHTS (ID,NAME,DESCRIPTION,CODE,TYPE) values (11,'Modifier payment','Modifier payment','MODIFY_PAYMENT','PAYMENT');
Insert into RIGHTS (ID,NAME,DESCRIPTION,CODE,TYPE) values (12,'Consulter payment','Consulter payment','CONSULT_PAYMENT','PAYMENT');
Insert into RIGHTS (ID,NAME,DESCRIPTION,CODE,TYPE) values (13,'Enregistrer contact','Enregistrer contact','REGISTER_CONTACT','CONTACT');
Insert into RIGHTS (ID,NAME,DESCRIPTION,CODE,TYPE) values (14,'Modifier contact','Modifier contact','MODIFY_CONTACT','CONTACT');
Insert into RIGHTS (ID,NAME,DESCRIPTION,CODE,TYPE) values (15,'Consulter contact','Consulter contact','CONSULT_CONTACT','CONTACT');
Insert into RIGHTS (ID,NAME,DESCRIPTION,CODE,TYPE) values (16,'Enregistrer declaration','Enregistrer declarartion','REGISTER_DECLARATION','DECLARATION');
Insert into RIGHTS (ID,NAME,DESCRIPTION,CODE,TYPE) values (17,'Modifier declaration','Modifier déclaration','MODIFY_DECLARATION','DECLARATION');
Insert into RIGHTS (ID,NAME,DESCRIPTION,CODE,TYPE) values (18,'Consulter declaration','Consulter declaration','CONSULT_DECLARATION','DECLARATION');
Insert into RIGHTS (ID,NAME,DESCRIPTION,CODE,TYPE) values (19,'Enregistrer contrat','Enregistrer contrat','REGISTER_CONTRACT','CONTRAT');
Insert into RIGHTS (ID,NAME,DESCRIPTION,CODE,TYPE) values (20,'Modifier contrat','Modifier contrat','MODIFY_CONTRACT','CONTRAT');
Insert into RIGHTS (ID,NAME,DESCRIPTION,CODE,TYPE) values (21,'Consulter contrat','Consulter contrat','CONSULT_CONTRACT','CONTRAT');
Insert into RIGHTS (ID,NAME,DESCRIPTION,CODE,TYPE) values (22,'Consulter budget','Consulter budget','CONSULT_BUDGET','BUDGET');
Insert into RIGHTS (ID,NAME,DESCRIPTION,CODE,TYPE) values (23,'Modify budget','Modify budget','MODIFY_BUDGET','BUDGET');
Insert into RIGHTS (ID,NAME,DESCRIPTION,CODE,TYPE) values (24,'Build budget','Build budget','BUILD_BUDGET','BUDGET');
Insert into RIGHTS (ID,NAME,DESCRIPTION,CODE,TYPE) values (25,'Export budget to excel file','Export budget to excel file','EXPORT_BUDGET_TO_EXCEL','BUDGET');
Insert into RIGHTS (ID,NAME,DESCRIPTION,CODE,TYPE) values (26,'Consult  resultats','Consult resultats','CONSULT_RESULTATS','BUDGET');
Insert into RIGHTS (ID,NAME,DESCRIPTION,CODE,TYPE) values (27,'Consult rentabilite clients','Consulter rentablilite clients','CONSULT_RENTABILITE_CLIENTS','BUDGET');
Insert into RIGHTS (ID,NAME,DESCRIPTION,CODE,TYPE) values (28,'Consult financial data','Consulter financial data','CONSULT_FINANCIAL_DATA','BUDGET');
Insert into RIGHTS (ID,NAME,DESCRIPTION,CODE,TYPE) values (29,'Modifier droits ','Modifier droits','MODIFY_ACCESS_RIGHTS','DROITS');
Insert into RIGHTS (ID,NAME,DESCRIPTION,CODE,TYPE) values (30,'Consulter planning missions','Consulter planning missions','CONSULT_PLANNING_MISSIONS','PLANNING');
Insert into RIGHTS (ID,NAME,DESCRIPTION,CODE,TYPE) values (31,'Consulter planning general','Consulter planning general','CONSULT_GENERAL_PLANNING','PLANNING');
Insert into RIGHTS (ID,NAME,DESCRIPTION,CODE,TYPE) values (32,'Modifier planning general','Modifier planning general','MODIFY_GENERAL_PLANNING','PLANNING');
Insert into RIGHTS (ID,NAME,DESCRIPTION,CODE,TYPE) values (33,'Consulter calendrier','Consulter calendrier','CONSULT_CALENDAR','PLANNING');
Insert into RIGHTS (ID,NAME,DESCRIPTION,CODE,TYPE) values (34,'Modifier calendrier','Modifier calendrier','MODIFY_CALENDAR','PLANNING');
Insert into RIGHTS (ID,NAME,DESCRIPTION,CODE,TYPE) values (35,'Consulter missions','Consulter missions','CONSULT_MISSIONS','PLANNING');
Insert into RIGHTS (ID,NAME,DESCRIPTION,CODE,TYPE) values (36,'Modifier mission','Modifier mission','MODIFY_MISSIONS','PLANNING');
Insert into RIGHTS (ID,NAME,DESCRIPTION,CODE,TYPE) values (37,'Creer facture','Creer facture','CREATE_INVOICE','INVOICE');
Insert into RIGHTS (ID,NAME,DESCRIPTION,CODE,TYPE) values (38,'Modifier facture','Modifier facture','MODIFY_INVOICE','INVOICE');
Insert into RIGHTS (ID,NAME,DESCRIPTION,CODE,TYPE) values (39,'Enregistrer depense','Enregistrer depense','REGISTER_EXPENSE','BUDGET');
Insert into RIGHTS (ID,NAME,DESCRIPTION,CODE,TYPE) values (40,'Modifier depense','Modifier depense','MODIFY_EXPENSE','BUDGET');
Insert into RIGHTS (ID,NAME,DESCRIPTION,CODE,TYPE) values (41,'Valider timesheet','Validate timesheet','VALIDATE_TIMESHEET','TIMESHEET');
Insert into RIGHTS (ID,NAME,DESCRIPTION,CODE,TYPE) values (42,'Reject timesheet','Reject timeshet','REJECT_TIMESHEET','TIMESHEET');

---------------------------------------------------
--   END DATA FOR TABLE RIGHTS
---------------------------------------------------

---------------------------------------------------
--   DATA FOR TABLE EXERCISES
--   FILTER = none used
---------------------------------------------------
REM INSERTING into EXERCISES
Insert into EXERCISES (ID,VERSION,YEAR,STATUS,STARTDATE,ENDDATE,ISAPPPROVED,TOT_EXP_AMOUNT,INFLATIONPERCENTAGE,TOT_REP_AMOUNT,TOT_REAL_AMOUNT) values (341,3,2010,'PENDING',to_timestamp('01/01/10 00:00:00,000000000','DD/MM/RR HH24:MI:SS,FF'),to_timestamp('31/12/10 00:00:00,000000000','DD/MM/RR HH24:MI:SS,FF'),1,300768,1,4555,0);

---------------------------------------------------
--   END DATA FOR TABLE EXERCISES
---------------------------------------------------

---------------------------------------------------
--   DATA FOR TABLE TRAININGS
--   FILTER = none used
---------------------------------------------------
REM INSERTING into TRAININGS

---------------------------------------------------
--   END DATA FOR TABLE TRAININGS
---------------------------------------------------

---------------------------------------------------
--   DATA FOR TABLE ACTIVITIES
--   FILTER = none used
---------------------------------------------------
REM INSERTING into ACTIVITIES
Insert into ACTIVITIES (ID,STATUS,TODO,VERSION,STARTDATE,UPDATEDATE,ENDDATE,MISSION_ID,FK_EMPLOYEE,COMMENTS) values (465,'FIELD WORK TO FINALISE','TO_REVIEW',0,to_timestamp('30/01/10 00:00:00,000000000','DD/MM/RR HH24:MI:SS,FF'),null,null,385,4,null);
Insert into ACTIVITIES (ID,STATUS,TODO,VERSION,STARTDATE,UPDATEDATE,ENDDATE,MISSION_ID,FK_EMPLOYEE,COMMENTS) values (444,'FIELD WORK TO FINALISE','TO_REVIEW',0,to_timestamp('23/01/10 00:00:00,000000000','DD/MM/RR HH24:MI:SS,FF'),null,null,388,542,null);
Insert into ACTIVITIES (ID,STATUS,TODO,VERSION,STARTDATE,UPDATEDATE,ENDDATE,MISSION_ID,FK_EMPLOYEE,COMMENTS) values (447,'FIELD WORK TO FINALISE','TO_REVIEW',0,to_timestamp('24/01/10 00:00:00,000000000','DD/MM/RR HH24:MI:SS,FF'),null,null,402,4,null);
Insert into ACTIVITIES (ID,STATUS,TODO,VERSION,STARTDATE,UPDATEDATE,ENDDATE,MISSION_ID,FK_EMPLOYEE,COMMENTS) values (470,'FIELD WORK TO FINALISE','TO_REVIEW',0,to_timestamp('30/01/10 00:00:00,000000000','DD/MM/RR HH24:MI:SS,FF'),null,null,392,4,null);
Insert into ACTIVITIES (ID,STATUS,TODO,VERSION,STARTDATE,UPDATEDATE,ENDDATE,MISSION_ID,FK_EMPLOYEE,COMMENTS) values (472,'FIELD WORK TO FINALISE','TO_REVIEW',0,to_timestamp('30/01/10 00:00:00,000000000','DD/MM/RR HH24:MI:SS,FF'),null,null,403,545,null);
Insert into ACTIVITIES (ID,STATUS,TODO,VERSION,STARTDATE,UPDATEDATE,ENDDATE,MISSION_ID,FK_EMPLOYEE,COMMENTS) values (482,'FIELD WORK TO FINALISE','TO_REVIEW',0,to_timestamp('30/01/10 00:00:00,000000000','DD/MM/RR HH24:MI:SS,FF'),null,null,382,4,null);
Insert into ACTIVITIES (ID,STATUS,TODO,VERSION,STARTDATE,UPDATEDATE,ENDDATE,MISSION_ID,FK_EMPLOYEE,COMMENTS) values (485,'FIELD WORK TO FINALISE','TO_REVIEW',0,to_timestamp('30/01/10 00:00:00,000000000','DD/MM/RR HH24:MI:SS,FF'),null,null,400,4,null);
Insert into ACTIVITIES (ID,STATUS,TODO,VERSION,STARTDATE,UPDATEDATE,ENDDATE,MISSION_ID,FK_EMPLOYEE,COMMENTS) values (881,'FIELD WORK TO FINALISE','TO_REVIEW',0,to_timestamp('03/02/10 00:00:00,000000000','DD/MM/RR HH24:MI:SS,FF'),null,null,403,241,null);
Insert into ACTIVITIES (ID,STATUS,TODO,VERSION,STARTDATE,UPDATEDATE,ENDDATE,MISSION_ID,FK_EMPLOYEE,COMMENTS) values (903,'FIELD WORK TO FINALISE','TO_REVIEW',0,to_timestamp('06/02/10 00:00:00,000000000','DD/MM/RR HH24:MI:SS,FF'),null,null,387,4,null);
Insert into ACTIVITIES (ID,STATUS,TODO,VERSION,STARTDATE,UPDATEDATE,ENDDATE,MISSION_ID,FK_EMPLOYEE,COMMENTS) values (905,'FIELD WORK TO FINALISE','TO_REVIEW',0,to_timestamp('06/02/10 00:00:00,000000000','DD/MM/RR HH24:MI:SS,FF'),null,null,393,4,null);
Insert into ACTIVITIES (ID,STATUS,TODO,VERSION,STARTDATE,UPDATEDATE,ENDDATE,MISSION_ID,FK_EMPLOYEE,COMMENTS) values (929,'FIELD WORK TO FINALISE','TO_REVIEW',0,to_timestamp('07/02/10 00:00:00,000000000','DD/MM/RR HH24:MI:SS,FF'),null,null,388,545,null);
Insert into ACTIVITIES (ID,STATUS,TODO,VERSION,STARTDATE,UPDATEDATE,ENDDATE,MISSION_ID,FK_EMPLOYEE,COMMENTS) values (931,'FIELD WORK TO FINALISE','TO_REVIEW',0,to_timestamp('07/02/10 00:00:00,000000000','DD/MM/RR HH24:MI:SS,FF'),null,null,402,545,null);
Insert into ACTIVITIES (ID,STATUS,TODO,VERSION,STARTDATE,UPDATEDATE,ENDDATE,MISSION_ID,FK_EMPLOYEE,COMMENTS) values (920,'FIELD WORK TO FINALISE','TO_REVIEW',0,to_timestamp('07/02/10 00:00:00,000000000','DD/MM/RR HH24:MI:SS,FF'),null,null,388,543,null);
Insert into ACTIVITIES (ID,STATUS,TODO,VERSION,STARTDATE,UPDATEDATE,ENDDATE,MISSION_ID,FK_EMPLOYEE,COMMENTS) values (924,'FIELD WORK TO FINALISE','TO_REVIEW',0,to_timestamp('07/02/10 00:00:00,000000000','DD/MM/RR HH24:MI:SS,FF'),null,null,402,543,null);
Insert into ACTIVITIES (ID,STATUS,TODO,VERSION,STARTDATE,UPDATEDATE,ENDDATE,MISSION_ID,FK_EMPLOYEE,COMMENTS) values (408,'FIELD WORK TO FINALISE','TO_REVIEW',1,to_timestamp('20/01/10 00:00:00,000000000','DD/MM/RR HH24:MI:SS,FF'),null,null,386,543,'blan,jkdjkhkhdf
smgksg');
Insert into ACTIVITIES (ID,STATUS,TODO,VERSION,STARTDATE,UPDATEDATE,ENDDATE,MISSION_ID,FK_EMPLOYEE,COMMENTS) values (410,'FIELD WORK TO FINALISE','TO_REVIEW',0,to_timestamp('20/01/10 00:00:00,000000000','DD/MM/RR HH24:MI:SS,FF'),null,null,386,545,null);
Insert into ACTIVITIES (ID,STATUS,TODO,VERSION,STARTDATE,UPDATEDATE,ENDDATE,MISSION_ID,FK_EMPLOYEE,COMMENTS) values (412,'FIELD WORK TO FINALISE','TO_REVIEW',0,to_timestamp('20/01/10 00:00:00,000000000','DD/MM/RR HH24:MI:SS,FF'),null,null,386,542,null);
Insert into ACTIVITIES (ID,STATUS,TODO,VERSION,STARTDATE,UPDATEDATE,ENDDATE,MISSION_ID,FK_EMPLOYEE,COMMENTS) values (461,'FIELD WORK TO FINALISE','TO_REVIEW',1,to_timestamp('30/01/10 00:00:00,000000000','DD/MM/RR HH24:MI:SS,FF'),null,null,386,4,null);
Insert into ACTIVITIES (ID,STATUS,TODO,VERSION,STARTDATE,UPDATEDATE,ENDDATE,MISSION_ID,FK_EMPLOYEE,COMMENTS) values (849,'FIELD WORK TO FINALISE','TO_REVIEW',0,to_timestamp('02/02/10 00:00:00,000000000','DD/MM/RR HH24:MI:SS,FF'),null,null,383,4,null);
Insert into ACTIVITIES (ID,STATUS,TODO,VERSION,STARTDATE,UPDATEDATE,ENDDATE,MISSION_ID,FK_EMPLOYEE,COMMENTS) values (851,'FIELD WORK TO FINALISE','TO_REVIEW',0,to_timestamp('02/02/10 00:00:00,000000000','DD/MM/RR HH24:MI:SS,FF'),null,null,407,4,null);
Insert into ACTIVITIES (ID,STATUS,TODO,VERSION,STARTDATE,UPDATEDATE,ENDDATE,MISSION_ID,FK_EMPLOYEE,COMMENTS) values (853,'FIELD WORK TO FINALISE','TO_REVIEW',0,to_timestamp('02/02/10 00:00:00,000000000','DD/MM/RR HH24:MI:SS,FF'),null,null,406,4,null);
Insert into ACTIVITIES (ID,STATUS,TODO,VERSION,STARTDATE,UPDATEDATE,ENDDATE,MISSION_ID,FK_EMPLOYEE,COMMENTS) values (855,'FIELD WORK TO FINALISE','TO_REVIEW',0,to_timestamp('02/02/10 00:00:00,000000000','DD/MM/RR HH24:MI:SS,FF'),null,null,388,4,null);
Insert into ACTIVITIES (ID,STATUS,TODO,VERSION,STARTDATE,UPDATEDATE,ENDDATE,MISSION_ID,FK_EMPLOYEE,COMMENTS) values (857,'FIELD WORK TO FINALISE','TO_REVIEW',0,to_timestamp('02/02/10 00:00:00,000000000','DD/MM/RR HH24:MI:SS,FF'),null,null,398,4,null);

---------------------------------------------------
--   END DATA FOR TABLE ACTIVITIES
---------------------------------------------------

---------------------------------------------------
--   DATA FOR TABLE TASKS
--   FILTER = none used
---------------------------------------------------
REM INSERTING into TASKS
Insert into TASKS (ID,NAME,DESCRIPTION,CODEPRESTATION,CHARGEABLE,CODE,VERSION) values (14,'Planning-budget','Planning-budget','4000',1,'PLB',0);
Insert into TASKS (ID,NAME,DESCRIPTION,CODEPRESTATION,CHARGEABLE,CODE,VERSION) values (15,'Preparation des confirmations','banques , avocats, cadastre','4001',1,'PDC',0);
Insert into TASKS (ID,NAME,DESCRIPTION,CODEPRESTATION,CHARGEABLE,CODE,VERSION) values (16,'Preparation lancement du dossier (DA,LS)','Preparation lancement du dossier (DA,LS)','4002',1,'PLDD',0);
Insert into TASKS (ID,NAME,DESCRIPTION,CODEPRESTATION,CHARGEABLE,CODE,VERSION) values (17,'Dossier administratif','Dossier administratif','4003',1,'DA',0);
Insert into TASKS (ID,NAME,DESCRIPTION,CODEPRESTATION,CHARGEABLE,CODE,VERSION) values (18,'Compte annuels','controle: report,sommes pointage B/G','4004',1,'CA',0);
Insert into TASKS (ID,NAME,DESCRIPTION,CODEPRESTATION,CHARGEABLE,CODE,VERSION) values (19,'Prise de connaissance du dossier - repartition du travail','Prise de connaissance du dossier - repartition du travail','4005',1,'PCDRT',0);
Insert into TASKS (ID,NAME,DESCRIPTION,CODEPRESTATION,CHARGEABLE,CODE,VERSION) values (20,'Suivi du dossier chez le client/Supervision','Suivi du dossier chez le client/Supervision','4006',1,'SDCS',0);
Insert into TASKS (ID,NAME,DESCRIPTION,CODEPRESTATION,CHARGEABLE,CODE,VERSION) values (21,'Frais d''établissement','Frais d''établissement','4007',1,'FRE',0);
Insert into TASKS (ID,NAME,DESCRIPTION,CODEPRESTATION,CHARGEABLE,CODE,VERSION) values (22,'Immobilisations incorporelles','Immobilisations incorporelles','4008',1,'IMINC',0);
Insert into TASKS (ID,NAME,DESCRIPTION,CODEPRESTATION,CHARGEABLE,CODE,VERSION) values (23,'Immobilisations corporelles','Immobilisations corporelles','4009',1,'IMCP',0);
Insert into TASKS (ID,NAME,DESCRIPTION,CODEPRESTATION,CHARGEABLE,CODE,VERSION) values (24,'Immobilisations financieres','Immobilisations financieres','4010',1,'IMFI',0);
Insert into TASKS (ID,NAME,DESCRIPTION,CODEPRESTATION,CHARGEABLE,CODE,VERSION) values (25,'Stock-Inventaire physique','Stock-Inventaire physique','4011',1,'SIPH',0);
Insert into TASKS (ID,NAME,DESCRIPTION,CODEPRESTATION,CHARGEABLE,CODE,VERSION) values (26,'Stock-Audit de la section','Stock-Audit de la section','4012',1,'SAS',0);
Insert into TASKS (ID,NAME,DESCRIPTION,CODEPRESTATION,CHARGEABLE,CODE,VERSION) values (27,'Client-Preparation et suivi de la circularisation','Client-Preparation et suivi de la circularisation','4013',1,'CPSC',0);
Insert into TASKS (ID,NAME,DESCRIPTION,CODEPRESTATION,CHARGEABLE,CODE,VERSION) values (28,'Client-Audit de la section','Client-Audit de la section','4014',1,'CAS',0);
Insert into TASKS (ID,NAME,DESCRIPTION,CODEPRESTATION,CHARGEABLE,CODE,VERSION) values (29,'Creances sur des entreprises liees','Creances sur des entreprises liees','4015',1,'CEL',0);
Insert into TASKS (ID,NAME,DESCRIPTION,CODEPRESTATION,CHARGEABLE,CODE,VERSION) values (30,'Autres creances','Autres creances','4016',1,'ATC',0);
Insert into TASKS (ID,NAME,DESCRIPTION,CODEPRESTATION,CHARGEABLE,CODE,VERSION) values (31,'Valeurs mobilieres','Valeurs mobilieres','4017',1,'VMB',0);
Insert into TASKS (ID,NAME,DESCRIPTION,CODEPRESTATION,CHARGEABLE,CODE,VERSION) values (32,'Avoirs en banques et encaisses','Avoirs en banques et encaisses','4018',1,'ABEC',0);
Insert into TASKS (ID,NAME,DESCRIPTION,CODEPRESTATION,CHARGEABLE,CODE,VERSION) values (33,'Compte de regularisation actif','Compte de regularisation actif','4019',1,'CPRA',0);
Insert into TASKS (ID,NAME,DESCRIPTION,CODEPRESTATION,CHARGEABLE,CODE,VERSION) values (34,'Capitaux propres','Capitaux propres','4020',1,'CPP',0);
Insert into TASKS (ID,NAME,DESCRIPTION,CODEPRESTATION,CHARGEABLE,CODE,VERSION) values (35,'Provisions pour risques et charges','Provisions pour risques et charges','4021',1,'PRRC',0);
Insert into TASKS (ID,NAME,DESCRIPTION,CODEPRESTATION,CHARGEABLE,CODE,VERSION) values (36,'Dettes envers ets de credit','Dettes envers ets de credit','4022',1,'DECR',0);
Insert into TASKS (ID,NAME,DESCRIPTION,CODEPRESTATION,CHARGEABLE,CODE,VERSION) values (37,'Fournisseurs-preparation et suivi de la circularisation','Fournisseurs-preparation et suivi de la circularisation','4023',1,'FNPSC',0);
Insert into TASKS (ID,NAME,DESCRIPTION,CODEPRESTATION,CHARGEABLE,CODE,VERSION) values (38,'Fournisseurs-audit de la section','Fournisseurs-audit de la section','4024',1,'FNAS',0);
Insert into TASKS (ID,NAME,DESCRIPTION,CODEPRESTATION,CHARGEABLE,CODE,VERSION) values (39,'Dettes sur des entreprises liees','Dettes sur des entreprises liees','4025',1,'DEL',0);
Insert into TASKS (ID,NAME,DESCRIPTION,CODEPRESTATION,CHARGEABLE,CODE,VERSION) values (40,'Autres dettes','Autres dettes','4026',1,'ADTS',0);
Insert into TASKS (ID,NAME,DESCRIPTION,CODEPRESTATION,CHARGEABLE,CODE,VERSION) values (41,'Compte de regularisation passif','Compte de regularisation passif','4027',1,'CPRP',0);
Insert into TASKS (ID,NAME,DESCRIPTION,CODEPRESTATION,CHARGEABLE,CODE,VERSION) values (42,'Compte de pertes et profits','Compte de pertes et profits','4028',1,'CPP',0);
Insert into TASKS (ID,NAME,DESCRIPTION,CODEPRESTATION,CHARGEABLE,CODE,VERSION) values (43,'Compte de pertes et profits-Resultats brut','Compte de pertes et profits-Resultats brut','4029',1,'CPPRB',0);
Insert into TASKS (ID,NAME,DESCRIPTION,CODEPRESTATION,CHARGEABLE,CODE,VERSION) values (44,'Compte de pertes et profits-Frais de personnel','Compte de pertes et profits-Frais de personnel','4030',1,'CPPFP',0);
Insert into TASKS (ID,NAME,DESCRIPTION,CODEPRESTATION,CHARGEABLE,CODE,VERSION) values (45,'Compte de pertes et profits-Autres charges déxploitation','Compte de pertes et profits-Autres charges déxploitation','4031',1,'CPP-ACD',0);
Insert into TASKS (ID,NAME,DESCRIPTION,CODEPRESTATION,CHARGEABLE,CODE,VERSION) values (46,'Compte de pertes et profits-Produits provenant de participations','Compte de pertes et profits-Produits provenant de participations','4032',1,'CPP-PPP',0);
Insert into TASKS (ID,NAME,DESCRIPTION,CODEPRESTATION,CHARGEABLE,CODE,VERSION) values (47,'Compte de pertes et profits-Resultat financier','Compte de pertes et profits-Resultat financier','4033',1,'CPPRF',0);
Insert into TASKS (ID,NAME,DESCRIPTION,CODEPRESTATION,CHARGEABLE,CODE,VERSION) values (48,'Compte de pertes et profits-Resultat exceptionel','Compte de pertes et profits-Resultat exceptionel','4034',1,'CPPRE',0);
Insert into TASKS (ID,NAME,DESCRIPTION,CODEPRESTATION,CHARGEABLE,CODE,VERSION) values (49,'Compte de pertes et profits-Impots','Compte de pertes et profits-Impots','4035',1,'CPPRI',0);
Insert into TASKS (ID,NAME,DESCRIPTION,CODEPRESTATION,CHARGEABLE,CODE,VERSION) values (50,'Engagements hors bilan','Engagements hors bilan','4036',1,'EGHB',0);
Insert into TASKS (ID,NAME,DESCRIPTION,CODEPRESTATION,CHARGEABLE,CODE,VERSION) values (51,'Review','Review','4037',1,'RVW',0);
Insert into TASKS (ID,NAME,DESCRIPTION,CODEPRESTATION,CHARGEABLE,CODE,VERSION) values (52,'Copie de controle','Copie de controle','4038',1,'CDCT',0);
Insert into TASKS (ID,NAME,DESCRIPTION,CODEPRESTATION,CHARGEABLE,CODE,VERSION) values (53,'Travail specifique ','Travail specifique','4039',1,'TRSP',0);
Insert into TASKS (ID,NAME,DESCRIPTION,CODEPRESTATION,CHARGEABLE,CODE,VERSION) values (54,'Relation client ','Relation client','4040',1,'RCT',0);
Insert into TASKS (ID,NAME,DESCRIPTION,CODEPRESTATION,CHARGEABLE,CODE,VERSION) values (55,'Datev','Datev','4041',0,'DTV',0);
Insert into TASKS (ID,NAME,DESCRIPTION,CODEPRESTATION,CHARGEABLE,CODE,VERSION) values (56,'Organisation/Administration','Planning, organisation travail, releves conges/TS, evaluation','4042',0,'ORAD',0);
Insert into TASKS (ID,NAME,DESCRIPTION,CODEPRESTATION,CHARGEABLE,CODE,VERSION) values (57,'Formation ','IRE/KLUWER/KPMG Tax','4043',0,'FOR',0);
Insert into TASKS (ID,NAME,DESCRIPTION,CODEPRESTATION,CHARGEABLE,CODE,VERSION) values (58,'Litterature/Formation interne ','Litterature/Formation interne sur dossier','4044',0,'LTFI',0);
Insert into TASKS (ID,NAME,DESCRIPTION,CODEPRESTATION,CHARGEABLE,CODE,VERSION) values (59,'Divers','Reunion, secretariat, verre, repas client, informatique, ctl Q','4045',0,'DV',0);
Insert into TASKS (ID,NAME,DESCRIPTION,CODEPRESTATION,CHARGEABLE,CODE,VERSION) values (60,'Conge legal','Conge legal','4046',0,'CL',0);
Insert into TASKS (ID,NAME,DESCRIPTION,CODEPRESTATION,CHARGEABLE,CODE,VERSION) values (61,'Ferie','Ferie','4047',0,'FR',0);
Insert into TASKS (ID,NAME,DESCRIPTION,CODEPRESTATION,CHARGEABLE,CODE,VERSION) values (62,'Formation dispense en interne a collegues','Formation dispense en interne a collegues','4048',0,'FDIC',0);
Insert into TASKS (ID,NAME,DESCRIPTION,CODEPRESTATION,CHARGEABLE,CODE,VERSION) values (63,'Divers 2 ','decompte client, facturation, offre niveau client IRL, suivi MPI','4049',0,'DV2',0);
Insert into TASKS (ID,NAME,DESCRIPTION,CODEPRESTATION,CHARGEABLE,CODE,VERSION) values (64,'Maladie /medecin ','Maladie /medecin','4050',0,'MD',0);

---------------------------------------------------
--   END DATA FOR TABLE TASKS
---------------------------------------------------

---------------------------------------------------
--   DATA FOR TABLE DOCUMENT_INVOICES
--   FILTER = none used
---------------------------------------------------
REM INSERTING into DOCUMENT_INVOICES

---------------------------------------------------
--   END DATA FOR TABLE DOCUMENT_INVOICES
---------------------------------------------------

---------------------------------------------------
--   DATA FOR TABLE TIMESHEET_CELLS
--   FILTER = none used
---------------------------------------------------
REM INSERTING into TIMESHEET_CELLS
Insert into TIMESHEET_CELLS (ID,VERSION,DAYNUMBER,VALUE,FK_ROW,ROW_ID) values (967,0,1,13,966,null);
Insert into TIMESHEET_CELLS (ID,VERSION,DAYNUMBER,VALUE,FK_ROW,ROW_ID) values (971,0,1,6,970,null);
Insert into TIMESHEET_CELLS (ID,VERSION,DAYNUMBER,VALUE,FK_ROW,ROW_ID) values (973,0,5,7,972,null);
Insert into TIMESHEET_CELLS (ID,VERSION,DAYNUMBER,VALUE,FK_ROW,ROW_ID) values (977,0,5,12,976,null);
Insert into TIMESHEET_CELLS (ID,VERSION,DAYNUMBER,VALUE,FK_ROW,ROW_ID) values (979,0,1,12,978,null);
Insert into TIMESHEET_CELLS (ID,VERSION,DAYNUMBER,VALUE,FK_ROW,ROW_ID) values (981,0,2,12,980,null);
Insert into TIMESHEET_CELLS (ID,VERSION,DAYNUMBER,VALUE,FK_ROW,ROW_ID) values (983,0,3,12,982,null);
Insert into TIMESHEET_CELLS (ID,VERSION,DAYNUMBER,VALUE,FK_ROW,ROW_ID) values (950,0,4,4,949,null);
Insert into TIMESHEET_CELLS (ID,VERSION,DAYNUMBER,VALUE,FK_ROW,ROW_ID) values (952,0,5,3,951,null);
Insert into TIMESHEET_CELLS (ID,VERSION,DAYNUMBER,VALUE,FK_ROW,ROW_ID) values (954,0,5,9,953,null);
Insert into TIMESHEET_CELLS (ID,VERSION,DAYNUMBER,VALUE,FK_ROW,ROW_ID) values (956,0,2,12,955,null);
Insert into TIMESHEET_CELLS (ID,VERSION,DAYNUMBER,VALUE,FK_ROW,ROW_ID) values (958,0,1,11,957,null);
Insert into TIMESHEET_CELLS (ID,VERSION,DAYNUMBER,VALUE,FK_ROW,ROW_ID) values (960,0,6,13,959,null);
Insert into TIMESHEET_CELLS (ID,VERSION,DAYNUMBER,VALUE,FK_ROW,ROW_ID) values (962,0,4,8,961,null);
Insert into TIMESHEET_CELLS (ID,VERSION,DAYNUMBER,VALUE,FK_ROW,ROW_ID) values (965,0,2,13,964,null);
Insert into TIMESHEET_CELLS (ID,VERSION,DAYNUMBER,VALUE,FK_ROW,ROW_ID) values (1002,0,1,2,1001,null);
Insert into TIMESHEET_CELLS (ID,VERSION,DAYNUMBER,VALUE,FK_ROW,ROW_ID) values (1004,0,2,1,1003,null);

---------------------------------------------------
--   END DATA FOR TABLE TIMESHEET_CELLS
---------------------------------------------------

---------------------------------------------------
--   DATA FOR TABLE EMPLOYEES
--   FILTER = none used
---------------------------------------------------
REM INSERTING into EMPLOYEES
Insert into EMPLOYEES (ID,VERSION,USERNAME,FIRSTNAME,LASTNAME,JOBTITLE,COUNTRY,PHONE,MOBILE,PERSONALPHONE,PERSONALMOBILE,EMAIL,WEBADDRESS,PHOTO,CODE,ACTIVE,PASSWORD,LOGIN,UPDATEUSER,DATE_OF_BIRTH,CREATEDATE,MODIFIEDDATE,ADDRESS,PRIXVENTE,PRIXREVIENT,COUTHORAIRE,FK_POSITION) values (181,1,null,'Valentin','Nedeltchev',null,'LU',null,null,'476846853','476846853','valentin.nedeltchev@interaudit.lu',null,null,'VN',1,'Nedeltchev','Nedeltchev',null,to_timestamp('25/11/09 00:00:00,000000000','DD/MM/RR HH24:MI:SS,FF'),to_timestamp('07/11/09 08:07:05,000000000','DD/MM/RR HH24:MI:SS,FF'),null,'Glacis',130,120,50,3);
Insert into EMPLOYEES (ID,VERSION,USERNAME,FIRSTNAME,LASTNAME,JOBTITLE,COUNTRY,PHONE,MOBILE,PERSONALPHONE,PERSONALMOBILE,EMAIL,WEBADDRESS,PHOTO,CODE,ACTIVE,PASSWORD,LOGIN,UPDATEUSER,DATE_OF_BIRTH,CREATEDATE,MODIFIEDDATE,ADDRESS,PRIXVENTE,PRIXREVIENT,COUTHORAIRE,FK_POSITION) values (241,0,null,'Jonathan','Picard',null,'LU',null,null,'476846853','476846853','jonathan.picard@interaudit.lu',null,null,'JP',1,'picard','picard',null,to_timestamp('04/11/09 00:00:00,000000000','DD/MM/RR HH24:MI:SS,FF'),to_timestamp('08/11/09 14:26:26,000000000','DD/MM/RR HH24:MI:SS,FF'),null,'Glacis',0,0,0,3);
Insert into EMPLOYEES (ID,VERSION,USERNAME,FIRSTNAME,LASTNAME,JOBTITLE,COUNTRY,PHONE,MOBILE,PERSONALPHONE,PERSONALMOBILE,EMAIL,WEBADDRESS,PHOTO,CODE,ACTIVE,PASSWORD,LOGIN,UPDATEUSER,DATE_OF_BIRTH,CREATEDATE,MODIFIEDDATE,ADDRESS,PRIXVENTE,PRIXREVIENT,COUTHORAIRE,FK_POSITION) values (1,0,null,'Vincent','Dog',null,'LU',null,null,'476846580','476846580','vincent.dog@interaudit.lu',null,null,'VD',1,'vincentdog','vincentdog',null,to_timestamp('03/11/09 00:00:00,000000000','DD/MM/RR HH24:MI:SS,FF'),to_timestamp('01/11/09 13:36:19,000000000','DD/MM/RR HH24:MI:SS,FF'),null,'Glacis',150,150,100,4);
Insert into EMPLOYEES (ID,VERSION,USERNAME,FIRSTNAME,LASTNAME,JOBTITLE,COUNTRY,PHONE,MOBILE,PERSONALPHONE,PERSONALMOBILE,EMAIL,WEBADDRESS,PHOTO,CODE,ACTIVE,PASSWORD,LOGIN,UPDATEUSER,DATE_OF_BIRTH,CREATEDATE,MODIFIEDDATE,ADDRESS,PRIXVENTE,PRIXREVIENT,COUTHORAIRE,FK_POSITION) values (2,0,null,'Edouard','Kostka',null,'LU',null,null,'476879632','476879632','edouard.kostka@interausit.lu',null,null,'EK',1,'edouard','ekostka',null,to_timestamp('30/11/59 00:00:00,000000000','DD/MM/RR HH24:MI:SS,FF'),to_timestamp('01/11/09 13:38:30,000000000','DD/MM/RR HH24:MI:SS,FF'),null,'Glacis',150,120,100,4);
Insert into EMPLOYEES (ID,VERSION,USERNAME,FIRSTNAME,LASTNAME,JOBTITLE,COUNTRY,PHONE,MOBILE,PERSONALPHONE,PERSONALMOBILE,EMAIL,WEBADDRESS,PHOTO,CODE,ACTIVE,PASSWORD,LOGIN,UPDATEUSER,DATE_OF_BIRTH,CREATEDATE,MODIFIEDDATE,ADDRESS,PRIXVENTE,PRIXREVIENT,COUTHORAIRE,FK_POSITION) values (3,0,null,'Murielle','Badoux',null,'LU',null,null,'47657896','47657896','murielle.badoux@interaudit.lu',null,null,'MB',1,'badoux','badoux',null,to_timestamp('10/11/09 00:00:00,000000000','DD/MM/RR HH24:MI:SS,FF'),to_timestamp('01/11/09 13:41:39,000000000','DD/MM/RR HH24:MI:SS,FF'),null,'Glacis',120,100,90,5);
Insert into EMPLOYEES (ID,VERSION,USERNAME,FIRSTNAME,LASTNAME,JOBTITLE,COUNTRY,PHONE,MOBILE,PERSONALPHONE,PERSONALMOBILE,EMAIL,WEBADDRESS,PHOTO,CODE,ACTIVE,PASSWORD,LOGIN,UPDATEUSER,DATE_OF_BIRTH,CREATEDATE,MODIFIEDDATE,ADDRESS,PRIXVENTE,PRIXREVIENT,COUTHORAIRE,FK_POSITION) values (4,0,null,'Stephane','Gaillard',null,'LU',null,null,'476846589','476846589','stephane.gaillard@interaudit.lu',null,null,'SG',1,'gaillard','gaillard',null,to_timestamp('11/11/09 00:00:00,000000000','DD/MM/RR HH24:MI:SS,FF'),to_timestamp('01/11/09 13:48:02,000000000','DD/MM/RR HH24:MI:SS,FF'),null,'Glacis...Luxembourg',125,120,80,7);
Insert into EMPLOYEES (ID,VERSION,USERNAME,FIRSTNAME,LASTNAME,JOBTITLE,COUNTRY,PHONE,MOBILE,PERSONALPHONE,PERSONALMOBILE,EMAIL,WEBADDRESS,PHOTO,CODE,ACTIVE,PASSWORD,LOGIN,UPDATEUSER,DATE_OF_BIRTH,CREATEDATE,MODIFIEDDATE,ADDRESS,PRIXVENTE,PRIXREVIENT,COUTHORAIRE,FK_POSITION) values (6,0,null,'Olivier','Jansen',null,'LU',null,null,'4758963212','4758963212','olivier.jansen@interaudit.lu',null,null,'OJ',1,'jansen','jansen',null,to_timestamp('27/11/09 00:00:00,000000000','DD/MM/RR HH24:MI:SS,FF'),to_timestamp('01/11/09 13:52:48,000000000','DD/MM/RR HH24:MI:SS,FF'),null,'Glacis',120,140,56,7);
Insert into EMPLOYEES (ID,VERSION,USERNAME,FIRSTNAME,LASTNAME,JOBTITLE,COUNTRY,PHONE,MOBILE,PERSONALPHONE,PERSONALMOBILE,EMAIL,WEBADDRESS,PHOTO,CODE,ACTIVE,PASSWORD,LOGIN,UPDATEUSER,DATE_OF_BIRTH,CREATEDATE,MODIFIEDDATE,ADDRESS,PRIXVENTE,PRIXREVIENT,COUTHORAIRE,FK_POSITION) values (5,0,null,'Laurent','Mariani',null,'LU',null,null,'476845698','476845698','laurent.mariani@interausit.lu',null,null,'LM',1,'mariani','mariani',null,to_timestamp('26/11/09 00:00:00,000000000','DD/MM/RR HH24:MI:SS,FF'),to_timestamp('01/11/09 13:50:01,000000000','DD/MM/RR HH24:MI:SS,FF'),null,'Glacis...',170,150,100,7);
Insert into EMPLOYEES (ID,VERSION,USERNAME,FIRSTNAME,LASTNAME,JOBTITLE,COUNTRY,PHONE,MOBILE,PERSONALPHONE,PERSONALMOBILE,EMAIL,WEBADDRESS,PHOTO,CODE,ACTIVE,PASSWORD,LOGIN,UPDATEUSER,DATE_OF_BIRTH,CREATEDATE,MODIFIEDDATE,ADDRESS,PRIXVENTE,PRIXREVIENT,COUTHORAIRE,FK_POSITION) values (7,0,null,'Olivier','Biren',null,'LU',null,null,'47687596','47687596','olivier.biren@interaudit.lu',null,null,'OB',1,'biren','biren',null,to_timestamp('05/11/09 00:00:00,000000000','DD/MM/RR HH24:MI:SS,FF'),to_timestamp('01/11/09 14:00:31,000000000','DD/MM/RR HH24:MI:SS,FF'),null,'Glacis',170,150,100,5);
Insert into EMPLOYEES (ID,VERSION,USERNAME,FIRSTNAME,LASTNAME,JOBTITLE,COUNTRY,PHONE,MOBILE,PERSONALPHONE,PERSONALMOBILE,EMAIL,WEBADDRESS,PHOTO,CODE,ACTIVE,PASSWORD,LOGIN,UPDATEUSER,DATE_OF_BIRTH,CREATEDATE,MODIFIEDDATE,ADDRESS,PRIXVENTE,PRIXREVIENT,COUTHORAIRE,FK_POSITION) values (541,1,null,'Veronique','Blocail',null,'FR',null,null,'476846853','0698177277','veronique.blocail@interaudit.lu',null,null,'VB',1,'blocabe12','blocabe',null,to_timestamp('03/12/09 00:00:00,000000000','DD/MM/RR HH24:MI:SS,FF'),to_timestamp('13/12/09 17:02:23,000000000','DD/MM/RR HH24:MI:SS,FF'),null,'11 rue robert parisot 57000 Metz',150,120,100,6);
Insert into EMPLOYEES (ID,VERSION,USERNAME,FIRSTNAME,LASTNAME,JOBTITLE,COUNTRY,PHONE,MOBILE,PERSONALPHONE,PERSONALMOBILE,EMAIL,WEBADDRESS,PHOTO,CODE,ACTIVE,PASSWORD,LOGIN,UPDATEUSER,DATE_OF_BIRTH,CREATEDATE,MODIFIEDDATE,ADDRESS,PRIXVENTE,PRIXREVIENT,COUTHORAIRE,FK_POSITION) values (544,1,null,'Phillippe','Lemoine',null,'LU',null,null,'4555','45644','Phillippe.Lemoine@interaudit.lu',null,null,'PL',1,'Lemoine','Lemoine',null,to_timestamp('01/12/09 00:00:00,000000000','DD/MM/RR HH24:MI:SS,FF'),to_timestamp('13/12/09 17:32:42,000000000','DD/MM/RR HH24:MI:SS,FF'),null,'Kirchberg',0,0,0,3);
Insert into EMPLOYEES (ID,VERSION,USERNAME,FIRSTNAME,LASTNAME,JOBTITLE,COUNTRY,PHONE,MOBILE,PERSONALPHONE,PERSONALMOBILE,EMAIL,WEBADDRESS,PHOTO,CODE,ACTIVE,PASSWORD,LOGIN,UPDATEUSER,DATE_OF_BIRTH,CREATEDATE,MODIFIEDDATE,ADDRESS,PRIXVENTE,PRIXREVIENT,COUTHORAIRE,FK_POSITION) values (542,2,null,'Dimitri','Hubin',null,'LU',null,null,'478965','545454454','dimitri.hubin@interaudit.lu',null,null,'DH',1,'Hubin','Hubin',null,to_timestamp('08/12/09 00:00:00,000000000','DD/MM/RR HH24:MI:SS,FF'),to_timestamp('13/12/09 17:29:35,000000000','DD/MM/RR HH24:MI:SS,FF'),null,'Kircbherg',455,120,89,3);
Insert into EMPLOYEES (ID,VERSION,USERNAME,FIRSTNAME,LASTNAME,JOBTITLE,COUNTRY,PHONE,MOBILE,PERSONALPHONE,PERSONALMOBILE,EMAIL,WEBADDRESS,PHOTO,CODE,ACTIVE,PASSWORD,LOGIN,UPDATEUSER,DATE_OF_BIRTH,CREATEDATE,MODIFIEDDATE,ADDRESS,PRIXVENTE,PRIXREVIENT,COUTHORAIRE,FK_POSITION) values (543,2,null,'Calogero','Midioni',null,'LU',null,null,'145639','145639','Calogero.Midioni@interaudit.lu',null,null,'CM',1,'Calogero','Calogero',null,to_timestamp('17/12/09 00:00:00,000000000','DD/MM/RR HH24:MI:SS,FF'),to_timestamp('13/12/09 17:31:21,000000000','DD/MM/RR HH24:MI:SS,FF'),null,'Kirchberg',120,115,90,3);
Insert into EMPLOYEES (ID,VERSION,USERNAME,FIRSTNAME,LASTNAME,JOBTITLE,COUNTRY,PHONE,MOBILE,PERSONALPHONE,PERSONALMOBILE,EMAIL,WEBADDRESS,PHOTO,CODE,ACTIVE,PASSWORD,LOGIN,UPDATEUSER,DATE_OF_BIRTH,CREATEDATE,MODIFIEDDATE,ADDRESS,PRIXVENTE,PRIXREVIENT,COUTHORAIRE,FK_POSITION) values (545,2,null,'Claire','Pignot',null,'LU',null,null,'8878787','8878787','claire.pignot@interaduit.lu',null,null,'CP',1,'Pignot','Pignot',null,to_timestamp('11/12/09 00:00:00,000000000','DD/MM/RR HH24:MI:SS,FF'),to_timestamp('13/12/09 17:34:08,000000000','DD/MM/RR HH24:MI:SS,FF'),null,'Kirchberg',170,150,100,3);
Insert into EMPLOYEES (ID,VERSION,USERNAME,FIRSTNAME,LASTNAME,JOBTITLE,COUNTRY,PHONE,MOBILE,PERSONALPHONE,PERSONALMOBILE,EMAIL,WEBADDRESS,PHOTO,CODE,ACTIVE,PASSWORD,LOGIN,UPDATEUSER,DATE_OF_BIRTH,CREATEDATE,MODIFIEDDATE,ADDRESS,PRIXVENTE,PRIXREVIENT,COUTHORAIRE,FK_POSITION) values (546,0,null,'Lancelot','Szraberg',null,'LU',null,null,'54545454','7987987989','Lancelot.Szraberg@interaudit.lu',null,null,'LS',1,'Szraberg','Szraberg',null,to_timestamp('15/12/09 00:00:00,000000000','DD/MM/RR HH24:MI:SS,FF'),to_timestamp('13/12/09 17:35:46,000000000','DD/MM/RR HH24:MI:SS,FF'),null,'Kirchbreg',0,0,0,3);
Insert into EMPLOYEES (ID,VERSION,USERNAME,FIRSTNAME,LASTNAME,JOBTITLE,COUNTRY,PHONE,MOBILE,PERSONALPHONE,PERSONALMOBILE,EMAIL,WEBADDRESS,PHOTO,CODE,ACTIVE,PASSWORD,LOGIN,UPDATEUSER,DATE_OF_BIRTH,CREATEDATE,MODIFIEDDATE,ADDRESS,PRIXVENTE,PRIXREVIENT,COUTHORAIRE,FK_POSITION) values (547,0,null,'Sebastien','Radelet',null,'LU',null,null,'54554','545454','Sebastien.Radelet@interaudit.lu',null,null,'SR',1,'Radelet','Radelet',null,to_timestamp('02/12/09 00:00:00,000000000','DD/MM/RR HH24:MI:SS,FF'),to_timestamp('13/12/09 17:37:06,000000000','DD/MM/RR HH24:MI:SS,FF'),null,'Kirchberg',0,0,0,3);
Insert into EMPLOYEES (ID,VERSION,USERNAME,FIRSTNAME,LASTNAME,JOBTITLE,COUNTRY,PHONE,MOBILE,PERSONALPHONE,PERSONALMOBILE,EMAIL,WEBADDRESS,PHOTO,CODE,ACTIVE,PASSWORD,LOGIN,UPDATEUSER,DATE_OF_BIRTH,CREATEDATE,MODIFIEDDATE,ADDRESS,PRIXVENTE,PRIXREVIENT,COUTHORAIRE,FK_POSITION) values (548,2,null,'Elsa','Gaspard',null,'LU',null,null,'5545454','87878787','Elsa.Gaspard@interaudit.lu',null,null,'EG',1,'Gaspard','Gaspard',null,to_timestamp('18/12/09 00:00:00,000000000','DD/MM/RR HH24:MI:SS,FF'),to_timestamp('13/12/09 17:38:32,000000000','DD/MM/RR HH24:MI:SS,FF'),null,'Kirchberg',60,50,25,3);
Insert into EMPLOYEES (ID,VERSION,USERNAME,FIRSTNAME,LASTNAME,JOBTITLE,COUNTRY,PHONE,MOBILE,PERSONALPHONE,PERSONALMOBILE,EMAIL,WEBADDRESS,PHOTO,CODE,ACTIVE,PASSWORD,LOGIN,UPDATEUSER,DATE_OF_BIRTH,CREATEDATE,MODIFIEDDATE,ADDRESS,PRIXVENTE,PRIXREVIENT,COUTHORAIRE,FK_POSITION) values (549,0,null,'Medhi','Zidane',null,'LU',null,null,'54545454','5545454','Medhi.Zidane@interaudit.lu',null,null,'MZ',1,'Zidane','Zidane',null,to_timestamp('10/12/09 00:00:00,000000000','DD/MM/RR HH24:MI:SS,FF'),to_timestamp('13/12/09 17:40:00,000000000','DD/MM/RR HH24:MI:SS,FF'),null,'Kirchberg',0,0,0,3);

---------------------------------------------------
--   END DATA FOR TABLE EMPLOYEES
---------------------------------------------------

---------------------------------------------------
--   DATA FOR TABLE MISSION_COSTS
--   FILTER = none used
---------------------------------------------------
REM INSERTING into MISSION_COSTS
Insert into MISSION_COSTS (ID,VERSION,COSTCODE,DESCRIPTION,AMOUNT,CURRENCY,CREATEDATE,FINALBILL_ID,OWNER_ID,MISSION_ID) values (945,0,'restaurant','restaurant avec le client',120,'EUR',to_timestamp('02/01/10 00:00:00,000000000','DD/MM/RR HH24:MI:SS,FF'),null,545,388);
Insert into MISSION_COSTS (ID,VERSION,COSTCODE,DESCRIPTION,AMOUNT,CURRENCY,CREATEDATE,FINALBILL_ID,OWNER_ID,MISSION_ID) values (423,0,'restaurant client','restaurant client',150,'EUR',to_timestamp('01/01/10 00:00:00,000000000','DD/MM/RR HH24:MI:SS,FF'),null,543,386);

---------------------------------------------------
--   END DATA FOR TABLE MISSION_COSTS
---------------------------------------------------

---------------------------------------------------
--   DATA FOR TABLE ACCESS_RIGHTS
--   FILTER = none used
---------------------------------------------------
REM INSERTING into ACCESS_RIGHTS
Insert into ACCESS_RIGHTS (ID,ACTIVE,FK_RIGHT,FK_EMPLOYEE) values (774,1,43,1);
Insert into ACCESS_RIGHTS (ID,ACTIVE,FK_RIGHT,FK_EMPLOYEE) values (775,1,44,1);
Insert into ACCESS_RIGHTS (ID,ACTIVE,FK_RIGHT,FK_EMPLOYEE) values (776,1,45,1);
Insert into ACCESS_RIGHTS (ID,ACTIVE,FK_RIGHT,FK_EMPLOYEE) values (777,1,43,2);
Insert into ACCESS_RIGHTS (ID,ACTIVE,FK_RIGHT,FK_EMPLOYEE) values (778,1,44,2);
Insert into ACCESS_RIGHTS (ID,ACTIVE,FK_RIGHT,FK_EMPLOYEE) values (779,1,45,2);
Insert into ACCESS_RIGHTS (ID,ACTIVE,FK_RIGHT,FK_EMPLOYEE) values (780,1,43,3);
Insert into ACCESS_RIGHTS (ID,ACTIVE,FK_RIGHT,FK_EMPLOYEE) values (781,1,44,3);
Insert into ACCESS_RIGHTS (ID,ACTIVE,FK_RIGHT,FK_EMPLOYEE) values (782,1,45,3);
Insert into ACCESS_RIGHTS (ID,ACTIVE,FK_RIGHT,FK_EMPLOYEE) values (783,1,43,4);
Insert into ACCESS_RIGHTS (ID,ACTIVE,FK_RIGHT,FK_EMPLOYEE) values (784,1,44,4);
Insert into ACCESS_RIGHTS (ID,ACTIVE,FK_RIGHT,FK_EMPLOYEE) values (785,1,45,4);
Insert into ACCESS_RIGHTS (ID,ACTIVE,FK_RIGHT,FK_EMPLOYEE) values (786,1,43,5);
Insert into ACCESS_RIGHTS (ID,ACTIVE,FK_RIGHT,FK_EMPLOYEE) values (787,1,44,5);
Insert into ACCESS_RIGHTS (ID,ACTIVE,FK_RIGHT,FK_EMPLOYEE) values (788,1,45,5);
Insert into ACCESS_RIGHTS (ID,ACTIVE,FK_RIGHT,FK_EMPLOYEE) values (789,1,43,6);
Insert into ACCESS_RIGHTS (ID,ACTIVE,FK_RIGHT,FK_EMPLOYEE) values (790,1,44,6);
Insert into ACCESS_RIGHTS (ID,ACTIVE,FK_RIGHT,FK_EMPLOYEE) values (791,1,45,6);
Insert into ACCESS_RIGHTS (ID,ACTIVE,FK_RIGHT,FK_EMPLOYEE) values (792,1,43,7);
Insert into ACCESS_RIGHTS (ID,ACTIVE,FK_RIGHT,FK_EMPLOYEE) values (793,1,44,7);
Insert into ACCESS_RIGHTS (ID,ACTIVE,FK_RIGHT,FK_EMPLOYEE) values (794,1,45,7);
Insert into ACCESS_RIGHTS (ID,ACTIVE,FK_RIGHT,FK_EMPLOYEE) values (795,1,43,181);
Insert into ACCESS_RIGHTS (ID,ACTIVE,FK_RIGHT,FK_EMPLOYEE) values (796,1,44,181);
Insert into ACCESS_RIGHTS (ID,ACTIVE,FK_RIGHT,FK_EMPLOYEE) values (797,1,45,181);
Insert into ACCESS_RIGHTS (ID,ACTIVE,FK_RIGHT,FK_EMPLOYEE) values (798,1,43,241);
Insert into ACCESS_RIGHTS (ID,ACTIVE,FK_RIGHT,FK_EMPLOYEE) values (799,1,44,241);
Insert into ACCESS_RIGHTS (ID,ACTIVE,FK_RIGHT,FK_EMPLOYEE) values (800,1,45,241);
Insert into ACCESS_RIGHTS (ID,ACTIVE,FK_RIGHT,FK_EMPLOYEE) values (801,1,43,541);
Insert into ACCESS_RIGHTS (ID,ACTIVE,FK_RIGHT,FK_EMPLOYEE) values (802,1,44,541);
Insert into ACCESS_RIGHTS (ID,ACTIVE,FK_RIGHT,FK_EMPLOYEE) values (803,1,45,541);
Insert into ACCESS_RIGHTS (ID,ACTIVE,FK_RIGHT,FK_EMPLOYEE) values (804,1,43,542);
Insert into ACCESS_RIGHTS (ID,ACTIVE,FK_RIGHT,FK_EMPLOYEE) values (805,1,44,542);
Insert into ACCESS_RIGHTS (ID,ACTIVE,FK_RIGHT,FK_EMPLOYEE) values (806,1,45,542);
Insert into ACCESS_RIGHTS (ID,ACTIVE,FK_RIGHT,FK_EMPLOYEE) values (807,1,43,543);
Insert into ACCESS_RIGHTS (ID,ACTIVE,FK_RIGHT,FK_EMPLOYEE) values (808,1,44,543);
Insert into ACCESS_RIGHTS (ID,ACTIVE,FK_RIGHT,FK_EMPLOYEE) values (809,1,45,543);
Insert into ACCESS_RIGHTS (ID,ACTIVE,FK_RIGHT,FK_EMPLOYEE) values (810,1,43,544);
Insert into ACCESS_RIGHTS (ID,ACTIVE,FK_RIGHT,FK_EMPLOYEE) values (811,1,44,544);
Insert into ACCESS_RIGHTS (ID,ACTIVE,FK_RIGHT,FK_EMPLOYEE) values (812,1,45,544);
Insert into ACCESS_RIGHTS (ID,ACTIVE,FK_RIGHT,FK_EMPLOYEE) values (813,1,43,545);
Insert into ACCESS_RIGHTS (ID,ACTIVE,FK_RIGHT,FK_EMPLOYEE) values (814,1,44,545);
Insert into ACCESS_RIGHTS (ID,ACTIVE,FK_RIGHT,FK_EMPLOYEE) values (815,1,45,545);
Insert into ACCESS_RIGHTS (ID,ACTIVE,FK_RIGHT,FK_EMPLOYEE) values (816,1,43,546);
Insert into ACCESS_RIGHTS (ID,ACTIVE,FK_RIGHT,FK_EMPLOYEE) values (817,1,44,546);
Insert into ACCESS_RIGHTS (ID,ACTIVE,FK_RIGHT,FK_EMPLOYEE) values (818,1,45,546);
Insert into ACCESS_RIGHTS (ID,ACTIVE,FK_RIGHT,FK_EMPLOYEE) values (819,1,43,547);
Insert into ACCESS_RIGHTS (ID,ACTIVE,FK_RIGHT,FK_EMPLOYEE) values (820,1,44,547);
Insert into ACCESS_RIGHTS (ID,ACTIVE,FK_RIGHT,FK_EMPLOYEE) values (821,1,45,547);
Insert into ACCESS_RIGHTS (ID,ACTIVE,FK_RIGHT,FK_EMPLOYEE) values (822,1,43,548);
Insert into ACCESS_RIGHTS (ID,ACTIVE,FK_RIGHT,FK_EMPLOYEE) values (823,1,44,548);
Insert into ACCESS_RIGHTS (ID,ACTIVE,FK_RIGHT,FK_EMPLOYEE) values (824,1,45,548);
Insert into ACCESS_RIGHTS (ID,ACTIVE,FK_RIGHT,FK_EMPLOYEE) values (825,1,43,549);
Insert into ACCESS_RIGHTS (ID,ACTIVE,FK_RIGHT,FK_EMPLOYEE) values (826,1,44,549);
Insert into ACCESS_RIGHTS (ID,ACTIVE,FK_RIGHT,FK_EMPLOYEE) values (827,1,45,549);
Insert into ACCESS_RIGHTS (ID,ACTIVE,FK_RIGHT,FK_EMPLOYEE) values (1,1,1,1);
Insert into ACCESS_RIGHTS (ID,ACTIVE,FK_RIGHT,FK_EMPLOYEE) values (2,1,2,1);
Insert into ACCESS_RIGHTS (ID,ACTIVE,FK_RIGHT,FK_EMPLOYEE) values (3,1,3,1);
Insert into ACCESS_RIGHTS (ID,ACTIVE,FK_RIGHT,FK_EMPLOYEE) values (4,1,4,1);
Insert into ACCESS_RIGHTS (ID,ACTIVE,FK_RIGHT,FK_EMPLOYEE) values (5,1,5,1);
Insert into ACCESS_RIGHTS (ID,ACTIVE,FK_RIGHT,FK_EMPLOYEE) values (6,1,6,1);
Insert into ACCESS_RIGHTS (ID,ACTIVE,FK_RIGHT,FK_EMPLOYEE) values (7,1,7,1);
Insert into ACCESS_RIGHTS (ID,ACTIVE,FK_RIGHT,FK_EMPLOYEE) values (8,1,8,1);
Insert into ACCESS_RIGHTS (ID,ACTIVE,FK_RIGHT,FK_EMPLOYEE) values (9,1,9,1);
Insert into ACCESS_RIGHTS (ID,ACTIVE,FK_RIGHT,FK_EMPLOYEE) values (10,1,10,1);
Insert into ACCESS_RIGHTS (ID,ACTIVE,FK_RIGHT,FK_EMPLOYEE) values (11,1,11,1);
Insert into ACCESS_RIGHTS (ID,ACTIVE,FK_RIGHT,FK_EMPLOYEE) values (12,1,12,1);
Insert into ACCESS_RIGHTS (ID,ACTIVE,FK_RIGHT,FK_EMPLOYEE) values (13,1,13,1);
Insert into ACCESS_RIGHTS (ID,ACTIVE,FK_RIGHT,FK_EMPLOYEE) values (14,1,14,1);
Insert into ACCESS_RIGHTS (ID,ACTIVE,FK_RIGHT,FK_EMPLOYEE) values (15,1,15,1);
Insert into ACCESS_RIGHTS (ID,ACTIVE,FK_RIGHT,FK_EMPLOYEE) values (16,1,16,1);
Insert into ACCESS_RIGHTS (ID,ACTIVE,FK_RIGHT,FK_EMPLOYEE) values (17,1,17,1);
Insert into ACCESS_RIGHTS (ID,ACTIVE,FK_RIGHT,FK_EMPLOYEE) values (18,1,18,1);
Insert into ACCESS_RIGHTS (ID,ACTIVE,FK_RIGHT,FK_EMPLOYEE) values (19,1,19,1);
Insert into ACCESS_RIGHTS (ID,ACTIVE,FK_RIGHT,FK_EMPLOYEE) values (20,1,20,1);
Insert into ACCESS_RIGHTS (ID,ACTIVE,FK_RIGHT,FK_EMPLOYEE) values (21,1,21,1);
Insert into ACCESS_RIGHTS (ID,ACTIVE,FK_RIGHT,FK_EMPLOYEE) values (22,1,22,1);
Insert into ACCESS_RIGHTS (ID,ACTIVE,FK_RIGHT,FK_EMPLOYEE) values (23,1,23,1);
Insert into ACCESS_RIGHTS (ID,ACTIVE,FK_RIGHT,FK_EMPLOYEE) values (24,1,24,1);
Insert into ACCESS_RIGHTS (ID,ACTIVE,FK_RIGHT,FK_EMPLOYEE) values (25,1,25,1);
Insert into ACCESS_RIGHTS (ID,ACTIVE,FK_RIGHT,FK_EMPLOYEE) values (26,1,26,1);
Insert into ACCESS_RIGHTS (ID,ACTIVE,FK_RIGHT,FK_EMPLOYEE) values (27,1,27,1);
Insert into ACCESS_RIGHTS (ID,ACTIVE,FK_RIGHT,FK_EMPLOYEE) values (28,1,28,1);
Insert into ACCESS_RIGHTS (ID,ACTIVE,FK_RIGHT,FK_EMPLOYEE) values (29,1,29,1);
Insert into ACCESS_RIGHTS (ID,ACTIVE,FK_RIGHT,FK_EMPLOYEE) values (30,1,30,1);
Insert into ACCESS_RIGHTS (ID,ACTIVE,FK_RIGHT,FK_EMPLOYEE) values (31,1,31,1);
Insert into ACCESS_RIGHTS (ID,ACTIVE,FK_RIGHT,FK_EMPLOYEE) values (32,1,32,1);
Insert into ACCESS_RIGHTS (ID,ACTIVE,FK_RIGHT,FK_EMPLOYEE) values (33,1,33,1);
Insert into ACCESS_RIGHTS (ID,ACTIVE,FK_RIGHT,FK_EMPLOYEE) values (34,1,34,1);
Insert into ACCESS_RIGHTS (ID,ACTIVE,FK_RIGHT,FK_EMPLOYEE) values (35,1,35,1);
Insert into ACCESS_RIGHTS (ID,ACTIVE,FK_RIGHT,FK_EMPLOYEE) values (36,1,36,1);
Insert into ACCESS_RIGHTS (ID,ACTIVE,FK_RIGHT,FK_EMPLOYEE) values (37,1,37,1);
Insert into ACCESS_RIGHTS (ID,ACTIVE,FK_RIGHT,FK_EMPLOYEE) values (38,1,38,1);
Insert into ACCESS_RIGHTS (ID,ACTIVE,FK_RIGHT,FK_EMPLOYEE) values (39,1,39,1);
Insert into ACCESS_RIGHTS (ID,ACTIVE,FK_RIGHT,FK_EMPLOYEE) values (40,1,40,1);
Insert into ACCESS_RIGHTS (ID,ACTIVE,FK_RIGHT,FK_EMPLOYEE) values (41,0,41,1);
Insert into ACCESS_RIGHTS (ID,ACTIVE,FK_RIGHT,FK_EMPLOYEE) values (42,0,42,1);
Insert into ACCESS_RIGHTS (ID,ACTIVE,FK_RIGHT,FK_EMPLOYEE) values (44,1,1,2);
Insert into ACCESS_RIGHTS (ID,ACTIVE,FK_RIGHT,FK_EMPLOYEE) values (45,1,2,2);
Insert into ACCESS_RIGHTS (ID,ACTIVE,FK_RIGHT,FK_EMPLOYEE) values (46,1,3,2);
Insert into ACCESS_RIGHTS (ID,ACTIVE,FK_RIGHT,FK_EMPLOYEE) values (47,1,4,2);
Insert into ACCESS_RIGHTS (ID,ACTIVE,FK_RIGHT,FK_EMPLOYEE) values (48,1,5,2);
Insert into ACCESS_RIGHTS (ID,ACTIVE,FK_RIGHT,FK_EMPLOYEE) values (49,1,6,2);
Insert into ACCESS_RIGHTS (ID,ACTIVE,FK_RIGHT,FK_EMPLOYEE) values (50,1,7,2);
Insert into ACCESS_RIGHTS (ID,ACTIVE,FK_RIGHT,FK_EMPLOYEE) values (51,1,8,2);
Insert into ACCESS_RIGHTS (ID,ACTIVE,FK_RIGHT,FK_EMPLOYEE) values (52,1,9,2);
Insert into ACCESS_RIGHTS (ID,ACTIVE,FK_RIGHT,FK_EMPLOYEE) values (53,1,10,2);
Insert into ACCESS_RIGHTS (ID,ACTIVE,FK_RIGHT,FK_EMPLOYEE) values (54,1,11,2);
Insert into ACCESS_RIGHTS (ID,ACTIVE,FK_RIGHT,FK_EMPLOYEE) values (55,1,12,2);
Insert into ACCESS_RIGHTS (ID,ACTIVE,FK_RIGHT,FK_EMPLOYEE) values (56,1,13,2);
Insert into ACCESS_RIGHTS (ID,ACTIVE,FK_RIGHT,FK_EMPLOYEE) values (57,1,14,2);
Insert into ACCESS_RIGHTS (ID,ACTIVE,FK_RIGHT,FK_EMPLOYEE) values (58,1,15,2);
Insert into ACCESS_RIGHTS (ID,ACTIVE,FK_RIGHT,FK_EMPLOYEE) values (59,1,16,2);
Insert into ACCESS_RIGHTS (ID,ACTIVE,FK_RIGHT,FK_EMPLOYEE) values (60,1,17,2);
Insert into ACCESS_RIGHTS (ID,ACTIVE,FK_RIGHT,FK_EMPLOYEE) values (61,1,18,2);
Insert into ACCESS_RIGHTS (ID,ACTIVE,FK_RIGHT,FK_EMPLOYEE) values (62,1,19,2);
Insert into ACCESS_RIGHTS (ID,ACTIVE,FK_RIGHT,FK_EMPLOYEE) values (63,1,20,2);
Insert into ACCESS_RIGHTS (ID,ACTIVE,FK_RIGHT,FK_EMPLOYEE) values (64,1,21,2);
Insert into ACCESS_RIGHTS (ID,ACTIVE,FK_RIGHT,FK_EMPLOYEE) values (65,1,22,2);
Insert into ACCESS_RIGHTS (ID,ACTIVE,FK_RIGHT,FK_EMPLOYEE) values (66,1,23,2);
Insert into ACCESS_RIGHTS (ID,ACTIVE,FK_RIGHT,FK_EMPLOYEE) values (67,1,24,2);
Insert into ACCESS_RIGHTS (ID,ACTIVE,FK_RIGHT,FK_EMPLOYEE) values (68,1,25,2);
Insert into ACCESS_RIGHTS (ID,ACTIVE,FK_RIGHT,FK_EMPLOYEE) values (69,1,26,2);
Insert into ACCESS_RIGHTS (ID,ACTIVE,FK_RIGHT,FK_EMPLOYEE) values (70,1,27,2);
Insert into ACCESS_RIGHTS (ID,ACTIVE,FK_RIGHT,FK_EMPLOYEE) values (71,1,28,2);
Insert into ACCESS_RIGHTS (ID,ACTIVE,FK_RIGHT,FK_EMPLOYEE) values (72,1,29,2);
Insert into ACCESS_RIGHTS (ID,ACTIVE,FK_RIGHT,FK_EMPLOYEE) values (73,1,30,2);
Insert into ACCESS_RIGHTS (ID,ACTIVE,FK_RIGHT,FK_EMPLOYEE) values (74,1,31,2);
Insert into ACCESS_RIGHTS (ID,ACTIVE,FK_RIGHT,FK_EMPLOYEE) values (75,1,32,2);
Insert into ACCESS_RIGHTS (ID,ACTIVE,FK_RIGHT,FK_EMPLOYEE) values (76,1,33,2);
Insert into ACCESS_RIGHTS (ID,ACTIVE,FK_RIGHT,FK_EMPLOYEE) values (77,1,34,2);
Insert into ACCESS_RIGHTS (ID,ACTIVE,FK_RIGHT,FK_EMPLOYEE) values (78,1,35,2);
Insert into ACCESS_RIGHTS (ID,ACTIVE,FK_RIGHT,FK_EMPLOYEE) values (79,1,36,2);
Insert into ACCESS_RIGHTS (ID,ACTIVE,FK_RIGHT,FK_EMPLOYEE) values (80,1,37,2);
Insert into ACCESS_RIGHTS (ID,ACTIVE,FK_RIGHT,FK_EMPLOYEE) values (81,1,38,2);
Insert into ACCESS_RIGHTS (ID,ACTIVE,FK_RIGHT,FK_EMPLOYEE) values (82,1,39,2);
Insert into ACCESS_RIGHTS (ID,ACTIVE,FK_RIGHT,FK_EMPLOYEE) values (83,1,40,2);
Insert into ACCESS_RIGHTS (ID,ACTIVE,FK_RIGHT,FK_EMPLOYEE) values (84,0,41,2);
Insert into ACCESS_RIGHTS (ID,ACTIVE,FK_RIGHT,FK_EMPLOYEE) values (85,0,42,2);
Insert into ACCESS_RIGHTS (ID,ACTIVE,FK_RIGHT,FK_EMPLOYEE) values (87,1,1,3);
Insert into ACCESS_RIGHTS (ID,ACTIVE,FK_RIGHT,FK_EMPLOYEE) values (88,1,2,3);
Insert into ACCESS_RIGHTS (ID,ACTIVE,FK_RIGHT,FK_EMPLOYEE) values (89,1,3,3);
Insert into ACCESS_RIGHTS (ID,ACTIVE,FK_RIGHT,FK_EMPLOYEE) values (90,1,4,3);
Insert into ACCESS_RIGHTS (ID,ACTIVE,FK_RIGHT,FK_EMPLOYEE) values (91,1,5,3);
Insert into ACCESS_RIGHTS (ID,ACTIVE,FK_RIGHT,FK_EMPLOYEE) values (92,1,6,3);
Insert into ACCESS_RIGHTS (ID,ACTIVE,FK_RIGHT,FK_EMPLOYEE) values (93,1,7,3);
Insert into ACCESS_RIGHTS (ID,ACTIVE,FK_RIGHT,FK_EMPLOYEE) values (94,1,8,3);
Insert into ACCESS_RIGHTS (ID,ACTIVE,FK_RIGHT,FK_EMPLOYEE) values (95,1,9,3);
Insert into ACCESS_RIGHTS (ID,ACTIVE,FK_RIGHT,FK_EMPLOYEE) values (96,1,10,3);
Insert into ACCESS_RIGHTS (ID,ACTIVE,FK_RIGHT,FK_EMPLOYEE) values (97,1,11,3);
Insert into ACCESS_RIGHTS (ID,ACTIVE,FK_RIGHT,FK_EMPLOYEE) values (98,1,12,3);
Insert into ACCESS_RIGHTS (ID,ACTIVE,FK_RIGHT,FK_EMPLOYEE) values (99,1,13,3);
Insert into ACCESS_RIGHTS (ID,ACTIVE,FK_RIGHT,FK_EMPLOYEE) values (100,1,14,3);
Insert into ACCESS_RIGHTS (ID,ACTIVE,FK_RIGHT,FK_EMPLOYEE) values (101,1,15,3);
Insert into ACCESS_RIGHTS (ID,ACTIVE,FK_RIGHT,FK_EMPLOYEE) values (102,1,16,3);
Insert into ACCESS_RIGHTS (ID,ACTIVE,FK_RIGHT,FK_EMPLOYEE) values (103,1,17,3);
Insert into ACCESS_RIGHTS (ID,ACTIVE,FK_RIGHT,FK_EMPLOYEE) values (104,1,18,3);
Insert into ACCESS_RIGHTS (ID,ACTIVE,FK_RIGHT,FK_EMPLOYEE) values (105,1,19,3);
Insert into ACCESS_RIGHTS (ID,ACTIVE,FK_RIGHT,FK_EMPLOYEE) values (106,1,20,3);
Insert into ACCESS_RIGHTS (ID,ACTIVE,FK_RIGHT,FK_EMPLOYEE) values (107,1,21,3);
Insert into ACCESS_RIGHTS (ID,ACTIVE,FK_RIGHT,FK_EMPLOYEE) values (108,1,22,3);
Insert into ACCESS_RIGHTS (ID,ACTIVE,FK_RIGHT,FK_EMPLOYEE) values (109,1,23,3);
Insert into ACCESS_RIGHTS (ID,ACTIVE,FK_RIGHT,FK_EMPLOYEE) values (110,1,24,3);
Insert into ACCESS_RIGHTS (ID,ACTIVE,FK_RIGHT,FK_EMPLOYEE) values (111,1,25,3);
Insert into ACCESS_RIGHTS (ID,ACTIVE,FK_RIGHT,FK_EMPLOYEE) values (112,1,26,3);
Insert into ACCESS_RIGHTS (ID,ACTIVE,FK_RIGHT,FK_EMPLOYEE) values (113,1,27,3);
Insert into ACCESS_RIGHTS (ID,ACTIVE,FK_RIGHT,FK_EMPLOYEE) values (114,1,28,3);
Insert into ACCESS_RIGHTS (ID,ACTIVE,FK_RIGHT,FK_EMPLOYEE) values (115,1,29,3);
Insert into ACCESS_RIGHTS (ID,ACTIVE,FK_RIGHT,FK_EMPLOYEE) values (116,1,30,3);
Insert into ACCESS_RIGHTS (ID,ACTIVE,FK_RIGHT,FK_EMPLOYEE) values (117,1,31,3);
Insert into ACCESS_RIGHTS (ID,ACTIVE,FK_RIGHT,FK_EMPLOYEE) values (118,1,32,3);
Insert into ACCESS_RIGHTS (ID,ACTIVE,FK_RIGHT,FK_EMPLOYEE) values (119,1,33,3);
Insert into ACCESS_RIGHTS (ID,ACTIVE,FK_RIGHT,FK_EMPLOYEE) values (120,1,34,3);
Insert into ACCESS_RIGHTS (ID,ACTIVE,FK_RIGHT,FK_EMPLOYEE) values (121,1,35,3);
Insert into ACCESS_RIGHTS (ID,ACTIVE,FK_RIGHT,FK_EMPLOYEE) values (122,1,36,3);
Insert into ACCESS_RIGHTS (ID,ACTIVE,FK_RIGHT,FK_EMPLOYEE) values (123,1,37,3);
Insert into ACCESS_RIGHTS (ID,ACTIVE,FK_RIGHT,FK_EMPLOYEE) values (124,1,38,3);
Insert into ACCESS_RIGHTS (ID,ACTIVE,FK_RIGHT,FK_EMPLOYEE) values (125,1,39,3);
Insert into ACCESS_RIGHTS (ID,ACTIVE,FK_RIGHT,FK_EMPLOYEE) values (126,1,40,3);
Insert into ACCESS_RIGHTS (ID,ACTIVE,FK_RIGHT,FK_EMPLOYEE) values (127,1,41,3);
Insert into ACCESS_RIGHTS (ID,ACTIVE,FK_RIGHT,FK_EMPLOYEE) values (128,1,42,3);
Insert into ACCESS_RIGHTS (ID,ACTIVE,FK_RIGHT,FK_EMPLOYEE) values (130,1,1,4);
Insert into ACCESS_RIGHTS (ID,ACTIVE,FK_RIGHT,FK_EMPLOYEE) values (131,1,2,4);
Insert into ACCESS_RIGHTS (ID,ACTIVE,FK_RIGHT,FK_EMPLOYEE) values (132,1,3,4);
Insert into ACCESS_RIGHTS (ID,ACTIVE,FK_RIGHT,FK_EMPLOYEE) values (133,1,4,4);
Insert into ACCESS_RIGHTS (ID,ACTIVE,FK_RIGHT,FK_EMPLOYEE) values (134,1,5,4);
Insert into ACCESS_RIGHTS (ID,ACTIVE,FK_RIGHT,FK_EMPLOYEE) values (135,1,6,4);
Insert into ACCESS_RIGHTS (ID,ACTIVE,FK_RIGHT,FK_EMPLOYEE) values (136,1,7,4);
Insert into ACCESS_RIGHTS (ID,ACTIVE,FK_RIGHT,FK_EMPLOYEE) values (137,1,8,4);
Insert into ACCESS_RIGHTS (ID,ACTIVE,FK_RIGHT,FK_EMPLOYEE) values (138,1,9,4);
Insert into ACCESS_RIGHTS (ID,ACTIVE,FK_RIGHT,FK_EMPLOYEE) values (139,1,10,4);
Insert into ACCESS_RIGHTS (ID,ACTIVE,FK_RIGHT,FK_EMPLOYEE) values (140,1,11,4);
Insert into ACCESS_RIGHTS (ID,ACTIVE,FK_RIGHT,FK_EMPLOYEE) values (141,1,12,4);
Insert into ACCESS_RIGHTS (ID,ACTIVE,FK_RIGHT,FK_EMPLOYEE) values (142,1,13,4);
Insert into ACCESS_RIGHTS (ID,ACTIVE,FK_RIGHT,FK_EMPLOYEE) values (143,1,14,4);
Insert into ACCESS_RIGHTS (ID,ACTIVE,FK_RIGHT,FK_EMPLOYEE) values (144,1,15,4);
Insert into ACCESS_RIGHTS (ID,ACTIVE,FK_RIGHT,FK_EMPLOYEE) values (145,1,16,4);
Insert into ACCESS_RIGHTS (ID,ACTIVE,FK_RIGHT,FK_EMPLOYEE) values (146,1,17,4);
Insert into ACCESS_RIGHTS (ID,ACTIVE,FK_RIGHT,FK_EMPLOYEE) values (147,1,18,4);
Insert into ACCESS_RIGHTS (ID,ACTIVE,FK_RIGHT,FK_EMPLOYEE) values (148,1,19,4);
Insert into ACCESS_RIGHTS (ID,ACTIVE,FK_RIGHT,FK_EMPLOYEE) values (149,1,20,4);
Insert into ACCESS_RIGHTS (ID,ACTIVE,FK_RIGHT,FK_EMPLOYEE) values (150,1,21,4);
Insert into ACCESS_RIGHTS (ID,ACTIVE,FK_RIGHT,FK_EMPLOYEE) values (151,1,22,4);
Insert into ACCESS_RIGHTS (ID,ACTIVE,FK_RIGHT,FK_EMPLOYEE) values (152,1,23,4);
Insert into ACCESS_RIGHTS (ID,ACTIVE,FK_RIGHT,FK_EMPLOYEE) values (153,1,24,4);
Insert into ACCESS_RIGHTS (ID,ACTIVE,FK_RIGHT,FK_EMPLOYEE) values (154,1,25,4);
Insert into ACCESS_RIGHTS (ID,ACTIVE,FK_RIGHT,FK_EMPLOYEE) values (155,1,26,4);
Insert into ACCESS_RIGHTS (ID,ACTIVE,FK_RIGHT,FK_EMPLOYEE) values (156,1,27,4);
Insert into ACCESS_RIGHTS (ID,ACTIVE,FK_RIGHT,FK_EMPLOYEE) values (157,1,28,4);
Insert into ACCESS_RIGHTS (ID,ACTIVE,FK_RIGHT,FK_EMPLOYEE) values (158,1,29,4);
Insert into ACCESS_RIGHTS (ID,ACTIVE,FK_RIGHT,FK_EMPLOYEE) values (159,1,30,4);
Insert into ACCESS_RIGHTS (ID,ACTIVE,FK_RIGHT,FK_EMPLOYEE) values (160,1,31,4);
Insert into ACCESS_RIGHTS (ID,ACTIVE,FK_RIGHT,FK_EMPLOYEE) values (161,1,32,4);
Insert into ACCESS_RIGHTS (ID,ACTIVE,FK_RIGHT,FK_EMPLOYEE) values (162,1,33,4);
Insert into ACCESS_RIGHTS (ID,ACTIVE,FK_RIGHT,FK_EMPLOYEE) values (163,1,34,4);
Insert into ACCESS_RIGHTS (ID,ACTIVE,FK_RIGHT,FK_EMPLOYEE) values (164,1,35,4);
Insert into ACCESS_RIGHTS (ID,ACTIVE,FK_RIGHT,FK_EMPLOYEE) values (165,1,36,4);
Insert into ACCESS_RIGHTS (ID,ACTIVE,FK_RIGHT,FK_EMPLOYEE) values (166,1,37,4);
Insert into ACCESS_RIGHTS (ID,ACTIVE,FK_RIGHT,FK_EMPLOYEE) values (167,1,38,4);
Insert into ACCESS_RIGHTS (ID,ACTIVE,FK_RIGHT,FK_EMPLOYEE) values (168,1,39,4);
Insert into ACCESS_RIGHTS (ID,ACTIVE,FK_RIGHT,FK_EMPLOYEE) values (169,1,40,4);
Insert into ACCESS_RIGHTS (ID,ACTIVE,FK_RIGHT,FK_EMPLOYEE) values (170,0,41,4);
Insert into ACCESS_RIGHTS (ID,ACTIVE,FK_RIGHT,FK_EMPLOYEE) values (171,0,42,4);
Insert into ACCESS_RIGHTS (ID,ACTIVE,FK_RIGHT,FK_EMPLOYEE) values (173,0,1,5);
Insert into ACCESS_RIGHTS (ID,ACTIVE,FK_RIGHT,FK_EMPLOYEE) values (174,0,2,5);
Insert into ACCESS_RIGHTS (ID,ACTIVE,FK_RIGHT,FK_EMPLOYEE) values (175,0,3,5);
Insert into ACCESS_RIGHTS (ID,ACTIVE,FK_RIGHT,FK_EMPLOYEE) values (176,1,4,5);
Insert into ACCESS_RIGHTS (ID,ACTIVE,FK_RIGHT,FK_EMPLOYEE) values (177,1,5,5);
Insert into ACCESS_RIGHTS (ID,ACTIVE,FK_RIGHT,FK_EMPLOYEE) values (178,1,6,5);
Insert into ACCESS_RIGHTS (ID,ACTIVE,FK_RIGHT,FK_EMPLOYEE) values (179,1,7,5);
Insert into ACCESS_RIGHTS (ID,ACTIVE,FK_RIGHT,FK_EMPLOYEE) values (180,1,8,5);
Insert into ACCESS_RIGHTS (ID,ACTIVE,FK_RIGHT,FK_EMPLOYEE) values (181,1,9,5);
Insert into ACCESS_RIGHTS (ID,ACTIVE,FK_RIGHT,FK_EMPLOYEE) values (182,1,10,5);
Insert into ACCESS_RIGHTS (ID,ACTIVE,FK_RIGHT,FK_EMPLOYEE) values (183,1,11,5);
Insert into ACCESS_RIGHTS (ID,ACTIVE,FK_RIGHT,FK_EMPLOYEE) values (184,1,12,5);
Insert into ACCESS_RIGHTS (ID,ACTIVE,FK_RIGHT,FK_EMPLOYEE) values (185,1,13,5);
Insert into ACCESS_RIGHTS (ID,ACTIVE,FK_RIGHT,FK_EMPLOYEE) values (186,1,14,5);
Insert into ACCESS_RIGHTS (ID,ACTIVE,FK_RIGHT,FK_EMPLOYEE) values (187,1,15,5);
Insert into ACCESS_RIGHTS (ID,ACTIVE,FK_RIGHT,FK_EMPLOYEE) values (188,1,16,5);
Insert into ACCESS_RIGHTS (ID,ACTIVE,FK_RIGHT,FK_EMPLOYEE) values (189,1,17,5);
Insert into ACCESS_RIGHTS (ID,ACTIVE,FK_RIGHT,FK_EMPLOYEE) values (190,1,18,5);
Insert into ACCESS_RIGHTS (ID,ACTIVE,FK_RIGHT,FK_EMPLOYEE) values (191,1,19,5);
Insert into ACCESS_RIGHTS (ID,ACTIVE,FK_RIGHT,FK_EMPLOYEE) values (192,1,20,5);
Insert into ACCESS_RIGHTS (ID,ACTIVE,FK_RIGHT,FK_EMPLOYEE) values (193,1,21,5);
Insert into ACCESS_RIGHTS (ID,ACTIVE,FK_RIGHT,FK_EMPLOYEE) values (194,1,22,5);
Insert into ACCESS_RIGHTS (ID,ACTIVE,FK_RIGHT,FK_EMPLOYEE) values (195,1,23,5);
Insert into ACCESS_RIGHTS (ID,ACTIVE,FK_RIGHT,FK_EMPLOYEE) values (196,1,24,5);
Insert into ACCESS_RIGHTS (ID,ACTIVE,FK_RIGHT,FK_EMPLOYEE) values (197,1,25,5);
Insert into ACCESS_RIGHTS (ID,ACTIVE,FK_RIGHT,FK_EMPLOYEE) values (198,1,26,5);
Insert into ACCESS_RIGHTS (ID,ACTIVE,FK_RIGHT,FK_EMPLOYEE) values (199,1,27,5);
Insert into ACCESS_RIGHTS (ID,ACTIVE,FK_RIGHT,FK_EMPLOYEE) values (200,1,28,5);
Insert into ACCESS_RIGHTS (ID,ACTIVE,FK_RIGHT,FK_EMPLOYEE) values (201,1,29,5);
Insert into ACCESS_RIGHTS (ID,ACTIVE,FK_RIGHT,FK_EMPLOYEE) values (202,1,30,5);
Insert into ACCESS_RIGHTS (ID,ACTIVE,FK_RIGHT,FK_EMPLOYEE) values (203,1,31,5);
Insert into ACCESS_RIGHTS (ID,ACTIVE,FK_RIGHT,FK_EMPLOYEE) values (204,1,32,5);
Insert into ACCESS_RIGHTS (ID,ACTIVE,FK_RIGHT,FK_EMPLOYEE) values (205,1,33,5);
Insert into ACCESS_RIGHTS (ID,ACTIVE,FK_RIGHT,FK_EMPLOYEE) values (206,1,34,5);
Insert into ACCESS_RIGHTS (ID,ACTIVE,FK_RIGHT,FK_EMPLOYEE) values (207,1,35,5);
Insert into ACCESS_RIGHTS (ID,ACTIVE,FK_RIGHT,FK_EMPLOYEE) values (208,1,36,5);
Insert into ACCESS_RIGHTS (ID,ACTIVE,FK_RIGHT,FK_EMPLOYEE) values (209,1,37,5);
Insert into ACCESS_RIGHTS (ID,ACTIVE,FK_RIGHT,FK_EMPLOYEE) values (210,1,38,5);
Insert into ACCESS_RIGHTS (ID,ACTIVE,FK_RIGHT,FK_EMPLOYEE) values (211,1,39,5);
Insert into ACCESS_RIGHTS (ID,ACTIVE,FK_RIGHT,FK_EMPLOYEE) values (212,1,40,5);
Insert into ACCESS_RIGHTS (ID,ACTIVE,FK_RIGHT,FK_EMPLOYEE) values (213,0,41,5);
Insert into ACCESS_RIGHTS (ID,ACTIVE,FK_RIGHT,FK_EMPLOYEE) values (214,0,42,5);
Insert into ACCESS_RIGHTS (ID,ACTIVE,FK_RIGHT,FK_EMPLOYEE) values (216,1,1,6);
Insert into ACCESS_RIGHTS (ID,ACTIVE,FK_RIGHT,FK_EMPLOYEE) values (217,1,2,6);
Insert into ACCESS_RIGHTS (ID,ACTIVE,FK_RIGHT,FK_EMPLOYEE) values (218,1,3,6);
Insert into ACCESS_RIGHTS (ID,ACTIVE,FK_RIGHT,FK_EMPLOYEE) values (219,1,4,6);
Insert into ACCESS_RIGHTS (ID,ACTIVE,FK_RIGHT,FK_EMPLOYEE) values (220,1,5,6);
Insert into ACCESS_RIGHTS (ID,ACTIVE,FK_RIGHT,FK_EMPLOYEE) values (221,1,6,6);
Insert into ACCESS_RIGHTS (ID,ACTIVE,FK_RIGHT,FK_EMPLOYEE) values (222,1,7,6);
Insert into ACCESS_RIGHTS (ID,ACTIVE,FK_RIGHT,FK_EMPLOYEE) values (223,1,8,6);
Insert into ACCESS_RIGHTS (ID,ACTIVE,FK_RIGHT,FK_EMPLOYEE) values (224,1,9,6);
Insert into ACCESS_RIGHTS (ID,ACTIVE,FK_RIGHT,FK_EMPLOYEE) values (225,1,10,6);
Insert into ACCESS_RIGHTS (ID,ACTIVE,FK_RIGHT,FK_EMPLOYEE) values (226,1,11,6);
Insert into ACCESS_RIGHTS (ID,ACTIVE,FK_RIGHT,FK_EMPLOYEE) values (227,1,12,6);
Insert into ACCESS_RIGHTS (ID,ACTIVE,FK_RIGHT,FK_EMPLOYEE) values (228,1,13,6);
Insert into ACCESS_RIGHTS (ID,ACTIVE,FK_RIGHT,FK_EMPLOYEE) values (229,1,14,6);
Insert into ACCESS_RIGHTS (ID,ACTIVE,FK_RIGHT,FK_EMPLOYEE) values (230,1,15,6);
Insert into ACCESS_RIGHTS (ID,ACTIVE,FK_RIGHT,FK_EMPLOYEE) values (231,1,16,6);
Insert into ACCESS_RIGHTS (ID,ACTIVE,FK_RIGHT,FK_EMPLOYEE) values (232,1,17,6);
Insert into ACCESS_RIGHTS (ID,ACTIVE,FK_RIGHT,FK_EMPLOYEE) values (233,1,18,6);
Insert into ACCESS_RIGHTS (ID,ACTIVE,FK_RIGHT,FK_EMPLOYEE) values (234,1,19,6);
Insert into ACCESS_RIGHTS (ID,ACTIVE,FK_RIGHT,FK_EMPLOYEE) values (235,1,20,6);
Insert into ACCESS_RIGHTS (ID,ACTIVE,FK_RIGHT,FK_EMPLOYEE) values (236,1,21,6);
Insert into ACCESS_RIGHTS (ID,ACTIVE,FK_RIGHT,FK_EMPLOYEE) values (237,1,22,6);
Insert into ACCESS_RIGHTS (ID,ACTIVE,FK_RIGHT,FK_EMPLOYEE) values (238,1,23,6);
Insert into ACCESS_RIGHTS (ID,ACTIVE,FK_RIGHT,FK_EMPLOYEE) values (239,1,24,6);
Insert into ACCESS_RIGHTS (ID,ACTIVE,FK_RIGHT,FK_EMPLOYEE) values (240,1,25,6);
Insert into ACCESS_RIGHTS (ID,ACTIVE,FK_RIGHT,FK_EMPLOYEE) values (241,1,26,6);
Insert into ACCESS_RIGHTS (ID,ACTIVE,FK_RIGHT,FK_EMPLOYEE) values (242,1,27,6);
Insert into ACCESS_RIGHTS (ID,ACTIVE,FK_RIGHT,FK_EMPLOYEE) values (243,1,28,6);
Insert into ACCESS_RIGHTS (ID,ACTIVE,FK_RIGHT,FK_EMPLOYEE) values (244,1,29,6);
Insert into ACCESS_RIGHTS (ID,ACTIVE,FK_RIGHT,FK_EMPLOYEE) values (245,1,30,6);
Insert into ACCESS_RIGHTS (ID,ACTIVE,FK_RIGHT,FK_EMPLOYEE) values (246,1,31,6);
Insert into ACCESS_RIGHTS (ID,ACTIVE,FK_RIGHT,FK_EMPLOYEE) values (247,1,32,6);
Insert into ACCESS_RIGHTS (ID,ACTIVE,FK_RIGHT,FK_EMPLOYEE) values (248,1,33,6);
Insert into ACCESS_RIGHTS (ID,ACTIVE,FK_RIGHT,FK_EMPLOYEE) values (249,1,34,6);
Insert into ACCESS_RIGHTS (ID,ACTIVE,FK_RIGHT,FK_EMPLOYEE) values (250,1,35,6);
Insert into ACCESS_RIGHTS (ID,ACTIVE,FK_RIGHT,FK_EMPLOYEE) values (251,1,36,6);
Insert into ACCESS_RIGHTS (ID,ACTIVE,FK_RIGHT,FK_EMPLOYEE) values (252,1,37,6);
Insert into ACCESS_RIGHTS (ID,ACTIVE,FK_RIGHT,FK_EMPLOYEE) values (253,1,38,6);
Insert into ACCESS_RIGHTS (ID,ACTIVE,FK_RIGHT,FK_EMPLOYEE) values (254,1,39,6);
Insert into ACCESS_RIGHTS (ID,ACTIVE,FK_RIGHT,FK_EMPLOYEE) values (255,1,40,6);
Insert into ACCESS_RIGHTS (ID,ACTIVE,FK_RIGHT,FK_EMPLOYEE) values (256,0,41,6);
Insert into ACCESS_RIGHTS (ID,ACTIVE,FK_RIGHT,FK_EMPLOYEE) values (257,0,42,6);
Insert into ACCESS_RIGHTS (ID,ACTIVE,FK_RIGHT,FK_EMPLOYEE) values (259,1,1,7);
Insert into ACCESS_RIGHTS (ID,ACTIVE,FK_RIGHT,FK_EMPLOYEE) values (260,1,2,7);
Insert into ACCESS_RIGHTS (ID,ACTIVE,FK_RIGHT,FK_EMPLOYEE) values (261,1,3,7);
Insert into ACCESS_RIGHTS (ID,ACTIVE,FK_RIGHT,FK_EMPLOYEE) values (262,1,4,7);
Insert into ACCESS_RIGHTS (ID,ACTIVE,FK_RIGHT,FK_EMPLOYEE) values (263,1,5,7);
Insert into ACCESS_RIGHTS (ID,ACTIVE,FK_RIGHT,FK_EMPLOYEE) values (264,1,6,7);
Insert into ACCESS_RIGHTS (ID,ACTIVE,FK_RIGHT,FK_EMPLOYEE) values (265,1,7,7);
Insert into ACCESS_RIGHTS (ID,ACTIVE,FK_RIGHT,FK_EMPLOYEE) values (266,1,8,7);
Insert into ACCESS_RIGHTS (ID,ACTIVE,FK_RIGHT,FK_EMPLOYEE) values (267,1,9,7);
Insert into ACCESS_RIGHTS (ID,ACTIVE,FK_RIGHT,FK_EMPLOYEE) values (268,1,10,7);
Insert into ACCESS_RIGHTS (ID,ACTIVE,FK_RIGHT,FK_EMPLOYEE) values (269,1,11,7);
Insert into ACCESS_RIGHTS (ID,ACTIVE,FK_RIGHT,FK_EMPLOYEE) values (270,1,12,7);
Insert into ACCESS_RIGHTS (ID,ACTIVE,FK_RIGHT,FK_EMPLOYEE) values (271,1,13,7);
Insert into ACCESS_RIGHTS (ID,ACTIVE,FK_RIGHT,FK_EMPLOYEE) values (272,1,14,7);
Insert into ACCESS_RIGHTS (ID,ACTIVE,FK_RIGHT,FK_EMPLOYEE) values (273,1,15,7);
Insert into ACCESS_RIGHTS (ID,ACTIVE,FK_RIGHT,FK_EMPLOYEE) values (274,1,16,7);
Insert into ACCESS_RIGHTS (ID,ACTIVE,FK_RIGHT,FK_EMPLOYEE) values (275,1,17,7);
Insert into ACCESS_RIGHTS (ID,ACTIVE,FK_RIGHT,FK_EMPLOYEE) values (276,1,18,7);
Insert into ACCESS_RIGHTS (ID,ACTIVE,FK_RIGHT,FK_EMPLOYEE) values (277,1,19,7);
Insert into ACCESS_RIGHTS (ID,ACTIVE,FK_RIGHT,FK_EMPLOYEE) values (278,1,20,7);
Insert into ACCESS_RIGHTS (ID,ACTIVE,FK_RIGHT,FK_EMPLOYEE) values (279,1,21,7);
Insert into ACCESS_RIGHTS (ID,ACTIVE,FK_RIGHT,FK_EMPLOYEE) values (280,1,22,7);
Insert into ACCESS_RIGHTS (ID,ACTIVE,FK_RIGHT,FK_EMPLOYEE) values (281,1,23,7);
Insert into ACCESS_RIGHTS (ID,ACTIVE,FK_RIGHT,FK_EMPLOYEE) values (282,1,24,7);
Insert into ACCESS_RIGHTS (ID,ACTIVE,FK_RIGHT,FK_EMPLOYEE) values (283,1,25,7);
Insert into ACCESS_RIGHTS (ID,ACTIVE,FK_RIGHT,FK_EMPLOYEE) values (284,1,26,7);
Insert into ACCESS_RIGHTS (ID,ACTIVE,FK_RIGHT,FK_EMPLOYEE) values (285,1,27,7);
Insert into ACCESS_RIGHTS (ID,ACTIVE,FK_RIGHT,FK_EMPLOYEE) values (286,1,28,7);
Insert into ACCESS_RIGHTS (ID,ACTIVE,FK_RIGHT,FK_EMPLOYEE) values (287,1,29,7);
Insert into ACCESS_RIGHTS (ID,ACTIVE,FK_RIGHT,FK_EMPLOYEE) values (288,1,30,7);
Insert into ACCESS_RIGHTS (ID,ACTIVE,FK_RIGHT,FK_EMPLOYEE) values (289,1,31,7);
Insert into ACCESS_RIGHTS (ID,ACTIVE,FK_RIGHT,FK_EMPLOYEE) values (290,1,32,7);
Insert into ACCESS_RIGHTS (ID,ACTIVE,FK_RIGHT,FK_EMPLOYEE) values (291,1,33,7);
Insert into ACCESS_RIGHTS (ID,ACTIVE,FK_RIGHT,FK_EMPLOYEE) values (292,1,34,7);
Insert into ACCESS_RIGHTS (ID,ACTIVE,FK_RIGHT,FK_EMPLOYEE) values (293,1,35,7);
Insert into ACCESS_RIGHTS (ID,ACTIVE,FK_RIGHT,FK_EMPLOYEE) values (294,1,36,7);
Insert into ACCESS_RIGHTS (ID,ACTIVE,FK_RIGHT,FK_EMPLOYEE) values (295,1,37,7);
Insert into ACCESS_RIGHTS (ID,ACTIVE,FK_RIGHT,FK_EMPLOYEE) values (296,1,38,7);
Insert into ACCESS_RIGHTS (ID,ACTIVE,FK_RIGHT,FK_EMPLOYEE) values (297,1,39,7);
Insert into ACCESS_RIGHTS (ID,ACTIVE,FK_RIGHT,FK_EMPLOYEE) values (298,1,40,7);
Insert into ACCESS_RIGHTS (ID,ACTIVE,FK_RIGHT,FK_EMPLOYEE) values (299,0,41,7);
Insert into ACCESS_RIGHTS (ID,ACTIVE,FK_RIGHT,FK_EMPLOYEE) values (300,0,42,7);
Insert into ACCESS_RIGHTS (ID,ACTIVE,FK_RIGHT,FK_EMPLOYEE) values (302,1,1,181);
Insert into ACCESS_RIGHTS (ID,ACTIVE,FK_RIGHT,FK_EMPLOYEE) values (303,1,2,181);
Insert into ACCESS_RIGHTS (ID,ACTIVE,FK_RIGHT,FK_EMPLOYEE) values (304,1,3,181);
Insert into ACCESS_RIGHTS (ID,ACTIVE,FK_RIGHT,FK_EMPLOYEE) values (305,1,4,181);
Insert into ACCESS_RIGHTS (ID,ACTIVE,FK_RIGHT,FK_EMPLOYEE) values (306,1,5,181);
Insert into ACCESS_RIGHTS (ID,ACTIVE,FK_RIGHT,FK_EMPLOYEE) values (307,1,6,181);
Insert into ACCESS_RIGHTS (ID,ACTIVE,FK_RIGHT,FK_EMPLOYEE) values (308,1,7,181);
Insert into ACCESS_RIGHTS (ID,ACTIVE,FK_RIGHT,FK_EMPLOYEE) values (309,1,8,181);
Insert into ACCESS_RIGHTS (ID,ACTIVE,FK_RIGHT,FK_EMPLOYEE) values (310,1,9,181);
Insert into ACCESS_RIGHTS (ID,ACTIVE,FK_RIGHT,FK_EMPLOYEE) values (311,1,10,181);
Insert into ACCESS_RIGHTS (ID,ACTIVE,FK_RIGHT,FK_EMPLOYEE) values (312,1,11,181);
Insert into ACCESS_RIGHTS (ID,ACTIVE,FK_RIGHT,FK_EMPLOYEE) values (313,1,12,181);
Insert into ACCESS_RIGHTS (ID,ACTIVE,FK_RIGHT,FK_EMPLOYEE) values (314,1,13,181);
Insert into ACCESS_RIGHTS (ID,ACTIVE,FK_RIGHT,FK_EMPLOYEE) values (315,1,14,181);
Insert into ACCESS_RIGHTS (ID,ACTIVE,FK_RIGHT,FK_EMPLOYEE) values (316,1,15,181);
Insert into ACCESS_RIGHTS (ID,ACTIVE,FK_RIGHT,FK_EMPLOYEE) values (317,1,16,181);
Insert into ACCESS_RIGHTS (ID,ACTIVE,FK_RIGHT,FK_EMPLOYEE) values (318,1,17,181);
Insert into ACCESS_RIGHTS (ID,ACTIVE,FK_RIGHT,FK_EMPLOYEE) values (319,1,18,181);
Insert into ACCESS_RIGHTS (ID,ACTIVE,FK_RIGHT,FK_EMPLOYEE) values (320,1,19,181);
Insert into ACCESS_RIGHTS (ID,ACTIVE,FK_RIGHT,FK_EMPLOYEE) values (321,1,20,181);
Insert into ACCESS_RIGHTS (ID,ACTIVE,FK_RIGHT,FK_EMPLOYEE) values (322,1,21,181);
Insert into ACCESS_RIGHTS (ID,ACTIVE,FK_RIGHT,FK_EMPLOYEE) values (323,1,22,181);
Insert into ACCESS_RIGHTS (ID,ACTIVE,FK_RIGHT,FK_EMPLOYEE) values (324,1,23,181);
Insert into ACCESS_RIGHTS (ID,ACTIVE,FK_RIGHT,FK_EMPLOYEE) values (325,1,24,181);
Insert into ACCESS_RIGHTS (ID,ACTIVE,FK_RIGHT,FK_EMPLOYEE) values (326,1,25,181);
Insert into ACCESS_RIGHTS (ID,ACTIVE,FK_RIGHT,FK_EMPLOYEE) values (327,1,26,181);
Insert into ACCESS_RIGHTS (ID,ACTIVE,FK_RIGHT,FK_EMPLOYEE) values (328,1,27,181);
Insert into ACCESS_RIGHTS (ID,ACTIVE,FK_RIGHT,FK_EMPLOYEE) values (329,1,28,181);
Insert into ACCESS_RIGHTS (ID,ACTIVE,FK_RIGHT,FK_EMPLOYEE) values (330,1,29,181);
Insert into ACCESS_RIGHTS (ID,ACTIVE,FK_RIGHT,FK_EMPLOYEE) values (331,1,30,181);
Insert into ACCESS_RIGHTS (ID,ACTIVE,FK_RIGHT,FK_EMPLOYEE) values (332,1,31,181);
Insert into ACCESS_RIGHTS (ID,ACTIVE,FK_RIGHT,FK_EMPLOYEE) values (333,1,32,181);
Insert into ACCESS_RIGHTS (ID,ACTIVE,FK_RIGHT,FK_EMPLOYEE) values (334,1,33,181);
Insert into ACCESS_RIGHTS (ID,ACTIVE,FK_RIGHT,FK_EMPLOYEE) values (335,1,34,181);
Insert into ACCESS_RIGHTS (ID,ACTIVE,FK_RIGHT,FK_EMPLOYEE) values (336,1,35,181);
Insert into ACCESS_RIGHTS (ID,ACTIVE,FK_RIGHT,FK_EMPLOYEE) values (337,1,36,181);
Insert into ACCESS_RIGHTS (ID,ACTIVE,FK_RIGHT,FK_EMPLOYEE) values (338,1,37,181);
Insert into ACCESS_RIGHTS (ID,ACTIVE,FK_RIGHT,FK_EMPLOYEE) values (339,1,38,181);
Insert into ACCESS_RIGHTS (ID,ACTIVE,FK_RIGHT,FK_EMPLOYEE) values (340,1,39,181);
Insert into ACCESS_RIGHTS (ID,ACTIVE,FK_RIGHT,FK_EMPLOYEE) values (341,1,40,181);
Insert into ACCESS_RIGHTS (ID,ACTIVE,FK_RIGHT,FK_EMPLOYEE) values (342,0,41,181);
Insert into ACCESS_RIGHTS (ID,ACTIVE,FK_RIGHT,FK_EMPLOYEE) values (343,0,42,181);
Insert into ACCESS_RIGHTS (ID,ACTIVE,FK_RIGHT,FK_EMPLOYEE) values (345,1,1,241);
Insert into ACCESS_RIGHTS (ID,ACTIVE,FK_RIGHT,FK_EMPLOYEE) values (346,1,2,241);
Insert into ACCESS_RIGHTS (ID,ACTIVE,FK_RIGHT,FK_EMPLOYEE) values (347,1,3,241);
Insert into ACCESS_RIGHTS (ID,ACTIVE,FK_RIGHT,FK_EMPLOYEE) values (348,1,4,241);
Insert into ACCESS_RIGHTS (ID,ACTIVE,FK_RIGHT,FK_EMPLOYEE) values (349,1,5,241);
Insert into ACCESS_RIGHTS (ID,ACTIVE,FK_RIGHT,FK_EMPLOYEE) values (350,1,6,241);
Insert into ACCESS_RIGHTS (ID,ACTIVE,FK_RIGHT,FK_EMPLOYEE) values (351,1,7,241);
Insert into ACCESS_RIGHTS (ID,ACTIVE,FK_RIGHT,FK_EMPLOYEE) values (352,1,8,241);
Insert into ACCESS_RIGHTS (ID,ACTIVE,FK_RIGHT,FK_EMPLOYEE) values (353,1,9,241);
Insert into ACCESS_RIGHTS (ID,ACTIVE,FK_RIGHT,FK_EMPLOYEE) values (354,1,10,241);
Insert into ACCESS_RIGHTS (ID,ACTIVE,FK_RIGHT,FK_EMPLOYEE) values (355,1,11,241);
Insert into ACCESS_RIGHTS (ID,ACTIVE,FK_RIGHT,FK_EMPLOYEE) values (356,1,12,241);
Insert into ACCESS_RIGHTS (ID,ACTIVE,FK_RIGHT,FK_EMPLOYEE) values (357,1,13,241);
Insert into ACCESS_RIGHTS (ID,ACTIVE,FK_RIGHT,FK_EMPLOYEE) values (358,1,14,241);
Insert into ACCESS_RIGHTS (ID,ACTIVE,FK_RIGHT,FK_EMPLOYEE) values (359,1,15,241);
Insert into ACCESS_RIGHTS (ID,ACTIVE,FK_RIGHT,FK_EMPLOYEE) values (360,1,16,241);
Insert into ACCESS_RIGHTS (ID,ACTIVE,FK_RIGHT,FK_EMPLOYEE) values (361,1,17,241);
Insert into ACCESS_RIGHTS (ID,ACTIVE,FK_RIGHT,FK_EMPLOYEE) values (362,1,18,241);
Insert into ACCESS_RIGHTS (ID,ACTIVE,FK_RIGHT,FK_EMPLOYEE) values (363,1,19,241);
Insert into ACCESS_RIGHTS (ID,ACTIVE,FK_RIGHT,FK_EMPLOYEE) values (364,1,20,241);
Insert into ACCESS_RIGHTS (ID,ACTIVE,FK_RIGHT,FK_EMPLOYEE) values (365,1,21,241);
Insert into ACCESS_RIGHTS (ID,ACTIVE,FK_RIGHT,FK_EMPLOYEE) values (366,1,22,241);
Insert into ACCESS_RIGHTS (ID,ACTIVE,FK_RIGHT,FK_EMPLOYEE) values (367,1,23,241);
Insert into ACCESS_RIGHTS (ID,ACTIVE,FK_RIGHT,FK_EMPLOYEE) values (368,1,24,241);
Insert into ACCESS_RIGHTS (ID,ACTIVE,FK_RIGHT,FK_EMPLOYEE) values (369,1,25,241);
Insert into ACCESS_RIGHTS (ID,ACTIVE,FK_RIGHT,FK_EMPLOYEE) values (370,1,26,241);
Insert into ACCESS_RIGHTS (ID,ACTIVE,FK_RIGHT,FK_EMPLOYEE) values (371,1,27,241);
Insert into ACCESS_RIGHTS (ID,ACTIVE,FK_RIGHT,FK_EMPLOYEE) values (372,1,28,241);
Insert into ACCESS_RIGHTS (ID,ACTIVE,FK_RIGHT,FK_EMPLOYEE) values (373,0,29,241);
Insert into ACCESS_RIGHTS (ID,ACTIVE,FK_RIGHT,FK_EMPLOYEE) values (374,1,30,241);
Insert into ACCESS_RIGHTS (ID,ACTIVE,FK_RIGHT,FK_EMPLOYEE) values (375,1,31,241);
Insert into ACCESS_RIGHTS (ID,ACTIVE,FK_RIGHT,FK_EMPLOYEE) values (376,1,32,241);
Insert into ACCESS_RIGHTS (ID,ACTIVE,FK_RIGHT,FK_EMPLOYEE) values (377,1,33,241);
Insert into ACCESS_RIGHTS (ID,ACTIVE,FK_RIGHT,FK_EMPLOYEE) values (378,1,34,241);
Insert into ACCESS_RIGHTS (ID,ACTIVE,FK_RIGHT,FK_EMPLOYEE) values (379,1,35,241);
Insert into ACCESS_RIGHTS (ID,ACTIVE,FK_RIGHT,FK_EMPLOYEE) values (380,1,36,241);
Insert into ACCESS_RIGHTS (ID,ACTIVE,FK_RIGHT,FK_EMPLOYEE) values (381,1,37,241);
Insert into ACCESS_RIGHTS (ID,ACTIVE,FK_RIGHT,FK_EMPLOYEE) values (382,1,38,241);
Insert into ACCESS_RIGHTS (ID,ACTIVE,FK_RIGHT,FK_EMPLOYEE) values (383,1,39,241);
Insert into ACCESS_RIGHTS (ID,ACTIVE,FK_RIGHT,FK_EMPLOYEE) values (384,1,40,241);
Insert into ACCESS_RIGHTS (ID,ACTIVE,FK_RIGHT,FK_EMPLOYEE) values (385,0,41,241);
Insert into ACCESS_RIGHTS (ID,ACTIVE,FK_RIGHT,FK_EMPLOYEE) values (386,0,42,241);
Insert into ACCESS_RIGHTS (ID,ACTIVE,FK_RIGHT,FK_EMPLOYEE) values (388,1,1,541);
Insert into ACCESS_RIGHTS (ID,ACTIVE,FK_RIGHT,FK_EMPLOYEE) values (389,1,2,541);
Insert into ACCESS_RIGHTS (ID,ACTIVE,FK_RIGHT,FK_EMPLOYEE) values (390,1,3,541);
Insert into ACCESS_RIGHTS (ID,ACTIVE,FK_RIGHT,FK_EMPLOYEE) values (391,1,4,541);
Insert into ACCESS_RIGHTS (ID,ACTIVE,FK_RIGHT,FK_EMPLOYEE) values (392,1,5,541);
Insert into ACCESS_RIGHTS (ID,ACTIVE,FK_RIGHT,FK_EMPLOYEE) values (393,1,6,541);
Insert into ACCESS_RIGHTS (ID,ACTIVE,FK_RIGHT,FK_EMPLOYEE) values (394,1,7,541);
Insert into ACCESS_RIGHTS (ID,ACTIVE,FK_RIGHT,FK_EMPLOYEE) values (395,1,8,541);
Insert into ACCESS_RIGHTS (ID,ACTIVE,FK_RIGHT,FK_EMPLOYEE) values (396,1,9,541);
Insert into ACCESS_RIGHTS (ID,ACTIVE,FK_RIGHT,FK_EMPLOYEE) values (397,1,10,541);
Insert into ACCESS_RIGHTS (ID,ACTIVE,FK_RIGHT,FK_EMPLOYEE) values (398,1,11,541);
Insert into ACCESS_RIGHTS (ID,ACTIVE,FK_RIGHT,FK_EMPLOYEE) values (399,1,12,541);
Insert into ACCESS_RIGHTS (ID,ACTIVE,FK_RIGHT,FK_EMPLOYEE) values (400,1,13,541);
Insert into ACCESS_RIGHTS (ID,ACTIVE,FK_RIGHT,FK_EMPLOYEE) values (401,1,14,541);
Insert into ACCESS_RIGHTS (ID,ACTIVE,FK_RIGHT,FK_EMPLOYEE) values (402,1,15,541);
Insert into ACCESS_RIGHTS (ID,ACTIVE,FK_RIGHT,FK_EMPLOYEE) values (403,1,16,541);
Insert into ACCESS_RIGHTS (ID,ACTIVE,FK_RIGHT,FK_EMPLOYEE) values (404,1,17,541);
Insert into ACCESS_RIGHTS (ID,ACTIVE,FK_RIGHT,FK_EMPLOYEE) values (405,1,18,541);
Insert into ACCESS_RIGHTS (ID,ACTIVE,FK_RIGHT,FK_EMPLOYEE) values (406,1,19,541);
Insert into ACCESS_RIGHTS (ID,ACTIVE,FK_RIGHT,FK_EMPLOYEE) values (407,1,20,541);
Insert into ACCESS_RIGHTS (ID,ACTIVE,FK_RIGHT,FK_EMPLOYEE) values (408,1,21,541);
Insert into ACCESS_RIGHTS (ID,ACTIVE,FK_RIGHT,FK_EMPLOYEE) values (409,1,22,541);
Insert into ACCESS_RIGHTS (ID,ACTIVE,FK_RIGHT,FK_EMPLOYEE) values (410,1,23,541);
Insert into ACCESS_RIGHTS (ID,ACTIVE,FK_RIGHT,FK_EMPLOYEE) values (411,1,24,541);
Insert into ACCESS_RIGHTS (ID,ACTIVE,FK_RIGHT,FK_EMPLOYEE) values (412,1,25,541);
Insert into ACCESS_RIGHTS (ID,ACTIVE,FK_RIGHT,FK_EMPLOYEE) values (413,1,26,541);
Insert into ACCESS_RIGHTS (ID,ACTIVE,FK_RIGHT,FK_EMPLOYEE) values (414,1,27,541);
Insert into ACCESS_RIGHTS (ID,ACTIVE,FK_RIGHT,FK_EMPLOYEE) values (415,1,28,541);
Insert into ACCESS_RIGHTS (ID,ACTIVE,FK_RIGHT,FK_EMPLOYEE) values (416,1,29,541);
Insert into ACCESS_RIGHTS (ID,ACTIVE,FK_RIGHT,FK_EMPLOYEE) values (417,1,30,541);
Insert into ACCESS_RIGHTS (ID,ACTIVE,FK_RIGHT,FK_EMPLOYEE) values (418,1,31,541);
Insert into ACCESS_RIGHTS (ID,ACTIVE,FK_RIGHT,FK_EMPLOYEE) values (419,1,32,541);
Insert into ACCESS_RIGHTS (ID,ACTIVE,FK_RIGHT,FK_EMPLOYEE) values (420,1,33,541);
Insert into ACCESS_RIGHTS (ID,ACTIVE,FK_RIGHT,FK_EMPLOYEE) values (421,1,34,541);
Insert into ACCESS_RIGHTS (ID,ACTIVE,FK_RIGHT,FK_EMPLOYEE) values (422,1,35,541);
Insert into ACCESS_RIGHTS (ID,ACTIVE,FK_RIGHT,FK_EMPLOYEE) values (423,1,36,541);
Insert into ACCESS_RIGHTS (ID,ACTIVE,FK_RIGHT,FK_EMPLOYEE) values (424,1,37,541);
Insert into ACCESS_RIGHTS (ID,ACTIVE,FK_RIGHT,FK_EMPLOYEE) values (425,1,38,541);
Insert into ACCESS_RIGHTS (ID,ACTIVE,FK_RIGHT,FK_EMPLOYEE) values (426,1,39,541);
Insert into ACCESS_RIGHTS (ID,ACTIVE,FK_RIGHT,FK_EMPLOYEE) values (427,1,40,541);
Insert into ACCESS_RIGHTS (ID,ACTIVE,FK_RIGHT,FK_EMPLOYEE) values (428,0,41,541);
Insert into ACCESS_RIGHTS (ID,ACTIVE,FK_RIGHT,FK_EMPLOYEE) values (429,0,42,541);
Insert into ACCESS_RIGHTS (ID,ACTIVE,FK_RIGHT,FK_EMPLOYEE) values (431,1,1,542);
Insert into ACCESS_RIGHTS (ID,ACTIVE,FK_RIGHT,FK_EMPLOYEE) values (432,1,2,542);
Insert into ACCESS_RIGHTS (ID,ACTIVE,FK_RIGHT,FK_EMPLOYEE) values (433,1,3,542);
Insert into ACCESS_RIGHTS (ID,ACTIVE,FK_RIGHT,FK_EMPLOYEE) values (434,1,4,542);
Insert into ACCESS_RIGHTS (ID,ACTIVE,FK_RIGHT,FK_EMPLOYEE) values (435,1,5,542);
Insert into ACCESS_RIGHTS (ID,ACTIVE,FK_RIGHT,FK_EMPLOYEE) values (436,1,6,542);
Insert into ACCESS_RIGHTS (ID,ACTIVE,FK_RIGHT,FK_EMPLOYEE) values (437,1,7,542);
Insert into ACCESS_RIGHTS (ID,ACTIVE,FK_RIGHT,FK_EMPLOYEE) values (438,1,8,542);
Insert into ACCESS_RIGHTS (ID,ACTIVE,FK_RIGHT,FK_EMPLOYEE) values (439,1,9,542);
Insert into ACCESS_RIGHTS (ID,ACTIVE,FK_RIGHT,FK_EMPLOYEE) values (440,1,10,542);
Insert into ACCESS_RIGHTS (ID,ACTIVE,FK_RIGHT,FK_EMPLOYEE) values (441,1,11,542);
Insert into ACCESS_RIGHTS (ID,ACTIVE,FK_RIGHT,FK_EMPLOYEE) values (442,1,12,542);
Insert into ACCESS_RIGHTS (ID,ACTIVE,FK_RIGHT,FK_EMPLOYEE) values (443,1,13,542);
Insert into ACCESS_RIGHTS (ID,ACTIVE,FK_RIGHT,FK_EMPLOYEE) values (444,1,14,542);
Insert into ACCESS_RIGHTS (ID,ACTIVE,FK_RIGHT,FK_EMPLOYEE) values (445,1,15,542);
Insert into ACCESS_RIGHTS (ID,ACTIVE,FK_RIGHT,FK_EMPLOYEE) values (446,1,16,542);
Insert into ACCESS_RIGHTS (ID,ACTIVE,FK_RIGHT,FK_EMPLOYEE) values (447,1,17,542);
Insert into ACCESS_RIGHTS (ID,ACTIVE,FK_RIGHT,FK_EMPLOYEE) values (448,1,18,542);
Insert into ACCESS_RIGHTS (ID,ACTIVE,FK_RIGHT,FK_EMPLOYEE) values (449,1,19,542);
Insert into ACCESS_RIGHTS (ID,ACTIVE,FK_RIGHT,FK_EMPLOYEE) values (450,1,20,542);
Insert into ACCESS_RIGHTS (ID,ACTIVE,FK_RIGHT,FK_EMPLOYEE) values (451,1,21,542);
Insert into ACCESS_RIGHTS (ID,ACTIVE,FK_RIGHT,FK_EMPLOYEE) values (452,1,22,542);
Insert into ACCESS_RIGHTS (ID,ACTIVE,FK_RIGHT,FK_EMPLOYEE) values (453,1,23,542);
Insert into ACCESS_RIGHTS (ID,ACTIVE,FK_RIGHT,FK_EMPLOYEE) values (454,1,24,542);
Insert into ACCESS_RIGHTS (ID,ACTIVE,FK_RIGHT,FK_EMPLOYEE) values (455,1,25,542);
Insert into ACCESS_RIGHTS (ID,ACTIVE,FK_RIGHT,FK_EMPLOYEE) values (456,1,26,542);
Insert into ACCESS_RIGHTS (ID,ACTIVE,FK_RIGHT,FK_EMPLOYEE) values (457,1,27,542);
Insert into ACCESS_RIGHTS (ID,ACTIVE,FK_RIGHT,FK_EMPLOYEE) values (458,1,28,542);
Insert into ACCESS_RIGHTS (ID,ACTIVE,FK_RIGHT,FK_EMPLOYEE) values (459,1,29,542);
Insert into ACCESS_RIGHTS (ID,ACTIVE,FK_RIGHT,FK_EMPLOYEE) values (460,1,30,542);
Insert into ACCESS_RIGHTS (ID,ACTIVE,FK_RIGHT,FK_EMPLOYEE) values (461,1,31,542);
Insert into ACCESS_RIGHTS (ID,ACTIVE,FK_RIGHT,FK_EMPLOYEE) values (462,1,32,542);
Insert into ACCESS_RIGHTS (ID,ACTIVE,FK_RIGHT,FK_EMPLOYEE) values (463,1,33,542);
Insert into ACCESS_RIGHTS (ID,ACTIVE,FK_RIGHT,FK_EMPLOYEE) values (464,1,34,542);
Insert into ACCESS_RIGHTS (ID,ACTIVE,FK_RIGHT,FK_EMPLOYEE) values (465,1,35,542);
Insert into ACCESS_RIGHTS (ID,ACTIVE,FK_RIGHT,FK_EMPLOYEE) values (466,1,36,542);
Insert into ACCESS_RIGHTS (ID,ACTIVE,FK_RIGHT,FK_EMPLOYEE) values (467,1,37,542);
Insert into ACCESS_RIGHTS (ID,ACTIVE,FK_RIGHT,FK_EMPLOYEE) values (468,1,38,542);
Insert into ACCESS_RIGHTS (ID,ACTIVE,FK_RIGHT,FK_EMPLOYEE) values (469,1,39,542);
Insert into ACCESS_RIGHTS (ID,ACTIVE,FK_RIGHT,FK_EMPLOYEE) values (470,1,40,542);
Insert into ACCESS_RIGHTS (ID,ACTIVE,FK_RIGHT,FK_EMPLOYEE) values (471,0,41,542);
Insert into ACCESS_RIGHTS (ID,ACTIVE,FK_RIGHT,FK_EMPLOYEE) values (472,0,42,542);
Insert into ACCESS_RIGHTS (ID,ACTIVE,FK_RIGHT,FK_EMPLOYEE) values (474,0,1,543);
Insert into ACCESS_RIGHTS (ID,ACTIVE,FK_RIGHT,FK_EMPLOYEE) values (475,1,2,543);
Insert into ACCESS_RIGHTS (ID,ACTIVE,FK_RIGHT,FK_EMPLOYEE) values (476,1,3,543);
Insert into ACCESS_RIGHTS (ID,ACTIVE,FK_RIGHT,FK_EMPLOYEE) values (477,1,4,543);
Insert into ACCESS_RIGHTS (ID,ACTIVE,FK_RIGHT,FK_EMPLOYEE) values (478,1,5,543);
Insert into ACCESS_RIGHTS (ID,ACTIVE,FK_RIGHT,FK_EMPLOYEE) values (479,1,6,543);
Insert into ACCESS_RIGHTS (ID,ACTIVE,FK_RIGHT,FK_EMPLOYEE) values (480,0,7,543);
Insert into ACCESS_RIGHTS (ID,ACTIVE,FK_RIGHT,FK_EMPLOYEE) values (481,1,8,543);
Insert into ACCESS_RIGHTS (ID,ACTIVE,FK_RIGHT,FK_EMPLOYEE) values (482,1,9,543);
Insert into ACCESS_RIGHTS (ID,ACTIVE,FK_RIGHT,FK_EMPLOYEE) values (483,1,10,543);
Insert into ACCESS_RIGHTS (ID,ACTIVE,FK_RIGHT,FK_EMPLOYEE) values (484,1,11,543);
Insert into ACCESS_RIGHTS (ID,ACTIVE,FK_RIGHT,FK_EMPLOYEE) values (485,1,12,543);
Insert into ACCESS_RIGHTS (ID,ACTIVE,FK_RIGHT,FK_EMPLOYEE) values (486,1,13,543);
Insert into ACCESS_RIGHTS (ID,ACTIVE,FK_RIGHT,FK_EMPLOYEE) values (487,1,14,543);
Insert into ACCESS_RIGHTS (ID,ACTIVE,FK_RIGHT,FK_EMPLOYEE) values (488,1,15,543);
Insert into ACCESS_RIGHTS (ID,ACTIVE,FK_RIGHT,FK_EMPLOYEE) values (489,1,16,543);
Insert into ACCESS_RIGHTS (ID,ACTIVE,FK_RIGHT,FK_EMPLOYEE) values (490,1,17,543);
Insert into ACCESS_RIGHTS (ID,ACTIVE,FK_RIGHT,FK_EMPLOYEE) values (491,1,18,543);
Insert into ACCESS_RIGHTS (ID,ACTIVE,FK_RIGHT,FK_EMPLOYEE) values (492,1,19,543);
Insert into ACCESS_RIGHTS (ID,ACTIVE,FK_RIGHT,FK_EMPLOYEE) values (493,1,20,543);
Insert into ACCESS_RIGHTS (ID,ACTIVE,FK_RIGHT,FK_EMPLOYEE) values (494,1,21,543);
Insert into ACCESS_RIGHTS (ID,ACTIVE,FK_RIGHT,FK_EMPLOYEE) values (495,0,22,543);
Insert into ACCESS_RIGHTS (ID,ACTIVE,FK_RIGHT,FK_EMPLOYEE) values (496,0,23,543);
Insert into ACCESS_RIGHTS (ID,ACTIVE,FK_RIGHT,FK_EMPLOYEE) values (497,0,24,543);
Insert into ACCESS_RIGHTS (ID,ACTIVE,FK_RIGHT,FK_EMPLOYEE) values (498,0,25,543);
Insert into ACCESS_RIGHTS (ID,ACTIVE,FK_RIGHT,FK_EMPLOYEE) values (499,0,26,543);
Insert into ACCESS_RIGHTS (ID,ACTIVE,FK_RIGHT,FK_EMPLOYEE) values (500,0,27,543);
Insert into ACCESS_RIGHTS (ID,ACTIVE,FK_RIGHT,FK_EMPLOYEE) values (501,0,28,543);
Insert into ACCESS_RIGHTS (ID,ACTIVE,FK_RIGHT,FK_EMPLOYEE) values (502,0,29,543);
Insert into ACCESS_RIGHTS (ID,ACTIVE,FK_RIGHT,FK_EMPLOYEE) values (503,0,30,543);
Insert into ACCESS_RIGHTS (ID,ACTIVE,FK_RIGHT,FK_EMPLOYEE) values (504,0,31,543);
Insert into ACCESS_RIGHTS (ID,ACTIVE,FK_RIGHT,FK_EMPLOYEE) values (505,0,32,543);
Insert into ACCESS_RIGHTS (ID,ACTIVE,FK_RIGHT,FK_EMPLOYEE) values (506,0,33,543);
Insert into ACCESS_RIGHTS (ID,ACTIVE,FK_RIGHT,FK_EMPLOYEE) values (507,1,34,543);
Insert into ACCESS_RIGHTS (ID,ACTIVE,FK_RIGHT,FK_EMPLOYEE) values (508,1,35,543);
Insert into ACCESS_RIGHTS (ID,ACTIVE,FK_RIGHT,FK_EMPLOYEE) values (509,0,36,543);
Insert into ACCESS_RIGHTS (ID,ACTIVE,FK_RIGHT,FK_EMPLOYEE) values (510,1,37,543);
Insert into ACCESS_RIGHTS (ID,ACTIVE,FK_RIGHT,FK_EMPLOYEE) values (511,1,38,543);
Insert into ACCESS_RIGHTS (ID,ACTIVE,FK_RIGHT,FK_EMPLOYEE) values (512,0,39,543);
Insert into ACCESS_RIGHTS (ID,ACTIVE,FK_RIGHT,FK_EMPLOYEE) values (513,0,40,543);
Insert into ACCESS_RIGHTS (ID,ACTIVE,FK_RIGHT,FK_EMPLOYEE) values (514,0,41,543);
Insert into ACCESS_RIGHTS (ID,ACTIVE,FK_RIGHT,FK_EMPLOYEE) values (515,0,42,543);
Insert into ACCESS_RIGHTS (ID,ACTIVE,FK_RIGHT,FK_EMPLOYEE) values (517,1,1,544);
Insert into ACCESS_RIGHTS (ID,ACTIVE,FK_RIGHT,FK_EMPLOYEE) values (518,1,2,544);
Insert into ACCESS_RIGHTS (ID,ACTIVE,FK_RIGHT,FK_EMPLOYEE) values (519,1,3,544);
Insert into ACCESS_RIGHTS (ID,ACTIVE,FK_RIGHT,FK_EMPLOYEE) values (520,1,4,544);
Insert into ACCESS_RIGHTS (ID,ACTIVE,FK_RIGHT,FK_EMPLOYEE) values (521,1,5,544);
Insert into ACCESS_RIGHTS (ID,ACTIVE,FK_RIGHT,FK_EMPLOYEE) values (522,1,6,544);
Insert into ACCESS_RIGHTS (ID,ACTIVE,FK_RIGHT,FK_EMPLOYEE) values (523,1,7,544);
Insert into ACCESS_RIGHTS (ID,ACTIVE,FK_RIGHT,FK_EMPLOYEE) values (524,1,8,544);
Insert into ACCESS_RIGHTS (ID,ACTIVE,FK_RIGHT,FK_EMPLOYEE) values (525,1,9,544);
Insert into ACCESS_RIGHTS (ID,ACTIVE,FK_RIGHT,FK_EMPLOYEE) values (526,1,10,544);
Insert into ACCESS_RIGHTS (ID,ACTIVE,FK_RIGHT,FK_EMPLOYEE) values (527,1,11,544);
Insert into ACCESS_RIGHTS (ID,ACTIVE,FK_RIGHT,FK_EMPLOYEE) values (528,1,12,544);
Insert into ACCESS_RIGHTS (ID,ACTIVE,FK_RIGHT,FK_EMPLOYEE) values (529,1,13,544);
Insert into ACCESS_RIGHTS (ID,ACTIVE,FK_RIGHT,FK_EMPLOYEE) values (530,1,14,544);
Insert into ACCESS_RIGHTS (ID,ACTIVE,FK_RIGHT,FK_EMPLOYEE) values (531,1,15,544);
Insert into ACCESS_RIGHTS (ID,ACTIVE,FK_RIGHT,FK_EMPLOYEE) values (532,1,16,544);
Insert into ACCESS_RIGHTS (ID,ACTIVE,FK_RIGHT,FK_EMPLOYEE) values (533,1,17,544);
Insert into ACCESS_RIGHTS (ID,ACTIVE,FK_RIGHT,FK_EMPLOYEE) values (534,1,18,544);
Insert into ACCESS_RIGHTS (ID,ACTIVE,FK_RIGHT,FK_EMPLOYEE) values (535,1,19,544);
Insert into ACCESS_RIGHTS (ID,ACTIVE,FK_RIGHT,FK_EMPLOYEE) values (536,1,20,544);
Insert into ACCESS_RIGHTS (ID,ACTIVE,FK_RIGHT,FK_EMPLOYEE) values (537,1,21,544);
Insert into ACCESS_RIGHTS (ID,ACTIVE,FK_RIGHT,FK_EMPLOYEE) values (538,1,22,544);
Insert into ACCESS_RIGHTS (ID,ACTIVE,FK_RIGHT,FK_EMPLOYEE) values (539,1,23,544);
Insert into ACCESS_RIGHTS (ID,ACTIVE,FK_RIGHT,FK_EMPLOYEE) values (540,1,24,544);
Insert into ACCESS_RIGHTS (ID,ACTIVE,FK_RIGHT,FK_EMPLOYEE) values (541,1,25,544);
Insert into ACCESS_RIGHTS (ID,ACTIVE,FK_RIGHT,FK_EMPLOYEE) values (542,1,26,544);
Insert into ACCESS_RIGHTS (ID,ACTIVE,FK_RIGHT,FK_EMPLOYEE) values (543,1,27,544);
Insert into ACCESS_RIGHTS (ID,ACTIVE,FK_RIGHT,FK_EMPLOYEE) values (544,1,28,544);
Insert into ACCESS_RIGHTS (ID,ACTIVE,FK_RIGHT,FK_EMPLOYEE) values (545,1,29,544);
Insert into ACCESS_RIGHTS (ID,ACTIVE,FK_RIGHT,FK_EMPLOYEE) values (546,1,30,544);
Insert into ACCESS_RIGHTS (ID,ACTIVE,FK_RIGHT,FK_EMPLOYEE) values (547,1,31,544);
Insert into ACCESS_RIGHTS (ID,ACTIVE,FK_RIGHT,FK_EMPLOYEE) values (548,1,32,544);
Insert into ACCESS_RIGHTS (ID,ACTIVE,FK_RIGHT,FK_EMPLOYEE) values (549,1,33,544);
Insert into ACCESS_RIGHTS (ID,ACTIVE,FK_RIGHT,FK_EMPLOYEE) values (550,1,34,544);
Insert into ACCESS_RIGHTS (ID,ACTIVE,FK_RIGHT,FK_EMPLOYEE) values (551,1,35,544);
Insert into ACCESS_RIGHTS (ID,ACTIVE,FK_RIGHT,FK_EMPLOYEE) values (552,1,36,544);
Insert into ACCESS_RIGHTS (ID,ACTIVE,FK_RIGHT,FK_EMPLOYEE) values (553,1,37,544);
Insert into ACCESS_RIGHTS (ID,ACTIVE,FK_RIGHT,FK_EMPLOYEE) values (554,1,38,544);
Insert into ACCESS_RIGHTS (ID,ACTIVE,FK_RIGHT,FK_EMPLOYEE) values (555,1,39,544);
Insert into ACCESS_RIGHTS (ID,ACTIVE,FK_RIGHT,FK_EMPLOYEE) values (556,1,40,544);
Insert into ACCESS_RIGHTS (ID,ACTIVE,FK_RIGHT,FK_EMPLOYEE) values (557,0,41,544);
Insert into ACCESS_RIGHTS (ID,ACTIVE,FK_RIGHT,FK_EMPLOYEE) values (558,0,42,544);
Insert into ACCESS_RIGHTS (ID,ACTIVE,FK_RIGHT,FK_EMPLOYEE) values (560,0,1,545);
Insert into ACCESS_RIGHTS (ID,ACTIVE,FK_RIGHT,FK_EMPLOYEE) values (561,1,2,545);
Insert into ACCESS_RIGHTS (ID,ACTIVE,FK_RIGHT,FK_EMPLOYEE) values (562,1,3,545);
Insert into ACCESS_RIGHTS (ID,ACTIVE,FK_RIGHT,FK_EMPLOYEE) values (563,1,4,545);
Insert into ACCESS_RIGHTS (ID,ACTIVE,FK_RIGHT,FK_EMPLOYEE) values (564,1,5,545);
Insert into ACCESS_RIGHTS (ID,ACTIVE,FK_RIGHT,FK_EMPLOYEE) values (565,1,6,545);
Insert into ACCESS_RIGHTS (ID,ACTIVE,FK_RIGHT,FK_EMPLOYEE) values (566,1,7,545);
Insert into ACCESS_RIGHTS (ID,ACTIVE,FK_RIGHT,FK_EMPLOYEE) values (567,1,8,545);
Insert into ACCESS_RIGHTS (ID,ACTIVE,FK_RIGHT,FK_EMPLOYEE) values (568,1,9,545);
Insert into ACCESS_RIGHTS (ID,ACTIVE,FK_RIGHT,FK_EMPLOYEE) values (569,1,10,545);
Insert into ACCESS_RIGHTS (ID,ACTIVE,FK_RIGHT,FK_EMPLOYEE) values (570,1,11,545);
Insert into ACCESS_RIGHTS (ID,ACTIVE,FK_RIGHT,FK_EMPLOYEE) values (571,1,12,545);
Insert into ACCESS_RIGHTS (ID,ACTIVE,FK_RIGHT,FK_EMPLOYEE) values (572,1,13,545);
Insert into ACCESS_RIGHTS (ID,ACTIVE,FK_RIGHT,FK_EMPLOYEE) values (573,1,14,545);
Insert into ACCESS_RIGHTS (ID,ACTIVE,FK_RIGHT,FK_EMPLOYEE) values (574,1,15,545);
Insert into ACCESS_RIGHTS (ID,ACTIVE,FK_RIGHT,FK_EMPLOYEE) values (575,1,16,545);
Insert into ACCESS_RIGHTS (ID,ACTIVE,FK_RIGHT,FK_EMPLOYEE) values (576,1,17,545);
Insert into ACCESS_RIGHTS (ID,ACTIVE,FK_RIGHT,FK_EMPLOYEE) values (577,1,18,545);
Insert into ACCESS_RIGHTS (ID,ACTIVE,FK_RIGHT,FK_EMPLOYEE) values (578,1,19,545);
Insert into ACCESS_RIGHTS (ID,ACTIVE,FK_RIGHT,FK_EMPLOYEE) values (579,1,20,545);
Insert into ACCESS_RIGHTS (ID,ACTIVE,FK_RIGHT,FK_EMPLOYEE) values (580,1,21,545);
Insert into ACCESS_RIGHTS (ID,ACTIVE,FK_RIGHT,FK_EMPLOYEE) values (581,1,22,545);
Insert into ACCESS_RIGHTS (ID,ACTIVE,FK_RIGHT,FK_EMPLOYEE) values (582,1,23,545);
Insert into ACCESS_RIGHTS (ID,ACTIVE,FK_RIGHT,FK_EMPLOYEE) values (583,1,24,545);
Insert into ACCESS_RIGHTS (ID,ACTIVE,FK_RIGHT,FK_EMPLOYEE) values (584,1,25,545);
Insert into ACCESS_RIGHTS (ID,ACTIVE,FK_RIGHT,FK_EMPLOYEE) values (585,1,26,545);
Insert into ACCESS_RIGHTS (ID,ACTIVE,FK_RIGHT,FK_EMPLOYEE) values (586,1,27,545);
Insert into ACCESS_RIGHTS (ID,ACTIVE,FK_RIGHT,FK_EMPLOYEE) values (587,1,28,545);
Insert into ACCESS_RIGHTS (ID,ACTIVE,FK_RIGHT,FK_EMPLOYEE) values (588,0,29,545);
Insert into ACCESS_RIGHTS (ID,ACTIVE,FK_RIGHT,FK_EMPLOYEE) values (589,1,30,545);
Insert into ACCESS_RIGHTS (ID,ACTIVE,FK_RIGHT,FK_EMPLOYEE) values (590,1,31,545);
Insert into ACCESS_RIGHTS (ID,ACTIVE,FK_RIGHT,FK_EMPLOYEE) values (591,1,32,545);
Insert into ACCESS_RIGHTS (ID,ACTIVE,FK_RIGHT,FK_EMPLOYEE) values (592,1,33,545);
Insert into ACCESS_RIGHTS (ID,ACTIVE,FK_RIGHT,FK_EMPLOYEE) values (593,1,34,545);
Insert into ACCESS_RIGHTS (ID,ACTIVE,FK_RIGHT,FK_EMPLOYEE) values (594,1,35,545);
Insert into ACCESS_RIGHTS (ID,ACTIVE,FK_RIGHT,FK_EMPLOYEE) values (595,0,36,545);
Insert into ACCESS_RIGHTS (ID,ACTIVE,FK_RIGHT,FK_EMPLOYEE) values (596,1,37,545);
Insert into ACCESS_RIGHTS (ID,ACTIVE,FK_RIGHT,FK_EMPLOYEE) values (597,1,38,545);
Insert into ACCESS_RIGHTS (ID,ACTIVE,FK_RIGHT,FK_EMPLOYEE) values (598,1,39,545);
Insert into ACCESS_RIGHTS (ID,ACTIVE,FK_RIGHT,FK_EMPLOYEE) values (599,1,40,545);
Insert into ACCESS_RIGHTS (ID,ACTIVE,FK_RIGHT,FK_EMPLOYEE) values (600,0,41,545);
Insert into ACCESS_RIGHTS (ID,ACTIVE,FK_RIGHT,FK_EMPLOYEE) values (601,0,42,545);
Insert into ACCESS_RIGHTS (ID,ACTIVE,FK_RIGHT,FK_EMPLOYEE) values (603,1,1,546);
Insert into ACCESS_RIGHTS (ID,ACTIVE,FK_RIGHT,FK_EMPLOYEE) values (604,1,2,546);
Insert into ACCESS_RIGHTS (ID,ACTIVE,FK_RIGHT,FK_EMPLOYEE) values (605,1,3,546);
Insert into ACCESS_RIGHTS (ID,ACTIVE,FK_RIGHT,FK_EMPLOYEE) values (606,1,4,546);
Insert into ACCESS_RIGHTS (ID,ACTIVE,FK_RIGHT,FK_EMPLOYEE) values (607,1,5,546);
Insert into ACCESS_RIGHTS (ID,ACTIVE,FK_RIGHT,FK_EMPLOYEE) values (608,1,6,546);
Insert into ACCESS_RIGHTS (ID,ACTIVE,FK_RIGHT,FK_EMPLOYEE) values (609,1,7,546);
Insert into ACCESS_RIGHTS (ID,ACTIVE,FK_RIGHT,FK_EMPLOYEE) values (610,1,8,546);
Insert into ACCESS_RIGHTS (ID,ACTIVE,FK_RIGHT,FK_EMPLOYEE) values (611,1,9,546);
Insert into ACCESS_RIGHTS (ID,ACTIVE,FK_RIGHT,FK_EMPLOYEE) values (612,1,10,546);
Insert into ACCESS_RIGHTS (ID,ACTIVE,FK_RIGHT,FK_EMPLOYEE) values (613,1,11,546);
Insert into ACCESS_RIGHTS (ID,ACTIVE,FK_RIGHT,FK_EMPLOYEE) values (614,1,12,546);
Insert into ACCESS_RIGHTS (ID,ACTIVE,FK_RIGHT,FK_EMPLOYEE) values (615,1,13,546);
Insert into ACCESS_RIGHTS (ID,ACTIVE,FK_RIGHT,FK_EMPLOYEE) values (616,1,14,546);
Insert into ACCESS_RIGHTS (ID,ACTIVE,FK_RIGHT,FK_EMPLOYEE) values (617,1,15,546);
Insert into ACCESS_RIGHTS (ID,ACTIVE,FK_RIGHT,FK_EMPLOYEE) values (618,1,16,546);
Insert into ACCESS_RIGHTS (ID,ACTIVE,FK_RIGHT,FK_EMPLOYEE) values (619,1,17,546);
Insert into ACCESS_RIGHTS (ID,ACTIVE,FK_RIGHT,FK_EMPLOYEE) values (620,1,18,546);
Insert into ACCESS_RIGHTS (ID,ACTIVE,FK_RIGHT,FK_EMPLOYEE) values (621,1,19,546);
Insert into ACCESS_RIGHTS (ID,ACTIVE,FK_RIGHT,FK_EMPLOYEE) values (622,1,20,546);
Insert into ACCESS_RIGHTS (ID,ACTIVE,FK_RIGHT,FK_EMPLOYEE) values (623,1,21,546);
Insert into ACCESS_RIGHTS (ID,ACTIVE,FK_RIGHT,FK_EMPLOYEE) values (624,1,22,546);
Insert into ACCESS_RIGHTS (ID,ACTIVE,FK_RIGHT,FK_EMPLOYEE) values (625,1,23,546);
Insert into ACCESS_RIGHTS (ID,ACTIVE,FK_RIGHT,FK_EMPLOYEE) values (626,1,24,546);
Insert into ACCESS_RIGHTS (ID,ACTIVE,FK_RIGHT,FK_EMPLOYEE) values (627,1,25,546);
Insert into ACCESS_RIGHTS (ID,ACTIVE,FK_RIGHT,FK_EMPLOYEE) values (628,1,26,546);
Insert into ACCESS_RIGHTS (ID,ACTIVE,FK_RIGHT,FK_EMPLOYEE) values (629,1,27,546);
Insert into ACCESS_RIGHTS (ID,ACTIVE,FK_RIGHT,FK_EMPLOYEE) values (630,1,28,546);
Insert into ACCESS_RIGHTS (ID,ACTIVE,FK_RIGHT,FK_EMPLOYEE) values (631,1,29,546);
Insert into ACCESS_RIGHTS (ID,ACTIVE,FK_RIGHT,FK_EMPLOYEE) values (632,1,30,546);
Insert into ACCESS_RIGHTS (ID,ACTIVE,FK_RIGHT,FK_EMPLOYEE) values (633,1,31,546);
Insert into ACCESS_RIGHTS (ID,ACTIVE,FK_RIGHT,FK_EMPLOYEE) values (634,1,32,546);
Insert into ACCESS_RIGHTS (ID,ACTIVE,FK_RIGHT,FK_EMPLOYEE) values (635,1,33,546);
Insert into ACCESS_RIGHTS (ID,ACTIVE,FK_RIGHT,FK_EMPLOYEE) values (636,1,34,546);
Insert into ACCESS_RIGHTS (ID,ACTIVE,FK_RIGHT,FK_EMPLOYEE) values (637,1,35,546);
Insert into ACCESS_RIGHTS (ID,ACTIVE,FK_RIGHT,FK_EMPLOYEE) values (638,1,36,546);
Insert into ACCESS_RIGHTS (ID,ACTIVE,FK_RIGHT,FK_EMPLOYEE) values (639,1,37,546);
Insert into ACCESS_RIGHTS (ID,ACTIVE,FK_RIGHT,FK_EMPLOYEE) values (640,1,38,546);
Insert into ACCESS_RIGHTS (ID,ACTIVE,FK_RIGHT,FK_EMPLOYEE) values (641,1,39,546);
Insert into ACCESS_RIGHTS (ID,ACTIVE,FK_RIGHT,FK_EMPLOYEE) values (642,1,40,546);
Insert into ACCESS_RIGHTS (ID,ACTIVE,FK_RIGHT,FK_EMPLOYEE) values (643,0,41,546);
Insert into ACCESS_RIGHTS (ID,ACTIVE,FK_RIGHT,FK_EMPLOYEE) values (644,0,42,546);
Insert into ACCESS_RIGHTS (ID,ACTIVE,FK_RIGHT,FK_EMPLOYEE) values (646,1,1,547);
Insert into ACCESS_RIGHTS (ID,ACTIVE,FK_RIGHT,FK_EMPLOYEE) values (647,1,2,547);
Insert into ACCESS_RIGHTS (ID,ACTIVE,FK_RIGHT,FK_EMPLOYEE) values (648,1,3,547);
Insert into ACCESS_RIGHTS (ID,ACTIVE,FK_RIGHT,FK_EMPLOYEE) values (649,1,4,547);
Insert into ACCESS_RIGHTS (ID,ACTIVE,FK_RIGHT,FK_EMPLOYEE) values (650,1,5,547);
Insert into ACCESS_RIGHTS (ID,ACTIVE,FK_RIGHT,FK_EMPLOYEE) values (651,1,6,547);
Insert into ACCESS_RIGHTS (ID,ACTIVE,FK_RIGHT,FK_EMPLOYEE) values (652,1,7,547);
Insert into ACCESS_RIGHTS (ID,ACTIVE,FK_RIGHT,FK_EMPLOYEE) values (653,1,8,547);
Insert into ACCESS_RIGHTS (ID,ACTIVE,FK_RIGHT,FK_EMPLOYEE) values (654,1,9,547);
Insert into ACCESS_RIGHTS (ID,ACTIVE,FK_RIGHT,FK_EMPLOYEE) values (655,1,10,547);
Insert into ACCESS_RIGHTS (ID,ACTIVE,FK_RIGHT,FK_EMPLOYEE) values (656,1,11,547);
Insert into ACCESS_RIGHTS (ID,ACTIVE,FK_RIGHT,FK_EMPLOYEE) values (657,1,12,547);
Insert into ACCESS_RIGHTS (ID,ACTIVE,FK_RIGHT,FK_EMPLOYEE) values (658,1,13,547);
Insert into ACCESS_RIGHTS (ID,ACTIVE,FK_RIGHT,FK_EMPLOYEE) values (659,1,14,547);
Insert into ACCESS_RIGHTS (ID,ACTIVE,FK_RIGHT,FK_EMPLOYEE) values (660,1,15,547);
Insert into ACCESS_RIGHTS (ID,ACTIVE,FK_RIGHT,FK_EMPLOYEE) values (661,1,16,547);
Insert into ACCESS_RIGHTS (ID,ACTIVE,FK_RIGHT,FK_EMPLOYEE) values (662,1,17,547);
Insert into ACCESS_RIGHTS (ID,ACTIVE,FK_RIGHT,FK_EMPLOYEE) values (663,1,18,547);
Insert into ACCESS_RIGHTS (ID,ACTIVE,FK_RIGHT,FK_EMPLOYEE) values (664,1,19,547);
Insert into ACCESS_RIGHTS (ID,ACTIVE,FK_RIGHT,FK_EMPLOYEE) values (665,1,20,547);
Insert into ACCESS_RIGHTS (ID,ACTIVE,FK_RIGHT,FK_EMPLOYEE) values (666,1,21,547);
Insert into ACCESS_RIGHTS (ID,ACTIVE,FK_RIGHT,FK_EMPLOYEE) values (667,1,22,547);
Insert into ACCESS_RIGHTS (ID,ACTIVE,FK_RIGHT,FK_EMPLOYEE) values (668,1,23,547);
Insert into ACCESS_RIGHTS (ID,ACTIVE,FK_RIGHT,FK_EMPLOYEE) values (669,1,24,547);
Insert into ACCESS_RIGHTS (ID,ACTIVE,FK_RIGHT,FK_EMPLOYEE) values (670,1,25,547);
Insert into ACCESS_RIGHTS (ID,ACTIVE,FK_RIGHT,FK_EMPLOYEE) values (671,1,26,547);
Insert into ACCESS_RIGHTS (ID,ACTIVE,FK_RIGHT,FK_EMPLOYEE) values (672,1,27,547);
Insert into ACCESS_RIGHTS (ID,ACTIVE,FK_RIGHT,FK_EMPLOYEE) values (673,1,28,547);
Insert into ACCESS_RIGHTS (ID,ACTIVE,FK_RIGHT,FK_EMPLOYEE) values (674,1,29,547);
Insert into ACCESS_RIGHTS (ID,ACTIVE,FK_RIGHT,FK_EMPLOYEE) values (675,1,30,547);
Insert into ACCESS_RIGHTS (ID,ACTIVE,FK_RIGHT,FK_EMPLOYEE) values (676,1,31,547);
Insert into ACCESS_RIGHTS (ID,ACTIVE,FK_RIGHT,FK_EMPLOYEE) values (677,1,32,547);
Insert into ACCESS_RIGHTS (ID,ACTIVE,FK_RIGHT,FK_EMPLOYEE) values (678,1,33,547);
Insert into ACCESS_RIGHTS (ID,ACTIVE,FK_RIGHT,FK_EMPLOYEE) values (679,1,34,547);
Insert into ACCESS_RIGHTS (ID,ACTIVE,FK_RIGHT,FK_EMPLOYEE) values (680,1,35,547);
Insert into ACCESS_RIGHTS (ID,ACTIVE,FK_RIGHT,FK_EMPLOYEE) values (681,1,36,547);
Insert into ACCESS_RIGHTS (ID,ACTIVE,FK_RIGHT,FK_EMPLOYEE) values (682,1,37,547);
Insert into ACCESS_RIGHTS (ID,ACTIVE,FK_RIGHT,FK_EMPLOYEE) values (683,1,38,547);
Insert into ACCESS_RIGHTS (ID,ACTIVE,FK_RIGHT,FK_EMPLOYEE) values (684,1,39,547);
Insert into ACCESS_RIGHTS (ID,ACTIVE,FK_RIGHT,FK_EMPLOYEE) values (685,1,40,547);
Insert into ACCESS_RIGHTS (ID,ACTIVE,FK_RIGHT,FK_EMPLOYEE) values (686,0,41,547);
Insert into ACCESS_RIGHTS (ID,ACTIVE,FK_RIGHT,FK_EMPLOYEE) values (687,0,42,547);
Insert into ACCESS_RIGHTS (ID,ACTIVE,FK_RIGHT,FK_EMPLOYEE) values (689,1,1,548);
Insert into ACCESS_RIGHTS (ID,ACTIVE,FK_RIGHT,FK_EMPLOYEE) values (690,1,2,548);
Insert into ACCESS_RIGHTS (ID,ACTIVE,FK_RIGHT,FK_EMPLOYEE) values (691,1,3,548);
Insert into ACCESS_RIGHTS (ID,ACTIVE,FK_RIGHT,FK_EMPLOYEE) values (692,1,4,548);
Insert into ACCESS_RIGHTS (ID,ACTIVE,FK_RIGHT,FK_EMPLOYEE) values (693,1,5,548);
Insert into ACCESS_RIGHTS (ID,ACTIVE,FK_RIGHT,FK_EMPLOYEE) values (694,1,6,548);
Insert into ACCESS_RIGHTS (ID,ACTIVE,FK_RIGHT,FK_EMPLOYEE) values (695,1,7,548);
Insert into ACCESS_RIGHTS (ID,ACTIVE,FK_RIGHT,FK_EMPLOYEE) values (696,1,8,548);
Insert into ACCESS_RIGHTS (ID,ACTIVE,FK_RIGHT,FK_EMPLOYEE) values (697,1,9,548);
Insert into ACCESS_RIGHTS (ID,ACTIVE,FK_RIGHT,FK_EMPLOYEE) values (698,1,10,548);
Insert into ACCESS_RIGHTS (ID,ACTIVE,FK_RIGHT,FK_EMPLOYEE) values (699,1,11,548);
Insert into ACCESS_RIGHTS (ID,ACTIVE,FK_RIGHT,FK_EMPLOYEE) values (700,1,12,548);
Insert into ACCESS_RIGHTS (ID,ACTIVE,FK_RIGHT,FK_EMPLOYEE) values (701,1,13,548);
Insert into ACCESS_RIGHTS (ID,ACTIVE,FK_RIGHT,FK_EMPLOYEE) values (702,1,14,548);
Insert into ACCESS_RIGHTS (ID,ACTIVE,FK_RIGHT,FK_EMPLOYEE) values (703,1,15,548);
Insert into ACCESS_RIGHTS (ID,ACTIVE,FK_RIGHT,FK_EMPLOYEE) values (704,1,16,548);
Insert into ACCESS_RIGHTS (ID,ACTIVE,FK_RIGHT,FK_EMPLOYEE) values (705,1,17,548);
Insert into ACCESS_RIGHTS (ID,ACTIVE,FK_RIGHT,FK_EMPLOYEE) values (706,1,18,548);
Insert into ACCESS_RIGHTS (ID,ACTIVE,FK_RIGHT,FK_EMPLOYEE) values (707,1,19,548);
Insert into ACCESS_RIGHTS (ID,ACTIVE,FK_RIGHT,FK_EMPLOYEE) values (708,1,20,548);
Insert into ACCESS_RIGHTS (ID,ACTIVE,FK_RIGHT,FK_EMPLOYEE) values (709,1,21,548);
Insert into ACCESS_RIGHTS (ID,ACTIVE,FK_RIGHT,FK_EMPLOYEE) values (710,1,22,548);
Insert into ACCESS_RIGHTS (ID,ACTIVE,FK_RIGHT,FK_EMPLOYEE) values (711,1,23,548);
Insert into ACCESS_RIGHTS (ID,ACTIVE,FK_RIGHT,FK_EMPLOYEE) values (712,1,24,548);
Insert into ACCESS_RIGHTS (ID,ACTIVE,FK_RIGHT,FK_EMPLOYEE) values (713,1,25,548);
Insert into ACCESS_RIGHTS (ID,ACTIVE,FK_RIGHT,FK_EMPLOYEE) values (714,1,26,548);
Insert into ACCESS_RIGHTS (ID,ACTIVE,FK_RIGHT,FK_EMPLOYEE) values (715,1,27,548);
Insert into ACCESS_RIGHTS (ID,ACTIVE,FK_RIGHT,FK_EMPLOYEE) values (716,1,28,548);
Insert into ACCESS_RIGHTS (ID,ACTIVE,FK_RIGHT,FK_EMPLOYEE) values (717,1,29,548);
Insert into ACCESS_RIGHTS (ID,ACTIVE,FK_RIGHT,FK_EMPLOYEE) values (718,1,30,548);
Insert into ACCESS_RIGHTS (ID,ACTIVE,FK_RIGHT,FK_EMPLOYEE) values (719,1,31,548);
Insert into ACCESS_RIGHTS (ID,ACTIVE,FK_RIGHT,FK_EMPLOYEE) values (720,1,32,548);
Insert into ACCESS_RIGHTS (ID,ACTIVE,FK_RIGHT,FK_EMPLOYEE) values (721,1,33,548);
Insert into ACCESS_RIGHTS (ID,ACTIVE,FK_RIGHT,FK_EMPLOYEE) values (722,1,34,548);
Insert into ACCESS_RIGHTS (ID,ACTIVE,FK_RIGHT,FK_EMPLOYEE) values (723,1,35,548);
Insert into ACCESS_RIGHTS (ID,ACTIVE,FK_RIGHT,FK_EMPLOYEE) values (724,1,36,548);
Insert into ACCESS_RIGHTS (ID,ACTIVE,FK_RIGHT,FK_EMPLOYEE) values (725,1,37,548);
Insert into ACCESS_RIGHTS (ID,ACTIVE,FK_RIGHT,FK_EMPLOYEE) values (726,1,38,548);
Insert into ACCESS_RIGHTS (ID,ACTIVE,FK_RIGHT,FK_EMPLOYEE) values (727,1,39,548);
Insert into ACCESS_RIGHTS (ID,ACTIVE,FK_RIGHT,FK_EMPLOYEE) values (728,1,40,548);
Insert into ACCESS_RIGHTS (ID,ACTIVE,FK_RIGHT,FK_EMPLOYEE) values (729,0,41,548);
Insert into ACCESS_RIGHTS (ID,ACTIVE,FK_RIGHT,FK_EMPLOYEE) values (730,0,42,548);
Insert into ACCESS_RIGHTS (ID,ACTIVE,FK_RIGHT,FK_EMPLOYEE) values (732,1,1,549);
Insert into ACCESS_RIGHTS (ID,ACTIVE,FK_RIGHT,FK_EMPLOYEE) values (733,1,2,549);
Insert into ACCESS_RIGHTS (ID,ACTIVE,FK_RIGHT,FK_EMPLOYEE) values (734,1,3,549);
Insert into ACCESS_RIGHTS (ID,ACTIVE,FK_RIGHT,FK_EMPLOYEE) values (735,1,4,549);
Insert into ACCESS_RIGHTS (ID,ACTIVE,FK_RIGHT,FK_EMPLOYEE) values (736,1,5,549);
Insert into ACCESS_RIGHTS (ID,ACTIVE,FK_RIGHT,FK_EMPLOYEE) values (737,1,6,549);
Insert into ACCESS_RIGHTS (ID,ACTIVE,FK_RIGHT,FK_EMPLOYEE) values (738,1,7,549);
Insert into ACCESS_RIGHTS (ID,ACTIVE,FK_RIGHT,FK_EMPLOYEE) values (739,1,8,549);
Insert into ACCESS_RIGHTS (ID,ACTIVE,FK_RIGHT,FK_EMPLOYEE) values (740,1,9,549);
Insert into ACCESS_RIGHTS (ID,ACTIVE,FK_RIGHT,FK_EMPLOYEE) values (741,1,10,549);
Insert into ACCESS_RIGHTS (ID,ACTIVE,FK_RIGHT,FK_EMPLOYEE) values (742,1,11,549);
Insert into ACCESS_RIGHTS (ID,ACTIVE,FK_RIGHT,FK_EMPLOYEE) values (743,1,12,549);
Insert into ACCESS_RIGHTS (ID,ACTIVE,FK_RIGHT,FK_EMPLOYEE) values (744,1,13,549);
Insert into ACCESS_RIGHTS (ID,ACTIVE,FK_RIGHT,FK_EMPLOYEE) values (745,1,14,549);
Insert into ACCESS_RIGHTS (ID,ACTIVE,FK_RIGHT,FK_EMPLOYEE) values (746,1,15,549);
Insert into ACCESS_RIGHTS (ID,ACTIVE,FK_RIGHT,FK_EMPLOYEE) values (747,1,16,549);
Insert into ACCESS_RIGHTS (ID,ACTIVE,FK_RIGHT,FK_EMPLOYEE) values (748,1,17,549);
Insert into ACCESS_RIGHTS (ID,ACTIVE,FK_RIGHT,FK_EMPLOYEE) values (749,1,18,549);
Insert into ACCESS_RIGHTS (ID,ACTIVE,FK_RIGHT,FK_EMPLOYEE) values (750,1,19,549);
Insert into ACCESS_RIGHTS (ID,ACTIVE,FK_RIGHT,FK_EMPLOYEE) values (751,1,20,549);
Insert into ACCESS_RIGHTS (ID,ACTIVE,FK_RIGHT,FK_EMPLOYEE) values (752,1,21,549);
Insert into ACCESS_RIGHTS (ID,ACTIVE,FK_RIGHT,FK_EMPLOYEE) values (753,1,22,549);
Insert into ACCESS_RIGHTS (ID,ACTIVE,FK_RIGHT,FK_EMPLOYEE) values (754,1,23,549);
Insert into ACCESS_RIGHTS (ID,ACTIVE,FK_RIGHT,FK_EMPLOYEE) values (755,1,24,549);
Insert into ACCESS_RIGHTS (ID,ACTIVE,FK_RIGHT,FK_EMPLOYEE) values (756,1,25,549);
Insert into ACCESS_RIGHTS (ID,ACTIVE,FK_RIGHT,FK_EMPLOYEE) values (757,1,26,549);
Insert into ACCESS_RIGHTS (ID,ACTIVE,FK_RIGHT,FK_EMPLOYEE) values (758,1,27,549);
Insert into ACCESS_RIGHTS (ID,ACTIVE,FK_RIGHT,FK_EMPLOYEE) values (759,1,28,549);
Insert into ACCESS_RIGHTS (ID,ACTIVE,FK_RIGHT,FK_EMPLOYEE) values (760,1,29,549);
Insert into ACCESS_RIGHTS (ID,ACTIVE,FK_RIGHT,FK_EMPLOYEE) values (761,1,30,549);
Insert into ACCESS_RIGHTS (ID,ACTIVE,FK_RIGHT,FK_EMPLOYEE) values (762,1,31,549);
Insert into ACCESS_RIGHTS (ID,ACTIVE,FK_RIGHT,FK_EMPLOYEE) values (763,1,32,549);
Insert into ACCESS_RIGHTS (ID,ACTIVE,FK_RIGHT,FK_EMPLOYEE) values (764,1,33,549);
Insert into ACCESS_RIGHTS (ID,ACTIVE,FK_RIGHT,FK_EMPLOYEE) values (765,1,34,549);
Insert into ACCESS_RIGHTS (ID,ACTIVE,FK_RIGHT,FK_EMPLOYEE) values (766,1,35,549);
Insert into ACCESS_RIGHTS (ID,ACTIVE,FK_RIGHT,FK_EMPLOYEE) values (767,1,36,549);
Insert into ACCESS_RIGHTS (ID,ACTIVE,FK_RIGHT,FK_EMPLOYEE) values (768,1,37,549);
Insert into ACCESS_RIGHTS (ID,ACTIVE,FK_RIGHT,FK_EMPLOYEE) values (769,1,38,549);
Insert into ACCESS_RIGHTS (ID,ACTIVE,FK_RIGHT,FK_EMPLOYEE) values (770,1,39,549);
Insert into ACCESS_RIGHTS (ID,ACTIVE,FK_RIGHT,FK_EMPLOYEE) values (771,1,40,549);
Insert into ACCESS_RIGHTS (ID,ACTIVE,FK_RIGHT,FK_EMPLOYEE) values (772,0,41,549);
Insert into ACCESS_RIGHTS (ID,ACTIVE,FK_RIGHT,FK_EMPLOYEE) values (773,0,42,549);

---------------------------------------------------
--   END DATA FOR TABLE ACCESS_RIGHTS
---------------------------------------------------

---------------------------------------------------
--   DATA FOR TABLE BANKS
--   FILTER = none used
---------------------------------------------------
REM INSERTING into BANKS
Insert into BANKS (ID,NAME,CODE,ACCOUNT,CONTACTPERSON,CONTACTPERSONEMAIL,CONTACTPERSONPHONE,CONTACTPERSONFAX,ACTIVE) values (302,'Banque et Caisse d''Epargne de l''Etat','bceelull','19556012','Hocheid ','hocheid@bcee.lu','491212',null,1);
Insert into BANKS (ID,NAME,CODE,ACCOUNT,CONTACTPERSON,CONTACTPERSONEMAIL,CONTACTPERSONPHONE,CONTACTPERSONFAX,ACTIVE) values (303,'BGL BNP Parisbas','BGLLLULL','LU945583698','Scorpionne','scorpionne@bgl.lu','494448','256365',1);
Insert into BANKS (ID,NAME,CODE,ACCOUNT,CONTACTPERSON,CONTACTPERSONEMAIL,CONTACTPERSONPHONE,CONTACTPERSONFAX,ACTIVE) values (242,'Societe generale','SG','LU 456987-789444','Alan Johns','alan.johns@interaudit.lu','4578963210',null,1);

---------------------------------------------------
--   END DATA FOR TABLE BANKS
---------------------------------------------------

---------------------------------------------------
--   DATA FOR TABLE ORIGINS
--   FILTER = none used
---------------------------------------------------
REM INSERTING into ORIGINS
Insert into ORIGINS (ID,NAME,CODE) values (1,'InterFiduciaire','IF');
Insert into ORIGINS (ID,NAME,CODE) values (2,'InterAudit','IA');
Insert into ORIGINS (ID,NAME,CODE) values (3,'Atoz','AT');
Insert into ORIGINS (ID,NAME,CODE) values (4,'Fideos','FD');
Insert into ORIGINS (ID,NAME,CODE) values (5,'Bob Bernard','BB');
Insert into ORIGINS (ID,NAME,CODE) values (6,'Signes','SG');
Insert into ORIGINS (ID,NAME,CODE) values (7,'Inconnue','IC');

---------------------------------------------------
--   END DATA FOR TABLE ORIGINS
---------------------------------------------------

---------------------------------------------------
--   DATA FOR TABLE MESSAGE
--   FILTER = none used
---------------------------------------------------
REM INSERTING into MESSAGE
Insert into MESSAGE (ID,SUBJECT,CONTENTS,CREATEDATE,MISSION_ID,FROM_ID,TO_ID,PARENT_ID,SENTDATE) values (946,'document','Peux-enregistrer le documenty récapitulatif stp',to_timestamp('07/02/10 13:48:01,000000000','DD/MM/RR HH24:MI:SS,FF'),388,4,4,null,null);
Insert into MESSAGE (ID,SUBJECT,CONTENTS,CREATEDATE,MISSION_ID,FROM_ID,TO_ID,PARENT_ID,SENTDATE) values (441,'message','contente of message',to_timestamp('23/01/10 05:01:21,000000000','DD/MM/RR HH24:MI:SS,FF'),386,4,545,null,null);
Insert into MESSAGE (ID,SUBJECT,CONTENTS,CREATEDATE,MISSION_ID,FROM_ID,TO_ID,PARENT_ID,SENTDATE) values (442,'reponse','reponse to stephane gaillard',to_timestamp('23/01/10 05:20:34,000000000','DD/MM/RR HH24:MI:SS,FF'),386,545,543,null,null);
Insert into MESSAGE (ID,SUBJECT,CONTENTS,CREATEDATE,MISSION_ID,FROM_ID,TO_ID,PARENT_ID,SENTDATE) values (443,'dossier','dossier fait',to_timestamp('23/01/10 06:03:23,000000000','DD/MM/RR HH24:MI:SS,FF'),386,543,545,null,null);

---------------------------------------------------
--   END DATA FOR TABLE MESSAGE
---------------------------------------------------

---------------------------------------------------
--   DATA FOR TABLE BUDGETS
--   FILTER = none used
---------------------------------------------------
REM INSERTING into BUDGETS
Insert into BUDGETS (ID,VERSION,EXP_AMOUNT,REAL_AMOUNT,REP_AMOUNT,COMMENTS,STATUS,FK_ASSOCIE,FK_CONTRACT,FK_EXERCISE,FK_MANAGER) values (490,0,9999,0,4555,'dgtrtt','PENDING',1,22,341,6);
Insert into BUDGETS (ID,VERSION,EXP_AMOUNT,REAL_AMOUNT,REP_AMOUNT,COMMENTS,STATUS,FK_ASSOCIE,FK_CONTRACT,FK_EXERCISE,FK_MANAGER) values (342,1,14500,0,0,null,'ONGOING',7,2,341,4);
Insert into BUDGETS (ID,VERSION,EXP_AMOUNT,REAL_AMOUNT,REP_AMOUNT,COMMENTS,STATUS,FK_ASSOCIE,FK_CONTRACT,FK_EXERCISE,FK_MANAGER) values (343,1,8751,0,0,null,'ONGOING',1,40,341,5);
Insert into BUDGETS (ID,VERSION,EXP_AMOUNT,REAL_AMOUNT,REP_AMOUNT,COMMENTS,STATUS,FK_ASSOCIE,FK_CONTRACT,FK_EXERCISE,FK_MANAGER) values (344,1,14500,0,0,null,'ONGOING',1,28,341,5);
Insert into BUDGETS (ID,VERSION,EXP_AMOUNT,REAL_AMOUNT,REP_AMOUNT,COMMENTS,STATUS,FK_ASSOCIE,FK_CONTRACT,FK_EXERCISE,FK_MANAGER) values (345,2,12000,560,0,null,'ONGOING',2,1,341,5);
Insert into BUDGETS (ID,VERSION,EXP_AMOUNT,REAL_AMOUNT,REP_AMOUNT,COMMENTS,STATUS,FK_ASSOCIE,FK_CONTRACT,FK_EXERCISE,FK_MANAGER) values (346,1,6300,0,0,null,'ONGOING',3,38,341,4);
Insert into BUDGETS (ID,VERSION,EXP_AMOUNT,REAL_AMOUNT,REP_AMOUNT,COMMENTS,STATUS,FK_ASSOCIE,FK_CONTRACT,FK_EXERCISE,FK_MANAGER) values (347,1,50000,0,0,null,'ONGOING',7,232,341,4);
Insert into BUDGETS (ID,VERSION,EXP_AMOUNT,REAL_AMOUNT,REP_AMOUNT,COMMENTS,STATUS,FK_ASSOCIE,FK_CONTRACT,FK_EXERCISE,FK_MANAGER) values (348,1,16000,0,0,null,'ONGOING',1,44,341,5);
Insert into BUDGETS (ID,VERSION,EXP_AMOUNT,REAL_AMOUNT,REP_AMOUNT,COMMENTS,STATUS,FK_ASSOCIE,FK_CONTRACT,FK_EXERCISE,FK_MANAGER) values (349,1,9870,0,0,null,'ONGOING',1,35,341,6);
Insert into BUDGETS (ID,VERSION,EXP_AMOUNT,REAL_AMOUNT,REP_AMOUNT,COMMENTS,STATUS,FK_ASSOCIE,FK_CONTRACT,FK_EXERCISE,FK_MANAGER) values (350,1,5600,0,0,null,'ONGOING',3,36,341,6);
Insert into BUDGETS (ID,VERSION,EXP_AMOUNT,REAL_AMOUNT,REP_AMOUNT,COMMENTS,STATUS,FK_ASSOCIE,FK_CONTRACT,FK_EXERCISE,FK_MANAGER) values (351,1,4698,0,0,null,'ONGOING',3,23,341,5);
Insert into BUDGETS (ID,VERSION,EXP_AMOUNT,REAL_AMOUNT,REP_AMOUNT,COMMENTS,STATUS,FK_ASSOCIE,FK_CONTRACT,FK_EXERCISE,FK_MANAGER) values (352,1,5360,0,0,null,'ONGOING',2,32,341,4);
Insert into BUDGETS (ID,VERSION,EXP_AMOUNT,REAL_AMOUNT,REP_AMOUNT,COMMENTS,STATUS,FK_ASSOCIE,FK_CONTRACT,FK_EXERCISE,FK_MANAGER) values (353,3,12300,7635,25,0,null,'ONGOING',2,21,341,5);
Insert into BUDGETS (ID,VERSION,EXP_AMOUNT,REAL_AMOUNT,REP_AMOUNT,COMMENTS,STATUS,FK_ASSOCIE,FK_CONTRACT,FK_EXERCISE,FK_MANAGER) values (354,1,15600,0,0,null,'ONGOING',3,29,341,4);
Insert into BUDGETS (ID,VERSION,EXP_AMOUNT,REAL_AMOUNT,REP_AMOUNT,COMMENTS,STATUS,FK_ASSOCIE,FK_CONTRACT,FK_EXERCISE,FK_MANAGER) values (355,1,12000,0,0,null,'ONGOING',1,27,341,5);
Insert into BUDGETS (ID,VERSION,EXP_AMOUNT,REAL_AMOUNT,REP_AMOUNT,COMMENTS,STATUS,FK_ASSOCIE,FK_CONTRACT,FK_EXERCISE,FK_MANAGER) values (356,1,4598,0,0,null,'ONGOING',3,24,341,4);
Insert into BUDGETS (ID,VERSION,EXP_AMOUNT,REAL_AMOUNT,REP_AMOUNT,COMMENTS,STATUS,FK_ASSOCIE,FK_CONTRACT,FK_EXERCISE,FK_MANAGER) values (357,1,8000,0,0,null,'ONGOING',7,33,341,6);
Insert into BUDGETS (ID,VERSION,EXP_AMOUNT,REAL_AMOUNT,REP_AMOUNT,COMMENTS,STATUS,FK_ASSOCIE,FK_CONTRACT,FK_EXERCISE,FK_MANAGER) values (358,1,25000,0,0,null,'ONGOING',2,26,341,6);
Insert into BUDGETS (ID,VERSION,EXP_AMOUNT,REAL_AMOUNT,REP_AMOUNT,COMMENTS,STATUS,FK_ASSOCIE,FK_CONTRACT,FK_EXERCISE,FK_MANAGER) values (359,1,2000,0,0,null,'ONGOING',1,37,341,6);
Insert into BUDGETS (ID,VERSION,EXP_AMOUNT,REAL_AMOUNT,REP_AMOUNT,COMMENTS,STATUS,FK_ASSOCIE,FK_CONTRACT,FK_EXERCISE,FK_MANAGER) values (360,1,7895,0,0,null,'ONGOING',7,39,341,6);
Insert into BUDGETS (ID,VERSION,EXP_AMOUNT,REAL_AMOUNT,REP_AMOUNT,COMMENTS,STATUS,FK_ASSOCIE,FK_CONTRACT,FK_EXERCISE,FK_MANAGER) values (361,1,6000,0,0,null,'ONGOING',1,30,341,4);
Insert into BUDGETS (ID,VERSION,EXP_AMOUNT,REAL_AMOUNT,REP_AMOUNT,COMMENTS,STATUS,FK_ASSOCIE,FK_CONTRACT,FK_EXERCISE,FK_MANAGER) values (362,1,9876,0,0,null,'ONGOING',7,42,341,5);
Insert into BUDGETS (ID,VERSION,EXP_AMOUNT,REAL_AMOUNT,REP_AMOUNT,COMMENTS,STATUS,FK_ASSOCIE,FK_CONTRACT,FK_EXERCISE,FK_MANAGER) values (363,1,6000,0,0,null,'ONGOING',2,34,341,4);
Insert into BUDGETS (ID,VERSION,EXP_AMOUNT,REAL_AMOUNT,REP_AMOUNT,COMMENTS,STATUS,FK_ASSOCIE,FK_CONTRACT,FK_EXERCISE,FK_MANAGER) values (364,1,12560,0,0,null,'ONGOING',2,25,341,5);
Insert into BUDGETS (ID,VERSION,EXP_AMOUNT,REAL_AMOUNT,REP_AMOUNT,COMMENTS,STATUS,FK_ASSOCIE,FK_CONTRACT,FK_EXERCISE,FK_MANAGER) values (365,1,6987,0,0,null,'ONGOING',7,41,341,6);
Insert into BUDGETS (ID,VERSION,EXP_AMOUNT,REAL_AMOUNT,REP_AMOUNT,COMMENTS,STATUS,FK_ASSOCIE,FK_CONTRACT,FK_EXERCISE,FK_MANAGER) values (366,1,9874,0,0,null,'ONGOING',3,43,341,5);
Insert into BUDGETS (ID,VERSION,EXP_AMOUNT,REAL_AMOUNT,REP_AMOUNT,COMMENTS,STATUS,FK_ASSOCIE,FK_CONTRACT,FK_EXERCISE,FK_MANAGER) values (367,1,4500,0,0,null,'ONGOING',7,22,341,4);

---------------------------------------------------
--   END DATA FOR TABLE BUDGETS
---------------------------------------------------

---------------------------------------------------
--   DATA FOR TABLE DOCS_MISSIONS
--   FILTER = none used
---------------------------------------------------
REM INSERTING into DOCS_MISSIONS
Insert into DOCS_MISSIONS (ID_MISSION,ID_DOCUMENT) values (388,947);

---------------------------------------------------
--   END DATA FOR TABLE DOCS_MISSIONS
---------------------------------------------------

---------------------------------------------------
--   DATA FOR TABLE EXERCISE_RESULTS
--   FILTER = none used
---------------------------------------------------
REM INSERTING into EXERCISE_RESULTS
Insert into EXERCISE_RESULTS (ID,JAN,FEB,MAR,APR,MAY,JUN,JUL,AUG,SEP,OCT,NOV,DEC,ROLE,FK_EXERCISE,FK_RESPONSABLE) values (375,8195,25,0,0,0,0,0,0,0,0,0,0,0,'MANAGER',341,5);
Insert into EXERCISE_RESULTS (ID,JAN,FEB,MAR,APR,MAY,JUN,JUL,AUG,SEP,OCT,NOV,DEC,ROLE,FK_EXERCISE,FK_RESPONSABLE) values (376,0,0,0,0,0,0,0,0,0,0,0,0,'MANAGER',341,6);
Insert into EXERCISE_RESULTS (ID,JAN,FEB,MAR,APR,MAY,JUN,JUL,AUG,SEP,OCT,NOV,DEC,ROLE,FK_EXERCISE,FK_RESPONSABLE) values (377,0,0,0,0,0,0,0,0,0,0,0,0,'MANAGER',341,4);
Insert into EXERCISE_RESULTS (ID,JAN,FEB,MAR,APR,MAY,JUN,JUL,AUG,SEP,OCT,NOV,DEC,ROLE,FK_EXERCISE,FK_RESPONSABLE) values (378,0,0,0,0,0,0,0,0,0,0,0,0,'PARTNER',341,7);
Insert into EXERCISE_RESULTS (ID,JAN,FEB,MAR,APR,MAY,JUN,JUL,AUG,SEP,OCT,NOV,DEC,ROLE,FK_EXERCISE,FK_RESPONSABLE) values (379,0,0,0,0,0,0,0,0,0,0,0,0,'PARTNER',341,1);
Insert into EXERCISE_RESULTS (ID,JAN,FEB,MAR,APR,MAY,JUN,JUL,AUG,SEP,OCT,NOV,DEC,ROLE,FK_EXERCISE,FK_RESPONSABLE) values (380,8195,25,0,0,0,0,0,0,0,0,0,0,0,'PARTNER',341,2);
Insert into EXERCISE_RESULTS (ID,JAN,FEB,MAR,APR,MAY,JUN,JUL,AUG,SEP,OCT,NOV,DEC,ROLE,FK_EXERCISE,FK_RESPONSABLE) values (381,0,0,0,0,0,0,0,0,0,0,0,0,'PARTNER',341,3);

---------------------------------------------------
--   END DATA FOR TABLE EXERCISE_RESULTS
---------------------------------------------------

---------------------------------------------------
--   DATA FOR TABLE DECLARATIONS
--   FILTER = none used
---------------------------------------------------
REM INSERTING into DECLARATIONS
Insert into DECLARATIONS (ID,EXERCISE,CUSTOMER,REQUESTDATE,RECEIPTDATE,VALIDITYDATE,DECLARATION,PASSPORT,ACTIVE) values (421,'2010','ANGLESEA CAPITAL SA',to_timestamp('01/01/10 00:00:00,000000000','DD/MM/RR HH24:MI:SS,FF'),to_timestamp('29/01/10 00:00:00,000000000','DD/MM/RR HH24:MI:SS,FF'),to_timestamp('31/12/10 00:00:00,000000000','DD/MM/RR HH24:MI:SS,FF'),1,1,1);

---------------------------------------------------
--   END DATA FOR TABLE DECLARATIONS
---------------------------------------------------

---------------------------------------------------
--   DATA FOR TABLE TIMESHEETS
--   FILTER = none used
---------------------------------------------------
REM INSERTING into TIMESHEETS
Insert into TIMESHEETS (ID,VERSION,EXERCISE,CREATEDATE,UPDATEDATE,ACCEPTEDDATE,REJECTEDDATE,SUBMITDATE,VALIDATIONDATE,STARTDATEOFWEEK,ENDDATEOFWEEK,STATUS,WEEKNUMBER,FK_EMPLOYEE,USERID,PRIXVENTE,PRIXREVIENT,COUTHORAIRE) values (963,2,'2010',to_timestamp('07/02/10 00:00:00,000000000','DD/MM/RR HH24:MI:SS,FF'),to_timestamp('07/02/10 00:00:00,000000000','DD/MM/RR HH24:MI:SS,FF'),null,null,null,null,to_timestamp('01/02/10 00:00:00,000000000','DD/MM/RR HH24:MI:SS,FF'),to_timestamp('06/02/10 00:00:00,000000000','DD/MM/RR HH24:MI:SS,FF'),'DRAFT',5,null,545,170,150,100);
Insert into TIMESHEETS (ID,VERSION,EXERCISE,CREATEDATE,UPDATEDATE,ACCEPTEDDATE,REJECTEDDATE,SUBMITDATE,VALIDATIONDATE,STARTDATEOFWEEK,ENDDATEOFWEEK,STATUS,WEEKNUMBER,FK_EMPLOYEE,USERID,PRIXVENTE,PRIXREVIENT,COUTHORAIRE) values (968,0,'2010',to_timestamp('07/02/10 00:00:00,000000000','DD/MM/RR HH24:MI:SS,FF'),null,null,null,null,null,to_timestamp('01/02/10 00:00:00,000000000','DD/MM/RR HH24:MI:SS,FF'),to_timestamp('06/02/10 00:00:00,000000000','DD/MM/RR HH24:MI:SS,FF'),'DRAFT',5,null,542,455,120,89);
Insert into TIMESHEETS (ID,VERSION,EXERCISE,CREATEDATE,UPDATEDATE,ACCEPTEDDATE,REJECTEDDATE,SUBMITDATE,VALIDATIONDATE,STARTDATEOFWEEK,ENDDATEOFWEEK,STATUS,WEEKNUMBER,FK_EMPLOYEE,USERID,PRIXVENTE,PRIXREVIENT,COUTHORAIRE) values (969,2,'2010',to_timestamp('07/02/10 00:00:00,000000000','DD/MM/RR HH24:MI:SS,FF'),to_timestamp('07/02/10 00:00:00,000000000','DD/MM/RR HH24:MI:SS,FF'),null,null,null,null,to_timestamp('18/01/10 00:00:00,000000000','DD/MM/RR HH24:MI:SS,FF'),to_timestamp('23/01/10 00:00:00,000000000','DD/MM/RR HH24:MI:SS,FF'),'DRAFT',3,null,542,455,120,89);
Insert into TIMESHEETS (ID,VERSION,EXERCISE,CREATEDATE,UPDATEDATE,ACCEPTEDDATE,REJECTEDDATE,SUBMITDATE,VALIDATIONDATE,STARTDATEOFWEEK,ENDDATEOFWEEK,STATUS,WEEKNUMBER,FK_EMPLOYEE,USERID,PRIXVENTE,PRIXREVIENT,COUTHORAIRE) values (974,1,'2010',to_timestamp('07/02/10 00:00:00,000000000','DD/MM/RR HH24:MI:SS,FF'),to_timestamp('09/02/10 00:00:00,000000000','DD/MM/RR HH24:MI:SS,FF'),null,null,null,null,to_timestamp('18/01/10 00:00:00,000000000','DD/MM/RR HH24:MI:SS,FF'),to_timestamp('23/01/10 00:00:00,000000000','DD/MM/RR HH24:MI:SS,FF'),'DRAFT',3,null,541,150,120,100);
Insert into TIMESHEETS (ID,VERSION,EXERCISE,CREATEDATE,UPDATEDATE,ACCEPTEDDATE,REJECTEDDATE,SUBMITDATE,VALIDATIONDATE,STARTDATEOFWEEK,ENDDATEOFWEEK,STATUS,WEEKNUMBER,FK_EMPLOYEE,USERID,PRIXVENTE,PRIXREVIENT,COUTHORAIRE) values (975,3,'2010',to_timestamp('07/02/10 00:00:00,000000000','DD/MM/RR HH24:MI:SS,FF'),to_timestamp('07/02/10 00:00:00,000000000','DD/MM/RR HH24:MI:SS,FF'),null,null,null,null,to_timestamp('01/02/10 00:00:00,000000000','DD/MM/RR HH24:MI:SS,FF'),to_timestamp('06/02/10 00:00:00,000000000','DD/MM/RR HH24:MI:SS,FF'),'DRAFT',5,null,541,150,120,100);
Insert into TIMESHEETS (ID,VERSION,EXERCISE,CREATEDATE,UPDATEDATE,ACCEPTEDDATE,REJECTEDDATE,SUBMITDATE,VALIDATIONDATE,STARTDATEOFWEEK,ENDDATEOFWEEK,STATUS,WEEKNUMBER,FK_EMPLOYEE,USERID,PRIXVENTE,PRIXREVIENT,COUTHORAIRE) values (948,9,'2010',to_timestamp('07/02/10 00:00:00,000000000','DD/MM/RR HH24:MI:SS,FF'),to_timestamp('09/02/10 00:00:00,000000000','DD/MM/RR HH24:MI:SS,FF'),null,null,to_timestamp('09/02/10 00:00:00,000000000','DD/MM/RR HH24:MI:SS,FF'),null,to_timestamp('01/02/10 00:00:00,000000000','DD/MM/RR HH24:MI:SS,FF'),to_timestamp('06/02/10 00:00:00,000000000','DD/MM/RR HH24:MI:SS,FF'),'VALIDATED',5,null,4,125,120,80);

---------------------------------------------------
--   END DATA FOR TABLE TIMESHEETS
---------------------------------------------------

---------------------------------------------------
--   DATA FOR TABLE CUSTOMERS
--   FILTER = none used
---------------------------------------------------
REM INSERTING into CUSTOMERS
Insert into CUSTOMERS (ID,WEB_ADDRESS,ACTIVE,COUNTRY,MAINADDRESS,MAINBILLINGADDRESS,ACTIVITY,CREATEDATE,UPDATEDATE,UPDATEDUSER,COMPY_NAME,FAX,PHONE,MOBILE,P_PHONE,P_MOBILE,EMAIL,CODE,VERSION,FK_ORIGIN,FK_MANAGER,FK_ASSOCIE) values (4,'contact@europarl.eu.lu',1,'LU','Kirchberg','Kirchberg','EUROPEAN PARLIAMENT-supermarket   
',null,null,null,'EUROPEAN PARLIAMENT-supermarket',null,'+352 44 10 12 2000',null,null,null,'contact@europarl.eu.lu','6666',1,2,4,3);
Insert into CUSTOMERS (ID,WEB_ADDRESS,ACTIVE,COUNTRY,MAINADDRESS,MAINBILLINGADDRESS,ACTIVITY,CREATEDATE,UPDATEDATE,UPDATEDUSER,COMPY_NAME,FAX,PHONE,MOBILE,P_PHONE,P_MOBILE,EMAIL,CODE,VERSION,FK_ORIGIN,FK_MANAGER,FK_ASSOCIE) values (6,'contact@europarl.eu.lu',1,'LU','Kirchberg','Kirchberg','HOLDUN SA
',null,null,null,'HOLDUN SA','+352 44 10 12 2000','+352 44 10 12 2000',null,null,null,'contact@europarl.eu.lu','9280',0,4,6,7);
Insert into CUSTOMERS (ID,WEB_ADDRESS,ACTIVE,COUNTRY,MAINADDRESS,MAINBILLINGADDRESS,ACTIVITY,CREATEDATE,UPDATEDATE,UPDATEDUSER,COMPY_NAME,FAX,PHONE,MOBILE,P_PHONE,P_MOBILE,EMAIL,CODE,VERSION,FK_ORIGIN,FK_MANAGER,FK_ASSOCIE) values (7,'contact@europarl.eu.lu',1,'LU','Kirchberg','Kirchberg','Scancargo SA',null,null,null,'Scancargo SA','+352 44 10 12 2000','+352 44 10 12 2000',null,null,null,'contact@europarl.eu.lu','9281',1,3,5,7);
Insert into CUSTOMERS (ID,WEB_ADDRESS,ACTIVE,COUNTRY,MAINADDRESS,MAINBILLINGADDRESS,ACTIVITY,CREATEDATE,UPDATEDATE,UPDATEDUSER,COMPY_NAME,FAX,PHONE,MOBILE,P_PHONE,P_MOBILE,EMAIL,CODE,VERSION,FK_ORIGIN,FK_MANAGER,FK_ASSOCIE) values (8,'Luxys SA',1,'LU','Kichberg','Kichberg','Luxys SA
',null,null,null,'Luxys SA',null,'+352 44 10 12 2000',null,null,null,'contact@europarl.eu.lu','9282',1,5,4,3);
Insert into CUSTOMERS (ID,WEB_ADDRESS,ACTIVE,COUNTRY,MAINADDRESS,MAINBILLINGADDRESS,ACTIVITY,CREATEDATE,UPDATEDATE,UPDATEDUSER,COMPY_NAME,FAX,PHONE,MOBILE,P_PHONE,P_MOBILE,EMAIL,CODE,VERSION,FK_ORIGIN,FK_MANAGER,FK_ASSOCIE) values (9,'contact@email.lu',1,'LU','Kirchberg','Kirchberg','Easy Distribution SA (ex EASYCARS SA)
',null,null,null,'Easy Distribution SA (ex EASYCARS SA)','+352 44 10 12 2000','+352 44 10 12 2000',null,null,null,'contact@email.lu','9283',1,3,6,2);
Insert into CUSTOMERS (ID,WEB_ADDRESS,ACTIVE,COUNTRY,MAINADDRESS,MAINBILLINGADDRESS,ACTIVITY,CREATEDATE,UPDATEDATE,UPDATEDUSER,COMPY_NAME,FAX,PHONE,MOBILE,P_PHONE,P_MOBILE,EMAIL,CODE,VERSION,FK_ORIGIN,FK_MANAGER,FK_ASSOCIE) values (10,'contact@email.lu',1,'LU','Kirchberg','Kirchberg','Weisgerber Expertise
',null,null,null,'Weisgerber Expertise','+352 44 10 12 2000','+352 44 10 12 2000',null,null,null,'contact@email.lu','9284',1,4,5,1);
Insert into CUSTOMERS (ID,WEB_ADDRESS,ACTIVE,COUNTRY,MAINADDRESS,MAINBILLINGADDRESS,ACTIVITY,CREATEDATE,UPDATEDATE,UPDATEDUSER,COMPY_NAME,FAX,PHONE,MOBILE,P_PHONE,P_MOBILE,EMAIL,CODE,VERSION,FK_ORIGIN,FK_MANAGER,FK_ASSOCIE) values (11,'contact@email.lu',1,'LU','Kirchberg','Kirchberg','HERMES PARTNERS TRUST SERVICES SA
',null,null,null,'HERMES PARTNERS TRUST SERVICES SA',null,'+352 44 10 12 20000',null,null,null,'contact@email.lu','9286',1,3,4,2);
Insert into CUSTOMERS (ID,WEB_ADDRESS,ACTIVE,COUNTRY,MAINADDRESS,MAINBILLINGADDRESS,ACTIVITY,CREATEDATE,UPDATEDATE,UPDATEDUSER,COMPY_NAME,FAX,PHONE,MOBILE,P_PHONE,P_MOBILE,EMAIL,CODE,VERSION,FK_ORIGIN,FK_MANAGER,FK_ASSOCIE) values (12,'contact@email.lu',1,'LU','Kirchberg','Kirchberg','Intruma Corporate Services SA
',null,null,null,'Intruma Corporate Services SA','+352 44 10 12 20000','+352 44 10 12 20000',null,null,null,'contact@email.lu','9287',1,3,6,1);
Insert into CUSTOMERS (ID,WEB_ADDRESS,ACTIVE,COUNTRY,MAINADDRESS,MAINBILLINGADDRESS,ACTIVITY,CREATEDATE,UPDATEDATE,UPDATEDUSER,COMPY_NAME,FAX,PHONE,MOBILE,P_PHONE,P_MOBILE,EMAIL,CODE,VERSION,FK_ORIGIN,FK_MANAGER,FK_ASSOCIE) values (13,'contact@email.lu',1,'LU','Kirchberg','Kirchberg','Summerwind SA
',null,null,null,'Summerwind SA',null,'+352 44 10 12 2000',null,null,null,'contact@email.lu','9289',2,3,5,3);
Insert into CUSTOMERS (ID,WEB_ADDRESS,ACTIVE,COUNTRY,MAINADDRESS,MAINBILLINGADDRESS,ACTIVITY,CREATEDATE,UPDATEDATE,UPDATEDUSER,COMPY_NAME,FAX,PHONE,MOBILE,P_PHONE,P_MOBILE,EMAIL,CODE,VERSION,FK_ORIGIN,FK_MANAGER,FK_ASSOCIE) values (14,'contact@email.fr',1,'LU','Kirchberg','Kirchberg','APKieffer
',null,null,null,'APKieffer',null,'+352 44 10122000',null,null,null,'contact@email.fr','9290',2,3,4,7);
Insert into CUSTOMERS (ID,WEB_ADDRESS,ACTIVE,COUNTRY,MAINADDRESS,MAINBILLINGADDRESS,ACTIVITY,CREATEDATE,UPDATEDATE,UPDATEDUSER,COMPY_NAME,FAX,PHONE,MOBILE,P_PHONE,P_MOBILE,EMAIL,CODE,VERSION,FK_ORIGIN,FK_MANAGER,FK_ASSOCIE) values (17,null,1,'LU','Metz','Metz','Laurad Holding
',null,null,null,'Laurad Holding',null,'+333 87 96 368542',null,null,null,'contact@email.fr','9293',2,3,6,3);
Insert into CUSTOMERS (ID,WEB_ADDRESS,ACTIVE,COUNTRY,MAINADDRESS,MAINBILLINGADDRESS,ACTIVITY,CREATEDATE,UPDATEDATE,UPDATEDUSER,COMPY_NAME,FAX,PHONE,MOBILE,P_PHONE,P_MOBILE,EMAIL,CODE,VERSION,FK_ORIGIN,FK_MANAGER,FK_ASSOCIE) values (1,'europarl.eu.lu',1,'LU','Kirchberg','Kirchberg','EUROPEAN PARLIAMENT-Imprest qtrly reviews   
',null,null,null,'EUROPEAN PARLIAMENT-Imprest qtrly reviews','+352 44 10 12 2000','+352 44 10 12 2000',null,null,null,'contact@europarl.eu.lu','6363',1,3,5,1);
Insert into CUSTOMERS (ID,WEB_ADDRESS,ACTIVE,COUNTRY,MAINADDRESS,MAINBILLINGADDRESS,ACTIVITY,CREATEDATE,UPDATEDATE,UPDATEDUSER,COMPY_NAME,FAX,PHONE,MOBILE,P_PHONE,P_MOBILE,EMAIL,CODE,VERSION,FK_ORIGIN,FK_MANAGER,FK_ASSOCIE) values (5,'contact@europarl.eu.lu',1,'LU','Kirchberg','Kirchberg','HPMC1 Sàrl
',null,null,null,'HPMC1 Sàrl',null,'+352 44 10 12 2000',null,null,null,'contact@europarl.eu.lu','9000',1,6,4,2);
Insert into CUSTOMERS (ID,WEB_ADDRESS,ACTIVE,COUNTRY,MAINADDRESS,MAINBILLINGADDRESS,ACTIVITY,CREATEDATE,UPDATEDATE,UPDATEDUSER,COMPY_NAME,FAX,PHONE,MOBILE,P_PHONE,P_MOBILE,EMAIL,CODE,VERSION,FK_ORIGIN,FK_MANAGER,FK_ASSOCIE) values (650,null,1,'LU',null,null,'Fournisseur de sable',to_timestamp('18/05/09 00:00:00,000000000','DD/MM/RR HH24:MI:SS,FF'),to_timestamp('18/05/09 00:00:00,000000000','DD/MM/RR HH24:MI:SS,FF'),null,'SABLIERE HEIN SA',null,'20.45.96.369',null,null,null,'a.marx@sabliere.lu','10388',2,1,6,7);
Insert into CUSTOMERS (ID,WEB_ADDRESS,ACTIVE,COUNTRY,MAINADDRESS,MAINBILLINGADDRESS,ACTIVITY,CREATEDATE,UPDATEDATE,UPDATEDUSER,COMPY_NAME,FAX,PHONE,MOBILE,P_PHONE,P_MOBILE,EMAIL,CODE,VERSION,FK_ORIGIN,FK_MANAGER,FK_ASSOCIE) values (651,null,1,'LU',null,null,'Fournisseur de sable',to_timestamp('18/05/09 00:00:00,000000000','DD/MM/RR HH24:MI:SS,FF'),to_timestamp('18/05/09 00:00:00,000000000','DD/MM/RR HH24:MI:SS,FF'),null,'DIMPEX SA',null,'20.45.96.369',null,null,null,'a.marx@sabliere.lu','82633',2,2,5,2);
Insert into CUSTOMERS (ID,WEB_ADDRESS,ACTIVE,COUNTRY,MAINADDRESS,MAINBILLINGADDRESS,ACTIVITY,CREATEDATE,UPDATEDATE,UPDATEDUSER,COMPY_NAME,FAX,PHONE,MOBILE,P_PHONE,P_MOBILE,EMAIL,CODE,VERSION,FK_ORIGIN,FK_MANAGER,FK_ASSOCIE) values (652,null,1,'LU',null,null,'Fournisseur de sable',to_timestamp('18/05/09 00:00:00,000000000','DD/MM/RR HH24:MI:SS,FF'),to_timestamp('18/05/09 00:00:00,000000000','DD/MM/RR HH24:MI:SS,FF'),null,'GULF OIL INTERNATIONAL LTD',null,'20.45.96.369',null,null,null,'a.marx@sabliere.lu','11261',3,3,4,7);
Insert into CUSTOMERS (ID,WEB_ADDRESS,ACTIVE,COUNTRY,MAINADDRESS,MAINBILLINGADDRESS,ACTIVITY,CREATEDATE,UPDATEDATE,UPDATEDUSER,COMPY_NAME,FAX,PHONE,MOBILE,P_PHONE,P_MOBILE,EMAIL,CODE,VERSION,FK_ORIGIN,FK_MANAGER,FK_ASSOCIE) values (653,null,1,'LU',null,null,'Fournisseur de sable',to_timestamp('18/05/09 00:00:00,000000000','DD/MM/RR HH24:MI:SS,FF'),to_timestamp('18/05/09 00:00:00,000000000','DD/MM/RR HH24:MI:SS,FF'),null,'BORG LUXEMBOURG SA',null,'20.45.96.369',null,null,null,'a.marx@sabliere.lu','16000',3,4,5,3);
Insert into CUSTOMERS (ID,WEB_ADDRESS,ACTIVE,COUNTRY,MAINADDRESS,MAINBILLINGADDRESS,ACTIVITY,CREATEDATE,UPDATEDATE,UPDATEDUSER,COMPY_NAME,FAX,PHONE,MOBILE,P_PHONE,P_MOBILE,EMAIL,CODE,VERSION,FK_ORIGIN,FK_MANAGER,FK_ASSOCIE) values (654,null,1,'LU',null,null,'Fournisseur de sable',to_timestamp('18/05/09 00:00:00,000000000','DD/MM/RR HH24:MI:SS,FF'),to_timestamp('18/05/09 00:00:00,000000000','DD/MM/RR HH24:MI:SS,FF'),null,'GAMET INVESTMENT SA',null,'20.45.96.369',null,null,null,'a.marx@sabliere.lu','12084',2,5,4,1);
Insert into CUSTOMERS (ID,WEB_ADDRESS,ACTIVE,COUNTRY,MAINADDRESS,MAINBILLINGADDRESS,ACTIVITY,CREATEDATE,UPDATEDATE,UPDATEDUSER,COMPY_NAME,FAX,PHONE,MOBILE,P_PHONE,P_MOBILE,EMAIL,CODE,VERSION,FK_ORIGIN,FK_MANAGER,FK_ASSOCIE) values (655,null,1,'LU',null,null,'Fournisseur de sable',to_timestamp('18/05/09 00:00:00,000000000','DD/MM/RR HH24:MI:SS,FF'),to_timestamp('18/05/09 00:00:00,000000000','DD/MM/RR HH24:MI:SS,FF'),null,'LUXLAIT SA',null,'20.45.96.369',null,null,null,'a.marx@sabliere.lu','12085',2,6,6,1);
Insert into CUSTOMERS (ID,WEB_ADDRESS,ACTIVE,COUNTRY,MAINADDRESS,MAINBILLINGADDRESS,ACTIVITY,CREATEDATE,UPDATEDATE,UPDATEDUSER,COMPY_NAME,FAX,PHONE,MOBILE,P_PHONE,P_MOBILE,EMAIL,CODE,VERSION,FK_ORIGIN,FK_MANAGER,FK_ASSOCIE) values (2,'0352 44 10 12 2000',1,'LU','Kirchberg','Kirchberg','EUROPEAN PARLIAMENT-canteen   
',null,null,null,'EUROPEAN PARLIAMENT-canteen','0352 44 10 12 2000','0352 44 10 12 2000',null,null,null,'contact@europarl.eu.lu','6464',1,5,5,1);
Insert into CUSTOMERS (ID,WEB_ADDRESS,ACTIVE,COUNTRY,MAINADDRESS,MAINBILLINGADDRESS,ACTIVITY,CREATEDATE,UPDATEDATE,UPDATEDUSER,COMPY_NAME,FAX,PHONE,MOBILE,P_PHONE,P_MOBILE,EMAIL,CODE,VERSION,FK_ORIGIN,FK_MANAGER,FK_ASSOCIE) values (3,null,1,'LU','Kirchberg','Kirchberg','Activity',null,null,null,'ANGLESEA CAPITAL SA','+352 44 10 12 2000','+352 44 10 12 2000',null,null,null,'example@server.lu','6565',2,2,5,2);
Insert into CUSTOMERS (ID,WEB_ADDRESS,ACTIVE,COUNTRY,MAINADDRESS,MAINBILLINGADDRESS,ACTIVITY,CREATEDATE,UPDATEDATE,UPDATEDUSER,COMPY_NAME,FAX,PHONE,MOBILE,P_PHONE,P_MOBILE,EMAIL,CODE,VERSION,FK_ORIGIN,FK_MANAGER,FK_ASSOCIE) values (15,null,1,'LU','Kirchberg','Kirchberg','Caryos SA',null,null,null,'Caryos SA',null,'+352 44 10 12 2000',null,null,null,'contact.email@wanadoo.fr','9291',1,3,5,2);
Insert into CUSTOMERS (ID,WEB_ADDRESS,ACTIVE,COUNTRY,MAINADDRESS,MAINBILLINGADDRESS,ACTIVITY,CREATEDATE,UPDATEDATE,UPDATEDUSER,COMPY_NAME,FAX,PHONE,MOBILE,P_PHONE,P_MOBILE,EMAIL,CODE,VERSION,FK_ORIGIN,FK_MANAGER,FK_ASSOCIE) values (16,null,1,'FR','Kirchberg','Kirchberg','Cologic
',null,null,null,'Cologic',null,'+ 333 45 96 33210254',null,null,null,'contact.email@pt.lu','9292',1,4,4,3);
Insert into CUSTOMERS (ID,WEB_ADDRESS,ACTIVE,COUNTRY,MAINADDRESS,MAINBILLINGADDRESS,ACTIVITY,CREATEDATE,UPDATEDATE,UPDATEDUSER,COMPY_NAME,FAX,PHONE,MOBILE,P_PHONE,P_MOBILE,EMAIL,CODE,VERSION,FK_ORIGIN,FK_MANAGER,FK_ASSOCIE) values (18,null,1,'LU','Nancy','Nancy','MATSA SA
',null,null,null,'MATSA SA',null,'+333 98 75 963210',null,null,null,'contact@email.fr','9294',1,2,6,7);
Insert into CUSTOMERS (ID,WEB_ADDRESS,ACTIVE,COUNTRY,MAINADDRESS,MAINBILLINGADDRESS,ACTIVITY,CREATEDATE,UPDATEDATE,UPDATEDUSER,COMPY_NAME,FAX,PHONE,MOBILE,P_PHONE,P_MOBILE,EMAIL,CODE,VERSION,FK_ORIGIN,FK_MANAGER,FK_ASSOCIE) values (19,null,1,'LU','Luxembourg','Luxembourg','Parfimat SA
',null,null,null,'Parfimat SA',null,'+352 44 52 69 78',null,null,null,'contactemail@sa.kh','9296',1,5,5,1);

---------------------------------------------------
--   END DATA FOR TABLE CUSTOMERS
---------------------------------------------------

---------------------------------------------------
--   DATA FOR TABLE EXERCISE_OBJECTIFS
--   FILTER = none used
---------------------------------------------------
REM INSERTING into EXERCISE_OBJECTIFS
Insert into EXERCISE_OBJECTIFS (ID,TAUX,ANNUAL,ANNUAL_CO,ROLE,FK_RESPONSABLE,FK_EXERCISE) values (368,0,26170972,79906,79906,'MANAGER',6,341);
Insert into EXERCISE_OBJECTIFS (ID,TAUX,ANNUAL,ANNUAL_CO,ROLE,FK_RESPONSABLE,FK_EXERCISE) values (369,0,3686555,112559,112559,'MANAGER',5,341);
Insert into EXERCISE_OBJECTIFS (ID,TAUX,ANNUAL,ANNUAL_CO,ROLE,FK_RESPONSABLE,FK_EXERCISE) values (370,0,33327985,101758,101758,'PARTNER',7,341);
Insert into EXERCISE_OBJECTIFS (ID,TAUX,ANNUAL,ANNUAL_CO,ROLE,FK_RESPONSABLE,FK_EXERCISE) values (371,0,27405402,83675,83675,'PARTNER',1,341);
Insert into EXERCISE_OBJECTIFS (ID,TAUX,ANNUAL,ANNUAL_CO,ROLE,FK_RESPONSABLE,FK_EXERCISE) values (372,0,15285452,46670,46670,'PARTNER',3,341);
Insert into EXERCISE_OBJECTIFS (ID,TAUX,ANNUAL,ANNUAL_CO,ROLE,FK_RESPONSABLE,FK_EXERCISE) values (373,0,23981161,73220,73220,'PARTNER',2,341);
Insert into EXERCISE_OBJECTIFS (ID,TAUX,ANNUAL,ANNUAL_CO,ROLE,FK_RESPONSABLE,FK_EXERCISE) values (374,0,36963478,112858,112858,'MANAGER',4,341);

---------------------------------------------------
--   END DATA FOR TABLE EXERCISE_OBJECTIFS
---------------------------------------------------

---------------------------------------------------
--   DATA FOR TABLE DOCS_INVOICES
--   FILTER = none used
---------------------------------------------------
REM INSERTING into DOCS_INVOICES

---------------------------------------------------
--   END DATA FOR TABLE DOCS_INVOICES
---------------------------------------------------

---------------------------------------------------
--   DATA FOR TABLE CONTRACTS
--   FILTER = none used
---------------------------------------------------
REM INSERTING into CONTRACTS
Insert into CONTRACTS (ID,REFERENCE,DESCRIPTION,FROMDATE,TODATE,DURATION,LANGUAGE,VAL,CUR,VERSION,MISSIONTYPE,AGREED,FK_CUSTOMER) values (1,'CARYOSSA_1','Caryos SA mission',to_timestamp('01/01/09 00:00:00,000000000','DD/MM/RR HH24:MI:SS,FF'),to_timestamp('31/12/10 00:00:00,000000000','DD/MM/RR HH24:MI:SS,FF'),null,'EN',12000,'EUR',0,'REVISION',0,15);
Insert into CONTRACTS (ID,REFERENCE,DESCRIPTION,FROMDATE,TODATE,DURATION,LANGUAGE,VAL,CUR,VERSION,MISSIONTYPE,AGREED,FK_CUSTOMER) values (21,'ANGLESEACAPITALSA_1','ANGLESEA CAPITAL SA',to_timestamp('01/01/09 00:00:00,000000000','DD/MM/RR HH24:MI:SS,FF'),to_timestamp('22/12/10 00:00:00,000000000','DD/MM/RR HH24:MI:SS,FF'),null,'EN',12300,'EUR',1,'CONSOLIDATION',1,3);
Insert into CONTRACTS (ID,REFERENCE,DESCRIPTION,FROMDATE,TODATE,DURATION,LANGUAGE,VAL,CUR,VERSION,MISSIONTYPE,AGREED,FK_CUSTOMER) values (22,'APKIEFFER_1','APKieffer',to_timestamp('01/01/09 00:00:00,000000000','DD/MM/RR HH24:MI:SS,FF'),to_timestamp('31/12/10 00:00:00,000000000','DD/MM/RR HH24:MI:SS,FF'),null,'FR',4500,'EUR',0,'COMMISSAIRE',1,14);
Insert into CONTRACTS (ID,REFERENCE,DESCRIPTION,FROMDATE,TODATE,DURATION,LANGUAGE,VAL,CUR,VERSION,MISSIONTYPE,AGREED,FK_CUSTOMER) values (23,'BORGLUXEMBOURGSA_1','BORG LUXEMBOURG SA',to_timestamp('01/01/09 00:00:00,000000000','DD/MM/RR HH24:MI:SS,FF'),to_timestamp('31/12/10 00:00:00,000000000','DD/MM/RR HH24:MI:SS,FF'),null,'DE',4698,'EUR',0,'REVISION',1,653);
Insert into CONTRACTS (ID,REFERENCE,DESCRIPTION,FROMDATE,TODATE,DURATION,LANGUAGE,VAL,CUR,VERSION,MISSIONTYPE,AGREED,FK_CUSTOMER) values (24,'COLOGIC_1','Cologic',to_timestamp('01/01/09 00:00:00,000000000','DD/MM/RR HH24:MI:SS,FF'),to_timestamp('01/01/11 00:00:00,000000000','DD/MM/RR HH24:MI:SS,FF'),null,'FR',4598,'EUR',0,'RAPPORT_DISTINCT_CAA',0,16);
Insert into CONTRACTS (ID,REFERENCE,DESCRIPTION,FROMDATE,TODATE,DURATION,LANGUAGE,VAL,CUR,VERSION,MISSIONTYPE,AGREED,FK_CUSTOMER) values (25,'DIMPEXSA_1','DIMPEX SA',to_timestamp('01/01/09 00:00:00,000000000','DD/MM/RR HH24:MI:SS,FF'),to_timestamp('31/12/10 00:00:00,000000000','DD/MM/RR HH24:MI:SS,FF'),null,'DE',12560,'EUR',0,'REVISION',1,651);
Insert into CONTRACTS (ID,REFERENCE,DESCRIPTION,FROMDATE,TODATE,DURATION,LANGUAGE,VAL,CUR,VERSION,MISSIONTYPE,AGREED,FK_CUSTOMER) values (26,'EASYDISTRIBUTIONSA(EXEASYCARSSA)_1','Easy Distribution SA (ex EASYCARS SA)',to_timestamp('01/01/09 00:00:00,000000000','DD/MM/RR HH24:MI:SS,FF'),to_timestamp('31/12/10 00:00:00,000000000','DD/MM/RR HH24:MI:SS,FF'),null,'EN',25000,'EUR',0,'OTHER',1,9);
Insert into CONTRACTS (ID,REFERENCE,DESCRIPTION,FROMDATE,TODATE,DURATION,LANGUAGE,VAL,CUR,VERSION,MISSIONTYPE,AGREED,FK_CUSTOMER) values (27,'EUROPEANPARLIAMENT-CANTEEN_1','EUROPEAN PARLIAMENT-canteen',to_timestamp('01/01/09 00:00:00,000000000','DD/MM/RR HH24:MI:SS,FF'),to_timestamp('31/12/10 00:00:00,000000000','DD/MM/RR HH24:MI:SS,FF'),null,'DE',12000,'EUR',0,'REVISION',0,2);
Insert into CONTRACTS (ID,REFERENCE,DESCRIPTION,FROMDATE,TODATE,DURATION,LANGUAGE,VAL,CUR,VERSION,MISSIONTYPE,AGREED,FK_CUSTOMER) values (28,'EUROPEANPARLIAMENT-IMPRESTQTRLYREVIEWS_1','EUROPEAN PARLIAMENT-Imprest qtrly reviews',to_timestamp('01/01/09 00:00:00,000000000','DD/MM/RR HH24:MI:SS,FF'),to_timestamp('31/12/10 00:00:00,000000000','DD/MM/RR HH24:MI:SS,FF'),null,'FR',14500,'EUR',0,'COMMISSAIRE',1,1);
Insert into CONTRACTS (ID,REFERENCE,DESCRIPTION,FROMDATE,TODATE,DURATION,LANGUAGE,VAL,CUR,VERSION,MISSIONTYPE,AGREED,FK_CUSTOMER) values (29,'EUROPEANPARLIAMENT-SUPERMARKET_1','EUROPEAN PARLIAMENT-supermarket',to_timestamp('01/01/09 00:00:00,000000000','DD/MM/RR HH24:MI:SS,FF'),to_timestamp('31/12/10 00:00:00,000000000','DD/MM/RR HH24:MI:SS,FF'),null,'DE',15600,'EUR',0,'RAPPORT_DISTINCT_CAA',1,4);
Insert into CONTRACTS (ID,REFERENCE,DESCRIPTION,FROMDATE,TODATE,DURATION,LANGUAGE,VAL,CUR,VERSION,MISSIONTYPE,AGREED,FK_CUSTOMER) values (30,'GAMETINVESTMENTSA_1','GAMET INVESTMENT SA',to_timestamp('01/01/09 00:00:00,000000000','DD/MM/RR HH24:MI:SS,FF'),to_timestamp('01/01/11 00:00:00,000000000','DD/MM/RR HH24:MI:SS,FF'),null,'DE',6000,'EUR',0,'REVISION',1,654);
Insert into CONTRACTS (ID,REFERENCE,DESCRIPTION,FROMDATE,TODATE,DURATION,LANGUAGE,VAL,CUR,VERSION,MISSIONTYPE,AGREED,FK_CUSTOMER) values (32,'HERMESPARTNERSTRUSTSERVICESSA_1','HERMES PARTNERS TRUST SERVICES SA',to_timestamp('04/01/09 00:00:00,000000000','DD/MM/RR HH24:MI:SS,FF'),to_timestamp('31/12/10 00:00:00,000000000','DD/MM/RR HH24:MI:SS,FF'),null,'FR',5360,'EUR',0,'RAPPORT_CONSOLIDATION',1,11);
Insert into CONTRACTS (ID,REFERENCE,DESCRIPTION,FROMDATE,TODATE,DURATION,LANGUAGE,VAL,CUR,VERSION,MISSIONTYPE,AGREED,FK_CUSTOMER) values (33,'HOLDUNSA_1','HOLDUN SA',to_timestamp('01/01/09 00:00:00,000000000','DD/MM/RR HH24:MI:SS,FF'),to_timestamp('31/12/10 00:00:00,000000000','DD/MM/RR HH24:MI:SS,FF'),null,'FR',8000,'EUR',0,'COMMISSAIRE',1,6);
Insert into CONTRACTS (ID,REFERENCE,DESCRIPTION,FROMDATE,TODATE,DURATION,LANGUAGE,VAL,CUR,VERSION,MISSIONTYPE,AGREED,FK_CUSTOMER) values (34,'HPMC1SÀRL_1','HPMC1 Sàrl',to_timestamp('01/01/09 00:00:00,000000000','DD/MM/RR HH24:MI:SS,FF'),to_timestamp('01/01/11 00:00:00,000000000','DD/MM/RR HH24:MI:SS,FF'),null,'EN',6000,'EUR',0,'OTHER',1,5);
Insert into CONTRACTS (ID,REFERENCE,DESCRIPTION,FROMDATE,TODATE,DURATION,LANGUAGE,VAL,CUR,VERSION,MISSIONTYPE,AGREED,FK_CUSTOMER) values (35,'INTRUMACORPORATESERVICESSA_1','Intruma Corporate Services SA',to_timestamp('01/01/09 00:00:00,000000000','DD/MM/RR HH24:MI:SS,FF'),to_timestamp('01/01/11 00:00:00,000000000','DD/MM/RR HH24:MI:SS,FF'),null,'EN',9870,'EUR',0,'COMMISSAIRE',1,12);
Insert into CONTRACTS (ID,REFERENCE,DESCRIPTION,FROMDATE,TODATE,DURATION,LANGUAGE,VAL,CUR,VERSION,MISSIONTYPE,AGREED,FK_CUSTOMER) values (36,'LAURADHOLDING_1','Laurad Holding',to_timestamp('01/01/09 00:00:00,000000000','DD/MM/RR HH24:MI:SS,FF'),to_timestamp('01/01/11 00:00:00,000000000','DD/MM/RR HH24:MI:SS,FF'),null,'DE',5600,'EUR',0,'RAPPORT_CONSOLIDATION',1,17);
Insert into CONTRACTS (ID,REFERENCE,DESCRIPTION,FROMDATE,TODATE,DURATION,LANGUAGE,VAL,CUR,VERSION,MISSIONTYPE,AGREED,FK_CUSTOMER) values (37,'LUXLAITSA_1','LUXLAIT SA',to_timestamp('01/01/09 00:00:00,000000000','DD/MM/RR HH24:MI:SS,FF'),to_timestamp('01/01/11 00:00:00,000000000','DD/MM/RR HH24:MI:SS,FF'),null,'EN',2000,'EUR',0,'REVISION',1,655);
Insert into CONTRACTS (ID,REFERENCE,DESCRIPTION,FROMDATE,TODATE,DURATION,LANGUAGE,VAL,CUR,VERSION,MISSIONTYPE,AGREED,FK_CUSTOMER) values (38,'LUXYSSA_1','Luxys SA',to_timestamp('01/01/09 00:00:00,000000000','DD/MM/RR HH24:MI:SS,FF'),to_timestamp('01/01/11 00:00:00,000000000','DD/MM/RR HH24:MI:SS,FF'),null,'FR',6300,'EUR',0,'RAPPORT_CONSOLIDATION',1,8);
Insert into CONTRACTS (ID,REFERENCE,DESCRIPTION,FROMDATE,TODATE,DURATION,LANGUAGE,VAL,CUR,VERSION,MISSIONTYPE,AGREED,FK_CUSTOMER) values (39,'MATSASA_1','MATSA',to_timestamp('01/01/09 00:00:00,000000000','DD/MM/RR HH24:MI:SS,FF'),to_timestamp('01/01/11 00:00:00,000000000','DD/MM/RR HH24:MI:SS,FF'),null,'DE',7895,'EUR',0,'CONSOLIDATION',1,18);
Insert into CONTRACTS (ID,REFERENCE,DESCRIPTION,FROMDATE,TODATE,DURATION,LANGUAGE,VAL,CUR,VERSION,MISSIONTYPE,AGREED,FK_CUSTOMER) values (40,'PARFIMATSA_1','Parfimat SA',to_timestamp('01/01/09 00:00:00,000000000','DD/MM/RR HH24:MI:SS,FF'),to_timestamp('01/01/11 00:00:00,000000000','DD/MM/RR HH24:MI:SS,FF'),null,'EN',8751,'EUR',0,'REVISION',1,19);
Insert into CONTRACTS (ID,REFERENCE,DESCRIPTION,FROMDATE,TODATE,DURATION,LANGUAGE,VAL,CUR,VERSION,MISSIONTYPE,AGREED,FK_CUSTOMER) values (41,'SABLIEREHEINSA_1','SABLIERE HEIN SA',to_timestamp('01/01/09 00:00:00,000000000','DD/MM/RR HH24:MI:SS,FF'),to_timestamp('31/12/10 00:00:00,000000000','DD/MM/RR HH24:MI:SS,FF'),null,'DE',6987,'EUR',0,'REVISION',1,650);
Insert into CONTRACTS (ID,REFERENCE,DESCRIPTION,FROMDATE,TODATE,DURATION,LANGUAGE,VAL,CUR,VERSION,MISSIONTYPE,AGREED,FK_CUSTOMER) values (42,'SCANCARGOSA_1','Scancargo SA',to_timestamp('01/01/09 00:00:00,000000000','DD/MM/RR HH24:MI:SS,FF'),to_timestamp('01/01/11 00:00:00,000000000','DD/MM/RR HH24:MI:SS,FF'),null,'FR',9876,'EUR',0,'REVISION',1,7);
Insert into CONTRACTS (ID,REFERENCE,DESCRIPTION,FROMDATE,TODATE,DURATION,LANGUAGE,VAL,CUR,VERSION,MISSIONTYPE,AGREED,FK_CUSTOMER) values (43,'SUMMERWINDSA_1','Summerwind SA',to_timestamp('01/01/09 00:00:00,000000000','DD/MM/RR HH24:MI:SS,FF'),to_timestamp('01/01/11 00:00:00,000000000','DD/MM/RR HH24:MI:SS,FF'),null,'EN',9874,'EUR',0,'REVISION',1,13);
Insert into CONTRACTS (ID,REFERENCE,DESCRIPTION,FROMDATE,TODATE,DURATION,LANGUAGE,VAL,CUR,VERSION,MISSIONTYPE,AGREED,FK_CUSTOMER) values (44,'WEISGERBEREXPERTISE_1','Weisgerber Expertise',to_timestamp('01/01/09 00:00:00,000000000','DD/MM/RR HH24:MI:SS,FF'),to_timestamp('01/01/11 00:00:00,000000000','DD/MM/RR HH24:MI:SS,FF'),null,'FR',16000,'EUR',0,'CONSOLIDATION',1,10);
Insert into CONTRACTS (ID,REFERENCE,DESCRIPTION,FROMDATE,TODATE,DURATION,LANGUAGE,VAL,CUR,VERSION,MISSIONTYPE,AGREED,FK_CUSTOMER) values (2,'GULFOILINTERNATIONALLTD_1','GULF OIL INTERNATIONAL LTD',to_timestamp('01/01/10 00:00:00,000000000','DD/MM/RR HH24:MI:SS,FF'),to_timestamp('31/12/10 00:00:00,000000000','DD/MM/RR HH24:MI:SS,FF'),null,'EN',14500,'EUR',0,'RAPPORT_CONSOLIDATION',1,652);
Insert into CONTRACTS (ID,REFERENCE,DESCRIPTION,FROMDATE,TODATE,DURATION,LANGUAGE,VAL,CUR,VERSION,MISSIONTYPE,AGREED,FK_CUSTOMER) values (232,'APKIEFFER_2','APKieffer',to_timestamp('01/01/10 00:00:00,000000000','DD/MM/RR HH24:MI:SS,FF'),to_timestamp('31/12/10 00:00:00,000000000','DD/MM/RR HH24:MI:SS,FF'),null,'EN',50000,'EUR',0,'RAPPORT_DISTINCT_CAA',1,14);

---------------------------------------------------
--   END DATA FOR TABLE CONTRACTS
---------------------------------------------------

---------------------------------------------------
--   DATA FOR TABLE EVENTS
--   FILTER = none used
---------------------------------------------------
REM INSERTING into EVENTS
Insert into EVENTS (ID,YEAR,MONTH,DAY,STARTHOUR,ENDHOUR,TYPE,TITLE,DATEOFEVENT,FK_EMPLOYEE,FK_MISSION,PRIXVENTE,PRIXREVIENT,COUTHORAIRE) values (463,2010,0,25,12,52,'CONGE','undefined',to_timestamp('25/01/10 06:57:16,000000000','DD/MM/RR HH24:MI:SS,FF'),4,null,125,120,80);
Insert into EVENTS (ID,YEAR,MONTH,DAY,STARTHOUR,ENDHOUR,TYPE,TITLE,DATEOFEVENT,FK_EMPLOYEE,FK_MISSION,PRIXVENTE,PRIXREVIENT,COUTHORAIRE) values (445,2010,0,18,0,24,'Caryos SA',null,to_timestamp('18/01/10 12:02:54,000000000','DD/MM/RR HH24:MI:SS,FF'),542,388,455,120,89);
Insert into EVENTS (ID,YEAR,MONTH,DAY,STARTHOUR,ENDHOUR,TYPE,TITLE,DATEOFEVENT,FK_EMPLOYEE,FK_MISSION,PRIXVENTE,PRIXREVIENT,COUTHORAIRE) values (448,2010,0,18,0,48,'DIMPEX SA',null,to_timestamp('18/01/10 07:57:17,000000000','DD/MM/RR HH24:MI:SS,FF'),4,402,125,120,80);
Insert into EVENTS (ID,YEAR,MONTH,DAY,STARTHOUR,ENDHOUR,TYPE,TITLE,DATEOFEVENT,FK_EMPLOYEE,FK_MISSION,PRIXVENTE,PRIXREVIENT,COUTHORAIRE) values (466,2010,0,26,0,24,'BORG LUXEMBOURG SA',null,to_timestamp('26/01/10 06:23:00,000000000','DD/MM/RR HH24:MI:SS,FF'),4,385,125,120,80);
Insert into EVENTS (ID,YEAR,MONTH,DAY,STARTHOUR,ENDHOUR,TYPE,TITLE,DATEOFEVENT,FK_EMPLOYEE,FK_MISSION,PRIXVENTE,PRIXREVIENT,COUTHORAIRE) values (467,2010,0,21,0,29,'CONGE',null,to_timestamp('21/01/10 06:55:30,000000000','DD/MM/RR HH24:MI:SS,FF'),545,null,170,150,100);
Insert into EVENTS (ID,YEAR,MONTH,DAY,STARTHOUR,ENDHOUR,TYPE,TITLE,DATEOFEVENT,FK_EMPLOYEE,FK_MISSION,PRIXVENTE,PRIXREVIENT,COUTHORAIRE) values (469,2010,0,26,24,47,'CONGE',null,to_timestamp('26/01/10 06:57:58,000000000','DD/MM/RR HH24:MI:SS,FF'),4,null,125,120,80);
Insert into EVENTS (ID,YEAR,MONTH,DAY,STARTHOUR,ENDHOUR,TYPE,TITLE,DATEOFEVENT,FK_EMPLOYEE,FK_MISSION,PRIXVENTE,PRIXREVIENT,COUTHORAIRE) values (471,2010,0,25,0,12,'MATSA SA',null,to_timestamp('25/01/10 06:59:25,000000000','DD/MM/RR HH24:MI:SS,FF'),4,392,125,120,80);
Insert into EVENTS (ID,YEAR,MONTH,DAY,STARTHOUR,ENDHOUR,TYPE,TITLE,DATEOFEVENT,FK_EMPLOYEE,FK_MISSION,PRIXVENTE,PRIXREVIENT,COUTHORAIRE) values (473,2010,0,21,29,52,'Luxys SA',null,to_timestamp('21/01/10 07:00:59,000000000','DD/MM/RR HH24:MI:SS,FF'),545,403,170,150,100);
Insert into EVENTS (ID,YEAR,MONTH,DAY,STARTHOUR,ENDHOUR,TYPE,TITLE,DATEOFEVENT,FK_EMPLOYEE,FK_MISSION,PRIXVENTE,PRIXREVIENT,COUTHORAIRE) values (474,2010,0,22,0,48,'CONGE',null,to_timestamp('22/01/10 07:07:43,000000000','DD/MM/RR HH24:MI:SS,FF'),545,null,170,150,100);
Insert into EVENTS (ID,YEAR,MONTH,DAY,STARTHOUR,ENDHOUR,TYPE,TITLE,DATEOFEVENT,FK_EMPLOYEE,FK_MISSION,PRIXVENTE,PRIXREVIENT,COUTHORAIRE) values (475,2010,0,27,0,6,'FACTURATION',null,to_timestamp('27/01/10 07:23:29,000000000','DD/MM/RR HH24:MI:SS,FF'),4,null,125,120,80);
Insert into EVENTS (ID,YEAR,MONTH,DAY,STARTHOUR,ENDHOUR,TYPE,TITLE,DATEOFEVENT,FK_EMPLOYEE,FK_MISSION,PRIXVENTE,PRIXREVIENT,COUTHORAIRE) values (476,2010,0,27,11,20,'MALADIE','undefined',to_timestamp('27/01/10 07:28:38,000000000','DD/MM/RR HH24:MI:SS,FF'),4,null,125,120,80);
Insert into EVENTS (ID,YEAR,MONTH,DAY,STARTHOUR,ENDHOUR,TYPE,TITLE,DATEOFEVENT,FK_EMPLOYEE,FK_MISSION,PRIXVENTE,PRIXREVIENT,COUTHORAIRE) values (481,2010,0,19,0,18,'JOUR FERIE',null,to_timestamp('19/01/10 07:35:34,000000000','DD/MM/RR HH24:MI:SS,FF'),4,null,125,120,80);
Insert into EVENTS (ID,YEAR,MONTH,DAY,STARTHOUR,ENDHOUR,TYPE,TITLE,DATEOFEVENT,FK_EMPLOYEE,FK_MISSION,PRIXVENTE,PRIXREVIENT,COUTHORAIRE) values (926,2010,1,34,0,52,'ANGLESEA CAPITAL SA',null,to_timestamp('03/02/10 08:44:31,000000000','DD/MM/RR HH24:MI:SS,FF'),543,386,120,115,90);
Insert into EVENTS (ID,YEAR,MONTH,DAY,STARTHOUR,ENDHOUR,TYPE,TITLE,DATEOFEVENT,FK_EMPLOYEE,FK_MISSION,PRIXVENTE,PRIXREVIENT,COUTHORAIRE) values (479,2010,0,26,47,52,'FACTURATION',null,to_timestamp('26/01/10 07:27:11,000000000','DD/MM/RR HH24:MI:SS,FF'),4,null,125,120,80);
Insert into EVENTS (ID,YEAR,MONTH,DAY,STARTHOUR,ENDHOUR,TYPE,TITLE,DATEOFEVENT,FK_EMPLOYEE,FK_MISSION,PRIXVENTE,PRIXREVIENT,COUTHORAIRE) values (907,2010,1,37,0,52,'CONGE','undefined',to_timestamp('06/02/10 05:40:37,000000000','DD/MM/RR HH24:MI:SS,FF'),4,null,125,120,80);
Insert into EVENTS (ID,YEAR,MONTH,DAY,STARTHOUR,ENDHOUR,TYPE,TITLE,DATEOFEVENT,FK_EMPLOYEE,FK_MISSION,PRIXVENTE,PRIXREVIENT,COUTHORAIRE) values (742,2010,1,32,0,44,'BORG LUXEMBOURG SA',null,to_timestamp('01/02/10 07:19:19,000000000','DD/MM/RR HH24:MI:SS,FF'),4,385,125,120,80);
Insert into EVENTS (ID,YEAR,MONTH,DAY,STARTHOUR,ENDHOUR,TYPE,TITLE,DATEOFEVENT,FK_EMPLOYEE,FK_MISSION,PRIXVENTE,PRIXREVIENT,COUTHORAIRE) values (484,2010,0,27,6,11,'LUXLAIT SA',null,to_timestamp('27/01/10 07:40:01,000000000','DD/MM/RR HH24:MI:SS,FF'),4,382,125,120,80);
Insert into EVENTS (ID,YEAR,MONTH,DAY,STARTHOUR,ENDHOUR,TYPE,TITLE,DATEOFEVENT,FK_EMPLOYEE,FK_MISSION,PRIXVENTE,PRIXREVIENT,COUTHORAIRE) values (486,2010,0,27,20,51,'APKieffer',null,to_timestamp('27/01/10 07:40:34,000000000','DD/MM/RR HH24:MI:SS,FF'),4,400,125,120,80);
Insert into EVENTS (ID,YEAR,MONTH,DAY,STARTHOUR,ENDHOUR,TYPE,TITLE,DATEOFEVENT,FK_EMPLOYEE,FK_MISSION,PRIXVENTE,PRIXREVIENT,COUTHORAIRE) values (882,2010,1,33,0,19,'Luxys SA',null,to_timestamp('02/02/10 20:16:47,000000000','DD/MM/RR HH24:MI:SS,FF'),241,403,0,0,0);
Insert into EVENTS (ID,YEAR,MONTH,DAY,STARTHOUR,ENDHOUR,TYPE,TITLE,DATEOFEVENT,FK_EMPLOYEE,FK_MISSION,PRIXVENTE,PRIXREVIENT,COUTHORAIRE) values (930,2010,1,32,0,52,'Caryos SA',null,to_timestamp('01/02/10 08:46:03,000000000','DD/MM/RR HH24:MI:SS,FF'),545,388,170,150,100);
Insert into EVENTS (ID,YEAR,MONTH,DAY,STARTHOUR,ENDHOUR,TYPE,TITLE,DATEOFEVENT,FK_EMPLOYEE,FK_MISSION,PRIXVENTE,PRIXREVIENT,COUTHORAIRE) values (932,2010,1,33,0,52,'DIMPEX SA',null,to_timestamp('02/02/10 08:46:18,000000000','DD/MM/RR HH24:MI:SS,FF'),545,402,170,150,100);
Insert into EVENTS (ID,YEAR,MONTH,DAY,STARTHOUR,ENDHOUR,TYPE,TITLE,DATEOFEVENT,FK_EMPLOYEE,FK_MISSION,PRIXVENTE,PRIXREVIENT,COUTHORAIRE) values (984,2010,1,32,44,52,'FACTURATION',null,to_timestamp('01/02/10 17:31:37,000000000','DD/MM/RR HH24:MI:SS,FF'),4,null,125,120,80);
Insert into EVENTS (ID,YEAR,MONTH,DAY,STARTHOUR,ENDHOUR,TYPE,TITLE,DATEOFEVENT,FK_EMPLOYEE,FK_MISSION,PRIXVENTE,PRIXREVIENT,COUTHORAIRE) values (985,2010,1,33,48,52,'JOUR FERIE',null,to_timestamp('02/02/10 17:31:52,000000000','DD/MM/RR HH24:MI:SS,FF'),4,null,125,120,80);
Insert into EVENTS (ID,YEAR,MONTH,DAY,STARTHOUR,ENDHOUR,TYPE,TITLE,DATEOFEVENT,FK_EMPLOYEE,FK_MISSION,PRIXVENTE,PRIXREVIENT,COUTHORAIRE) values (921,2010,1,32,0,52,'Caryos SA',null,to_timestamp('01/02/10 08:13:17,000000000','DD/MM/RR HH24:MI:SS,FF'),543,388,120,115,90);
Insert into EVENTS (ID,YEAR,MONTH,DAY,STARTHOUR,ENDHOUR,TYPE,TITLE,DATEOFEVENT,FK_EMPLOYEE,FK_MISSION,PRIXVENTE,PRIXREVIENT,COUTHORAIRE) values (925,2010,1,33,0,52,'DIMPEX SA',null,to_timestamp('02/02/10 08:44:19,000000000','DD/MM/RR HH24:MI:SS,FF'),543,402,120,115,90);
Insert into EVENTS (ID,YEAR,MONTH,DAY,STARTHOUR,ENDHOUR,TYPE,TITLE,DATEOFEVENT,FK_EMPLOYEE,FK_MISSION,PRIXVENTE,PRIXREVIENT,COUTHORAIRE) values (413,2010,0,22,0,28,'ANGLESEA CAPITAL SA',null,to_timestamp('22/01/10 21:27:13,000000000','DD/MM/RR HH24:MI:SS,FF'),542,386,455,120,89);
Insert into EVENTS (ID,YEAR,MONTH,DAY,STARTHOUR,ENDHOUR,TYPE,TITLE,DATEOFEVENT,FK_EMPLOYEE,FK_MISSION,PRIXVENTE,PRIXREVIENT,COUTHORAIRE) values (409,2010,0,20,0,20,'ANGLESEA CAPITAL SA',null,to_timestamp('20/01/10 21:26:16,000000000','DD/MM/RR HH24:MI:SS,FF'),543,386,120,115,90);
Insert into EVENTS (ID,YEAR,MONTH,DAY,STARTHOUR,ENDHOUR,TYPE,TITLE,DATEOFEVENT,FK_EMPLOYEE,FK_MISSION,PRIXVENTE,PRIXREVIENT,COUTHORAIRE) values (411,2010,0,20,0,40,'ANGLESEA CAPITAL SA',null,to_timestamp('20/01/10 21:26:53,000000000','DD/MM/RR HH24:MI:SS,FF'),545,386,170,150,100);
Insert into EVENTS (ID,YEAR,MONTH,DAY,STARTHOUR,ENDHOUR,TYPE,TITLE,DATEOFEVENT,FK_EMPLOYEE,FK_MISSION,PRIXVENTE,PRIXREVIENT,COUTHORAIRE) values (761,2010,1,32,0,48,'FACTURATION','undefined',to_timestamp('01/02/10 20:57:47,000000000','DD/MM/RR HH24:MI:SS,FF'),541,null,150,120,100);
Insert into EVENTS (ID,YEAR,MONTH,DAY,STARTHOUR,ENDHOUR,TYPE,TITLE,DATEOFEVENT,FK_EMPLOYEE,FK_MISSION,PRIXVENTE,PRIXREVIENT,COUTHORAIRE) values (468,2010,0,20,40,52,'CONGE','undefined',to_timestamp('20/01/10 07:01:21,000000000','DD/MM/RR HH24:MI:SS,FF'),545,null,170,150,100);
Insert into EVENTS (ID,YEAR,MONTH,DAY,STARTHOUR,ENDHOUR,TYPE,TITLE,DATEOFEVENT,FK_EMPLOYEE,FK_MISSION,PRIXVENTE,PRIXREVIENT,COUTHORAIRE) values (762,2010,1,33,0,48,'ORGANISATION',null,to_timestamp('02/02/10 21:27:55,000000000','DD/MM/RR HH24:MI:SS,FF'),541,null,150,120,100);
Insert into EVENTS (ID,YEAR,MONTH,DAY,STARTHOUR,ENDHOUR,TYPE,TITLE,DATEOFEVENT,FK_EMPLOYEE,FK_MISSION,PRIXVENTE,PRIXREVIENT,COUTHORAIRE) values (766,2010,1,36,0,48,'FORMATION',null,to_timestamp('05/02/10 21:29:44,000000000','DD/MM/RR HH24:MI:SS,FF'),541,null,150,120,100);
Insert into EVENTS (ID,YEAR,MONTH,DAY,STARTHOUR,ENDHOUR,TYPE,TITLE,DATEOFEVENT,FK_EMPLOYEE,FK_MISSION,PRIXVENTE,PRIXREVIENT,COUTHORAIRE) values (764,2010,1,34,0,48,'CONGE',null,to_timestamp('03/02/10 21:29:06,000000000','DD/MM/RR HH24:MI:SS,FF'),541,null,150,120,100);
Insert into EVENTS (ID,YEAR,MONTH,DAY,STARTHOUR,ENDHOUR,TYPE,TITLE,DATEOFEVENT,FK_EMPLOYEE,FK_MISSION,PRIXVENTE,PRIXREVIENT,COUTHORAIRE) values (846,2010,1,33,0,48,'DIMPEX SA',null,to_timestamp('02/02/10 22:14:15,000000000','DD/MM/RR HH24:MI:SS,FF'),4,402,125,120,80);
Insert into EVENTS (ID,YEAR,MONTH,DAY,STARTHOUR,ENDHOUR,TYPE,TITLE,DATEOFEVENT,FK_EMPLOYEE,FK_MISSION,PRIXVENTE,PRIXREVIENT,COUTHORAIRE) values (850,2010,1,35,0,16,'EUROPEAN PARLIAMENT-canteen','undefined',to_timestamp('04/02/10 22:16:48,000000000','DD/MM/RR HH24:MI:SS,FF'),4,383,125,120,80);
Insert into EVENTS (ID,YEAR,MONTH,DAY,STARTHOUR,ENDHOUR,TYPE,TITLE,DATEOFEVENT,FK_EMPLOYEE,FK_MISSION,PRIXVENTE,PRIXREVIENT,COUTHORAIRE) values (848,2010,1,34,0,48,'BORG LUXEMBOURG SA','undefined',to_timestamp('03/02/10 22:15:33,000000000','DD/MM/RR HH24:MI:SS,FF'),4,385,125,120,80);
Insert into EVENTS (ID,YEAR,MONTH,DAY,STARTHOUR,ENDHOUR,TYPE,TITLE,DATEOFEVENT,FK_EMPLOYEE,FK_MISSION,PRIXVENTE,PRIXREVIENT,COUTHORAIRE) values (852,2010,1,35,16,48,'GULF OIL INTERNATIONAL LTD',null,to_timestamp('04/02/10 22:16:11,000000000','DD/MM/RR HH24:MI:SS,FF'),4,407,125,120,80);
Insert into EVENTS (ID,YEAR,MONTH,DAY,STARTHOUR,ENDHOUR,TYPE,TITLE,DATEOFEVENT,FK_EMPLOYEE,FK_MISSION,PRIXVENTE,PRIXREVIENT,COUTHORAIRE) values (856,2010,1,36,0,12,'Caryos SA',null,to_timestamp('05/02/10 22:17:04,000000000','DD/MM/RR HH24:MI:SS,FF'),4,388,125,120,80);
Insert into EVENTS (ID,YEAR,MONTH,DAY,STARTHOUR,ENDHOUR,TYPE,TITLE,DATEOFEVENT,FK_EMPLOYEE,FK_MISSION,PRIXVENTE,PRIXREVIENT,COUTHORAIRE) values (858,2010,1,36,12,48,'EUROPEAN PARLIAMENT-Imprest qtrly reviews','undefined',to_timestamp('05/02/10 05:32:09,000000000','DD/MM/RR HH24:MI:SS,FF'),4,393,125,120,80);

---------------------------------------------------
--   END DATA FOR TABLE EVENTS
---------------------------------------------------

---------------------------------------------------
--   DATA FOR TABLE DOCUMENTS
--   FILTER = none used
---------------------------------------------------
REM INSERTING into DOCUMENTS
Insert into DOCUMENTS (ID,FILE_NAME,DESCRIPTION,CREATEDATE,UPDATEDATE,TITLE,VERSION,OWNER) values (947,'SOA_Best_Practices_3_Days.doc','revision',to_timestamp('07/02/10 13:48:55,000000000','DD/MM/RR HH24:MI:SS,FF'),null,'revision',0,543);

---------------------------------------------------
--   END DATA FOR TABLE DOCUMENTS
---------------------------------------------------

---------------------------------------------------
--   DATA FOR TABLE PAYMENTS
--   FILTER = none used
---------------------------------------------------
REM INSERTING into PAYMENTS
Insert into PAYMENTS (ID,CODE,REFERENCE,CUSTOMERNAME,AMOUNT,CURRENCY,PAYMENTDATE,VERSION,FK_FACTURE) values (491,'BGLLLULL','P_F-20101_1','ANGLESEA CAPITAL SA',10000,'EUR',to_timestamp('31/01/10 00:00:00,000000000','DD/MM/RR HH24:MI:SS,FF'),0,414);

---------------------------------------------------
--   END DATA FOR TABLE PAYMENTS
---------------------------------------------------

---------------------------------------------------
--   DATA FOR TABLE INVOICES
--   FILTER = none used
---------------------------------------------------
REM INSERTING into INVOICES
Insert into INVOICES (DTYPE,ID,VERSION,TYPE,DATEFACTURE,SENTDATE,DATEOFPAYMENT,CURRENCY,YEAR,LIBELLE,AMOUNT,REFERENCE,STATUS,TOTALWORKEDHOURS,TOTALADVANCES,TOTALEXTRACOSTS,FINALBILL_ID,PROJECT_ID) values ('AdvanceInvoice',446,0,'AD',to_timestamp('24/01/10 00:00:00,000000000','DD/MM/RR HH24:MI:SS,FF'),null,null,'EUR','2010','avance',560,'F-20103','pending',null,null,null,null,388);
Insert into INVOICES (DTYPE,ID,VERSION,TYPE,DATEFACTURE,SENTDATE,DATEOFPAYMENT,CURRENCY,YEAR,LIBELLE,AMOUNT,REFERENCE,STATUS,TOTALWORKEDHOURS,TOTALADVANCES,TOTALEXTRACOSTS,FINALBILL_ID,PROJECT_ID) values ('AdvanceInvoice',414,1,'AD',to_timestamp('20/01/10 00:00:00,000000000','DD/MM/RR HH24:MI:SS,FF'),to_timestamp('24/01/10 00:00:00,000000000','DD/MM/RR HH24:MI:SS,FF'),null,'EUR','2010','avance',2635,25,'F-20101','sent',null,null,null,null,386);
Insert into INVOICES (DTYPE,ID,VERSION,TYPE,DATEFACTURE,SENTDATE,DATEOFPAYMENT,CURRENCY,YEAR,LIBELLE,AMOUNT,REFERENCE,STATUS,TOTALWORKEDHOURS,TOTALADVANCES,TOTALEXTRACOSTS,FINALBILL_ID,PROJECT_ID) values ('AdvanceInvoice',422,2,'AD',to_timestamp('21/01/10 00:00:00,000000000','DD/MM/RR HH24:MI:SS,FF'),to_timestamp('31/01/10 00:00:00,000000000','DD/MM/RR HH24:MI:SS,FF'),null,'EUR','2010','avance 2',5000,'F-20102','sent',null,null,null,null,386);

---------------------------------------------------
--   END DATA FOR TABLE INVOICES
---------------------------------------------------

---------------------------------------------------
--   DATA FOR TABLE CONTACTS
--   FILTER = none used
---------------------------------------------------
REM INSERTING into CONTACTS
Insert into CONTACTS (ID,NAME,F_NAME,L_NAME,JOB,B_PHONE,B_MOBILE,B_FAX,P_PHONE,P_MOBILE,B_EMAIL,P_EMAIL,B_WEB_ADDR,ACTIVE,B_ACTIVITY,UPDATEDUSER,COMPANY,ADDRESS,CREATEDATE,UPDATEDATE,VERSION,FK_CUSTOMER) values (233,'Jones','Brian','Jones','Commercial','1245633',null,null,'1245633','1245633','contact@europarl.eu.lu','brian.jones@fortis.lu',null,1,'EUROPEAN PARLIAMENT-Imprest qtrly reviews   
',null,'EUROPEAN PARLIAMENT-Imprest qtrly reviews',null,to_timestamp('10/01/10 00:00:00,000000000','DD/MM/RR HH24:MI:SS,FF'),to_timestamp('15/01/10 00:00:00,000000000','DD/MM/RR HH24:MI:SS,FF'),1,1);
Insert into CONTACTS (ID,NAME,F_NAME,L_NAME,JOB,B_PHONE,B_MOBILE,B_FAX,P_PHONE,P_MOBILE,B_EMAIL,P_EMAIL,B_WEB_ADDR,ACTIVE,B_ACTIVITY,UPDATEDUSER,COMPANY,ADDRESS,CREATEDATE,UPDATEDATE,VERSION,FK_CUSTOMER) values (261,'Clark','Jones','Clark','Commercial','12 30 45 69',null,null,'12 30 45 69','12 30 45 69','example@server.lu','jones.clark@sgbt.lu',null,1,'Activity',null,'ANGLESEA CAPITAL SA',null,to_timestamp('15/01/10 00:00:00,000000000','DD/MM/RR HH24:MI:SS,FF'),to_timestamp('15/01/10 00:00:00,000000000','DD/MM/RR HH24:MI:SS,FF'),0,3);

---------------------------------------------------
--   END DATA FOR TABLE CONTACTS
---------------------------------------------------
--------------------------------------------------------
--  Constraints for Table ACCESS_RIGHTS
--------------------------------------------------------

  ALTER TABLE "ACCESS_RIGHTS" MODIFY ("ID" NOT NULL ENABLE);
 
  ALTER TABLE "ACCESS_RIGHTS" MODIFY ("ACTIVE" NOT NULL ENABLE);
 
  ALTER TABLE "ACCESS_RIGHTS" MODIFY ("FK_RIGHT" NOT NULL ENABLE);
 
  ALTER TABLE "ACCESS_RIGHTS" MODIFY ("FK_EMPLOYEE" NOT NULL ENABLE);
 
  ALTER TABLE "ACCESS_RIGHTS" ADD PRIMARY KEY ("ID") ENABLE;
--------------------------------------------------------
--  Constraints for Table ACTIVITIES
--------------------------------------------------------

  ALTER TABLE "ACTIVITIES" MODIFY ("ID" NOT NULL ENABLE);
 
  ALTER TABLE "ACTIVITIES" MODIFY ("VERSION" NOT NULL ENABLE);
 
  ALTER TABLE "ACTIVITIES" MODIFY ("STARTDATE" NOT NULL ENABLE);
 
  ALTER TABLE "ACTIVITIES" MODIFY ("FK_EMPLOYEE" NOT NULL ENABLE);
 
  ALTER TABLE "ACTIVITIES" ADD PRIMARY KEY ("ID") ENABLE;
--------------------------------------------------------
--  Constraints for Table BANKS
--------------------------------------------------------

  ALTER TABLE "BANKS" MODIFY ("ID" NOT NULL ENABLE);
 
  ALTER TABLE "BANKS" MODIFY ("NAME" NOT NULL ENABLE);
 
  ALTER TABLE "BANKS" MODIFY ("CODE" NOT NULL ENABLE);
 
  ALTER TABLE "BANKS" MODIFY ("ACCOUNT" NOT NULL ENABLE);
 
  ALTER TABLE "BANKS" MODIFY ("ACTIVE" NOT NULL ENABLE);
 
  ALTER TABLE "BANKS" ADD PRIMARY KEY ("ID") ENABLE;
 
  ALTER TABLE "BANKS" ADD UNIQUE ("NAME") ENABLE;
 
  ALTER TABLE "BANKS" ADD UNIQUE ("CODE") ENABLE;
 
  ALTER TABLE "BANKS" ADD UNIQUE ("ACCOUNT") ENABLE;
--------------------------------------------------------
--  Constraints for Table BUDGETS
--------------------------------------------------------

  ALTER TABLE "BUDGETS" MODIFY ("ID" NOT NULL ENABLE);
 
  ALTER TABLE "BUDGETS" MODIFY ("VERSION" NOT NULL ENABLE);
 
  ALTER TABLE "BUDGETS" MODIFY ("EXP_AMOUNT" NOT NULL ENABLE);
 
  ALTER TABLE "BUDGETS" MODIFY ("FK_ASSOCIE" NOT NULL ENABLE);
 
  ALTER TABLE "BUDGETS" MODIFY ("FK_CONTRACT" NOT NULL ENABLE);
 
  ALTER TABLE "BUDGETS" MODIFY ("FK_EXERCISE" NOT NULL ENABLE);
 
  ALTER TABLE "BUDGETS" MODIFY ("FK_MANAGER" NOT NULL ENABLE);
 
  ALTER TABLE "BUDGETS" ADD PRIMARY KEY ("ID") ENABLE;
--------------------------------------------------------
--  Constraints for Table CONTACTS
--------------------------------------------------------

  ALTER TABLE "CONTACTS" MODIFY ("ID" NOT NULL ENABLE);
 
  ALTER TABLE "CONTACTS" MODIFY ("NAME" NOT NULL ENABLE);
 
  ALTER TABLE "CONTACTS" MODIFY ("F_NAME" NOT NULL ENABLE);
 
  ALTER TABLE "CONTACTS" MODIFY ("L_NAME" NOT NULL ENABLE);
 
  ALTER TABLE "CONTACTS" MODIFY ("P_PHONE" NOT NULL ENABLE);
 
  ALTER TABLE "CONTACTS" MODIFY ("ACTIVE" NOT NULL ENABLE);
 
  ALTER TABLE "CONTACTS" MODIFY ("COMPANY" NOT NULL ENABLE);
 
  ALTER TABLE "CONTACTS" MODIFY ("VERSION" NOT NULL ENABLE);
 
  ALTER TABLE "CONTACTS" MODIFY ("FK_CUSTOMER" NOT NULL ENABLE);
 
  ALTER TABLE "CONTACTS" ADD PRIMARY KEY ("ID") ENABLE;
--------------------------------------------------------
--  Constraints for Table CONTRACTS
--------------------------------------------------------

  ALTER TABLE "CONTRACTS" MODIFY ("ID" NOT NULL ENABLE);
 
  ALTER TABLE "CONTRACTS" MODIFY ("VAL" NOT NULL ENABLE);
 
  ALTER TABLE "CONTRACTS" MODIFY ("CUR" NOT NULL ENABLE);
 
  ALTER TABLE "CONTRACTS" MODIFY ("VERSION" NOT NULL ENABLE);
 
  ALTER TABLE "CONTRACTS" MODIFY ("MISSIONTYPE" NOT NULL ENABLE);
 
  ALTER TABLE "CONTRACTS" ADD PRIMARY KEY ("ID") ENABLE;
--------------------------------------------------------
--  Constraints for Table CUSTOMERS
--------------------------------------------------------

  ALTER TABLE "CUSTOMERS" MODIFY ("ID" NOT NULL ENABLE);
 
  ALTER TABLE "CUSTOMERS" MODIFY ("ACTIVE" NOT NULL ENABLE);
 
  ALTER TABLE "CUSTOMERS" MODIFY ("CODE" NOT NULL ENABLE);
 
  ALTER TABLE "CUSTOMERS" MODIFY ("VERSION" NOT NULL ENABLE);
 
  ALTER TABLE "CUSTOMERS" MODIFY ("FK_MANAGER" NOT NULL ENABLE);
 
  ALTER TABLE "CUSTOMERS" MODIFY ("FK_ASSOCIE" NOT NULL ENABLE);
 
  ALTER TABLE "CUSTOMERS" ADD PRIMARY KEY ("ID") ENABLE;
 
  ALTER TABLE "CUSTOMERS" ADD UNIQUE ("COMPY_NAME") ENABLE;
 
  ALTER TABLE "CUSTOMERS" ADD UNIQUE ("CODE") ENABLE;
--------------------------------------------------------
--  Constraints for Table DECLARATIONS
--------------------------------------------------------

  ALTER TABLE "DECLARATIONS" MODIFY ("ID" NOT NULL ENABLE);
 
  ALTER TABLE "DECLARATIONS" MODIFY ("DECLARATION" NOT NULL ENABLE);
 
  ALTER TABLE "DECLARATIONS" MODIFY ("PASSPORT" NOT NULL ENABLE);
 
  ALTER TABLE "DECLARATIONS" MODIFY ("ACTIVE" NOT NULL ENABLE);
 
  ALTER TABLE "DECLARATIONS" ADD PRIMARY KEY ("ID") ENABLE;
--------------------------------------------------------
--  Constraints for Table DOCS_INVOICES
--------------------------------------------------------

  ALTER TABLE "DOCS_INVOICES" MODIFY ("ID_INVOICE" NOT NULL ENABLE);
 
  ALTER TABLE "DOCS_INVOICES" MODIFY ("ID_DOCUMENT" NOT NULL ENABLE);
--------------------------------------------------------
--  Constraints for Table DOCS_MISSIONS
--------------------------------------------------------

  ALTER TABLE "DOCS_MISSIONS" MODIFY ("ID_MISSION" NOT NULL ENABLE);
 
  ALTER TABLE "DOCS_MISSIONS" MODIFY ("ID_DOCUMENT" NOT NULL ENABLE);
 
  ALTER TABLE "DOCS_MISSIONS" ADD PRIMARY KEY ("ID_MISSION", "ID_DOCUMENT") ENABLE;
--------------------------------------------------------
--  Constraints for Table DOCUMENT_INVOICES
--------------------------------------------------------

  ALTER TABLE "DOCUMENT_INVOICES" MODIFY ("DOCUMENT_ID" NOT NULL ENABLE);
 
  ALTER TABLE "DOCUMENT_INVOICES" MODIFY ("INVOICE_ID" NOT NULL ENABLE);
 
  ALTER TABLE "DOCUMENT_INVOICES" ADD PRIMARY KEY ("DOCUMENT_ID", "INVOICE_ID") ENABLE;
--------------------------------------------------------
--  Constraints for Table DOCUMENTS
--------------------------------------------------------

  ALTER TABLE "DOCUMENTS" MODIFY ("ID" NOT NULL ENABLE);
 
  ALTER TABLE "DOCUMENTS" MODIFY ("VERSION" NOT NULL ENABLE);
 
  ALTER TABLE "DOCUMENTS" ADD PRIMARY KEY ("ID") ENABLE;
--------------------------------------------------------
--  Constraints for Table EMPLOYEES
--------------------------------------------------------

  ALTER TABLE "EMPLOYEES" MODIFY ("ID" NOT NULL ENABLE);
 
  ALTER TABLE "EMPLOYEES" MODIFY ("VERSION" NOT NULL ENABLE);
 
  ALTER TABLE "EMPLOYEES" MODIFY ("PRIXVENTE" NOT NULL ENABLE);
 
  ALTER TABLE "EMPLOYEES" MODIFY ("PRIXREVIENT" NOT NULL ENABLE);
 
  ALTER TABLE "EMPLOYEES" MODIFY ("COUTHORAIRE" NOT NULL ENABLE);
 
  ALTER TABLE "EMPLOYEES" ADD PRIMARY KEY ("ID") ENABLE;
 
  ALTER TABLE "EMPLOYEES" ADD UNIQUE ("LOGIN") ENABLE;
--------------------------------------------------------
--  Constraints for Table EVENTS
--------------------------------------------------------

  ALTER TABLE "EVENTS" MODIFY ("ID" NOT NULL ENABLE);
 
  ALTER TABLE "EVENTS" MODIFY ("YEAR" NOT NULL ENABLE);
 
  ALTER TABLE "EVENTS" MODIFY ("MONTH" NOT NULL ENABLE);
 
  ALTER TABLE "EVENTS" MODIFY ("DAY" NOT NULL ENABLE);
 
  ALTER TABLE "EVENTS" MODIFY ("STARTHOUR" NOT NULL ENABLE);
 
  ALTER TABLE "EVENTS" MODIFY ("ENDHOUR" NOT NULL ENABLE);
 
  ALTER TABLE "EVENTS" MODIFY ("FK_EMPLOYEE" NOT NULL ENABLE);
 
  ALTER TABLE "EVENTS" ADD PRIMARY KEY ("ID") ENABLE;
--------------------------------------------------------
--  Constraints for Table EXERCISE_OBJECTIFS
--------------------------------------------------------

  ALTER TABLE "EXERCISE_OBJECTIFS" MODIFY ("ID" NOT NULL ENABLE);
 
  ALTER TABLE "EXERCISE_OBJECTIFS" MODIFY ("FK_RESPONSABLE" NOT NULL ENABLE);
 
  ALTER TABLE "EXERCISE_OBJECTIFS" MODIFY ("FK_EXERCISE" NOT NULL ENABLE);
 
  ALTER TABLE "EXERCISE_OBJECTIFS" ADD PRIMARY KEY ("ID") ENABLE;
--------------------------------------------------------
--  Constraints for Table EXERCISE_RESULTS
--------------------------------------------------------

  ALTER TABLE "EXERCISE_RESULTS" MODIFY ("ID" NOT NULL ENABLE);
 
  ALTER TABLE "EXERCISE_RESULTS" MODIFY ("FK_EXERCISE" NOT NULL ENABLE);
 
  ALTER TABLE "EXERCISE_RESULTS" MODIFY ("FK_RESPONSABLE" NOT NULL ENABLE);
 
  ALTER TABLE "EXERCISE_RESULTS" ADD PRIMARY KEY ("ID") ENABLE;
--------------------------------------------------------
--  Constraints for Table EXERCISES
--------------------------------------------------------

  ALTER TABLE "EXERCISES" MODIFY ("ID" NOT NULL ENABLE);
 
  ALTER TABLE "EXERCISES" MODIFY ("VERSION" NOT NULL ENABLE);
 
  ALTER TABLE "EXERCISES" MODIFY ("YEAR" NOT NULL ENABLE);
 
  ALTER TABLE "EXERCISES" MODIFY ("ISAPPPROVED" NOT NULL ENABLE);
 
  ALTER TABLE "EXERCISES" MODIFY ("TOT_EXP_AMOUNT" NOT NULL ENABLE);
 
  ALTER TABLE "EXERCISES" MODIFY ("INFLATIONPERCENTAGE" NOT NULL ENABLE);
 
  ALTER TABLE "EXERCISES" MODIFY ("TOT_REP_AMOUNT" NOT NULL ENABLE);
 
  ALTER TABLE "EXERCISES" ADD PRIMARY KEY ("ID") ENABLE;
 
  ALTER TABLE "EXERCISES" ADD UNIQUE ("YEAR") ENABLE;
--------------------------------------------------------
--  Constraints for Table INVOICE_REMINDS
--------------------------------------------------------

  ALTER TABLE "INVOICE_REMINDS" MODIFY ("ID" NOT NULL ENABLE);
 
  ALTER TABLE "INVOICE_REMINDS" MODIFY ("VERSION" NOT NULL ENABLE);
 
  ALTER TABLE "INVOICE_REMINDS" MODIFY ("FK_FACTURE" NOT NULL ENABLE);
 
  ALTER TABLE "INVOICE_REMINDS" ADD PRIMARY KEY ("ID") ENABLE;
--------------------------------------------------------
--  Constraints for Table INVOICES
--------------------------------------------------------

  ALTER TABLE "INVOICES" MODIFY ("DTYPE" NOT NULL ENABLE);
 
  ALTER TABLE "INVOICES" MODIFY ("ID" NOT NULL ENABLE);
 
  ALTER TABLE "INVOICES" MODIFY ("VERSION" NOT NULL ENABLE);
 
  ALTER TABLE "INVOICES" MODIFY ("CURRENCY" NOT NULL ENABLE);
 
  ALTER TABLE "INVOICES" MODIFY ("YEAR" NOT NULL ENABLE);
 
  ALTER TABLE "INVOICES" MODIFY ("LIBELLE" NOT NULL ENABLE);
 
  ALTER TABLE "INVOICES" MODIFY ("AMOUNT" NOT NULL ENABLE);
 
  ALTER TABLE "INVOICES" MODIFY ("REFERENCE" NOT NULL ENABLE);
 
  ALTER TABLE "INVOICES" ADD PRIMARY KEY ("ID") ENABLE;
 
  ALTER TABLE "INVOICES" ADD UNIQUE ("REFERENCE") ENABLE;
--------------------------------------------------------
--  Constraints for Table MESSAGE
--------------------------------------------------------

  ALTER TABLE "MESSAGE" MODIFY ("ID" NOT NULL ENABLE);
 
  ALTER TABLE "MESSAGE" ADD PRIMARY KEY ("ID") ENABLE;
--------------------------------------------------------
--  Constraints for Table MISSION_COSTS
--------------------------------------------------------

  ALTER TABLE "MISSION_COSTS" MODIFY ("ID" NOT NULL ENABLE);
 
  ALTER TABLE "MISSION_COSTS" MODIFY ("VERSION" NOT NULL ENABLE);
 
  ALTER TABLE "MISSION_COSTS" MODIFY ("AMOUNT" NOT NULL ENABLE);
 
  ALTER TABLE "MISSION_COSTS" MODIFY ("CURRENCY" NOT NULL ENABLE);
 
  ALTER TABLE "MISSION_COSTS" ADD PRIMARY KEY ("ID") ENABLE;
--------------------------------------------------------
--  Constraints for Table MISSIONS
--------------------------------------------------------

  ALTER TABLE "MISSIONS" MODIFY ("ID" NOT NULL ENABLE);
 
  ALTER TABLE "MISSIONS" MODIFY ("REFER" NOT NULL ENABLE);
 
  ALTER TABLE "MISSIONS" MODIFY ("COMMENTS" NOT NULL ENABLE);
 
  ALTER TABLE "MISSIONS" MODIFY ("CREATEDATE" NOT NULL ENABLE);
 
  ALTER TABLE "MISSIONS" MODIFY ("TYP" NOT NULL ENABLE);
 
  ALTER TABLE "MISSIONS" MODIFY ("COUNTSCHEDULEDDAYS" NOT NULL ENABLE);
 
  ALTER TABLE "MISSIONS" MODIFY ("VERSION" NOT NULL ENABLE);
 
  ALTER TABLE "MISSIONS" ADD PRIMARY KEY ("ID") ENABLE;
--------------------------------------------------------
--  Constraints for Table ORIGINS
--------------------------------------------------------

  ALTER TABLE "ORIGINS" MODIFY ("ID" NOT NULL ENABLE);
 
  ALTER TABLE "ORIGINS" MODIFY ("NAME" NOT NULL ENABLE);
 
  ALTER TABLE "ORIGINS" MODIFY ("CODE" NOT NULL ENABLE);
 
  ALTER TABLE "ORIGINS" ADD PRIMARY KEY ("ID") ENABLE;
 
  ALTER TABLE "ORIGINS" ADD UNIQUE ("CODE") ENABLE;
--------------------------------------------------------
--  Constraints for Table PAYMENTS
--------------------------------------------------------

  ALTER TABLE "PAYMENTS" MODIFY ("ID" NOT NULL ENABLE);
 
  ALTER TABLE "PAYMENTS" MODIFY ("CODE" NOT NULL ENABLE);
 
  ALTER TABLE "PAYMENTS" MODIFY ("REFERENCE" NOT NULL ENABLE);
 
  ALTER TABLE "PAYMENTS" MODIFY ("CUSTOMERNAME" NOT NULL ENABLE);
 
  ALTER TABLE "PAYMENTS" MODIFY ("AMOUNT" NOT NULL ENABLE);
 
  ALTER TABLE "PAYMENTS" MODIFY ("CURRENCY" NOT NULL ENABLE);
 
  ALTER TABLE "PAYMENTS" MODIFY ("PAYMENTDATE" NOT NULL ENABLE);
 
  ALTER TABLE "PAYMENTS" MODIFY ("VERSION" NOT NULL ENABLE);
 
  ALTER TABLE "PAYMENTS" MODIFY ("FK_FACTURE" NOT NULL ENABLE);
 
  ALTER TABLE "PAYMENTS" ADD PRIMARY KEY ("ID") ENABLE;
 
  ALTER TABLE "PAYMENTS" ADD UNIQUE ("REFERENCE") ENABLE;
--------------------------------------------------------
--  Constraints for Table PROFILES
--------------------------------------------------------

  ALTER TABLE "PROFILES" MODIFY ("ID" NOT NULL ENABLE);
 
  ALTER TABLE "PROFILES" MODIFY ("VERSION" NOT NULL ENABLE);
 
  ALTER TABLE "PROFILES" MODIFY ("ACTIVE" NOT NULL ENABLE);
 
  ALTER TABLE "PROFILES" ADD PRIMARY KEY ("ID") ENABLE;
--------------------------------------------------------
--  Constraints for Table RIGHTS
--------------------------------------------------------

  ALTER TABLE "RIGHTS" MODIFY ("ID" NOT NULL ENABLE);
 
  ALTER TABLE "RIGHTS" ADD PRIMARY KEY ("ID") ENABLE;
--------------------------------------------------------
--  Constraints for Table TASKS
--------------------------------------------------------

  ALTER TABLE "TASKS" MODIFY ("ID" NOT NULL ENABLE);
 
  ALTER TABLE "TASKS" MODIFY ("CHARGEABLE" NOT NULL ENABLE);
 
  ALTER TABLE "TASKS" MODIFY ("VERSION" NOT NULL ENABLE);
 
  ALTER TABLE "TASKS" ADD PRIMARY KEY ("ID") ENABLE;
--------------------------------------------------------
--  Constraints for Table TIMESHEET_CELLS
--------------------------------------------------------

  ALTER TABLE "TIMESHEET_CELLS" MODIFY ("ID" NOT NULL ENABLE);
 
  ALTER TABLE "TIMESHEET_CELLS" MODIFY ("VERSION" NOT NULL ENABLE);
 
  ALTER TABLE "TIMESHEET_CELLS" MODIFY ("VALUE" NOT NULL ENABLE);
 
  ALTER TABLE "TIMESHEET_CELLS" ADD PRIMARY KEY ("ID") ENABLE;
--------------------------------------------------------
--  Constraints for Table TIMESHEET_ROWS
--------------------------------------------------------

  ALTER TABLE "TIMESHEET_ROWS" MODIFY ("ID" NOT NULL ENABLE);
 
  ALTER TABLE "TIMESHEET_ROWS" MODIFY ("VERSION" NOT NULL ENABLE);
 
  ALTER TABLE "TIMESHEET_ROWS" MODIFY ("FK_TIMESHEET" NOT NULL ENABLE);
 
  ALTER TABLE "TIMESHEET_ROWS" ADD PRIMARY KEY ("ID") ENABLE;
--------------------------------------------------------
--  Constraints for Table TIMESHEETS
--------------------------------------------------------

  ALTER TABLE "TIMESHEETS" MODIFY ("ID" NOT NULL ENABLE);
 
  ALTER TABLE "TIMESHEETS" MODIFY ("VERSION" NOT NULL ENABLE);
 
  ALTER TABLE "TIMESHEETS" MODIFY ("CREATEDATE" NOT NULL ENABLE);
 
  ALTER TABLE "TIMESHEETS" MODIFY ("WEEKNUMBER" NOT NULL ENABLE);
 
  ALTER TABLE "TIMESHEETS" MODIFY ("USERID" NOT NULL ENABLE);
 
  ALTER TABLE "TIMESHEETS" ADD PRIMARY KEY ("ID") ENABLE;
--------------------------------------------------------
--  Constraints for Table TRAININGS
--------------------------------------------------------

  ALTER TABLE "TRAININGS" MODIFY ("ID" NOT NULL ENABLE);
 
  ALTER TABLE "TRAININGS" MODIFY ("TITLE" NOT NULL ENABLE);
 
  ALTER TABLE "TRAININGS" MODIFY ("DESCRIPTION" NOT NULL ENABLE);
 
  ALTER TABLE "TRAININGS" MODIFY ("STARTDATE" NOT NULL ENABLE);
 
  ALTER TABLE "TRAININGS" MODIFY ("ENDDATE" NOT NULL ENABLE);
 
  ALTER TABLE "TRAININGS" MODIFY ("COMPANYNAME" NOT NULL ENABLE);
 
  ALTER TABLE "TRAININGS" ADD PRIMARY KEY ("ID") ENABLE;
--------------------------------------------------------
--  DDL for Index SYS_C004616
--------------------------------------------------------

  CREATE UNIQUE INDEX "SYS_C004616" ON "ACCESS_RIGHTS" ("ID") 
  ;
--------------------------------------------------------
--  DDL for Index SYS_C004621
--------------------------------------------------------

  CREATE UNIQUE INDEX "SYS_C004621" ON "ACTIVITIES" ("ID") 
  ;
--------------------------------------------------------
--  DDL for Index SYS_C004627
--------------------------------------------------------

  CREATE UNIQUE INDEX "SYS_C004627" ON "BANKS" ("ID") 
  ;
--------------------------------------------------------
--  DDL for Index SYS_C004628
--------------------------------------------------------

  CREATE UNIQUE INDEX "SYS_C004628" ON "BANKS" ("NAME") 
  ;
--------------------------------------------------------
--  DDL for Index SYS_C004629
--------------------------------------------------------

  CREATE UNIQUE INDEX "SYS_C004629" ON "BANKS" ("CODE") 
  ;
--------------------------------------------------------
--  DDL for Index SYS_C004630
--------------------------------------------------------

  CREATE UNIQUE INDEX "SYS_C004630" ON "BANKS" ("ACCOUNT") 
  ;
--------------------------------------------------------
--  DDL for Index SYS_C004638
--------------------------------------------------------

  CREATE UNIQUE INDEX "SYS_C004638" ON "BUDGETS" ("ID") 
  ;
--------------------------------------------------------
--  DDL for Index SYS_C004648
--------------------------------------------------------

  CREATE UNIQUE INDEX "SYS_C004648" ON "CONTACTS" ("ID") 
  ;
--------------------------------------------------------
--  DDL for Index SYS_C004654
--------------------------------------------------------

  CREATE UNIQUE INDEX "SYS_C004654" ON "CONTRACTS" ("ID") 
  ;
--------------------------------------------------------
--  DDL for Index SYS_C004661
--------------------------------------------------------

  CREATE UNIQUE INDEX "SYS_C004661" ON "CUSTOMERS" ("ID") 
  ;
--------------------------------------------------------
--  DDL for Index SYS_C004662
--------------------------------------------------------

  CREATE UNIQUE INDEX "SYS_C004662" ON "CUSTOMERS" ("COMPY_NAME") 
  ;
--------------------------------------------------------
--  DDL for Index SYS_C004663
--------------------------------------------------------

  CREATE UNIQUE INDEX "SYS_C004663" ON "CUSTOMERS" ("CODE") 
  ;
--------------------------------------------------------
--  DDL for Index SYS_C004668
--------------------------------------------------------

  CREATE UNIQUE INDEX "SYS_C004668" ON "DECLARATIONS" ("ID") 
  ;
--------------------------------------------------------
--  DDL for Index SYS_C004673
--------------------------------------------------------

  CREATE UNIQUE INDEX "SYS_C004673" ON "DOCS_MISSIONS" ("ID_MISSION", "ID_DOCUMENT") 
  ;
--------------------------------------------------------
--  DDL for Index SYS_C004052
--------------------------------------------------------

  CREATE UNIQUE INDEX "SYS_C004052" ON "DOCUMENT_INVOICES" ("DOCUMENT_ID", "INVOICE_ID") 
  ;
--------------------------------------------------------
--  DDL for Index SYS_C004676
--------------------------------------------------------

  CREATE UNIQUE INDEX "SYS_C004676" ON "DOCUMENTS" ("ID") 
  ;
--------------------------------------------------------
--  DDL for Index SYS_C004682
--------------------------------------------------------

  CREATE UNIQUE INDEX "SYS_C004682" ON "EMPLOYEES" ("ID") 
  ;
--------------------------------------------------------
--  DDL for Index SYS_C004683
--------------------------------------------------------

  CREATE UNIQUE INDEX "SYS_C004683" ON "EMPLOYEES" ("LOGIN") 
  ;
--------------------------------------------------------
--  DDL for Index SYS_C004691
--------------------------------------------------------

  CREATE UNIQUE INDEX "SYS_C004691" ON "EVENTS" ("ID") 
  ;
--------------------------------------------------------
--  DDL for Index SYS_C004704
--------------------------------------------------------

  CREATE UNIQUE INDEX "SYS_C004704" ON "EXERCISE_OBJECTIFS" ("ID") 
  ;
--------------------------------------------------------
--  DDL for Index SYS_C004708
--------------------------------------------------------

  CREATE UNIQUE INDEX "SYS_C004708" ON "EXERCISE_RESULTS" ("ID") 
  ;
--------------------------------------------------------
--  DDL for Index SYS_C004699
--------------------------------------------------------

  CREATE UNIQUE INDEX "SYS_C004699" ON "EXERCISES" ("ID") 
  ;
--------------------------------------------------------
--  DDL for Index SYS_C004700
--------------------------------------------------------

  CREATE UNIQUE INDEX "SYS_C004700" ON "EXERCISES" ("YEAR") 
  ;
--------------------------------------------------------
--  DDL for Index SYS_C004722
--------------------------------------------------------

  CREATE UNIQUE INDEX "SYS_C004722" ON "INVOICE_REMINDS" ("ID") 
  ;
--------------------------------------------------------
--  DDL for Index SYS_C004717
--------------------------------------------------------

  CREATE UNIQUE INDEX "SYS_C004717" ON "INVOICES" ("ID") 
  ;
--------------------------------------------------------
--  DDL for Index SYS_C004718
--------------------------------------------------------

  CREATE UNIQUE INDEX "SYS_C004718" ON "INVOICES" ("REFERENCE") 
  ;
--------------------------------------------------------
--  DDL for Index SYS_C004724
--------------------------------------------------------

  CREATE UNIQUE INDEX "SYS_C004724" ON "MESSAGE" ("ID") 
  ;
--------------------------------------------------------
--  DDL for Index SYS_C004737
--------------------------------------------------------

  CREATE UNIQUE INDEX "SYS_C004737" ON "MISSION_COSTS" ("ID") 
  ;
--------------------------------------------------------
--  DDL for Index SYS_C004732
--------------------------------------------------------

  CREATE UNIQUE INDEX "SYS_C004732" ON "MISSIONS" ("ID") 
  ;
--------------------------------------------------------
--  DDL for Index SYS_C004741
--------------------------------------------------------

  CREATE UNIQUE INDEX "SYS_C004741" ON "ORIGINS" ("ID") 
  ;
--------------------------------------------------------
--  DDL for Index SYS_C004742
--------------------------------------------------------

  CREATE UNIQUE INDEX "SYS_C004742" ON "ORIGINS" ("CODE") 
  ;
--------------------------------------------------------
--  DDL for Index SYS_C004752
--------------------------------------------------------

  CREATE UNIQUE INDEX "SYS_C004752" ON "PAYMENTS" ("ID") 
  ;
--------------------------------------------------------
--  DDL for Index SYS_C004754
--------------------------------------------------------

  CREATE UNIQUE INDEX "SYS_C004754" ON "PAYMENTS" ("REFERENCE") 
  ;
--------------------------------------------------------
--  DDL for Index SYS_C004760
--------------------------------------------------------

  CREATE UNIQUE INDEX "SYS_C004760" ON "PROFILES" ("ID") 
  ;
--------------------------------------------------------
--  DDL for Index SYS_C004762
--------------------------------------------------------

  CREATE UNIQUE INDEX "SYS_C004762" ON "RIGHTS" ("ID") 
  ;
--------------------------------------------------------
--  DDL for Index SYS_C004766
--------------------------------------------------------

  CREATE UNIQUE INDEX "SYS_C004766" ON "TASKS" ("ID") 
  ;
--------------------------------------------------------
--  DDL for Index SYS_C004777
--------------------------------------------------------

  CREATE UNIQUE INDEX "SYS_C004777" ON "TIMESHEET_CELLS" ("ID") 
  ;
--------------------------------------------------------
--  DDL for Index SYS_C004785
--------------------------------------------------------

  CREATE UNIQUE INDEX "SYS_C004785" ON "TIMESHEET_ROWS" ("ID") 
  ;
--------------------------------------------------------
--  DDL for Index SYS_C004772
--------------------------------------------------------

  CREATE UNIQUE INDEX "SYS_C004772" ON "TIMESHEETS" ("ID") 
  ;
--------------------------------------------------------
--  DDL for Index SYS_C004792
--------------------------------------------------------

  CREATE UNIQUE INDEX "SYS_C004792" ON "TRAININGS" ("ID") 
  ;
--------------------------------------------------------
--  Ref Constraints for Table ACCESS_RIGHTS
--------------------------------------------------------

  ALTER TABLE "ACCESS_RIGHTS" ADD CONSTRAINT "FK541E311220F5D111" FOREIGN KEY ("FK_RIGHT")
	  REFERENCES "RIGHTS" ("ID") ENABLE;
 
  ALTER TABLE "ACCESS_RIGHTS" ADD CONSTRAINT "FK541E3112D76EA5E3" FOREIGN KEY ("FK_EMPLOYEE")
	  REFERENCES "EMPLOYEES" ("ID") ENABLE;
--------------------------------------------------------
--  Ref Constraints for Table ACTIVITIES
--------------------------------------------------------

  ALTER TABLE "ACTIVITIES" ADD CONSTRAINT "FK970527ED8B5ED24D" FOREIGN KEY ("MISSION_ID")
	  REFERENCES "MISSIONS" ("ID") ENABLE;
 
  ALTER TABLE "ACTIVITIES" ADD CONSTRAINT "FK970527EDD76EA5E3" FOREIGN KEY ("FK_EMPLOYEE")
	  REFERENCES "EMPLOYEES" ("ID") ENABLE;

--------------------------------------------------------
--  Ref Constraints for Table BUDGETS
--------------------------------------------------------

  ALTER TABLE "BUDGETS" ADD CONSTRAINT "FK3846C5AE294B3B2E" FOREIGN KEY ("FK_MANAGER")
	  REFERENCES "EMPLOYEES" ("ID") ENABLE;
 
  ALTER TABLE "BUDGETS" ADD CONSTRAINT "FK3846C5AE3E4ADC37" FOREIGN KEY ("FK_EXERCISE")
	  REFERENCES "EXERCISES" ("ID") ENABLE;
 
  ALTER TABLE "BUDGETS" ADD CONSTRAINT "FK3846C5AE592FAAB" FOREIGN KEY ("FK_CONTRACT")
	  REFERENCES "CONTRACTS" ("ID") ENABLE;
 
  ALTER TABLE "BUDGETS" ADD CONSTRAINT "FK3846C5AECD847372" FOREIGN KEY ("FK_ASSOCIE")
	  REFERENCES "EMPLOYEES" ("ID") ENABLE;
--------------------------------------------------------
--  Ref Constraints for Table CONTACTS
--------------------------------------------------------

  ALTER TABLE "CONTACTS" ADD CONSTRAINT "FKCD35053916BD843" FOREIGN KEY ("FK_CUSTOMER")
	  REFERENCES "CUSTOMERS" ("ID") ENABLE;
--------------------------------------------------------
--  Ref Constraints for Table CONTRACTS
--------------------------------------------------------

  ALTER TABLE "CONTRACTS" ADD CONSTRAINT "FK8E852181916BD843" FOREIGN KEY ("FK_CUSTOMER")
	  REFERENCES "CUSTOMERS" ("ID") ENABLE;
--------------------------------------------------------
--  Ref Constraints for Table CUSTOMERS
--------------------------------------------------------

  ALTER TABLE "CUSTOMERS" ADD CONSTRAINT "FK6268C35294B3B2E" FOREIGN KEY ("FK_MANAGER")
	  REFERENCES "EMPLOYEES" ("ID") ENABLE;
 
  ALTER TABLE "CUSTOMERS" ADD CONSTRAINT "FK6268C35CD847372" FOREIGN KEY ("FK_ASSOCIE")
	  REFERENCES "EMPLOYEES" ("ID") ENABLE;
 
  ALTER TABLE "CUSTOMERS" ADD CONSTRAINT "FK6268C35F486AC93" FOREIGN KEY ("FK_ORIGIN")
	  REFERENCES "ORIGINS" ("ID") ENABLE;

--------------------------------------------------------
--  Ref Constraints for Table DOCS_INVOICES
--------------------------------------------------------

  ALTER TABLE "DOCS_INVOICES" ADD CONSTRAINT "FK40477C6AC08E7B27" FOREIGN KEY ("ID_DOCUMENT")
	  REFERENCES "DOCUMENTS" ("ID") ENABLE;
 
  ALTER TABLE "DOCS_INVOICES" ADD CONSTRAINT "FK40477C6AE4504B49" FOREIGN KEY ("ID_INVOICE")
	  REFERENCES "INVOICES" ("ID") ENABLE;
--------------------------------------------------------
--  Ref Constraints for Table DOCS_MISSIONS
--------------------------------------------------------

  ALTER TABLE "DOCS_MISSIONS" ADD CONSTRAINT "FKD26709EB7A20C807" FOREIGN KEY ("ID_MISSION")
	  REFERENCES "MISSIONS" ("ID") ENABLE;
 
  ALTER TABLE "DOCS_MISSIONS" ADD CONSTRAINT "FKD26709EBC08E7B27" FOREIGN KEY ("ID_DOCUMENT")
	  REFERENCES "DOCUMENTS" ("ID") ENABLE;

--------------------------------------------------------
--  Ref Constraints for Table DOCUMENTS
--------------------------------------------------------

  ALTER TABLE "DOCUMENTS" ADD CONSTRAINT "FKDE5562982368FFAE" FOREIGN KEY ("OWNER")
	  REFERENCES "EMPLOYEES" ("ID") ENABLE;
--------------------------------------------------------
--  Ref Constraints for Table EMPLOYEES
--------------------------------------------------------

  ALTER TABLE "EMPLOYEES" ADD CONSTRAINT "FK4351FF65A24E0AD9" FOREIGN KEY ("FK_POSITION")
	  REFERENCES "PROFILES" ("ID") ENABLE;
--------------------------------------------------------
--  Ref Constraints for Table EVENTS
--------------------------------------------------------

  ALTER TABLE "EVENTS" ADD CONSTRAINT "FK7A9AD519AB237DB1" FOREIGN KEY ("FK_MISSION")
	  REFERENCES "MISSIONS" ("ID") ENABLE;
 
  ALTER TABLE "EVENTS" ADD CONSTRAINT "FK7A9AD519D76EA5E3" FOREIGN KEY ("FK_EMPLOYEE")
	  REFERENCES "EMPLOYEES" ("ID") ENABLE;
--------------------------------------------------------
--  Ref Constraints for Table EXERCISE_OBJECTIFS
--------------------------------------------------------

  ALTER TABLE "EXERCISE_OBJECTIFS" ADD CONSTRAINT "FKFF84459015411C7F" FOREIGN KEY ("FK_RESPONSABLE")
	  REFERENCES "EMPLOYEES" ("ID") ENABLE;
 
  ALTER TABLE "EXERCISE_OBJECTIFS" ADD CONSTRAINT "FKFF8445903E4ADC37" FOREIGN KEY ("FK_EXERCISE")
	  REFERENCES "EXERCISES" ("ID") ENABLE;
--------------------------------------------------------
--  Ref Constraints for Table EXERCISE_RESULTS
--------------------------------------------------------

  ALTER TABLE "EXERCISE_RESULTS" ADD CONSTRAINT "FK923A086F15411C7F" FOREIGN KEY ("FK_RESPONSABLE")
	  REFERENCES "EMPLOYEES" ("ID") ENABLE;
 
  ALTER TABLE "EXERCISE_RESULTS" ADD CONSTRAINT "FK923A086F3E4ADC37" FOREIGN KEY ("FK_EXERCISE")
	  REFERENCES "EXERCISES" ("ID") ENABLE;

--------------------------------------------------------
--  Ref Constraints for Table INVOICE_REMINDS
--------------------------------------------------------

  ALTER TABLE "INVOICE_REMINDS" ADD CONSTRAINT "FK4448E4BC5F680542" FOREIGN KEY ("FK_FACTURE")
	  REFERENCES "INVOICES" ("ID") ENABLE;
--------------------------------------------------------
--  Ref Constraints for Table INVOICES
--------------------------------------------------------

  ALTER TABLE "INVOICES" ADD CONSTRAINT "FK549812E61B8C81A0" FOREIGN KEY ("PROJECT_ID")
	  REFERENCES "MISSIONS" ("ID") ENABLE;
 
  ALTER TABLE "INVOICES" ADD CONSTRAINT "FK549812E6B050AAC1" FOREIGN KEY ("FINALBILL_ID")
	  REFERENCES "INVOICES" ("ID") ENABLE;
--------------------------------------------------------
--  Ref Constraints for Table MESSAGE
--------------------------------------------------------

  ALTER TABLE "MESSAGE" ADD CONSTRAINT "FK63B68BE723AB9A5A" FOREIGN KEY ("TO_ID")
	  REFERENCES "EMPLOYEES" ("ID") ENABLE;
 
  ALTER TABLE "MESSAGE" ADD CONSTRAINT "FK63B68BE758B0CEA" FOREIGN KEY ("PARENT_ID")
	  REFERENCES "MESSAGE" ("ID") ENABLE;
 
  ALTER TABLE "MESSAGE" ADD CONSTRAINT "FK63B68BE78B5ED24D" FOREIGN KEY ("MISSION_ID")
	  REFERENCES "MISSIONS" ("ID") ENABLE;
 
  ALTER TABLE "MESSAGE" ADD CONSTRAINT "FK63B68BE7F9A84ECB" FOREIGN KEY ("FROM_ID")
	  REFERENCES "EMPLOYEES" ("ID") ENABLE;
--------------------------------------------------------
--  Ref Constraints for Table MISSION_COSTS
--------------------------------------------------------

  ALTER TABLE "MISSION_COSTS" ADD CONSTRAINT "FK831F01938036AB22" FOREIGN KEY ("OWNER_ID")
	  REFERENCES "EMPLOYEES" ("ID") ENABLE;
 
  ALTER TABLE "MISSION_COSTS" ADD CONSTRAINT "FK831F01938B5ED24D" FOREIGN KEY ("MISSION_ID")
	  REFERENCES "MISSIONS" ("ID") ENABLE;
 
  ALTER TABLE "MISSION_COSTS" ADD CONSTRAINT "FK831F0193B050AAC1" FOREIGN KEY ("FINALBILL_ID")
	  REFERENCES "INVOICES" ("ID") ENABLE;
--------------------------------------------------------
--  Ref Constraints for Table MISSIONS
--------------------------------------------------------

  ALTER TABLE "MISSIONS" ADD CONSTRAINT "FKE6B7A0679BED1B27" FOREIGN KEY ("ANNUALBUDGET_ID")
	  REFERENCES "BUDGETS" ("ID") ENABLE;

--------------------------------------------------------
--  Ref Constraints for Table PAYMENTS
--------------------------------------------------------

  ALTER TABLE "PAYMENTS" ADD CONSTRAINT "FK810FFF2D5F680542" FOREIGN KEY ("FK_FACTURE")
	  REFERENCES "INVOICES" ("ID") ENABLE;



--------------------------------------------------------
--  Ref Constraints for Table TIMESHEET_CELLS
--------------------------------------------------------

  ALTER TABLE "TIMESHEET_CELLS" ADD CONSTRAINT "FKA6F12B44472A6CF5" FOREIGN KEY ("FK_ROW")
	  REFERENCES "TIMESHEET_ROWS" ("ID") ENABLE;
 
  ALTER TABLE "TIMESHEET_CELLS" ADD CONSTRAINT "FKA6F12B445BE79335" FOREIGN KEY ("ROW_ID")
	  REFERENCES "TIMESHEET_ROWS" ("ID") ENABLE;
--------------------------------------------------------
--  Ref Constraints for Table TIMESHEET_ROWS
--------------------------------------------------------

  ALTER TABLE "TIMESHEET_ROWS" ADD CONSTRAINT "FK4FBC2B6683C0BEA5" FOREIGN KEY ("FK_ACTIVITY")
	  REFERENCES "ACTIVITIES" ("ID") ENABLE;
 
  ALTER TABLE "TIMESHEET_ROWS" ADD CONSTRAINT "FK4FBC2B66E279BDBD" FOREIGN KEY ("FK_TIMESHEET")
	  REFERENCES "TIMESHEETS" ("ID") ENABLE;
--------------------------------------------------------
--  Ref Constraints for Table TIMESHEETS
--------------------------------------------------------

  ALTER TABLE "TIMESHEETS" ADD CONSTRAINT "FK821E8001D76EA5E3" FOREIGN KEY ("FK_EMPLOYEE")
	  REFERENCES "EMPLOYEES" ("ID") ENABLE;
 
  ALTER TABLE "TIMESHEETS" ADD CONSTRAINT "FK821E8001EB403F21" FOREIGN KEY ("USERID")
	  REFERENCES "EMPLOYEES" ("ID") ENABLE;
--------------------------------------------------------
--  Ref Constraints for Table TRAININGS
--------------------------------------------------------

  ALTER TABLE "TRAININGS" ADD CONSTRAINT "FKDC0922B960E76277" FOREIGN KEY ("BENEFICIAIRE_ID")
	  REFERENCES "EMPLOYEES" ("ID") ENABLE;
--------------------------------------------------------
--  DDL for Procedure ADD_MISSING_RIGHTS
--------------------------------------------------------
set define off;

  CREATE OR REPLACE PROCEDURE "ADD_MISSING_RIGHTS" AS

 
 v_id NUMBER := 0;
ACCESS_RIGHTS_ID NUMBER;
 CURSOR C_EMP is SELECT id  from EMPLOYEES;
 
 v_emp_id C_EMP%ROWTYPE;


	BEGIN 
  dbms_output.enable(1000000);
	
     OPEN C_EMP;
      LOOP
      v_id  :=  v_id  + 1;
      FETCH C_EMP INTO v_emp_id; 
      EXIT WHEN  C_EMP%NOTFOUND;

      SELECT max(id) INTO ACCESS_RIGHTS_ID  from ACCESS_RIGHTS;
	   
	   --Incrémenter l'identifiant
       ACCESS_RIGHTS_ID := ACCESS_RIGHTS_ID + 1;

        INSERT INTO 
        ACCESS_RIGHTS (
            ID,
            ACTIVE,
            FK_RIGHT,
            FK_EMPLOYEE) 
        VALUES(
            ACCESS_RIGHTS_ID,
            1,
            43,
            v_emp_id.id
        );
        
        --Incrémenter l'identifiant
       ACCESS_RIGHTS_ID := ACCESS_RIGHTS_ID + 1;

	INSERT INTO 
        ACCESS_RIGHTS (
              ID,
              ACTIVE,
              FK_RIGHT,
              FK_EMPLOYEE) 
        VALUES(
              ACCESS_RIGHTS_ID,
              1,
              44,
              v_emp_id.id);

--Incrémenter l'identifiant
       ACCESS_RIGHTS_ID := ACCESS_RIGHTS_ID + 1;
	INSERT INTO 
        ACCESS_RIGHTS (
	ID,
	ACTIVE,
	FK_RIGHT,
	FK_EMPLOYEE) 
        VALUES(
        ACCESS_RIGHTS_ID,
        1,
        45,
        v_emp_id.id);
        
      END LOOP;
      
   CLOSE C_EMP;
	   
	

	dbms_output.put_line( 'Total rows : ' || v_id) ;
	dbms_output.put_line( 'OK 4 ALL ') ;
	COMMIT;
  
   EXCEPTION
     WHEN NO_DATA_FOUND THEN
       NULL;
     WHEN OTHERS THEN
       -- Consider logging the error and then re-raise
	   dbms_output.put_line( 'FAILED ') ;
	   ROLLBACK;
   RAISE;
 
END ADD_MISSING_RIGHTS;

/

--------------------------------------------------------
--  DDL for Procedure BUILD_CONTACTS_TABLE
--------------------------------------------------------
set define off;

  CREATE OR REPLACE PROCEDURE "BUILD_CONTACTS_TABLE" AS

 
 v_id NUMBER := 0;
 CURSOR C_CUST is SELECT id  from CUSTOMERS;
 
 v_cust_id C_CUST%ROWTYPE;


	BEGIN 
  dbms_output.enable(1000000);
	
	   OPEN C_CUST;
      LOOP
      v_id  :=  v_id  + 1;
      FETCH C_CUST INTO v_cust_id; 
      EXIT WHEN  C_CUST%NOTFOUND;
        INSERT INTO 
        CONTACTS (ID,
                  NAME,
                  F_NAME,
                  L_NAME,
                  JOB,
                  B_PHONE,
                  B_MOBILE,
                  B_FAX,
                  P_PHONE,
                  P_MOBILE,
                  B_EMAIL,
                  P_EMAIL,
                  B_WEB_ADDR,
                  ACTIVE,
                  B_ACTIVITY,
                  UPDATEDUSER,
                  COMPANY,
                  ADDRESS,
                  CREATEDATE,
                  UPDATEDATE,
                  VERSION,
                  FK_CUSTOMER) 
        VALUES(
        v_id,
        'Contact name',
        'Durant',
        'Pierre',
        'Commercial', 
        '44 10 12 35 45', 
        '44 10 12 35 46', 
        '44 10 12 35 47', 
        '44 10 12 35 48',
        '44 10 12 35 49', 
        'pierre.durant@test.com',
        'pierre.durant@test.com',
        NULL,
        1,
        'Vente materiels informatique', 
        NULL,
        'Contact company name',
        'Address contact',
        SYSDATE,
        SYSDATE,
        0, 
        v_cust_id.id
        );
        dbms_output.put_line( ' v_id  : ' || v_id ||' v_cust_id  : ' ||  v_cust_id.id ) ;
      END LOOP;
      
   CLOSE C_CUST;
	   
	

	dbms_output.put_line( 'Total rows : ' || v_id) ;
	dbms_output.put_line( 'OK 4 ALL ') ;
	COMMIT;
  
   EXCEPTION
     WHEN NO_DATA_FOUND THEN
       NULL;
     WHEN OTHERS THEN
       -- Consider logging the error and then re-raise
	   dbms_output.put_line( 'FAILED ') ;
	   ROLLBACK;
   RAISE;
END BUILD_CONTACTS_TABLE;

/

--------------------------------------------------------
--  DDL for Procedure BUILD_CONTRACTS_TABLE
--------------------------------------------------------
set define off;

  CREATE OR REPLACE PROCEDURE "BUILD_CONTRACTS_TABLE" AS

CONT_ID NUMBER;
BEGIN
 
 FOR customerId IN 656..1105 LOOP
	
	--Recuperation de l'identifiant max
	   SELECT max(id) INTO CONT_ID  from CONTRACTS;
	   
	   --Incrémenter l'identifiant
	   CONT_ID := CONT_ID + 1;
	   
	
	   --Insertion dans la table TURBINE_USER de l'utilisateur
	   INSERT INTO CONTRACTS (
     ID,
     REFERENCE,
     DESCRIPTION,
     FROMDATE,
     TODATE,
     DURATION,
     VAL,
     CUR,
      VERSION,
     MISSIONTYPE,
     AGREED,
     FK_CUSTOMER,
    LANGUAGE,
    STARTDATEOFMISSION,
    DUEDATEOFMISSION) 	   	   
	   VALUES(
     CONT_ID,
     'CONTRACT' || to_char(CONT_ID,'9999'),
     'TEST CONTRACT DESCRIPTION',
     TO_DATE ('01/01/2009', 'dd/mm/yyyy'),
     TO_DATE ('01/01/2010', 'dd/mm/yyyy'),
     NULL,
     1200,
     'EUR',
     0,
     'REVISION',
     1,
     customerId,
     'EN',
     TO_DATE ('01/01/2009', 'dd/mm/yyyy'),
     TO_DATE ('31/12/2009', 'dd/mm/yyyy'));
	   
	  
	   
	END LOOP;
  dbms_output.put_line( 'OK 4 ALL ') ;
END BUILD_CONTRACTS_TABLE;

/

--------------------------------------------------------
--  DDL for Procedure BUILD_CUSTOMERS_TABLE
--------------------------------------------------------
set define off;

  CREATE OR REPLACE PROCEDURE "BUILD_CUSTOMERS_TABLE" AS

CUST_ID NUMBER;
BEGIN
 FOR indice IN 1..450 LOOP
	
	--Recuperation de l'identifiant max
	   SELECT max(id) INTO CUST_ID  from CUSTOMERS;
	   
	   --Incrémenter l'identifiant
	   CUST_ID := CUST_ID + 1;
	   
	
	   --Insertion dans la table TURBINE_USER de l'utilisateur
	   INSERT INTO CUSTOMERS (
     ID,
     WEB_ADDRESS,
     ACTIVE,
     COUNTRY,
     MAINADDRESS,
     MAINBILLINGADDRESS,
     ACTIVITY,
     CREATEDATE,
     UPDATEDATE,
     UPDATEDUSER,
     COMPY_NAME,
     FAX,
     PHONE,
     MOBILE,
     P_PHONE,
     P_MOBILE,
     EMAIL,
     CODE,
     VERSION,
     FK_ASSOCIE,
     FK_ORIGIN,
     FK_MANAGER) 	   	   
	   VALUES(CUST_ID,
     'webaddress@test.lu',
     1,
     'LU',
     'Kirchberg',
     'Kirchberg',
     'Test Activity',
     SYSDATE,
     SYSDATE,
     NULL,
     'Test Company'||to_char(CUST_ID, '9999'),
     '44 10 12 55 66',
     '44 10 12 55 67',
     '44 10 12 55 68',
     '44 10 12 55 69',
     '44 10 12 55 67',
     'test@email.lu',
     to_char(CUST_ID, '9999'),
     1,
     3,
     2,
     4);
	   
	  
	   
	END LOOP;
  dbms_output.put_line( 'OK 4 ALL ') ;
END BUILD_CUSTOMERS_TABLE;

/

--------------------------------------------------------
--  DDL for Procedure PROCEDURE2
--------------------------------------------------------
set define off;

  CREATE OR REPLACE PROCEDURE "PROCEDURE2" IS

 
 v_id NUMBER := 0;
 CURSOR C_EMP is SELECT id  from EMPLOYEES;
 CURSOR C_RIGHT is SELECT id  from RIGHTS;
 v_user_id C_RIGHT%ROWTYPE;
 v_right_id C_EMP%ROWTYPE;

	BEGIN 
  dbms_output.enable(1000000);
	OPEN C_EMP;
	LOOP
	FETCH C_EMP INTO v_user_id; 
  EXIT WHEN  C_EMP%NOTFOUND;
	   OPEN C_RIGHT;
      LOOP
      v_id  :=  v_id  + 1;
      FETCH C_RIGHT INTO v_right_id; 
      EXIT WHEN  C_RIGHT%NOTFOUND;
        INSERT INTO ACCESS_RIGHTS (ID,ACTIVE, FK_EMPLOYEE, FK_RIGHT) VALUES(v_id,1,v_user_id.id,v_right_id.id);
        dbms_output.put_line( ' v_id  : ' || v_id ||' v_user_id  : ' ||  v_user_id.id || ' v_right_id  : ' || v_right_id.id) ;
      END LOOP;
      
   CLOSE C_RIGHT;
	   
	 END LOOP; 
   CLOSE C_EMP;

	dbms_output.put_line( 'Total rows : ' || v_id) ;
	dbms_output.put_line( 'OK 4 ALL ') ;
	COMMIT;
  
   EXCEPTION
     WHEN NO_DATA_FOUND THEN
       NULL;
     WHEN OTHERS THEN
       -- Consider logging the error and then re-raise
	   dbms_output.put_line( 'FAILED ') ;
	   ROLLBACK;
   RAISE;

END PROCEDURE2;

/

