--------------------------------------------------------
--  File created - lundi-octobre-05-2009   
--------------------------------------------------------
  DROP TABLE "ACTIVITIES" cascade constraints;
  DROP TABLE "BANKS" cascade constraints;
  DROP TABLE "BUDGETS" cascade constraints;
  DROP TABLE "CONTACTS" cascade constraints;
  DROP TABLE "CONTRACTS" cascade constraints;
  DROP TABLE "CUSTOMERS" cascade constraints;
  DROP TABLE "DECLARATIONS" cascade constraints;
  DROP TABLE "DOCS_INVOICES" cascade constraints;
  DROP TABLE "DOCS_MISSIONS" cascade constraints;
  DROP TABLE "DOCUMENT_INVOICES" cascade constraints;
  DROP TABLE "DOCUMENTS" cascade constraints;
  DROP TABLE "EMPLOYEES" cascade constraints;
  DROP TABLE "EXERCISES" cascade constraints;
  DROP TABLE "INVOICE_REMINDS" cascade constraints;
  DROP TABLE "INVOICES" cascade constraints;
  DROP TABLE "MESSAGE" cascade constraints;
  DROP TABLE "MISSION_COSTS" cascade constraints;
  DROP TABLE "MISSIONS" cascade constraints;
  DROP TABLE "ORIGINS" cascade constraints;
  DROP TABLE "PAYMENTS" cascade constraints;
  DROP TABLE "PROFILES" cascade constraints;
  DROP TABLE "TASKS" cascade constraints;
  DROP TABLE "TIMESHEET_CELLS" cascade constraints;
  DROP TABLE "TIMESHEET_ROWS" cascade constraints;
  DROP TABLE "TIMESHEETS" cascade constraints;
  DROP TABLE "TRAININGS" cascade constraints;
  DROP TABLE "WORKDONE_PER_DAY" cascade constraints;
  DROP SEQUENCE "ACTIVITY_SEQ";
  DROP SEQUENCE "ADRESS_SEQ";
  DROP SEQUENCE "BANK_SEQ";
  DROP SEQUENCE "BUDGET_SEQ";
  DROP SEQUENCE "CONTACT_SEQ";
  DROP SEQUENCE "CONTRACT_SEQ";
  DROP SEQUENCE "COST_SEQ";
  DROP SEQUENCE "CUSTOMER_SEQ";
  DROP SEQUENCE "DECLARATION_SEQ";
  DROP SEQUENCE "DOCUMENT_SEQ";
  DROP SEQUENCE "EMPLOYEE_SEQ";
  DROP SEQUENCE "EXERCISE_SEQ";
  DROP SEQUENCE "HIBERNATE_SEQUENCE";
  DROP SEQUENCE "INVOICE_REMIND_SEQ";
  DROP SEQUENCE "INVOICE_SEQ";
  DROP SEQUENCE "MESSAGE_SEQ";
  DROP SEQUENCE "MISSION_SEQ";
  DROP SEQUENCE "ORIGIN_SEQ";
  DROP SEQUENCE "PAYMENT_SEQ";
  DROP SEQUENCE "PROFILE_SEQ";
  DROP SEQUENCE "TASK_SEQ";
  DROP SEQUENCE "TIMESHEET_CELL_SEQ";
  DROP SEQUENCE "TIMESHEET_ROW_SEQ";
  DROP SEQUENCE "TIMESHEET_SEQ";
  DROP SEQUENCE "TRAINING_SEQ";
  DROP SEQUENCE "WORKDONE_PER_DAY_SEQ";
--------------------------------------------------------
--  DDL for Sequence ACTIVITY_SEQ
--------------------------------------------------------

   CREATE SEQUENCE  "ACTIVITY_SEQ"  MINVALUE 1 MAXVALUE 999999999999999999999999999 INCREMENT BY 1 START WITH 1 CACHE 20 NOORDER  NOCYCLE ;
--------------------------------------------------------
--  DDL for Sequence ADRESS_SEQ
--------------------------------------------------------

   CREATE SEQUENCE  "ADRESS_SEQ"  MINVALUE 1 MAXVALUE 999999999999999999999999999 INCREMENT BY 1 START WITH 1 CACHE 20 NOORDER  NOCYCLE ;
--------------------------------------------------------
--  DDL for Sequence BANK_SEQ
--------------------------------------------------------

   CREATE SEQUENCE  "BANK_SEQ"  MINVALUE 1 MAXVALUE 999999999999999999999999999 INCREMENT BY 1 START WITH 21 CACHE 20 NOORDER  NOCYCLE ;
--------------------------------------------------------
--  DDL for Sequence BUDGET_SEQ
--------------------------------------------------------

   CREATE SEQUENCE  "BUDGET_SEQ"  MINVALUE 1 MAXVALUE 999999999999999999999999999 INCREMENT BY 1 START WITH 1 CACHE 20 NOORDER  NOCYCLE ;
--------------------------------------------------------
--  DDL for Sequence CONTACT_SEQ
--------------------------------------------------------

   CREATE SEQUENCE  "CONTACT_SEQ"  MINVALUE 1 MAXVALUE 999999999999999999999999999 INCREMENT BY 1 START WITH 1 CACHE 20 NOORDER  NOCYCLE ;
--------------------------------------------------------
--  DDL for Sequence CONTRACT_SEQ
--------------------------------------------------------

   CREATE SEQUENCE  "CONTRACT_SEQ"  MINVALUE 1 MAXVALUE 999999999999999999999999999 INCREMENT BY 1 START WITH 1 CACHE 20 NOORDER  NOCYCLE ;
--------------------------------------------------------
--  DDL for Sequence COST_SEQ
--------------------------------------------------------

   CREATE SEQUENCE  "COST_SEQ"  MINVALUE 1 MAXVALUE 999999999999999999999999999 INCREMENT BY 1 START WITH 1 CACHE 20 NOORDER  NOCYCLE ;
--------------------------------------------------------
--  DDL for Sequence CUSTOMER_SEQ
--------------------------------------------------------

   CREATE SEQUENCE  "CUSTOMER_SEQ"  MINVALUE 1 MAXVALUE 999999999999999999999999999 INCREMENT BY 1 START WITH 1 CACHE 20 NOORDER  NOCYCLE ;
--------------------------------------------------------
--  DDL for Sequence DECLARATION_SEQ
--------------------------------------------------------

   CREATE SEQUENCE  "DECLARATION_SEQ"  MINVALUE 1 MAXVALUE 999999999999999999999999999 INCREMENT BY 1 START WITH 21 CACHE 20 NOORDER  NOCYCLE ;
--------------------------------------------------------
--  DDL for Sequence DOCUMENT_SEQ
--------------------------------------------------------

   CREATE SEQUENCE  "DOCUMENT_SEQ"  MINVALUE 1 MAXVALUE 999999999999999999999999999 INCREMENT BY 1 START WITH 1 CACHE 20 NOORDER  NOCYCLE ;
--------------------------------------------------------
--  DDL for Sequence EMPLOYEE_SEQ
--------------------------------------------------------

   CREATE SEQUENCE  "EMPLOYEE_SEQ"  MINVALUE 1 MAXVALUE 999999999999999999999999999 INCREMENT BY 1 START WITH 1 CACHE 20 NOORDER  NOCYCLE ;
--------------------------------------------------------
--  DDL for Sequence EXERCISE_SEQ
--------------------------------------------------------

   CREATE SEQUENCE  "EXERCISE_SEQ"  MINVALUE 1 MAXVALUE 999999999999999999999999999 INCREMENT BY 1 START WITH 1 CACHE 20 NOORDER  NOCYCLE ;
--------------------------------------------------------
--  DDL for Sequence HIBERNATE_SEQUENCE
--------------------------------------------------------

   CREATE SEQUENCE  "HIBERNATE_SEQUENCE"  MINVALUE 1 MAXVALUE 999999999999999999999999999 INCREMENT BY 1 START WITH 161 CACHE 20 NOORDER  NOCYCLE ;
--------------------------------------------------------
--  DDL for Sequence INVOICE_REMIND_SEQ
--------------------------------------------------------

   CREATE SEQUENCE  "INVOICE_REMIND_SEQ"  MINVALUE 1 MAXVALUE 999999999999999999999999999 INCREMENT BY 1 START WITH 1 CACHE 20 NOORDER  NOCYCLE ;
--------------------------------------------------------
--  DDL for Sequence INVOICE_SEQ
--------------------------------------------------------

   CREATE SEQUENCE  "INVOICE_SEQ"  MINVALUE 1 MAXVALUE 999999999999999999999999999 INCREMENT BY 1 START WITH 1 CACHE 20 NOORDER  NOCYCLE ;
--------------------------------------------------------
--  DDL for Sequence MESSAGE_SEQ
--------------------------------------------------------

   CREATE SEQUENCE  "MESSAGE_SEQ"  MINVALUE 1 MAXVALUE 999999999999999999999999999 INCREMENT BY 1 START WITH 1 CACHE 20 NOORDER  NOCYCLE ;
--------------------------------------------------------
--  DDL for Sequence MISSION_SEQ
--------------------------------------------------------

   CREATE SEQUENCE  "MISSION_SEQ"  MINVALUE 1 MAXVALUE 999999999999999999999999999 INCREMENT BY 1 START WITH 1 CACHE 20 NOORDER  NOCYCLE ;
--------------------------------------------------------
--  DDL for Sequence ORIGIN_SEQ
--------------------------------------------------------

   CREATE SEQUENCE  "ORIGIN_SEQ"  MINVALUE 1 MAXVALUE 999999999999999999999999999 INCREMENT BY 1 START WITH 1 CACHE 20 NOORDER  NOCYCLE ;
--------------------------------------------------------
--  DDL for Sequence PAYMENT_SEQ
--------------------------------------------------------

   CREATE SEQUENCE  "PAYMENT_SEQ"  MINVALUE 1 MAXVALUE 999999999999999999999999999 INCREMENT BY 1 START WITH 1 CACHE 20 NOORDER  NOCYCLE ;
--------------------------------------------------------
--  DDL for Sequence PROFILE_SEQ
--------------------------------------------------------

   CREATE SEQUENCE  "PROFILE_SEQ"  MINVALUE 1 MAXVALUE 999999999999999999999999999 INCREMENT BY 1 START WITH 1 CACHE 20 NOORDER  NOCYCLE ;
--------------------------------------------------------
--  DDL for Sequence TASK_SEQ
--------------------------------------------------------

   CREATE SEQUENCE  "TASK_SEQ"  MINVALUE 1 MAXVALUE 999999999999999999999999999 INCREMENT BY 1 START WITH 1 CACHE 20 NOORDER  NOCYCLE ;
--------------------------------------------------------
--  DDL for Sequence TIMESHEET_CELL_SEQ
--------------------------------------------------------

   CREATE SEQUENCE  "TIMESHEET_CELL_SEQ"  MINVALUE 1 MAXVALUE 999999999999999999999999999 INCREMENT BY 1 START WITH 1 CACHE 20 NOORDER  NOCYCLE ;
--------------------------------------------------------
--  DDL for Sequence TIMESHEET_ROW_SEQ
--------------------------------------------------------

   CREATE SEQUENCE  "TIMESHEET_ROW_SEQ"  MINVALUE 1 MAXVALUE 999999999999999999999999999 INCREMENT BY 1 START WITH 1 CACHE 20 NOORDER  NOCYCLE ;
--------------------------------------------------------
--  DDL for Sequence TIMESHEET_SEQ
--------------------------------------------------------

   CREATE SEQUENCE  "TIMESHEET_SEQ"  MINVALUE 1 MAXVALUE 999999999999999999999999999 INCREMENT BY 1 START WITH 1 CACHE 20 NOORDER  NOCYCLE ;
--------------------------------------------------------
--  DDL for Sequence TRAINING_SEQ
--------------------------------------------------------

   CREATE SEQUENCE  "TRAINING_SEQ"  MINVALUE 1 MAXVALUE 999999999999999999999999999 INCREMENT BY 1 START WITH 1 CACHE 20 NOORDER  NOCYCLE ;
--------------------------------------------------------
--  DDL for Sequence WORKDONE_PER_DAY_SEQ
--------------------------------------------------------

   CREATE SEQUENCE  "WORKDONE_PER_DAY_SEQ"  MINVALUE 1 MAXVALUE 999999999999999999999999999 INCREMENT BY 1 START WITH 1 CACHE 20 NOORDER  NOCYCLE ;
--------------------------------------------------------
--  DDL for Table ACTIVITIES
--------------------------------------------------------

  CREATE TABLE "ACTIVITIES" 
   (	"DTYPE" VARCHAR2(31), 
	"ID" NUMBER(19,0), 
	"PRESTATION" VARCHAR2(255), 
	"REFERENCE" VARCHAR2(255), 
	"DESCRIPTION" VARCHAR2(255), 
	"STATUS" VARCHAR2(255), 
	"PRIORITY" VARCHAR2(255), 
	"VERSION" NUMBER(10,0), 
	"STARTDATE" DATE, 
	"UPDATEDATE" DATE, 
	"PUBLISHED" NUMBER(1,0), 
	"ENDDATE" DATE, 
	"TOTALESTIMATEDHOURS" FLOAT(126), 
	"TOTALWORKEDHOURS" FLOAT(126), 
	"MISSION_ID" NUMBER(19,0), 
	"FK_EMPLOYEE" NUMBER(19,0), 
	"FK_TASK" NUMBER(19,0), 
	"FK_PROFILE" NUMBER(19,0)
   ) ;
--------------------------------------------------------
--  DDL for Table BANKS
--------------------------------------------------------

  CREATE TABLE "BANKS" 
   (	"ID" NUMBER(19,0), 
	"NAME" VARCHAR2(255), 
	"CODE" VARCHAR2(255), 
	"ACCOUNT" VARCHAR2(255), 
	"CONTACTPERSON" VARCHAR2(255), 
	"CONTACTPERSONEMAIL" VARCHAR2(255), 
	"CONTACTPERSONPHONE" VARCHAR2(255), 
	"CONTACTPERSONFAX" VARCHAR2(255), 
	"ACTIVE" NUMBER(1,0)
   ) ;
--------------------------------------------------------
--  DDL for Table BUDGETS
--------------------------------------------------------

  CREATE TABLE "BUDGETS" 
   (	"ID" NUMBER(19,0), 
	"VERSION" NUMBER(10,0), 
	"EXP_AMOUNT" FLOAT(126), 
	"REAL_AMOUNT" FLOAT(126), 
	"REP_AMOUNT" FLOAT(126), 
	"COMMENTS" VARCHAR2(255), 
	"STATUS" VARCHAR2(255), 
	"FK_EXERCISE" NUMBER(19,0), 
	"FK_CONTRACT" NUMBER(19,0), 
	"FK_MANAGER" NUMBER(19,0)
   ) ;
--------------------------------------------------------
--  DDL for Table CONTACTS
--------------------------------------------------------

  CREATE TABLE "CONTACTS" 
   (	"ID" NUMBER(19,0), 
	"NAME" VARCHAR2(255), 
	"F_NAME" VARCHAR2(255), 
	"L_NAME" VARCHAR2(255), 
	"JOB" VARCHAR2(255), 
	"B_PHONE" VARCHAR2(255), 
	"B_MOBILE" VARCHAR2(255), 
	"B_FAX" VARCHAR2(255), 
	"P_PHONE" VARCHAR2(255), 
	"P_MOBILE" VARCHAR2(255), 
	"B_EMAIL" VARCHAR2(255), 
	"P_EMAIL" VARCHAR2(255), 
	"B_WEB_ADDR" VARCHAR2(255), 
	"ACTIVE" NUMBER(1,0), 
	"B_ACTIVITY" VARCHAR2(255), 
	"UPDATEDUSER" VARCHAR2(255), 
	"COMPANY" VARCHAR2(255), 
	"ADDRESS" VARCHAR2(255), 
	"CREATEDATE" DATE, 
	"UPDATEDATE" DATE, 
	"VERSION" NUMBER(10,0), 
	"FK_CUSTOMER" NUMBER(19,0)
   ) ;
--------------------------------------------------------
--  DDL for Table CONTRACTS
--------------------------------------------------------

  CREATE TABLE "CONTRACTS" 
   (	"ID" NUMBER(19,0), 
	"REFERENCE" VARCHAR2(255), 
	"DESCRIPTION" VARCHAR2(255), 
	"FROMDATE" DATE, 
	"TODATE" DATE, 
	"VAL" FLOAT(126), 
	"CUR" VARCHAR2(255), 
	"VERSION" NUMBER(10,0), 
	"MISSIONTYPE" VARCHAR2(255), 
	"AGREED" NUMBER(1,0), 
	"FK_CUSTOMER" NUMBER(19,0), 
	"DURATION" NUMBER(10,0)
   ) ;
--------------------------------------------------------
--  DDL for Table CUSTOMERS
--------------------------------------------------------

  CREATE TABLE "CUSTOMERS" 
   (	"ID" NUMBER(19,0), 
	"WEB_ADDRESS" VARCHAR2(255), 
	"ACTIVE" NUMBER(1,0), 
	"COUNTRY" VARCHAR2(255), 
	"MAINADDRESS" VARCHAR2(255), 
	"MAINBILLINGADDRESS" VARCHAR2(255), 
	"ACTIVITY" VARCHAR2(255), 
	"CREATEDATE" DATE, 
	"UPDATEDATE" DATE, 
	"UPDATEDUSER" VARCHAR2(255), 
	"COMPY_NAME" VARCHAR2(255), 
	"FAX" VARCHAR2(255), 
	"PHONE" VARCHAR2(255), 
	"MOBILE" VARCHAR2(255), 
	"P_PHONE" VARCHAR2(255), 
	"P_MOBILE" VARCHAR2(255), 
	"EMAIL" VARCHAR2(255), 
	"CODE" VARCHAR2(255), 
	"VERSION" NUMBER(10,0), 
	"FK_ORIGIN" NUMBER(19,0), 
	"FK_MANAGER" NUMBER(19,0), 
	"FK_ASSOCIE" NUMBER(19,0)
   ) ;
--------------------------------------------------------
--  DDL for Table DECLARATIONS
--------------------------------------------------------

  CREATE TABLE "DECLARATIONS" 
   (	"ID" NUMBER(19,0), 
	"EXERCISE" VARCHAR2(255), 
	"CUSTOMER" VARCHAR2(255), 
	"REQUESTDATE" DATE, 
	"RECEIPTDATE" DATE, 
	"VALIDITYDATE" DATE, 
	"DECLARATION" NUMBER(1,0), 
	"PASSPORT" NUMBER(1,0), 
	"ACTIVE" NUMBER(1,0)
   ) ;
--------------------------------------------------------
--  DDL for Table DOCS_INVOICES
--------------------------------------------------------

  CREATE TABLE "DOCS_INVOICES" 
   (	"ID_INVOICE" NUMBER(19,0), 
	"ID_DOCUMENT" NUMBER(19,0)
   ) ;
--------------------------------------------------------
--  DDL for Table DOCS_MISSIONS
--------------------------------------------------------

  CREATE TABLE "DOCS_MISSIONS" 
   (	"ID_MISSION" NUMBER(19,0), 
	"ID_DOCUMENT" NUMBER(19,0)
   ) ;
--------------------------------------------------------
--  DDL for Table DOCUMENT_INVOICES
--------------------------------------------------------

  CREATE TABLE "DOCUMENT_INVOICES" 
   (	"DOCUMENT_ID" NUMBER(19,0), 
	"INVOICE_ID" NUMBER(19,0), 
	"CREATEDDATE" DATE
   ) ;
--------------------------------------------------------
--  DDL for Table DOCUMENTS
--------------------------------------------------------

  CREATE TABLE "DOCUMENTS" 
   (	"ID" NUMBER(19,0), 
	"FILE_NAME" VARCHAR2(255), 
	"DESCRIPTION" VARCHAR2(255), 
	"CREATEDATE" DATE, 
	"UPDATEDATE" DATE, 
	"TITLE" VARCHAR2(255), 
	"VERSION" NUMBER(10,0), 
	"OWNER" NUMBER(19,0)
   ) ;
--------------------------------------------------------
--  DDL for Table EMPLOYEES
--------------------------------------------------------

  CREATE TABLE "EMPLOYEES" 
   (	"ID" NUMBER(19,0), 
	"VERSION" NUMBER(10,0), 
	"USERNAME" VARCHAR2(255), 
	"FIRSTNAME" VARCHAR2(255), 
	"LASTNAME" VARCHAR2(255), 
	"JOBTITLE" VARCHAR2(255), 
	"COUNTRY" VARCHAR2(255), 
	"PHONE" VARCHAR2(255), 
	"MOBILE" VARCHAR2(255), 
	"PERSONALPHONE" VARCHAR2(255), 
	"PERSONALMOBILE" VARCHAR2(255), 
	"EMAIL" VARCHAR2(255), 
	"WEBADDRESS" VARCHAR2(255), 
	"PHOTO" VARCHAR2(255), 
	"CODE" VARCHAR2(255), 
	"ACTIVE" NUMBER(1,0), 
	"PASSWORD" VARCHAR2(255), 
	"LOGIN" VARCHAR2(255), 
	"UPDATEUSER" VARCHAR2(255), 
	"DATE_OF_BIRTH" DATE, 
	"CREATEDATE" DATE, 
	"MODIFIEDDATE" DATE, 
	"ADDRESS" VARCHAR2(255), 
	"PRIXVENTE" FLOAT(126), 
	"PRIXREVIENT" FLOAT(126), 
	"COUTHORAIRE" FLOAT(126), 
	"FK_POSITION" NUMBER(19,0)
   ) ;
--------------------------------------------------------
--  DDL for Table EXERCISES
--------------------------------------------------------

  CREATE TABLE "EXERCISES" 
   (	"ID" NUMBER(19,0), 
	"VERSION" NUMBER(10,0), 
	"YEAR" NUMBER(10,0), 
	"STATUS" VARCHAR2(255), 
	"STARTDATE" DATE, 
	"ENDDATE" DATE, 
	"ISAPPPROVED" NUMBER(1,0), 
	"TOT_EXP_AMOUNT" FLOAT(126), 
	"TOT_REP_AMOUNT" FLOAT(126), 
	"TOT_REAL_AMOUNT" FLOAT(126), 
	"INFLATIONPERCENTAGE" FLOAT(126)
   ) ;
--------------------------------------------------------
--  DDL for Table INVOICE_REMINDS
--------------------------------------------------------

  CREATE TABLE "INVOICE_REMINDS" 
   (	"ID" NUMBER(19,0), 
	"REMINDDATE" DATE, 
	"VERSION" NUMBER(10,0), 
	"FK_FACTURE" NUMBER(19,0)
   ) ;
--------------------------------------------------------
--  DDL for Table INVOICES
--------------------------------------------------------

  CREATE TABLE "INVOICES" 
   (	"DTYPE" VARCHAR2(31), 
	"ID" NUMBER(19,0), 
	"VERSION" NUMBER(10,0), 
	"TYPE" VARCHAR2(255), 
	"DATEFACTURE" DATE, 
	"SENTDATE" DATE, 
	"DATEOFPAYMENT" DATE, 
	"CURRENCY" VARCHAR2(3), 
	"YEAR" VARCHAR2(255), 
	"LIBELLE" VARCHAR2(255), 
	"AMOUNT" FLOAT(126), 
	"REFERENCE" VARCHAR2(255), 
	"STATUS" VARCHAR2(255), 
	"PROJECT_ID" NUMBER(19,0)
   ) ;
--------------------------------------------------------
--  DDL for Table MESSAGE
--------------------------------------------------------

  CREATE TABLE "MESSAGE" 
   (	"ID" NUMBER(19,0), 
	"SUBJECT" VARCHAR2(255), 
	"CONTENTS" VARCHAR2(255), 
	"CREATEDATE" DATE, 
	"FROM_ID" NUMBER(19,0), 
	"PARENT_ID" NUMBER(19,0), 
	"MISSION_ID" NUMBER(19,0), 
	"TO_ID" NUMBER(19,0)
   ) ;
--------------------------------------------------------
--  DDL for Table MISSION_COSTS
--------------------------------------------------------

  CREATE TABLE "MISSION_COSTS" 
   (	"ID" NUMBER(19,0), 
	"VERSION" NUMBER(10,0), 
	"COSTCODE" VARCHAR2(255), 
	"DESCRIPTION" VARCHAR2(255), 
	"AMOUNT" FLOAT(126), 
	"CURRENCY" VARCHAR2(3), 
	"CREATEDATE" DATE, 
	"OWNER_ID" NUMBER(19,0), 
	"MISSION_ID" NUMBER(19,0)
   ) ;
--------------------------------------------------------
--  DDL for Table MISSIONS
--------------------------------------------------------

  CREATE TABLE "MISSIONS" 
   (	"ID" NUMBER(19,0), 
	"EXERCISE" VARCHAR2(255), 
	"TITLE" VARCHAR2(255), 
	"REFER" VARCHAR2(255), 
	"COMMENTS" VARCHAR2(255), 
	"CREATEDATE" DATE, 
	"STARTDATE" DATE, 
	"DUEDATE" DATE, 
	"UPDATEDATE" DATE, 
	"UPDATEDUSER" VARCHAR2(255), 
	"STATUS" VARCHAR2(255), 
	"TYP" VARCHAR2(255), 
	"TOTALCOST" FLOAT(126), 
	"TOTALSCHEDULEDCOST" FLOAT(126), 
	"COUNTSCHEDULEDDAYS" NUMBER(10,0), 
	"VERSION" NUMBER(10,0), 
	"ANNUALBUDGET_ID" NUMBER(19,0)
   ) ;
--------------------------------------------------------
--  DDL for Table ORIGINS
--------------------------------------------------------

  CREATE TABLE "ORIGINS" 
   (	"ID" NUMBER(19,0), 
	"NAME" VARCHAR2(255), 
	"CODE" VARCHAR2(255)
   ) ;
--------------------------------------------------------
--  DDL for Table PAYMENTS
--------------------------------------------------------

  CREATE TABLE "PAYMENTS" 
   (	"ID" NUMBER(19,0), 
	"CODE" VARCHAR2(255), 
	"REFERENCE" VARCHAR2(255), 
	"CUSTOMERNAME" VARCHAR2(255), 
	"AMOUNT" FLOAT(126), 
	"CURRENCY" VARCHAR2(3), 
	"PAYMENTDATE" DATE, 
	"VERSION" NUMBER(10,0), 
	"FK_FACTURE" NUMBER(19,0)
   ) ;
--------------------------------------------------------
--  DDL for Table PROFILES
--------------------------------------------------------

  CREATE TABLE "PROFILES" 
   (	"ID" NUMBER(19,0), 
	"VERSION" NUMBER(10,0), 
	"NAME" VARCHAR2(255), 
	"FROMDATE" DATE, 
	"TODATE" DATE, 
	"ACTIVE" NUMBER(1,0)
   ) ;
--------------------------------------------------------
--  DDL for Table TASKS
--------------------------------------------------------

  CREATE TABLE "TASKS" 
   (	"ID" NUMBER(19,0), 
	"NAME" VARCHAR2(255), 
	"DESCRIPTION" VARCHAR2(255), 
	"CODEPRESTATION" VARCHAR2(255), 
	"CHARGEABLE" NUMBER(1,0), 
	"VERSION" NUMBER(10,0)
   ) ;
--------------------------------------------------------
--  DDL for Table TIMESHEET_CELLS
--------------------------------------------------------

  CREATE TABLE "TIMESHEET_CELLS" 
   (	"ID" NUMBER(19,0), 
	"VERSION" NUMBER(10,0), 
	"DAYNUMBER" NUMBER(10,0), 
	"VALUE" FLOAT(126), 
	"FK_ROW" NUMBER(19,0)
   ) ;
--------------------------------------------------------
--  DDL for Table TIMESHEET_ROWS
--------------------------------------------------------

  CREATE TABLE "TIMESHEET_ROWS" 
   (	"ID" NUMBER(19,0), 
	"VERSION" NUMBER(10,0), 
	"TOTALOFHOURS" FLOAT(126), 
	"YEAR" NUMBER(10,0), 
	"MONTH" NUMBER(10,0), 
	"FK_ACTIVITY" NUMBER(19,0), 
	"FK_TIMESHEET" NUMBER(19,0)
   ) ;
--------------------------------------------------------
--  DDL for Table TIMESHEETS
--------------------------------------------------------

  CREATE TABLE "TIMESHEETS" 
   (	"ID" NUMBER(19,0), 
	"VERSION" NUMBER(10,0), 
	"EXERCISE" VARCHAR2(255), 
	"USERID" RAW(255), 
	"CREATEDATE" DATE, 
	"UPDATEDATE" DATE, 
	"ACCEPTEDDATE" DATE, 
	"REJECTEDDATE" DATE, 
	"SUBMITDATE" DATE, 
	"VALIDATIONDATE" DATE, 
	"STARTDATEOFWEEK" DATE, 
	"ENDDATEOFWEEK" DATE, 
	"STATUS" VARCHAR2(255), 
	"WEEKNUMBER" NUMBER(10,0), 
	"FK_EMPLOYEE" NUMBER(19,0)
   ) ;
--------------------------------------------------------
--  DDL for Table TRAININGS
--------------------------------------------------------

  CREATE TABLE "TRAININGS" 
   (	"ID" NUMBER(19,0), 
	"TITLE" VARCHAR2(255), 
	"DESCRIPTION" VARCHAR2(255), 
	"STARTDATE" DATE, 
	"ENDDATE" DATE, 
	"COMPANYNAME" VARCHAR2(255), 
	"BENEFICIAIRE_ID" NUMBER(19,0)
   ) ;
--------------------------------------------------------
--  DDL for Table WORKDONE_PER_DAY
--------------------------------------------------------

  CREATE TABLE "WORKDONE_PER_DAY" 
   (	"ID" NUMBER(19,0), 
	"DATEOFWORK" DATE, 
	"SPENTHOURS" NUMBER(10,0), 
	"COMMENTS" VARCHAR2(255), 
	"TASK" NUMBER(19,0), 
	"INTERVENTION_ID" NUMBER(19,0)
   ) ;

---------------------------------------------------
--   DATA FOR TABLE ACTIVITIES
--   FILTER = none used
---------------------------------------------------
REM INSERTING into ACTIVITIES
Insert into ACTIVITIES (DTYPE,ID,PRESTATION,REFERENCE,DESCRIPTION,STATUS,PRIORITY,VERSION,STARTDATE,UPDATEDATE,PUBLISHED,ENDDATE,TOTALESTIMATEDHOURS,TOTALWORKEDHOURS,MISSION_ID,FK_EMPLOYEE,FK_TASK,FK_PROFILE) values ('Intervention',228,'4000','T_1','Planning-budget','PENDING',null,0,to_timestamp('18/05/09 00:00:00,000000000','DD/MM/RR HH24:MI:SS,FF'),null,0,to_timestamp('18/05/09 00:00:00,000000000','DD/MM/RR HH24:MI:SS,FF'),10,12,204,131,14,3);
Insert into ACTIVITIES (DTYPE,ID,PRESTATION,REFERENCE,DESCRIPTION,STATUS,PRIORITY,VERSION,STARTDATE,UPDATEDATE,PUBLISHED,ENDDATE,TOTALESTIMATEDHOURS,TOTALWORKEDHOURS,MISSION_ID,FK_EMPLOYEE,FK_TASK,FK_PROFILE) values ('Intervention',229,'4000','T_2','Planning-budget','PENDING',null,0,to_timestamp('18/05/09 00:00:00,000000000','DD/MM/RR HH24:MI:SS,FF'),null,0,to_timestamp('18/05/09 00:00:00,000000000','DD/MM/RR HH24:MI:SS,FF'),10,12,204,133,14,1);
Insert into ACTIVITIES (DTYPE,ID,PRESTATION,REFERENCE,DESCRIPTION,STATUS,PRIORITY,VERSION,STARTDATE,UPDATEDATE,PUBLISHED,ENDDATE,TOTALESTIMATEDHOURS,TOTALWORKEDHOURS,MISSION_ID,FK_EMPLOYEE,FK_TASK,FK_PROFILE) values ('Intervention',230,'4000','T_3','Planning-budget','PENDING',null,0,to_timestamp('18/05/09 00:00:00,000000000','DD/MM/RR HH24:MI:SS,FF'),null,0,to_timestamp('18/05/09 00:00:00,000000000','DD/MM/RR HH24:MI:SS,FF'),10,12,204,132,14,2);
Insert into ACTIVITIES (DTYPE,ID,PRESTATION,REFERENCE,DESCRIPTION,STATUS,PRIORITY,VERSION,STARTDATE,UPDATEDATE,PUBLISHED,ENDDATE,TOTALESTIMATEDHOURS,TOTALWORKEDHOURS,MISSION_ID,FK_EMPLOYEE,FK_TASK,FK_PROFILE) values ('Intervention',231,'4000','T_4','Planning-budget','PENDING',null,0,to_timestamp('18/05/09 00:00:00,000000000','DD/MM/RR HH24:MI:SS,FF'),null,0,to_timestamp('18/05/09 00:00:00,000000000','DD/MM/RR HH24:MI:SS,FF'),10,12,204,130,14,4);
Insert into ACTIVITIES (DTYPE,ID,PRESTATION,REFERENCE,DESCRIPTION,STATUS,PRIORITY,VERSION,STARTDATE,UPDATEDATE,PUBLISHED,ENDDATE,TOTALESTIMATEDHOURS,TOTALWORKEDHOURS,MISSION_ID,FK_EMPLOYEE,FK_TASK,FK_PROFILE) values ('Intervention',232,'4000','T_1','Planning-budget','PENDING',null,0,to_timestamp('18/05/09 00:00:00,000000000','DD/MM/RR HH24:MI:SS,FF'),null,0,to_timestamp('18/05/09 00:00:00,000000000','DD/MM/RR HH24:MI:SS,FF'),10,12,205,131,14,3);
Insert into ACTIVITIES (DTYPE,ID,PRESTATION,REFERENCE,DESCRIPTION,STATUS,PRIORITY,VERSION,STARTDATE,UPDATEDATE,PUBLISHED,ENDDATE,TOTALESTIMATEDHOURS,TOTALWORKEDHOURS,MISSION_ID,FK_EMPLOYEE,FK_TASK,FK_PROFILE) values ('Intervention',233,'4000','T_2','Planning-budget','PENDING',null,0,to_timestamp('18/05/09 00:00:00,000000000','DD/MM/RR HH24:MI:SS,FF'),null,0,to_timestamp('18/05/09 00:00:00,000000000','DD/MM/RR HH24:MI:SS,FF'),10,12,205,133,14,1);
Insert into ACTIVITIES (DTYPE,ID,PRESTATION,REFERENCE,DESCRIPTION,STATUS,PRIORITY,VERSION,STARTDATE,UPDATEDATE,PUBLISHED,ENDDATE,TOTALESTIMATEDHOURS,TOTALWORKEDHOURS,MISSION_ID,FK_EMPLOYEE,FK_TASK,FK_PROFILE) values ('Intervention',234,'4000','T_3','Planning-budget','PENDING',null,0,to_timestamp('18/05/09 00:00:00,000000000','DD/MM/RR HH24:MI:SS,FF'),null,0,to_timestamp('18/05/09 00:00:00,000000000','DD/MM/RR HH24:MI:SS,FF'),10,12,205,132,14,2);
Insert into ACTIVITIES (DTYPE,ID,PRESTATION,REFERENCE,DESCRIPTION,STATUS,PRIORITY,VERSION,STARTDATE,UPDATEDATE,PUBLISHED,ENDDATE,TOTALESTIMATEDHOURS,TOTALWORKEDHOURS,MISSION_ID,FK_EMPLOYEE,FK_TASK,FK_PROFILE) values ('Intervention',235,'4000','T_4','Planning-budget','PENDING',null,0,to_timestamp('18/05/09 00:00:00,000000000','DD/MM/RR HH24:MI:SS,FF'),null,0,to_timestamp('18/05/09 00:00:00,000000000','DD/MM/RR HH24:MI:SS,FF'),10,12,205,130,14,4);
Insert into ACTIVITIES (DTYPE,ID,PRESTATION,REFERENCE,DESCRIPTION,STATUS,PRIORITY,VERSION,STARTDATE,UPDATEDATE,PUBLISHED,ENDDATE,TOTALESTIMATEDHOURS,TOTALWORKEDHOURS,MISSION_ID,FK_EMPLOYEE,FK_TASK,FK_PROFILE) values ('Intervention',236,'4000','T_1','Planning-budget','PENDING',null,0,to_timestamp('18/05/09 00:00:00,000000000','DD/MM/RR HH24:MI:SS,FF'),null,0,to_timestamp('18/05/09 00:00:00,000000000','DD/MM/RR HH24:MI:SS,FF'),10,12,207,131,14,3);
Insert into ACTIVITIES (DTYPE,ID,PRESTATION,REFERENCE,DESCRIPTION,STATUS,PRIORITY,VERSION,STARTDATE,UPDATEDATE,PUBLISHED,ENDDATE,TOTALESTIMATEDHOURS,TOTALWORKEDHOURS,MISSION_ID,FK_EMPLOYEE,FK_TASK,FK_PROFILE) values ('Intervention',237,'4000','T_2','Planning-budget','PENDING',null,0,to_timestamp('18/05/09 00:00:00,000000000','DD/MM/RR HH24:MI:SS,FF'),null,0,to_timestamp('18/05/09 00:00:00,000000000','DD/MM/RR HH24:MI:SS,FF'),10,12,207,133,14,1);
Insert into ACTIVITIES (DTYPE,ID,PRESTATION,REFERENCE,DESCRIPTION,STATUS,PRIORITY,VERSION,STARTDATE,UPDATEDATE,PUBLISHED,ENDDATE,TOTALESTIMATEDHOURS,TOTALWORKEDHOURS,MISSION_ID,FK_EMPLOYEE,FK_TASK,FK_PROFILE) values ('Intervention',238,'4000','T_3','Planning-budget','PENDING',null,0,to_timestamp('18/05/09 00:00:00,000000000','DD/MM/RR HH24:MI:SS,FF'),null,0,to_timestamp('18/05/09 00:00:00,000000000','DD/MM/RR HH24:MI:SS,FF'),10,12,207,132,14,2);
Insert into ACTIVITIES (DTYPE,ID,PRESTATION,REFERENCE,DESCRIPTION,STATUS,PRIORITY,VERSION,STARTDATE,UPDATEDATE,PUBLISHED,ENDDATE,TOTALESTIMATEDHOURS,TOTALWORKEDHOURS,MISSION_ID,FK_EMPLOYEE,FK_TASK,FK_PROFILE) values ('Intervention',239,'4000','T_4','Planning-budget','PENDING',null,0,to_timestamp('18/05/09 00:00:00,000000000','DD/MM/RR HH24:MI:SS,FF'),null,0,to_timestamp('18/05/09 00:00:00,000000000','DD/MM/RR HH24:MI:SS,FF'),10,12,207,130,14,4);
Insert into ACTIVITIES (DTYPE,ID,PRESTATION,REFERENCE,DESCRIPTION,STATUS,PRIORITY,VERSION,STARTDATE,UPDATEDATE,PUBLISHED,ENDDATE,TOTALESTIMATEDHOURS,TOTALWORKEDHOURS,MISSION_ID,FK_EMPLOYEE,FK_TASK,FK_PROFILE) values ('Intervention',240,'4000','T_1','Planning-budget','PENDING',null,0,to_timestamp('18/05/09 00:00:00,000000000','DD/MM/RR HH24:MI:SS,FF'),null,0,to_timestamp('18/05/09 00:00:00,000000000','DD/MM/RR HH24:MI:SS,FF'),10,12,208,131,14,3);
Insert into ACTIVITIES (DTYPE,ID,PRESTATION,REFERENCE,DESCRIPTION,STATUS,PRIORITY,VERSION,STARTDATE,UPDATEDATE,PUBLISHED,ENDDATE,TOTALESTIMATEDHOURS,TOTALWORKEDHOURS,MISSION_ID,FK_EMPLOYEE,FK_TASK,FK_PROFILE) values ('Intervention',241,'4000','T_2','Planning-budget','PENDING',null,0,to_timestamp('18/05/09 00:00:00,000000000','DD/MM/RR HH24:MI:SS,FF'),null,0,to_timestamp('18/05/09 00:00:00,000000000','DD/MM/RR HH24:MI:SS,FF'),10,12,208,133,14,1);
Insert into ACTIVITIES (DTYPE,ID,PRESTATION,REFERENCE,DESCRIPTION,STATUS,PRIORITY,VERSION,STARTDATE,UPDATEDATE,PUBLISHED,ENDDATE,TOTALESTIMATEDHOURS,TOTALWORKEDHOURS,MISSION_ID,FK_EMPLOYEE,FK_TASK,FK_PROFILE) values ('Intervention',242,'4000','T_3','Planning-budget','PENDING',null,0,to_timestamp('18/05/09 00:00:00,000000000','DD/MM/RR HH24:MI:SS,FF'),null,0,to_timestamp('18/05/09 00:00:00,000000000','DD/MM/RR HH24:MI:SS,FF'),10,12,208,132,14,2);
Insert into ACTIVITIES (DTYPE,ID,PRESTATION,REFERENCE,DESCRIPTION,STATUS,PRIORITY,VERSION,STARTDATE,UPDATEDATE,PUBLISHED,ENDDATE,TOTALESTIMATEDHOURS,TOTALWORKEDHOURS,MISSION_ID,FK_EMPLOYEE,FK_TASK,FK_PROFILE) values ('Intervention',243,'4000','T_4','Planning-budget','PENDING',null,0,to_timestamp('18/05/09 00:00:00,000000000','DD/MM/RR HH24:MI:SS,FF'),null,0,to_timestamp('18/05/09 00:00:00,000000000','DD/MM/RR HH24:MI:SS,FF'),10,12,208,130,14,4);
Insert into ACTIVITIES (DTYPE,ID,PRESTATION,REFERENCE,DESCRIPTION,STATUS,PRIORITY,VERSION,STARTDATE,UPDATEDATE,PUBLISHED,ENDDATE,TOTALESTIMATEDHOURS,TOTALWORKEDHOURS,MISSION_ID,FK_EMPLOYEE,FK_TASK,FK_PROFILE) values ('Intervention',244,'4000','T_1','Planning-budget','PENDING',null,0,to_timestamp('18/05/09 00:00:00,000000000','DD/MM/RR HH24:MI:SS,FF'),null,0,to_timestamp('18/05/09 00:00:00,000000000','DD/MM/RR HH24:MI:SS,FF'),10,12,206,131,14,3);
Insert into ACTIVITIES (DTYPE,ID,PRESTATION,REFERENCE,DESCRIPTION,STATUS,PRIORITY,VERSION,STARTDATE,UPDATEDATE,PUBLISHED,ENDDATE,TOTALESTIMATEDHOURS,TOTALWORKEDHOURS,MISSION_ID,FK_EMPLOYEE,FK_TASK,FK_PROFILE) values ('Intervention',245,'4000','T_2','Planning-budget','PENDING',null,0,to_timestamp('18/05/09 00:00:00,000000000','DD/MM/RR HH24:MI:SS,FF'),null,0,to_timestamp('18/05/09 00:00:00,000000000','DD/MM/RR HH24:MI:SS,FF'),10,12,206,133,14,1);
Insert into ACTIVITIES (DTYPE,ID,PRESTATION,REFERENCE,DESCRIPTION,STATUS,PRIORITY,VERSION,STARTDATE,UPDATEDATE,PUBLISHED,ENDDATE,TOTALESTIMATEDHOURS,TOTALWORKEDHOURS,MISSION_ID,FK_EMPLOYEE,FK_TASK,FK_PROFILE) values ('Intervention',246,'4000','T_3','Planning-budget','PENDING',null,0,to_timestamp('18/05/09 00:00:00,000000000','DD/MM/RR HH24:MI:SS,FF'),null,0,to_timestamp('18/05/09 00:00:00,000000000','DD/MM/RR HH24:MI:SS,FF'),10,12,206,132,14,2);
Insert into ACTIVITIES (DTYPE,ID,PRESTATION,REFERENCE,DESCRIPTION,STATUS,PRIORITY,VERSION,STARTDATE,UPDATEDATE,PUBLISHED,ENDDATE,TOTALESTIMATEDHOURS,TOTALWORKEDHOURS,MISSION_ID,FK_EMPLOYEE,FK_TASK,FK_PROFILE) values ('Intervention',247,'4000','T_4','Planning-budget','PENDING',null,0,to_timestamp('18/05/09 00:00:00,000000000','DD/MM/RR HH24:MI:SS,FF'),null,0,to_timestamp('18/05/09 00:00:00,000000000','DD/MM/RR HH24:MI:SS,FF'),10,12,206,130,14,4);
Insert into ACTIVITIES (DTYPE,ID,PRESTATION,REFERENCE,DESCRIPTION,STATUS,PRIORITY,VERSION,STARTDATE,UPDATEDATE,PUBLISHED,ENDDATE,TOTALESTIMATEDHOURS,TOTALWORKEDHOURS,MISSION_ID,FK_EMPLOYEE,FK_TASK,FK_PROFILE) values ('Intervention',248,'4000','T_1','Planning-budget','PENDING',null,0,to_timestamp('18/05/09 00:00:00,000000000','DD/MM/RR HH24:MI:SS,FF'),null,0,to_timestamp('18/05/09 00:00:00,000000000','DD/MM/RR HH24:MI:SS,FF'),10,12,209,131,14,3);
Insert into ACTIVITIES (DTYPE,ID,PRESTATION,REFERENCE,DESCRIPTION,STATUS,PRIORITY,VERSION,STARTDATE,UPDATEDATE,PUBLISHED,ENDDATE,TOTALESTIMATEDHOURS,TOTALWORKEDHOURS,MISSION_ID,FK_EMPLOYEE,FK_TASK,FK_PROFILE) values ('Intervention',249,'4000','T_2','Planning-budget','PENDING',null,0,to_timestamp('18/05/09 00:00:00,000000000','DD/MM/RR HH24:MI:SS,FF'),null,0,to_timestamp('18/05/09 00:00:00,000000000','DD/MM/RR HH24:MI:SS,FF'),10,12,209,133,14,1);
Insert into ACTIVITIES (DTYPE,ID,PRESTATION,REFERENCE,DESCRIPTION,STATUS,PRIORITY,VERSION,STARTDATE,UPDATEDATE,PUBLISHED,ENDDATE,TOTALESTIMATEDHOURS,TOTALWORKEDHOURS,MISSION_ID,FK_EMPLOYEE,FK_TASK,FK_PROFILE) values ('Intervention',250,'4000','T_3','Planning-budget','PENDING',null,0,to_timestamp('18/05/09 00:00:00,000000000','DD/MM/RR HH24:MI:SS,FF'),null,0,to_timestamp('18/05/09 00:00:00,000000000','DD/MM/RR HH24:MI:SS,FF'),10,12,209,132,14,2);
Insert into ACTIVITIES (DTYPE,ID,PRESTATION,REFERENCE,DESCRIPTION,STATUS,PRIORITY,VERSION,STARTDATE,UPDATEDATE,PUBLISHED,ENDDATE,TOTALESTIMATEDHOURS,TOTALWORKEDHOURS,MISSION_ID,FK_EMPLOYEE,FK_TASK,FK_PROFILE) values ('Intervention',251,'4000','T_4','Planning-budget','PENDING',null,0,to_timestamp('18/05/09 00:00:00,000000000','DD/MM/RR HH24:MI:SS,FF'),null,0,to_timestamp('18/05/09 00:00:00,000000000','DD/MM/RR HH24:MI:SS,FF'),10,12,209,130,14,4);
Insert into ACTIVITIES (DTYPE,ID,PRESTATION,REFERENCE,DESCRIPTION,STATUS,PRIORITY,VERSION,STARTDATE,UPDATEDATE,PUBLISHED,ENDDATE,TOTALESTIMATEDHOURS,TOTALWORKEDHOURS,MISSION_ID,FK_EMPLOYEE,FK_TASK,FK_PROFILE) values ('Intervention',252,'4000','T_1','Planning-budget','PENDING',null,0,to_timestamp('18/05/09 00:00:00,000000000','DD/MM/RR HH24:MI:SS,FF'),null,0,to_timestamp('18/05/09 00:00:00,000000000','DD/MM/RR HH24:MI:SS,FF'),10,12,211,131,14,3);
Insert into ACTIVITIES (DTYPE,ID,PRESTATION,REFERENCE,DESCRIPTION,STATUS,PRIORITY,VERSION,STARTDATE,UPDATEDATE,PUBLISHED,ENDDATE,TOTALESTIMATEDHOURS,TOTALWORKEDHOURS,MISSION_ID,FK_EMPLOYEE,FK_TASK,FK_PROFILE) values ('Intervention',253,'4000','T_2','Planning-budget','PENDING',null,0,to_timestamp('18/05/09 00:00:00,000000000','DD/MM/RR HH24:MI:SS,FF'),null,0,to_timestamp('18/05/09 00:00:00,000000000','DD/MM/RR HH24:MI:SS,FF'),10,12,211,133,14,1);
Insert into ACTIVITIES (DTYPE,ID,PRESTATION,REFERENCE,DESCRIPTION,STATUS,PRIORITY,VERSION,STARTDATE,UPDATEDATE,PUBLISHED,ENDDATE,TOTALESTIMATEDHOURS,TOTALWORKEDHOURS,MISSION_ID,FK_EMPLOYEE,FK_TASK,FK_PROFILE) values ('Intervention',254,'4000','T_3','Planning-budget','PENDING',null,0,to_timestamp('18/05/09 00:00:00,000000000','DD/MM/RR HH24:MI:SS,FF'),null,0,to_timestamp('18/05/09 00:00:00,000000000','DD/MM/RR HH24:MI:SS,FF'),10,12,211,132,14,2);
Insert into ACTIVITIES (DTYPE,ID,PRESTATION,REFERENCE,DESCRIPTION,STATUS,PRIORITY,VERSION,STARTDATE,UPDATEDATE,PUBLISHED,ENDDATE,TOTALESTIMATEDHOURS,TOTALWORKEDHOURS,MISSION_ID,FK_EMPLOYEE,FK_TASK,FK_PROFILE) values ('Intervention',255,'4000','T_4','Planning-budget','PENDING',null,0,to_timestamp('18/05/09 00:00:00,000000000','DD/MM/RR HH24:MI:SS,FF'),null,0,to_timestamp('18/05/09 00:00:00,000000000','DD/MM/RR HH24:MI:SS,FF'),10,12,211,130,14,4);
Insert into ACTIVITIES (DTYPE,ID,PRESTATION,REFERENCE,DESCRIPTION,STATUS,PRIORITY,VERSION,STARTDATE,UPDATEDATE,PUBLISHED,ENDDATE,TOTALESTIMATEDHOURS,TOTALWORKEDHOURS,MISSION_ID,FK_EMPLOYEE,FK_TASK,FK_PROFILE) values ('Intervention',256,'4000','T_1','Planning-budget','PENDING',null,0,to_timestamp('18/05/09 00:00:00,000000000','DD/MM/RR HH24:MI:SS,FF'),null,0,to_timestamp('18/05/09 00:00:00,000000000','DD/MM/RR HH24:MI:SS,FF'),10,12,213,131,14,3);
Insert into ACTIVITIES (DTYPE,ID,PRESTATION,REFERENCE,DESCRIPTION,STATUS,PRIORITY,VERSION,STARTDATE,UPDATEDATE,PUBLISHED,ENDDATE,TOTALESTIMATEDHOURS,TOTALWORKEDHOURS,MISSION_ID,FK_EMPLOYEE,FK_TASK,FK_PROFILE) values ('Intervention',257,'4000','T_2','Planning-budget','PENDING',null,0,to_timestamp('18/05/09 00:00:00,000000000','DD/MM/RR HH24:MI:SS,FF'),null,0,to_timestamp('18/05/09 00:00:00,000000000','DD/MM/RR HH24:MI:SS,FF'),10,12,213,133,14,1);
Insert into ACTIVITIES (DTYPE,ID,PRESTATION,REFERENCE,DESCRIPTION,STATUS,PRIORITY,VERSION,STARTDATE,UPDATEDATE,PUBLISHED,ENDDATE,TOTALESTIMATEDHOURS,TOTALWORKEDHOURS,MISSION_ID,FK_EMPLOYEE,FK_TASK,FK_PROFILE) values ('Intervention',258,'4000','T_3','Planning-budget','PENDING',null,0,to_timestamp('18/05/09 00:00:00,000000000','DD/MM/RR HH24:MI:SS,FF'),null,0,to_timestamp('18/05/09 00:00:00,000000000','DD/MM/RR HH24:MI:SS,FF'),10,12,213,132,14,2);
Insert into ACTIVITIES (DTYPE,ID,PRESTATION,REFERENCE,DESCRIPTION,STATUS,PRIORITY,VERSION,STARTDATE,UPDATEDATE,PUBLISHED,ENDDATE,TOTALESTIMATEDHOURS,TOTALWORKEDHOURS,MISSION_ID,FK_EMPLOYEE,FK_TASK,FK_PROFILE) values ('Intervention',259,'4000','T_4','Planning-budget','PENDING',null,0,to_timestamp('18/05/09 00:00:00,000000000','DD/MM/RR HH24:MI:SS,FF'),null,0,to_timestamp('18/05/09 00:00:00,000000000','DD/MM/RR HH24:MI:SS,FF'),10,12,213,130,14,4);
Insert into ACTIVITIES (DTYPE,ID,PRESTATION,REFERENCE,DESCRIPTION,STATUS,PRIORITY,VERSION,STARTDATE,UPDATEDATE,PUBLISHED,ENDDATE,TOTALESTIMATEDHOURS,TOTALWORKEDHOURS,MISSION_ID,FK_EMPLOYEE,FK_TASK,FK_PROFILE) values ('Intervention',260,'4000','T_1','Planning-budget','PENDING',null,0,to_timestamp('18/05/09 00:00:00,000000000','DD/MM/RR HH24:MI:SS,FF'),null,0,to_timestamp('18/05/09 00:00:00,000000000','DD/MM/RR HH24:MI:SS,FF'),10,12,215,131,14,3);
Insert into ACTIVITIES (DTYPE,ID,PRESTATION,REFERENCE,DESCRIPTION,STATUS,PRIORITY,VERSION,STARTDATE,UPDATEDATE,PUBLISHED,ENDDATE,TOTALESTIMATEDHOURS,TOTALWORKEDHOURS,MISSION_ID,FK_EMPLOYEE,FK_TASK,FK_PROFILE) values ('Intervention',261,'4000','T_2','Planning-budget','PENDING',null,0,to_timestamp('18/05/09 00:00:00,000000000','DD/MM/RR HH24:MI:SS,FF'),null,0,to_timestamp('18/05/09 00:00:00,000000000','DD/MM/RR HH24:MI:SS,FF'),10,12,215,133,14,1);
Insert into ACTIVITIES (DTYPE,ID,PRESTATION,REFERENCE,DESCRIPTION,STATUS,PRIORITY,VERSION,STARTDATE,UPDATEDATE,PUBLISHED,ENDDATE,TOTALESTIMATEDHOURS,TOTALWORKEDHOURS,MISSION_ID,FK_EMPLOYEE,FK_TASK,FK_PROFILE) values ('Intervention',262,'4000','T_3','Planning-budget','PENDING',null,0,to_timestamp('18/05/09 00:00:00,000000000','DD/MM/RR HH24:MI:SS,FF'),null,0,to_timestamp('18/05/09 00:00:00,000000000','DD/MM/RR HH24:MI:SS,FF'),10,12,215,132,14,2);
Insert into ACTIVITIES (DTYPE,ID,PRESTATION,REFERENCE,DESCRIPTION,STATUS,PRIORITY,VERSION,STARTDATE,UPDATEDATE,PUBLISHED,ENDDATE,TOTALESTIMATEDHOURS,TOTALWORKEDHOURS,MISSION_ID,FK_EMPLOYEE,FK_TASK,FK_PROFILE) values ('Intervention',263,'4000','T_4','Planning-budget','PENDING',null,0,to_timestamp('18/05/09 00:00:00,000000000','DD/MM/RR HH24:MI:SS,FF'),null,0,to_timestamp('18/05/09 00:00:00,000000000','DD/MM/RR HH24:MI:SS,FF'),10,12,215,130,14,4);
Insert into ACTIVITIES (DTYPE,ID,PRESTATION,REFERENCE,DESCRIPTION,STATUS,PRIORITY,VERSION,STARTDATE,UPDATEDATE,PUBLISHED,ENDDATE,TOTALESTIMATEDHOURS,TOTALWORKEDHOURS,MISSION_ID,FK_EMPLOYEE,FK_TASK,FK_PROFILE) values ('Intervention',264,'4000','T_1','Planning-budget','PENDING',null,0,to_timestamp('18/05/09 00:00:00,000000000','DD/MM/RR HH24:MI:SS,FF'),null,0,to_timestamp('18/05/09 00:00:00,000000000','DD/MM/RR HH24:MI:SS,FF'),10,12,214,131,14,3);
Insert into ACTIVITIES (DTYPE,ID,PRESTATION,REFERENCE,DESCRIPTION,STATUS,PRIORITY,VERSION,STARTDATE,UPDATEDATE,PUBLISHED,ENDDATE,TOTALESTIMATEDHOURS,TOTALWORKEDHOURS,MISSION_ID,FK_EMPLOYEE,FK_TASK,FK_PROFILE) values ('Intervention',265,'4000','T_2','Planning-budget','PENDING',null,0,to_timestamp('18/05/09 00:00:00,000000000','DD/MM/RR HH24:MI:SS,FF'),null,0,to_timestamp('18/05/09 00:00:00,000000000','DD/MM/RR HH24:MI:SS,FF'),10,12,214,133,14,1);
Insert into ACTIVITIES (DTYPE,ID,PRESTATION,REFERENCE,DESCRIPTION,STATUS,PRIORITY,VERSION,STARTDATE,UPDATEDATE,PUBLISHED,ENDDATE,TOTALESTIMATEDHOURS,TOTALWORKEDHOURS,MISSION_ID,FK_EMPLOYEE,FK_TASK,FK_PROFILE) values ('Intervention',266,'4000','T_3','Planning-budget','PENDING',null,0,to_timestamp('18/05/09 00:00:00,000000000','DD/MM/RR HH24:MI:SS,FF'),null,0,to_timestamp('18/05/09 00:00:00,000000000','DD/MM/RR HH24:MI:SS,FF'),10,12,214,132,14,2);
Insert into ACTIVITIES (DTYPE,ID,PRESTATION,REFERENCE,DESCRIPTION,STATUS,PRIORITY,VERSION,STARTDATE,UPDATEDATE,PUBLISHED,ENDDATE,TOTALESTIMATEDHOURS,TOTALWORKEDHOURS,MISSION_ID,FK_EMPLOYEE,FK_TASK,FK_PROFILE) values ('Intervention',267,'4000','T_4','Planning-budget','PENDING',null,0,to_timestamp('18/05/09 00:00:00,000000000','DD/MM/RR HH24:MI:SS,FF'),null,0,to_timestamp('18/05/09 00:00:00,000000000','DD/MM/RR HH24:MI:SS,FF'),10,12,214,130,14,4);
Insert into ACTIVITIES (DTYPE,ID,PRESTATION,REFERENCE,DESCRIPTION,STATUS,PRIORITY,VERSION,STARTDATE,UPDATEDATE,PUBLISHED,ENDDATE,TOTALESTIMATEDHOURS,TOTALWORKEDHOURS,MISSION_ID,FK_EMPLOYEE,FK_TASK,FK_PROFILE) values ('Intervention',268,'4000','T_1','Planning-budget','PENDING',null,0,to_timestamp('18/05/09 00:00:00,000000000','DD/MM/RR HH24:MI:SS,FF'),null,0,to_timestamp('18/05/09 00:00:00,000000000','DD/MM/RR HH24:MI:SS,FF'),10,12,212,131,14,3);
Insert into ACTIVITIES (DTYPE,ID,PRESTATION,REFERENCE,DESCRIPTION,STATUS,PRIORITY,VERSION,STARTDATE,UPDATEDATE,PUBLISHED,ENDDATE,TOTALESTIMATEDHOURS,TOTALWORKEDHOURS,MISSION_ID,FK_EMPLOYEE,FK_TASK,FK_PROFILE) values ('Intervention',269,'4000','T_2','Planning-budget','PENDING',null,0,to_timestamp('18/05/09 00:00:00,000000000','DD/MM/RR HH24:MI:SS,FF'),null,0,to_timestamp('18/05/09 00:00:00,000000000','DD/MM/RR HH24:MI:SS,FF'),10,12,212,133,14,1);
Insert into ACTIVITIES (DTYPE,ID,PRESTATION,REFERENCE,DESCRIPTION,STATUS,PRIORITY,VERSION,STARTDATE,UPDATEDATE,PUBLISHED,ENDDATE,TOTALESTIMATEDHOURS,TOTALWORKEDHOURS,MISSION_ID,FK_EMPLOYEE,FK_TASK,FK_PROFILE) values ('Intervention',270,'4000','T_3','Planning-budget','PENDING',null,0,to_timestamp('18/05/09 00:00:00,000000000','DD/MM/RR HH24:MI:SS,FF'),null,0,to_timestamp('18/05/09 00:00:00,000000000','DD/MM/RR HH24:MI:SS,FF'),10,12,212,132,14,2);
Insert into ACTIVITIES (DTYPE,ID,PRESTATION,REFERENCE,DESCRIPTION,STATUS,PRIORITY,VERSION,STARTDATE,UPDATEDATE,PUBLISHED,ENDDATE,TOTALESTIMATEDHOURS,TOTALWORKEDHOURS,MISSION_ID,FK_EMPLOYEE,FK_TASK,FK_PROFILE) values ('Intervention',271,'4000','T_4','Planning-budget','PENDING',null,0,to_timestamp('18/05/09 00:00:00,000000000','DD/MM/RR HH24:MI:SS,FF'),null,0,to_timestamp('18/05/09 00:00:00,000000000','DD/MM/RR HH24:MI:SS,FF'),10,12,212,130,14,4);
Insert into ACTIVITIES (DTYPE,ID,PRESTATION,REFERENCE,DESCRIPTION,STATUS,PRIORITY,VERSION,STARTDATE,UPDATEDATE,PUBLISHED,ENDDATE,TOTALESTIMATEDHOURS,TOTALWORKEDHOURS,MISSION_ID,FK_EMPLOYEE,FK_TASK,FK_PROFILE) values ('Intervention',272,'4000','T_1','Planning-budget','PENDING',null,0,to_timestamp('18/05/09 00:00:00,000000000','DD/MM/RR HH24:MI:SS,FF'),null,0,to_timestamp('18/05/09 00:00:00,000000000','DD/MM/RR HH24:MI:SS,FF'),10,12,210,131,14,3);
Insert into ACTIVITIES (DTYPE,ID,PRESTATION,REFERENCE,DESCRIPTION,STATUS,PRIORITY,VERSION,STARTDATE,UPDATEDATE,PUBLISHED,ENDDATE,TOTALESTIMATEDHOURS,TOTALWORKEDHOURS,MISSION_ID,FK_EMPLOYEE,FK_TASK,FK_PROFILE) values ('Intervention',273,'4000','T_2','Planning-budget','PENDING',null,0,to_timestamp('18/05/09 00:00:00,000000000','DD/MM/RR HH24:MI:SS,FF'),null,0,to_timestamp('18/05/09 00:00:00,000000000','DD/MM/RR HH24:MI:SS,FF'),10,12,210,133,14,1);
Insert into ACTIVITIES (DTYPE,ID,PRESTATION,REFERENCE,DESCRIPTION,STATUS,PRIORITY,VERSION,STARTDATE,UPDATEDATE,PUBLISHED,ENDDATE,TOTALESTIMATEDHOURS,TOTALWORKEDHOURS,MISSION_ID,FK_EMPLOYEE,FK_TASK,FK_PROFILE) values ('Intervention',274,'4000','T_3','Planning-budget','PENDING',null,0,to_timestamp('18/05/09 00:00:00,000000000','DD/MM/RR HH24:MI:SS,FF'),null,0,to_timestamp('18/05/09 00:00:00,000000000','DD/MM/RR HH24:MI:SS,FF'),10,12,210,132,14,2);
Insert into ACTIVITIES (DTYPE,ID,PRESTATION,REFERENCE,DESCRIPTION,STATUS,PRIORITY,VERSION,STARTDATE,UPDATEDATE,PUBLISHED,ENDDATE,TOTALESTIMATEDHOURS,TOTALWORKEDHOURS,MISSION_ID,FK_EMPLOYEE,FK_TASK,FK_PROFILE) values ('Intervention',275,'4000','T_4','Planning-budget','PENDING',null,0,to_timestamp('18/05/09 00:00:00,000000000','DD/MM/RR HH24:MI:SS,FF'),null,0,to_timestamp('18/05/09 00:00:00,000000000','DD/MM/RR HH24:MI:SS,FF'),10,12,210,130,14,4);
Insert into ACTIVITIES (DTYPE,ID,PRESTATION,REFERENCE,DESCRIPTION,STATUS,PRIORITY,VERSION,STARTDATE,UPDATEDATE,PUBLISHED,ENDDATE,TOTALESTIMATEDHOURS,TOTALWORKEDHOURS,MISSION_ID,FK_EMPLOYEE,FK_TASK,FK_PROFILE) values ('Intervention',276,'4000','T_1','Planning-budget','PENDING',null,0,to_timestamp('18/05/09 00:00:00,000000000','DD/MM/RR HH24:MI:SS,FF'),null,0,to_timestamp('18/05/09 00:00:00,000000000','DD/MM/RR HH24:MI:SS,FF'),10,12,216,131,14,3);
Insert into ACTIVITIES (DTYPE,ID,PRESTATION,REFERENCE,DESCRIPTION,STATUS,PRIORITY,VERSION,STARTDATE,UPDATEDATE,PUBLISHED,ENDDATE,TOTALESTIMATEDHOURS,TOTALWORKEDHOURS,MISSION_ID,FK_EMPLOYEE,FK_TASK,FK_PROFILE) values ('Intervention',277,'4000','T_2','Planning-budget','PENDING',null,0,to_timestamp('18/05/09 00:00:00,000000000','DD/MM/RR HH24:MI:SS,FF'),null,0,to_timestamp('18/05/09 00:00:00,000000000','DD/MM/RR HH24:MI:SS,FF'),10,12,216,133,14,1);
Insert into ACTIVITIES (DTYPE,ID,PRESTATION,REFERENCE,DESCRIPTION,STATUS,PRIORITY,VERSION,STARTDATE,UPDATEDATE,PUBLISHED,ENDDATE,TOTALESTIMATEDHOURS,TOTALWORKEDHOURS,MISSION_ID,FK_EMPLOYEE,FK_TASK,FK_PROFILE) values ('Intervention',278,'4000','T_3','Planning-budget','PENDING',null,0,to_timestamp('18/05/09 00:00:00,000000000','DD/MM/RR HH24:MI:SS,FF'),null,0,to_timestamp('18/05/09 00:00:00,000000000','DD/MM/RR HH24:MI:SS,FF'),10,12,216,132,14,2);
Insert into ACTIVITIES (DTYPE,ID,PRESTATION,REFERENCE,DESCRIPTION,STATUS,PRIORITY,VERSION,STARTDATE,UPDATEDATE,PUBLISHED,ENDDATE,TOTALESTIMATEDHOURS,TOTALWORKEDHOURS,MISSION_ID,FK_EMPLOYEE,FK_TASK,FK_PROFILE) values ('Intervention',279,'4000','T_4','Planning-budget','PENDING',null,0,to_timestamp('18/05/09 00:00:00,000000000','DD/MM/RR HH24:MI:SS,FF'),null,0,to_timestamp('18/05/09 00:00:00,000000000','DD/MM/RR HH24:MI:SS,FF'),10,12,216,130,14,4);
Insert into ACTIVITIES (DTYPE,ID,PRESTATION,REFERENCE,DESCRIPTION,STATUS,PRIORITY,VERSION,STARTDATE,UPDATEDATE,PUBLISHED,ENDDATE,TOTALESTIMATEDHOURS,TOTALWORKEDHOURS,MISSION_ID,FK_EMPLOYEE,FK_TASK,FK_PROFILE) values ('Intervention',280,'4000','T_1','Planning-budget','PENDING',null,0,to_timestamp('18/05/09 00:00:00,000000000','DD/MM/RR HH24:MI:SS,FF'),null,0,to_timestamp('18/05/09 00:00:00,000000000','DD/MM/RR HH24:MI:SS,FF'),10,12,217,131,14,3);
Insert into ACTIVITIES (DTYPE,ID,PRESTATION,REFERENCE,DESCRIPTION,STATUS,PRIORITY,VERSION,STARTDATE,UPDATEDATE,PUBLISHED,ENDDATE,TOTALESTIMATEDHOURS,TOTALWORKEDHOURS,MISSION_ID,FK_EMPLOYEE,FK_TASK,FK_PROFILE) values ('Intervention',281,'4000','T_2','Planning-budget','PENDING',null,0,to_timestamp('18/05/09 00:00:00,000000000','DD/MM/RR HH24:MI:SS,FF'),null,0,to_timestamp('18/05/09 00:00:00,000000000','DD/MM/RR HH24:MI:SS,FF'),10,12,217,133,14,1);
Insert into ACTIVITIES (DTYPE,ID,PRESTATION,REFERENCE,DESCRIPTION,STATUS,PRIORITY,VERSION,STARTDATE,UPDATEDATE,PUBLISHED,ENDDATE,TOTALESTIMATEDHOURS,TOTALWORKEDHOURS,MISSION_ID,FK_EMPLOYEE,FK_TASK,FK_PROFILE) values ('Intervention',282,'4000','T_3','Planning-budget','PENDING',null,0,to_timestamp('18/05/09 00:00:00,000000000','DD/MM/RR HH24:MI:SS,FF'),null,0,to_timestamp('18/05/09 00:00:00,000000000','DD/MM/RR HH24:MI:SS,FF'),10,12,217,132,14,2);
Insert into ACTIVITIES (DTYPE,ID,PRESTATION,REFERENCE,DESCRIPTION,STATUS,PRIORITY,VERSION,STARTDATE,UPDATEDATE,PUBLISHED,ENDDATE,TOTALESTIMATEDHOURS,TOTALWORKEDHOURS,MISSION_ID,FK_EMPLOYEE,FK_TASK,FK_PROFILE) values ('Intervention',283,'4000','T_4','Planning-budget','PENDING',null,0,to_timestamp('18/05/09 00:00:00,000000000','DD/MM/RR HH24:MI:SS,FF'),null,0,to_timestamp('18/05/09 00:00:00,000000000','DD/MM/RR HH24:MI:SS,FF'),10,12,217,130,14,4);
Insert into ACTIVITIES (DTYPE,ID,PRESTATION,REFERENCE,DESCRIPTION,STATUS,PRIORITY,VERSION,STARTDATE,UPDATEDATE,PUBLISHED,ENDDATE,TOTALESTIMATEDHOURS,TOTALWORKEDHOURS,MISSION_ID,FK_EMPLOYEE,FK_TASK,FK_PROFILE) values ('Intervention',284,'4000','T_1','Planning-budget','PENDING',null,0,to_timestamp('18/05/09 00:00:00,000000000','DD/MM/RR HH24:MI:SS,FF'),null,0,to_timestamp('18/05/09 00:00:00,000000000','DD/MM/RR HH24:MI:SS,FF'),10,12,219,131,14,3);
Insert into ACTIVITIES (DTYPE,ID,PRESTATION,REFERENCE,DESCRIPTION,STATUS,PRIORITY,VERSION,STARTDATE,UPDATEDATE,PUBLISHED,ENDDATE,TOTALESTIMATEDHOURS,TOTALWORKEDHOURS,MISSION_ID,FK_EMPLOYEE,FK_TASK,FK_PROFILE) values ('Intervention',285,'4000','T_2','Planning-budget','PENDING',null,0,to_timestamp('18/05/09 00:00:00,000000000','DD/MM/RR HH24:MI:SS,FF'),null,0,to_timestamp('18/05/09 00:00:00,000000000','DD/MM/RR HH24:MI:SS,FF'),10,12,219,133,14,1);
Insert into ACTIVITIES (DTYPE,ID,PRESTATION,REFERENCE,DESCRIPTION,STATUS,PRIORITY,VERSION,STARTDATE,UPDATEDATE,PUBLISHED,ENDDATE,TOTALESTIMATEDHOURS,TOTALWORKEDHOURS,MISSION_ID,FK_EMPLOYEE,FK_TASK,FK_PROFILE) values ('Intervention',286,'4000','T_3','Planning-budget','PENDING',null,0,to_timestamp('18/05/09 00:00:00,000000000','DD/MM/RR HH24:MI:SS,FF'),null,0,to_timestamp('18/05/09 00:00:00,000000000','DD/MM/RR HH24:MI:SS,FF'),10,12,219,132,14,2);
Insert into ACTIVITIES (DTYPE,ID,PRESTATION,REFERENCE,DESCRIPTION,STATUS,PRIORITY,VERSION,STARTDATE,UPDATEDATE,PUBLISHED,ENDDATE,TOTALESTIMATEDHOURS,TOTALWORKEDHOURS,MISSION_ID,FK_EMPLOYEE,FK_TASK,FK_PROFILE) values ('Intervention',287,'4000','T_4','Planning-budget','PENDING',null,0,to_timestamp('18/05/09 00:00:00,000000000','DD/MM/RR HH24:MI:SS,FF'),null,0,to_timestamp('18/05/09 00:00:00,000000000','DD/MM/RR HH24:MI:SS,FF'),10,12,219,130,14,4);
Insert into ACTIVITIES (DTYPE,ID,PRESTATION,REFERENCE,DESCRIPTION,STATUS,PRIORITY,VERSION,STARTDATE,UPDATEDATE,PUBLISHED,ENDDATE,TOTALESTIMATEDHOURS,TOTALWORKEDHOURS,MISSION_ID,FK_EMPLOYEE,FK_TASK,FK_PROFILE) values ('Intervention',288,'4000','T_1','Planning-budget','PENDING',null,0,to_timestamp('18/05/09 00:00:00,000000000','DD/MM/RR HH24:MI:SS,FF'),null,0,to_timestamp('18/05/09 00:00:00,000000000','DD/MM/RR HH24:MI:SS,FF'),10,12,221,131,14,3);
Insert into ACTIVITIES (DTYPE,ID,PRESTATION,REFERENCE,DESCRIPTION,STATUS,PRIORITY,VERSION,STARTDATE,UPDATEDATE,PUBLISHED,ENDDATE,TOTALESTIMATEDHOURS,TOTALWORKEDHOURS,MISSION_ID,FK_EMPLOYEE,FK_TASK,FK_PROFILE) values ('Intervention',289,'4000','T_2','Planning-budget','PENDING',null,0,to_timestamp('18/05/09 00:00:00,000000000','DD/MM/RR HH24:MI:SS,FF'),null,0,to_timestamp('18/05/09 00:00:00,000000000','DD/MM/RR HH24:MI:SS,FF'),10,12,221,133,14,1);
Insert into ACTIVITIES (DTYPE,ID,PRESTATION,REFERENCE,DESCRIPTION,STATUS,PRIORITY,VERSION,STARTDATE,UPDATEDATE,PUBLISHED,ENDDATE,TOTALESTIMATEDHOURS,TOTALWORKEDHOURS,MISSION_ID,FK_EMPLOYEE,FK_TASK,FK_PROFILE) values ('Intervention',290,'4000','T_3','Planning-budget','PENDING',null,0,to_timestamp('18/05/09 00:00:00,000000000','DD/MM/RR HH24:MI:SS,FF'),null,0,to_timestamp('18/05/09 00:00:00,000000000','DD/MM/RR HH24:MI:SS,FF'),10,12,221,132,14,2);
Insert into ACTIVITIES (DTYPE,ID,PRESTATION,REFERENCE,DESCRIPTION,STATUS,PRIORITY,VERSION,STARTDATE,UPDATEDATE,PUBLISHED,ENDDATE,TOTALESTIMATEDHOURS,TOTALWORKEDHOURS,MISSION_ID,FK_EMPLOYEE,FK_TASK,FK_PROFILE) values ('Intervention',291,'4000','T_4','Planning-budget','PENDING',null,0,to_timestamp('18/05/09 00:00:00,000000000','DD/MM/RR HH24:MI:SS,FF'),null,0,to_timestamp('18/05/09 00:00:00,000000000','DD/MM/RR HH24:MI:SS,FF'),10,12,221,130,14,4);
Insert into ACTIVITIES (DTYPE,ID,PRESTATION,REFERENCE,DESCRIPTION,STATUS,PRIORITY,VERSION,STARTDATE,UPDATEDATE,PUBLISHED,ENDDATE,TOTALESTIMATEDHOURS,TOTALWORKEDHOURS,MISSION_ID,FK_EMPLOYEE,FK_TASK,FK_PROFILE) values ('Intervention',292,'4000','T_1','Planning-budget','PENDING',null,0,to_timestamp('18/05/09 00:00:00,000000000','DD/MM/RR HH24:MI:SS,FF'),null,0,to_timestamp('18/05/09 00:00:00,000000000','DD/MM/RR HH24:MI:SS,FF'),10,12,223,131,14,3);
Insert into ACTIVITIES (DTYPE,ID,PRESTATION,REFERENCE,DESCRIPTION,STATUS,PRIORITY,VERSION,STARTDATE,UPDATEDATE,PUBLISHED,ENDDATE,TOTALESTIMATEDHOURS,TOTALWORKEDHOURS,MISSION_ID,FK_EMPLOYEE,FK_TASK,FK_PROFILE) values ('Intervention',293,'4000','T_2','Planning-budget','PENDING',null,0,to_timestamp('18/05/09 00:00:00,000000000','DD/MM/RR HH24:MI:SS,FF'),null,0,to_timestamp('18/05/09 00:00:00,000000000','DD/MM/RR HH24:MI:SS,FF'),10,12,223,133,14,1);
Insert into ACTIVITIES (DTYPE,ID,PRESTATION,REFERENCE,DESCRIPTION,STATUS,PRIORITY,VERSION,STARTDATE,UPDATEDATE,PUBLISHED,ENDDATE,TOTALESTIMATEDHOURS,TOTALWORKEDHOURS,MISSION_ID,FK_EMPLOYEE,FK_TASK,FK_PROFILE) values ('Intervention',294,'4000','T_3','Planning-budget','PENDING',null,0,to_timestamp('18/05/09 00:00:00,000000000','DD/MM/RR HH24:MI:SS,FF'),null,0,to_timestamp('18/05/09 00:00:00,000000000','DD/MM/RR HH24:MI:SS,FF'),10,12,223,132,14,2);
Insert into ACTIVITIES (DTYPE,ID,PRESTATION,REFERENCE,DESCRIPTION,STATUS,PRIORITY,VERSION,STARTDATE,UPDATEDATE,PUBLISHED,ENDDATE,TOTALESTIMATEDHOURS,TOTALWORKEDHOURS,MISSION_ID,FK_EMPLOYEE,FK_TASK,FK_PROFILE) values ('Intervention',295,'4000','T_4','Planning-budget','PENDING',null,0,to_timestamp('18/05/09 00:00:00,000000000','DD/MM/RR HH24:MI:SS,FF'),null,0,to_timestamp('18/05/09 00:00:00,000000000','DD/MM/RR HH24:MI:SS,FF'),10,12,223,130,14,4);
Insert into ACTIVITIES (DTYPE,ID,PRESTATION,REFERENCE,DESCRIPTION,STATUS,PRIORITY,VERSION,STARTDATE,UPDATEDATE,PUBLISHED,ENDDATE,TOTALESTIMATEDHOURS,TOTALWORKEDHOURS,MISSION_ID,FK_EMPLOYEE,FK_TASK,FK_PROFILE) values ('Intervention',296,'4000','T_1','Planning-budget','PENDING',null,0,to_timestamp('18/05/09 00:00:00,000000000','DD/MM/RR HH24:MI:SS,FF'),null,0,to_timestamp('18/05/09 00:00:00,000000000','DD/MM/RR HH24:MI:SS,FF'),10,12,227,131,14,3);
Insert into ACTIVITIES (DTYPE,ID,PRESTATION,REFERENCE,DESCRIPTION,STATUS,PRIORITY,VERSION,STARTDATE,UPDATEDATE,PUBLISHED,ENDDATE,TOTALESTIMATEDHOURS,TOTALWORKEDHOURS,MISSION_ID,FK_EMPLOYEE,FK_TASK,FK_PROFILE) values ('Intervention',297,'4000','T_2','Planning-budget','PENDING',null,0,to_timestamp('18/05/09 00:00:00,000000000','DD/MM/RR HH24:MI:SS,FF'),null,0,to_timestamp('18/05/09 00:00:00,000000000','DD/MM/RR HH24:MI:SS,FF'),10,12,227,133,14,1);
Insert into ACTIVITIES (DTYPE,ID,PRESTATION,REFERENCE,DESCRIPTION,STATUS,PRIORITY,VERSION,STARTDATE,UPDATEDATE,PUBLISHED,ENDDATE,TOTALESTIMATEDHOURS,TOTALWORKEDHOURS,MISSION_ID,FK_EMPLOYEE,FK_TASK,FK_PROFILE) values ('Intervention',298,'4000','T_3','Planning-budget','PENDING',null,0,to_timestamp('18/05/09 00:00:00,000000000','DD/MM/RR HH24:MI:SS,FF'),null,0,to_timestamp('18/05/09 00:00:00,000000000','DD/MM/RR HH24:MI:SS,FF'),10,12,227,132,14,2);
Insert into ACTIVITIES (DTYPE,ID,PRESTATION,REFERENCE,DESCRIPTION,STATUS,PRIORITY,VERSION,STARTDATE,UPDATEDATE,PUBLISHED,ENDDATE,TOTALESTIMATEDHOURS,TOTALWORKEDHOURS,MISSION_ID,FK_EMPLOYEE,FK_TASK,FK_PROFILE) values ('Intervention',299,'4000','T_4','Planning-budget','PENDING',null,0,to_timestamp('18/05/09 00:00:00,000000000','DD/MM/RR HH24:MI:SS,FF'),null,0,to_timestamp('18/05/09 00:00:00,000000000','DD/MM/RR HH24:MI:SS,FF'),10,12,227,130,14,4);
Insert into ACTIVITIES (DTYPE,ID,PRESTATION,REFERENCE,DESCRIPTION,STATUS,PRIORITY,VERSION,STARTDATE,UPDATEDATE,PUBLISHED,ENDDATE,TOTALESTIMATEDHOURS,TOTALWORKEDHOURS,MISSION_ID,FK_EMPLOYEE,FK_TASK,FK_PROFILE) values ('Intervention',300,'4000','T_1','Planning-budget','PENDING',null,0,to_timestamp('18/05/09 00:00:00,000000000','DD/MM/RR HH24:MI:SS,FF'),null,0,to_timestamp('18/05/09 00:00:00,000000000','DD/MM/RR HH24:MI:SS,FF'),10,12,226,131,14,3);
Insert into ACTIVITIES (DTYPE,ID,PRESTATION,REFERENCE,DESCRIPTION,STATUS,PRIORITY,VERSION,STARTDATE,UPDATEDATE,PUBLISHED,ENDDATE,TOTALESTIMATEDHOURS,TOTALWORKEDHOURS,MISSION_ID,FK_EMPLOYEE,FK_TASK,FK_PROFILE) values ('Intervention',301,'4000','T_2','Planning-budget','PENDING',null,0,to_timestamp('18/05/09 00:00:00,000000000','DD/MM/RR HH24:MI:SS,FF'),null,0,to_timestamp('18/05/09 00:00:00,000000000','DD/MM/RR HH24:MI:SS,FF'),10,12,226,133,14,1);
Insert into ACTIVITIES (DTYPE,ID,PRESTATION,REFERENCE,DESCRIPTION,STATUS,PRIORITY,VERSION,STARTDATE,UPDATEDATE,PUBLISHED,ENDDATE,TOTALESTIMATEDHOURS,TOTALWORKEDHOURS,MISSION_ID,FK_EMPLOYEE,FK_TASK,FK_PROFILE) values ('Intervention',302,'4000','T_3','Planning-budget','PENDING',null,0,to_timestamp('18/05/09 00:00:00,000000000','DD/MM/RR HH24:MI:SS,FF'),null,0,to_timestamp('18/05/09 00:00:00,000000000','DD/MM/RR HH24:MI:SS,FF'),10,12,226,132,14,2);
Insert into ACTIVITIES (DTYPE,ID,PRESTATION,REFERENCE,DESCRIPTION,STATUS,PRIORITY,VERSION,STARTDATE,UPDATEDATE,PUBLISHED,ENDDATE,TOTALESTIMATEDHOURS,TOTALWORKEDHOURS,MISSION_ID,FK_EMPLOYEE,FK_TASK,FK_PROFILE) values ('Intervention',303,'4000','T_4','Planning-budget','PENDING',null,0,to_timestamp('18/05/09 00:00:00,000000000','DD/MM/RR HH24:MI:SS,FF'),null,0,to_timestamp('18/05/09 00:00:00,000000000','DD/MM/RR HH24:MI:SS,FF'),10,12,226,130,14,4);
Insert into ACTIVITIES (DTYPE,ID,PRESTATION,REFERENCE,DESCRIPTION,STATUS,PRIORITY,VERSION,STARTDATE,UPDATEDATE,PUBLISHED,ENDDATE,TOTALESTIMATEDHOURS,TOTALWORKEDHOURS,MISSION_ID,FK_EMPLOYEE,FK_TASK,FK_PROFILE) values ('Intervention',304,'4000','T_1','Planning-budget','PENDING',null,0,to_timestamp('18/05/09 00:00:00,000000000','DD/MM/RR HH24:MI:SS,FF'),null,0,to_timestamp('18/05/09 00:00:00,000000000','DD/MM/RR HH24:MI:SS,FF'),10,12,225,131,14,3);
Insert into ACTIVITIES (DTYPE,ID,PRESTATION,REFERENCE,DESCRIPTION,STATUS,PRIORITY,VERSION,STARTDATE,UPDATEDATE,PUBLISHED,ENDDATE,TOTALESTIMATEDHOURS,TOTALWORKEDHOURS,MISSION_ID,FK_EMPLOYEE,FK_TASK,FK_PROFILE) values ('Intervention',305,'4000','T_2','Planning-budget','PENDING',null,0,to_timestamp('18/05/09 00:00:00,000000000','DD/MM/RR HH24:MI:SS,FF'),null,0,to_timestamp('18/05/09 00:00:00,000000000','DD/MM/RR HH24:MI:SS,FF'),10,12,225,133,14,1);
Insert into ACTIVITIES (DTYPE,ID,PRESTATION,REFERENCE,DESCRIPTION,STATUS,PRIORITY,VERSION,STARTDATE,UPDATEDATE,PUBLISHED,ENDDATE,TOTALESTIMATEDHOURS,TOTALWORKEDHOURS,MISSION_ID,FK_EMPLOYEE,FK_TASK,FK_PROFILE) values ('Intervention',306,'4000','T_3','Planning-budget','PENDING',null,0,to_timestamp('18/05/09 00:00:00,000000000','DD/MM/RR HH24:MI:SS,FF'),null,0,to_timestamp('18/05/09 00:00:00,000000000','DD/MM/RR HH24:MI:SS,FF'),10,12,225,132,14,2);
Insert into ACTIVITIES (DTYPE,ID,PRESTATION,REFERENCE,DESCRIPTION,STATUS,PRIORITY,VERSION,STARTDATE,UPDATEDATE,PUBLISHED,ENDDATE,TOTALESTIMATEDHOURS,TOTALWORKEDHOURS,MISSION_ID,FK_EMPLOYEE,FK_TASK,FK_PROFILE) values ('Intervention',307,'4000','T_4','Planning-budget','PENDING',null,0,to_timestamp('18/05/09 00:00:00,000000000','DD/MM/RR HH24:MI:SS,FF'),null,0,to_timestamp('18/05/09 00:00:00,000000000','DD/MM/RR HH24:MI:SS,FF'),10,12,225,130,14,4);
Insert into ACTIVITIES (DTYPE,ID,PRESTATION,REFERENCE,DESCRIPTION,STATUS,PRIORITY,VERSION,STARTDATE,UPDATEDATE,PUBLISHED,ENDDATE,TOTALESTIMATEDHOURS,TOTALWORKEDHOURS,MISSION_ID,FK_EMPLOYEE,FK_TASK,FK_PROFILE) values ('Intervention',308,'4000','T_1','Planning-budget','PENDING',null,0,to_timestamp('18/05/09 00:00:00,000000000','DD/MM/RR HH24:MI:SS,FF'),null,0,to_timestamp('18/05/09 00:00:00,000000000','DD/MM/RR HH24:MI:SS,FF'),10,12,224,131,14,3);
Insert into ACTIVITIES (DTYPE,ID,PRESTATION,REFERENCE,DESCRIPTION,STATUS,PRIORITY,VERSION,STARTDATE,UPDATEDATE,PUBLISHED,ENDDATE,TOTALESTIMATEDHOURS,TOTALWORKEDHOURS,MISSION_ID,FK_EMPLOYEE,FK_TASK,FK_PROFILE) values ('Intervention',309,'4000','T_2','Planning-budget','PENDING',null,0,to_timestamp('18/05/09 00:00:00,000000000','DD/MM/RR HH24:MI:SS,FF'),null,0,to_timestamp('18/05/09 00:00:00,000000000','DD/MM/RR HH24:MI:SS,FF'),10,12,224,133,14,1);
Insert into ACTIVITIES (DTYPE,ID,PRESTATION,REFERENCE,DESCRIPTION,STATUS,PRIORITY,VERSION,STARTDATE,UPDATEDATE,PUBLISHED,ENDDATE,TOTALESTIMATEDHOURS,TOTALWORKEDHOURS,MISSION_ID,FK_EMPLOYEE,FK_TASK,FK_PROFILE) values ('Intervention',310,'4000','T_3','Planning-budget','PENDING',null,0,to_timestamp('18/05/09 00:00:00,000000000','DD/MM/RR HH24:MI:SS,FF'),null,0,to_timestamp('18/05/09 00:00:00,000000000','DD/MM/RR HH24:MI:SS,FF'),10,12,224,132,14,2);
Insert into ACTIVITIES (DTYPE,ID,PRESTATION,REFERENCE,DESCRIPTION,STATUS,PRIORITY,VERSION,STARTDATE,UPDATEDATE,PUBLISHED,ENDDATE,TOTALESTIMATEDHOURS,TOTALWORKEDHOURS,MISSION_ID,FK_EMPLOYEE,FK_TASK,FK_PROFILE) values ('Intervention',311,'4000','T_4','Planning-budget','PENDING',null,0,to_timestamp('18/05/09 00:00:00,000000000','DD/MM/RR HH24:MI:SS,FF'),null,0,to_timestamp('18/05/09 00:00:00,000000000','DD/MM/RR HH24:MI:SS,FF'),10,12,224,130,14,4);
Insert into ACTIVITIES (DTYPE,ID,PRESTATION,REFERENCE,DESCRIPTION,STATUS,PRIORITY,VERSION,STARTDATE,UPDATEDATE,PUBLISHED,ENDDATE,TOTALESTIMATEDHOURS,TOTALWORKEDHOURS,MISSION_ID,FK_EMPLOYEE,FK_TASK,FK_PROFILE) values ('Intervention',312,'4000','T_1','Planning-budget','PENDING',null,0,to_timestamp('18/05/09 00:00:00,000000000','DD/MM/RR HH24:MI:SS,FF'),null,0,to_timestamp('18/05/09 00:00:00,000000000','DD/MM/RR HH24:MI:SS,FF'),10,12,222,131,14,3);
Insert into ACTIVITIES (DTYPE,ID,PRESTATION,REFERENCE,DESCRIPTION,STATUS,PRIORITY,VERSION,STARTDATE,UPDATEDATE,PUBLISHED,ENDDATE,TOTALESTIMATEDHOURS,TOTALWORKEDHOURS,MISSION_ID,FK_EMPLOYEE,FK_TASK,FK_PROFILE) values ('Intervention',313,'4000','T_2','Planning-budget','PENDING',null,0,to_timestamp('18/05/09 00:00:00,000000000','DD/MM/RR HH24:MI:SS,FF'),null,0,to_timestamp('18/05/09 00:00:00,000000000','DD/MM/RR HH24:MI:SS,FF'),10,12,222,133,14,1);
Insert into ACTIVITIES (DTYPE,ID,PRESTATION,REFERENCE,DESCRIPTION,STATUS,PRIORITY,VERSION,STARTDATE,UPDATEDATE,PUBLISHED,ENDDATE,TOTALESTIMATEDHOURS,TOTALWORKEDHOURS,MISSION_ID,FK_EMPLOYEE,FK_TASK,FK_PROFILE) values ('Intervention',314,'4000','T_3','Planning-budget','PENDING',null,0,to_timestamp('18/05/09 00:00:00,000000000','DD/MM/RR HH24:MI:SS,FF'),null,0,to_timestamp('18/05/09 00:00:00,000000000','DD/MM/RR HH24:MI:SS,FF'),10,12,222,132,14,2);
Insert into ACTIVITIES (DTYPE,ID,PRESTATION,REFERENCE,DESCRIPTION,STATUS,PRIORITY,VERSION,STARTDATE,UPDATEDATE,PUBLISHED,ENDDATE,TOTALESTIMATEDHOURS,TOTALWORKEDHOURS,MISSION_ID,FK_EMPLOYEE,FK_TASK,FK_PROFILE) values ('Intervention',315,'4000','T_4','Planning-budget','PENDING',null,0,to_timestamp('18/05/09 00:00:00,000000000','DD/MM/RR HH24:MI:SS,FF'),null,0,to_timestamp('18/05/09 00:00:00,000000000','DD/MM/RR HH24:MI:SS,FF'),10,12,222,130,14,4);
Insert into ACTIVITIES (DTYPE,ID,PRESTATION,REFERENCE,DESCRIPTION,STATUS,PRIORITY,VERSION,STARTDATE,UPDATEDATE,PUBLISHED,ENDDATE,TOTALESTIMATEDHOURS,TOTALWORKEDHOURS,MISSION_ID,FK_EMPLOYEE,FK_TASK,FK_PROFILE) values ('Intervention',316,'4000','T_1','Planning-budget','PENDING',null,0,to_timestamp('18/05/09 00:00:00,000000000','DD/MM/RR HH24:MI:SS,FF'),null,0,to_timestamp('18/05/09 00:00:00,000000000','DD/MM/RR HH24:MI:SS,FF'),10,12,220,131,14,3);
Insert into ACTIVITIES (DTYPE,ID,PRESTATION,REFERENCE,DESCRIPTION,STATUS,PRIORITY,VERSION,STARTDATE,UPDATEDATE,PUBLISHED,ENDDATE,TOTALESTIMATEDHOURS,TOTALWORKEDHOURS,MISSION_ID,FK_EMPLOYEE,FK_TASK,FK_PROFILE) values ('Intervention',317,'4000','T_2','Planning-budget','PENDING',null,0,to_timestamp('18/05/09 00:00:00,000000000','DD/MM/RR HH24:MI:SS,FF'),null,0,to_timestamp('18/05/09 00:00:00,000000000','DD/MM/RR HH24:MI:SS,FF'),10,12,220,133,14,1);
Insert into ACTIVITIES (DTYPE,ID,PRESTATION,REFERENCE,DESCRIPTION,STATUS,PRIORITY,VERSION,STARTDATE,UPDATEDATE,PUBLISHED,ENDDATE,TOTALESTIMATEDHOURS,TOTALWORKEDHOURS,MISSION_ID,FK_EMPLOYEE,FK_TASK,FK_PROFILE) values ('Intervention',318,'4000','T_3','Planning-budget','PENDING',null,0,to_timestamp('18/05/09 00:00:00,000000000','DD/MM/RR HH24:MI:SS,FF'),null,0,to_timestamp('18/05/09 00:00:00,000000000','DD/MM/RR HH24:MI:SS,FF'),10,12,220,132,14,2);
Insert into ACTIVITIES (DTYPE,ID,PRESTATION,REFERENCE,DESCRIPTION,STATUS,PRIORITY,VERSION,STARTDATE,UPDATEDATE,PUBLISHED,ENDDATE,TOTALESTIMATEDHOURS,TOTALWORKEDHOURS,MISSION_ID,FK_EMPLOYEE,FK_TASK,FK_PROFILE) values ('Intervention',319,'4000','T_4','Planning-budget','PENDING',null,0,to_timestamp('18/05/09 00:00:00,000000000','DD/MM/RR HH24:MI:SS,FF'),null,0,to_timestamp('18/05/09 00:00:00,000000000','DD/MM/RR HH24:MI:SS,FF'),10,12,220,130,14,4);
Insert into ACTIVITIES (DTYPE,ID,PRESTATION,REFERENCE,DESCRIPTION,STATUS,PRIORITY,VERSION,STARTDATE,UPDATEDATE,PUBLISHED,ENDDATE,TOTALESTIMATEDHOURS,TOTALWORKEDHOURS,MISSION_ID,FK_EMPLOYEE,FK_TASK,FK_PROFILE) values ('Intervention',320,'4000','T_1','Planning-budget','PENDING',null,0,to_timestamp('18/05/09 00:00:00,000000000','DD/MM/RR HH24:MI:SS,FF'),null,0,to_timestamp('18/05/09 00:00:00,000000000','DD/MM/RR HH24:MI:SS,FF'),10,12,218,131,14,3);
Insert into ACTIVITIES (DTYPE,ID,PRESTATION,REFERENCE,DESCRIPTION,STATUS,PRIORITY,VERSION,STARTDATE,UPDATEDATE,PUBLISHED,ENDDATE,TOTALESTIMATEDHOURS,TOTALWORKEDHOURS,MISSION_ID,FK_EMPLOYEE,FK_TASK,FK_PROFILE) values ('Intervention',321,'4000','T_2','Planning-budget','PENDING',null,0,to_timestamp('18/05/09 00:00:00,000000000','DD/MM/RR HH24:MI:SS,FF'),null,0,to_timestamp('18/05/09 00:00:00,000000000','DD/MM/RR HH24:MI:SS,FF'),10,12,218,133,14,1);
Insert into ACTIVITIES (DTYPE,ID,PRESTATION,REFERENCE,DESCRIPTION,STATUS,PRIORITY,VERSION,STARTDATE,UPDATEDATE,PUBLISHED,ENDDATE,TOTALESTIMATEDHOURS,TOTALWORKEDHOURS,MISSION_ID,FK_EMPLOYEE,FK_TASK,FK_PROFILE) values ('Intervention',322,'4000','T_3','Planning-budget','PENDING',null,0,to_timestamp('18/05/09 00:00:00,000000000','DD/MM/RR HH24:MI:SS,FF'),null,0,to_timestamp('18/05/09 00:00:00,000000000','DD/MM/RR HH24:MI:SS,FF'),10,12,218,132,14,2);
Insert into ACTIVITIES (DTYPE,ID,PRESTATION,REFERENCE,DESCRIPTION,STATUS,PRIORITY,VERSION,STARTDATE,UPDATEDATE,PUBLISHED,ENDDATE,TOTALESTIMATEDHOURS,TOTALWORKEDHOURS,MISSION_ID,FK_EMPLOYEE,FK_TASK,FK_PROFILE) values ('Intervention',323,'4000','T_4','Planning-budget','PENDING',null,0,to_timestamp('18/05/09 00:00:00,000000000','DD/MM/RR HH24:MI:SS,FF'),null,0,to_timestamp('18/05/09 00:00:00,000000000','DD/MM/RR HH24:MI:SS,FF'),10,12,218,130,14,4);
Insert into ACTIVITIES (DTYPE,ID,PRESTATION,REFERENCE,DESCRIPTION,STATUS,PRIORITY,VERSION,STARTDATE,UPDATEDATE,PUBLISHED,ENDDATE,TOTALESTIMATEDHOURS,TOTALWORKEDHOURS,MISSION_ID,FK_EMPLOYEE,FK_TASK,FK_PROFILE) values ('Intervention',324,'4000','T_1','Planning-budget','PENDING',null,0,to_timestamp('18/05/09 00:00:00,000000000','DD/MM/RR HH24:MI:SS,FF'),null,0,to_timestamp('18/05/09 00:00:00,000000000','DD/MM/RR HH24:MI:SS,FF'),10,12,180,131,14,3);
Insert into ACTIVITIES (DTYPE,ID,PRESTATION,REFERENCE,DESCRIPTION,STATUS,PRIORITY,VERSION,STARTDATE,UPDATEDATE,PUBLISHED,ENDDATE,TOTALESTIMATEDHOURS,TOTALWORKEDHOURS,MISSION_ID,FK_EMPLOYEE,FK_TASK,FK_PROFILE) values ('Intervention',325,'4000','T_2','Planning-budget','PENDING',null,0,to_timestamp('18/05/09 00:00:00,000000000','DD/MM/RR HH24:MI:SS,FF'),null,0,to_timestamp('18/05/09 00:00:00,000000000','DD/MM/RR HH24:MI:SS,FF'),10,12,180,133,14,1);
Insert into ACTIVITIES (DTYPE,ID,PRESTATION,REFERENCE,DESCRIPTION,STATUS,PRIORITY,VERSION,STARTDATE,UPDATEDATE,PUBLISHED,ENDDATE,TOTALESTIMATEDHOURS,TOTALWORKEDHOURS,MISSION_ID,FK_EMPLOYEE,FK_TASK,FK_PROFILE) values ('Intervention',326,'4000','T_3','Planning-budget','PENDING',null,0,to_timestamp('18/05/09 00:00:00,000000000','DD/MM/RR HH24:MI:SS,FF'),null,0,to_timestamp('18/05/09 00:00:00,000000000','DD/MM/RR HH24:MI:SS,FF'),10,12,180,132,14,2);
Insert into ACTIVITIES (DTYPE,ID,PRESTATION,REFERENCE,DESCRIPTION,STATUS,PRIORITY,VERSION,STARTDATE,UPDATEDATE,PUBLISHED,ENDDATE,TOTALESTIMATEDHOURS,TOTALWORKEDHOURS,MISSION_ID,FK_EMPLOYEE,FK_TASK,FK_PROFILE) values ('Intervention',327,'4000','T_4','Planning-budget','PENDING',null,0,to_timestamp('18/05/09 00:00:00,000000000','DD/MM/RR HH24:MI:SS,FF'),null,0,to_timestamp('18/05/09 00:00:00,000000000','DD/MM/RR HH24:MI:SS,FF'),10,12,180,130,14,4);
Insert into ACTIVITIES (DTYPE,ID,PRESTATION,REFERENCE,DESCRIPTION,STATUS,PRIORITY,VERSION,STARTDATE,UPDATEDATE,PUBLISHED,ENDDATE,TOTALESTIMATEDHOURS,TOTALWORKEDHOURS,MISSION_ID,FK_EMPLOYEE,FK_TASK,FK_PROFILE) values ('Intervention',328,'4000','T_1','Planning-budget','PENDING',null,0,to_timestamp('18/05/09 00:00:00,000000000','DD/MM/RR HH24:MI:SS,FF'),null,0,to_timestamp('18/05/09 00:00:00,000000000','DD/MM/RR HH24:MI:SS,FF'),10,12,183,131,14,3);
Insert into ACTIVITIES (DTYPE,ID,PRESTATION,REFERENCE,DESCRIPTION,STATUS,PRIORITY,VERSION,STARTDATE,UPDATEDATE,PUBLISHED,ENDDATE,TOTALESTIMATEDHOURS,TOTALWORKEDHOURS,MISSION_ID,FK_EMPLOYEE,FK_TASK,FK_PROFILE) values ('Intervention',329,'4000','T_2','Planning-budget','PENDING',null,0,to_timestamp('18/05/09 00:00:00,000000000','DD/MM/RR HH24:MI:SS,FF'),null,0,to_timestamp('18/05/09 00:00:00,000000000','DD/MM/RR HH24:MI:SS,FF'),10,12,183,133,14,1);
Insert into ACTIVITIES (DTYPE,ID,PRESTATION,REFERENCE,DESCRIPTION,STATUS,PRIORITY,VERSION,STARTDATE,UPDATEDATE,PUBLISHED,ENDDATE,TOTALESTIMATEDHOURS,TOTALWORKEDHOURS,MISSION_ID,FK_EMPLOYEE,FK_TASK,FK_PROFILE) values ('Intervention',330,'4000','T_3','Planning-budget','PENDING',null,0,to_timestamp('18/05/09 00:00:00,000000000','DD/MM/RR HH24:MI:SS,FF'),null,0,to_timestamp('18/05/09 00:00:00,000000000','DD/MM/RR HH24:MI:SS,FF'),10,12,183,132,14,2);
Insert into ACTIVITIES (DTYPE,ID,PRESTATION,REFERENCE,DESCRIPTION,STATUS,PRIORITY,VERSION,STARTDATE,UPDATEDATE,PUBLISHED,ENDDATE,TOTALESTIMATEDHOURS,TOTALWORKEDHOURS,MISSION_ID,FK_EMPLOYEE,FK_TASK,FK_PROFILE) values ('Intervention',331,'4000','T_4','Planning-budget','PENDING',null,0,to_timestamp('18/05/09 00:00:00,000000000','DD/MM/RR HH24:MI:SS,FF'),null,0,to_timestamp('18/05/09 00:00:00,000000000','DD/MM/RR HH24:MI:SS,FF'),10,12,183,130,14,4);
Insert into ACTIVITIES (DTYPE,ID,PRESTATION,REFERENCE,DESCRIPTION,STATUS,PRIORITY,VERSION,STARTDATE,UPDATEDATE,PUBLISHED,ENDDATE,TOTALESTIMATEDHOURS,TOTALWORKEDHOURS,MISSION_ID,FK_EMPLOYEE,FK_TASK,FK_PROFILE) values ('Intervention',332,'4000','T_1','Planning-budget','PENDING',null,0,to_timestamp('18/05/09 00:00:00,000000000','DD/MM/RR HH24:MI:SS,FF'),null,0,to_timestamp('18/05/09 00:00:00,000000000','DD/MM/RR HH24:MI:SS,FF'),10,12,185,131,14,3);
Insert into ACTIVITIES (DTYPE,ID,PRESTATION,REFERENCE,DESCRIPTION,STATUS,PRIORITY,VERSION,STARTDATE,UPDATEDATE,PUBLISHED,ENDDATE,TOTALESTIMATEDHOURS,TOTALWORKEDHOURS,MISSION_ID,FK_EMPLOYEE,FK_TASK,FK_PROFILE) values ('Intervention',333,'4000','T_2','Planning-budget','PENDING',null,0,to_timestamp('18/05/09 00:00:00,000000000','DD/MM/RR HH24:MI:SS,FF'),null,0,to_timestamp('18/05/09 00:00:00,000000000','DD/MM/RR HH24:MI:SS,FF'),10,12,185,133,14,1);
Insert into ACTIVITIES (DTYPE,ID,PRESTATION,REFERENCE,DESCRIPTION,STATUS,PRIORITY,VERSION,STARTDATE,UPDATEDATE,PUBLISHED,ENDDATE,TOTALESTIMATEDHOURS,TOTALWORKEDHOURS,MISSION_ID,FK_EMPLOYEE,FK_TASK,FK_PROFILE) values ('Intervention',334,'4000','T_3','Planning-budget','PENDING',null,0,to_timestamp('18/05/09 00:00:00,000000000','DD/MM/RR HH24:MI:SS,FF'),null,0,to_timestamp('18/05/09 00:00:00,000000000','DD/MM/RR HH24:MI:SS,FF'),10,12,185,132,14,2);
Insert into ACTIVITIES (DTYPE,ID,PRESTATION,REFERENCE,DESCRIPTION,STATUS,PRIORITY,VERSION,STARTDATE,UPDATEDATE,PUBLISHED,ENDDATE,TOTALESTIMATEDHOURS,TOTALWORKEDHOURS,MISSION_ID,FK_EMPLOYEE,FK_TASK,FK_PROFILE) values ('Intervention',335,'4000','T_4','Planning-budget','PENDING',null,0,to_timestamp('18/05/09 00:00:00,000000000','DD/MM/RR HH24:MI:SS,FF'),null,0,to_timestamp('18/05/09 00:00:00,000000000','DD/MM/RR HH24:MI:SS,FF'),10,12,185,130,14,4);
Insert into ACTIVITIES (DTYPE,ID,PRESTATION,REFERENCE,DESCRIPTION,STATUS,PRIORITY,VERSION,STARTDATE,UPDATEDATE,PUBLISHED,ENDDATE,TOTALESTIMATEDHOURS,TOTALWORKEDHOURS,MISSION_ID,FK_EMPLOYEE,FK_TASK,FK_PROFILE) values ('Intervention',336,'4000','T_1','Planning-budget','PENDING',null,0,to_timestamp('18/05/09 00:00:00,000000000','DD/MM/RR HH24:MI:SS,FF'),null,0,to_timestamp('18/05/09 00:00:00,000000000','DD/MM/RR HH24:MI:SS,FF'),10,12,187,131,14,3);
Insert into ACTIVITIES (DTYPE,ID,PRESTATION,REFERENCE,DESCRIPTION,STATUS,PRIORITY,VERSION,STARTDATE,UPDATEDATE,PUBLISHED,ENDDATE,TOTALESTIMATEDHOURS,TOTALWORKEDHOURS,MISSION_ID,FK_EMPLOYEE,FK_TASK,FK_PROFILE) values ('Intervention',337,'4000','T_2','Planning-budget','PENDING',null,0,to_timestamp('18/05/09 00:00:00,000000000','DD/MM/RR HH24:MI:SS,FF'),null,0,to_timestamp('18/05/09 00:00:00,000000000','DD/MM/RR HH24:MI:SS,FF'),10,12,187,133,14,1);
Insert into ACTIVITIES (DTYPE,ID,PRESTATION,REFERENCE,DESCRIPTION,STATUS,PRIORITY,VERSION,STARTDATE,UPDATEDATE,PUBLISHED,ENDDATE,TOTALESTIMATEDHOURS,TOTALWORKEDHOURS,MISSION_ID,FK_EMPLOYEE,FK_TASK,FK_PROFILE) values ('Intervention',338,'4000','T_3','Planning-budget','PENDING',null,0,to_timestamp('18/05/09 00:00:00,000000000','DD/MM/RR HH24:MI:SS,FF'),null,0,to_timestamp('18/05/09 00:00:00,000000000','DD/MM/RR HH24:MI:SS,FF'),10,12,187,132,14,2);
Insert into ACTIVITIES (DTYPE,ID,PRESTATION,REFERENCE,DESCRIPTION,STATUS,PRIORITY,VERSION,STARTDATE,UPDATEDATE,PUBLISHED,ENDDATE,TOTALESTIMATEDHOURS,TOTALWORKEDHOURS,MISSION_ID,FK_EMPLOYEE,FK_TASK,FK_PROFILE) values ('Intervention',339,'4000','T_4','Planning-budget','PENDING',null,0,to_timestamp('18/05/09 00:00:00,000000000','DD/MM/RR HH24:MI:SS,FF'),null,0,to_timestamp('18/05/09 00:00:00,000000000','DD/MM/RR HH24:MI:SS,FF'),10,12,187,130,14,4);
Insert into ACTIVITIES (DTYPE,ID,PRESTATION,REFERENCE,DESCRIPTION,STATUS,PRIORITY,VERSION,STARTDATE,UPDATEDATE,PUBLISHED,ENDDATE,TOTALESTIMATEDHOURS,TOTALWORKEDHOURS,MISSION_ID,FK_EMPLOYEE,FK_TASK,FK_PROFILE) values ('Intervention',340,'4000','T_1','Planning-budget','PENDING',null,0,to_timestamp('18/05/09 00:00:00,000000000','DD/MM/RR HH24:MI:SS,FF'),null,0,to_timestamp('18/05/09 00:00:00,000000000','DD/MM/RR HH24:MI:SS,FF'),10,12,194,131,14,3);
Insert into ACTIVITIES (DTYPE,ID,PRESTATION,REFERENCE,DESCRIPTION,STATUS,PRIORITY,VERSION,STARTDATE,UPDATEDATE,PUBLISHED,ENDDATE,TOTALESTIMATEDHOURS,TOTALWORKEDHOURS,MISSION_ID,FK_EMPLOYEE,FK_TASK,FK_PROFILE) values ('Intervention',341,'4000','T_2','Planning-budget','PENDING',null,0,to_timestamp('18/05/09 00:00:00,000000000','DD/MM/RR HH24:MI:SS,FF'),null,0,to_timestamp('18/05/09 00:00:00,000000000','DD/MM/RR HH24:MI:SS,FF'),10,12,194,133,14,1);
Insert into ACTIVITIES (DTYPE,ID,PRESTATION,REFERENCE,DESCRIPTION,STATUS,PRIORITY,VERSION,STARTDATE,UPDATEDATE,PUBLISHED,ENDDATE,TOTALESTIMATEDHOURS,TOTALWORKEDHOURS,MISSION_ID,FK_EMPLOYEE,FK_TASK,FK_PROFILE) values ('Intervention',342,'4000','T_3','Planning-budget','PENDING',null,0,to_timestamp('18/05/09 00:00:00,000000000','DD/MM/RR HH24:MI:SS,FF'),null,0,to_timestamp('18/05/09 00:00:00,000000000','DD/MM/RR HH24:MI:SS,FF'),10,12,194,132,14,2);
Insert into ACTIVITIES (DTYPE,ID,PRESTATION,REFERENCE,DESCRIPTION,STATUS,PRIORITY,VERSION,STARTDATE,UPDATEDATE,PUBLISHED,ENDDATE,TOTALESTIMATEDHOURS,TOTALWORKEDHOURS,MISSION_ID,FK_EMPLOYEE,FK_TASK,FK_PROFILE) values ('Intervention',343,'4000','T_4','Planning-budget','PENDING',null,0,to_timestamp('18/05/09 00:00:00,000000000','DD/MM/RR HH24:MI:SS,FF'),null,0,to_timestamp('18/05/09 00:00:00,000000000','DD/MM/RR HH24:MI:SS,FF'),10,12,194,130,14,4);
Insert into ACTIVITIES (DTYPE,ID,PRESTATION,REFERENCE,DESCRIPTION,STATUS,PRIORITY,VERSION,STARTDATE,UPDATEDATE,PUBLISHED,ENDDATE,TOTALESTIMATEDHOURS,TOTALWORKEDHOURS,MISSION_ID,FK_EMPLOYEE,FK_TASK,FK_PROFILE) values ('Intervention',344,'4000','T_1','Planning-budget','PENDING',null,0,to_timestamp('18/05/09 00:00:00,000000000','DD/MM/RR HH24:MI:SS,FF'),null,0,to_timestamp('18/05/09 00:00:00,000000000','DD/MM/RR HH24:MI:SS,FF'),10,12,198,131,14,3);
Insert into ACTIVITIES (DTYPE,ID,PRESTATION,REFERENCE,DESCRIPTION,STATUS,PRIORITY,VERSION,STARTDATE,UPDATEDATE,PUBLISHED,ENDDATE,TOTALESTIMATEDHOURS,TOTALWORKEDHOURS,MISSION_ID,FK_EMPLOYEE,FK_TASK,FK_PROFILE) values ('Intervention',345,'4000','T_2','Planning-budget','PENDING',null,0,to_timestamp('18/05/09 00:00:00,000000000','DD/MM/RR HH24:MI:SS,FF'),null,0,to_timestamp('18/05/09 00:00:00,000000000','DD/MM/RR HH24:MI:SS,FF'),10,12,198,133,14,1);
Insert into ACTIVITIES (DTYPE,ID,PRESTATION,REFERENCE,DESCRIPTION,STATUS,PRIORITY,VERSION,STARTDATE,UPDATEDATE,PUBLISHED,ENDDATE,TOTALESTIMATEDHOURS,TOTALWORKEDHOURS,MISSION_ID,FK_EMPLOYEE,FK_TASK,FK_PROFILE) values ('Intervention',346,'4000','T_3','Planning-budget','PENDING',null,0,to_timestamp('18/05/09 00:00:00,000000000','DD/MM/RR HH24:MI:SS,FF'),null,0,to_timestamp('18/05/09 00:00:00,000000000','DD/MM/RR HH24:MI:SS,FF'),10,12,198,132,14,2);
Insert into ACTIVITIES (DTYPE,ID,PRESTATION,REFERENCE,DESCRIPTION,STATUS,PRIORITY,VERSION,STARTDATE,UPDATEDATE,PUBLISHED,ENDDATE,TOTALESTIMATEDHOURS,TOTALWORKEDHOURS,MISSION_ID,FK_EMPLOYEE,FK_TASK,FK_PROFILE) values ('Intervention',347,'4000','T_4','Planning-budget','PENDING',null,0,to_timestamp('18/05/09 00:00:00,000000000','DD/MM/RR HH24:MI:SS,FF'),null,0,to_timestamp('18/05/09 00:00:00,000000000','DD/MM/RR HH24:MI:SS,FF'),10,12,198,130,14,4);
Insert into ACTIVITIES (DTYPE,ID,PRESTATION,REFERENCE,DESCRIPTION,STATUS,PRIORITY,VERSION,STARTDATE,UPDATEDATE,PUBLISHED,ENDDATE,TOTALESTIMATEDHOURS,TOTALWORKEDHOURS,MISSION_ID,FK_EMPLOYEE,FK_TASK,FK_PROFILE) values ('Intervention',348,'4000','T_1','Planning-budget','PENDING',null,0,to_timestamp('18/05/09 00:00:00,000000000','DD/MM/RR HH24:MI:SS,FF'),null,0,to_timestamp('18/05/09 00:00:00,000000000','DD/MM/RR HH24:MI:SS,FF'),10,12,203,131,14,3);
Insert into ACTIVITIES (DTYPE,ID,PRESTATION,REFERENCE,DESCRIPTION,STATUS,PRIORITY,VERSION,STARTDATE,UPDATEDATE,PUBLISHED,ENDDATE,TOTALESTIMATEDHOURS,TOTALWORKEDHOURS,MISSION_ID,FK_EMPLOYEE,FK_TASK,FK_PROFILE) values ('Intervention',349,'4000','T_2','Planning-budget','PENDING',null,0,to_timestamp('18/05/09 00:00:00,000000000','DD/MM/RR HH24:MI:SS,FF'),null,0,to_timestamp('18/05/09 00:00:00,000000000','DD/MM/RR HH24:MI:SS,FF'),10,12,203,133,14,1);
Insert into ACTIVITIES (DTYPE,ID,PRESTATION,REFERENCE,DESCRIPTION,STATUS,PRIORITY,VERSION,STARTDATE,UPDATEDATE,PUBLISHED,ENDDATE,TOTALESTIMATEDHOURS,TOTALWORKEDHOURS,MISSION_ID,FK_EMPLOYEE,FK_TASK,FK_PROFILE) values ('Intervention',350,'4000','T_3','Planning-budget','PENDING',null,0,to_timestamp('18/05/09 00:00:00,000000000','DD/MM/RR HH24:MI:SS,FF'),null,0,to_timestamp('18/05/09 00:00:00,000000000','DD/MM/RR HH24:MI:SS,FF'),10,12,203,132,14,2);
Insert into ACTIVITIES (DTYPE,ID,PRESTATION,REFERENCE,DESCRIPTION,STATUS,PRIORITY,VERSION,STARTDATE,UPDATEDATE,PUBLISHED,ENDDATE,TOTALESTIMATEDHOURS,TOTALWORKEDHOURS,MISSION_ID,FK_EMPLOYEE,FK_TASK,FK_PROFILE) values ('Intervention',351,'4000','T_4','Planning-budget','PENDING',null,0,to_timestamp('18/05/09 00:00:00,000000000','DD/MM/RR HH24:MI:SS,FF'),null,0,to_timestamp('18/05/09 00:00:00,000000000','DD/MM/RR HH24:MI:SS,FF'),10,12,203,130,14,4);
Insert into ACTIVITIES (DTYPE,ID,PRESTATION,REFERENCE,DESCRIPTION,STATUS,PRIORITY,VERSION,STARTDATE,UPDATEDATE,PUBLISHED,ENDDATE,TOTALESTIMATEDHOURS,TOTALWORKEDHOURS,MISSION_ID,FK_EMPLOYEE,FK_TASK,FK_PROFILE) values ('Intervention',352,'4000','T_1','Planning-budget','PENDING',null,0,to_timestamp('18/05/09 00:00:00,000000000','DD/MM/RR HH24:MI:SS,FF'),null,0,to_timestamp('18/05/09 00:00:00,000000000','DD/MM/RR HH24:MI:SS,FF'),10,12,201,131,14,3);
Insert into ACTIVITIES (DTYPE,ID,PRESTATION,REFERENCE,DESCRIPTION,STATUS,PRIORITY,VERSION,STARTDATE,UPDATEDATE,PUBLISHED,ENDDATE,TOTALESTIMATEDHOURS,TOTALWORKEDHOURS,MISSION_ID,FK_EMPLOYEE,FK_TASK,FK_PROFILE) values ('Intervention',353,'4000','T_2','Planning-budget','PENDING',null,0,to_timestamp('18/05/09 00:00:00,000000000','DD/MM/RR HH24:MI:SS,FF'),null,0,to_timestamp('18/05/09 00:00:00,000000000','DD/MM/RR HH24:MI:SS,FF'),10,12,201,133,14,1);
Insert into ACTIVITIES (DTYPE,ID,PRESTATION,REFERENCE,DESCRIPTION,STATUS,PRIORITY,VERSION,STARTDATE,UPDATEDATE,PUBLISHED,ENDDATE,TOTALESTIMATEDHOURS,TOTALWORKEDHOURS,MISSION_ID,FK_EMPLOYEE,FK_TASK,FK_PROFILE) values ('Intervention',354,'4000','T_3','Planning-budget','PENDING',null,0,to_timestamp('18/05/09 00:00:00,000000000','DD/MM/RR HH24:MI:SS,FF'),null,0,to_timestamp('18/05/09 00:00:00,000000000','DD/MM/RR HH24:MI:SS,FF'),10,12,201,132,14,2);
Insert into ACTIVITIES (DTYPE,ID,PRESTATION,REFERENCE,DESCRIPTION,STATUS,PRIORITY,VERSION,STARTDATE,UPDATEDATE,PUBLISHED,ENDDATE,TOTALESTIMATEDHOURS,TOTALWORKEDHOURS,MISSION_ID,FK_EMPLOYEE,FK_TASK,FK_PROFILE) values ('Intervention',355,'4000','T_4','Planning-budget','PENDING',null,0,to_timestamp('18/05/09 00:00:00,000000000','DD/MM/RR HH24:MI:SS,FF'),null,0,to_timestamp('18/05/09 00:00:00,000000000','DD/MM/RR HH24:MI:SS,FF'),10,12,201,130,14,4);
Insert into ACTIVITIES (DTYPE,ID,PRESTATION,REFERENCE,DESCRIPTION,STATUS,PRIORITY,VERSION,STARTDATE,UPDATEDATE,PUBLISHED,ENDDATE,TOTALESTIMATEDHOURS,TOTALWORKEDHOURS,MISSION_ID,FK_EMPLOYEE,FK_TASK,FK_PROFILE) values ('Intervention',356,'4000','T_1','Planning-budget','PENDING',null,0,to_timestamp('18/05/09 00:00:00,000000000','DD/MM/RR HH24:MI:SS,FF'),null,0,to_timestamp('18/05/09 00:00:00,000000000','DD/MM/RR HH24:MI:SS,FF'),10,12,196,131,14,3);
Insert into ACTIVITIES (DTYPE,ID,PRESTATION,REFERENCE,DESCRIPTION,STATUS,PRIORITY,VERSION,STARTDATE,UPDATEDATE,PUBLISHED,ENDDATE,TOTALESTIMATEDHOURS,TOTALWORKEDHOURS,MISSION_ID,FK_EMPLOYEE,FK_TASK,FK_PROFILE) values ('Intervention',357,'4000','T_2','Planning-budget','PENDING',null,0,to_timestamp('18/05/09 00:00:00,000000000','DD/MM/RR HH24:MI:SS,FF'),null,0,to_timestamp('18/05/09 00:00:00,000000000','DD/MM/RR HH24:MI:SS,FF'),10,12,196,133,14,1);
Insert into ACTIVITIES (DTYPE,ID,PRESTATION,REFERENCE,DESCRIPTION,STATUS,PRIORITY,VERSION,STARTDATE,UPDATEDATE,PUBLISHED,ENDDATE,TOTALESTIMATEDHOURS,TOTALWORKEDHOURS,MISSION_ID,FK_EMPLOYEE,FK_TASK,FK_PROFILE) values ('Intervention',358,'4000','T_3','Planning-budget','PENDING',null,0,to_timestamp('18/05/09 00:00:00,000000000','DD/MM/RR HH24:MI:SS,FF'),null,0,to_timestamp('18/05/09 00:00:00,000000000','DD/MM/RR HH24:MI:SS,FF'),10,12,196,132,14,2);
Insert into ACTIVITIES (DTYPE,ID,PRESTATION,REFERENCE,DESCRIPTION,STATUS,PRIORITY,VERSION,STARTDATE,UPDATEDATE,PUBLISHED,ENDDATE,TOTALESTIMATEDHOURS,TOTALWORKEDHOURS,MISSION_ID,FK_EMPLOYEE,FK_TASK,FK_PROFILE) values ('Intervention',359,'4000','T_4','Planning-budget','PENDING',null,0,to_timestamp('18/05/09 00:00:00,000000000','DD/MM/RR HH24:MI:SS,FF'),null,0,to_timestamp('18/05/09 00:00:00,000000000','DD/MM/RR HH24:MI:SS,FF'),10,12,196,130,14,4);
Insert into ACTIVITIES (DTYPE,ID,PRESTATION,REFERENCE,DESCRIPTION,STATUS,PRIORITY,VERSION,STARTDATE,UPDATEDATE,PUBLISHED,ENDDATE,TOTALESTIMATEDHOURS,TOTALWORKEDHOURS,MISSION_ID,FK_EMPLOYEE,FK_TASK,FK_PROFILE) values ('Intervention',360,'4000','T_1','Planning-budget','PENDING',null,0,to_timestamp('18/05/09 00:00:00,000000000','DD/MM/RR HH24:MI:SS,FF'),null,0,to_timestamp('18/05/09 00:00:00,000000000','DD/MM/RR HH24:MI:SS,FF'),10,12,192,131,14,3);
Insert into ACTIVITIES (DTYPE,ID,PRESTATION,REFERENCE,DESCRIPTION,STATUS,PRIORITY,VERSION,STARTDATE,UPDATEDATE,PUBLISHED,ENDDATE,TOTALESTIMATEDHOURS,TOTALWORKEDHOURS,MISSION_ID,FK_EMPLOYEE,FK_TASK,FK_PROFILE) values ('Intervention',361,'4000','T_2','Planning-budget','PENDING',null,0,to_timestamp('18/05/09 00:00:00,000000000','DD/MM/RR HH24:MI:SS,FF'),null,0,to_timestamp('18/05/09 00:00:00,000000000','DD/MM/RR HH24:MI:SS,FF'),10,12,192,133,14,1);
Insert into ACTIVITIES (DTYPE,ID,PRESTATION,REFERENCE,DESCRIPTION,STATUS,PRIORITY,VERSION,STARTDATE,UPDATEDATE,PUBLISHED,ENDDATE,TOTALESTIMATEDHOURS,TOTALWORKEDHOURS,MISSION_ID,FK_EMPLOYEE,FK_TASK,FK_PROFILE) values ('Intervention',362,'4000','T_3','Planning-budget','PENDING',null,0,to_timestamp('18/05/09 00:00:00,000000000','DD/MM/RR HH24:MI:SS,FF'),null,0,to_timestamp('18/05/09 00:00:00,000000000','DD/MM/RR HH24:MI:SS,FF'),10,12,192,132,14,2);
Insert into ACTIVITIES (DTYPE,ID,PRESTATION,REFERENCE,DESCRIPTION,STATUS,PRIORITY,VERSION,STARTDATE,UPDATEDATE,PUBLISHED,ENDDATE,TOTALESTIMATEDHOURS,TOTALWORKEDHOURS,MISSION_ID,FK_EMPLOYEE,FK_TASK,FK_PROFILE) values ('Intervention',363,'4000','T_4','Planning-budget','PENDING',null,0,to_timestamp('18/05/09 00:00:00,000000000','DD/MM/RR HH24:MI:SS,FF'),null,0,to_timestamp('18/05/09 00:00:00,000000000','DD/MM/RR HH24:MI:SS,FF'),10,12,192,130,14,4);
Insert into ACTIVITIES (DTYPE,ID,PRESTATION,REFERENCE,DESCRIPTION,STATUS,PRIORITY,VERSION,STARTDATE,UPDATEDATE,PUBLISHED,ENDDATE,TOTALESTIMATEDHOURS,TOTALWORKEDHOURS,MISSION_ID,FK_EMPLOYEE,FK_TASK,FK_PROFILE) values ('Intervention',364,'4000','T_1','Planning-budget','PENDING',null,0,to_timestamp('18/05/09 00:00:00,000000000','DD/MM/RR HH24:MI:SS,FF'),null,0,to_timestamp('18/05/09 00:00:00,000000000','DD/MM/RR HH24:MI:SS,FF'),10,12,191,131,14,3);
Insert into ACTIVITIES (DTYPE,ID,PRESTATION,REFERENCE,DESCRIPTION,STATUS,PRIORITY,VERSION,STARTDATE,UPDATEDATE,PUBLISHED,ENDDATE,TOTALESTIMATEDHOURS,TOTALWORKEDHOURS,MISSION_ID,FK_EMPLOYEE,FK_TASK,FK_PROFILE) values ('Intervention',365,'4000','T_2','Planning-budget','PENDING',null,0,to_timestamp('18/05/09 00:00:00,000000000','DD/MM/RR HH24:MI:SS,FF'),null,0,to_timestamp('18/05/09 00:00:00,000000000','DD/MM/RR HH24:MI:SS,FF'),10,12,191,133,14,1);
Insert into ACTIVITIES (DTYPE,ID,PRESTATION,REFERENCE,DESCRIPTION,STATUS,PRIORITY,VERSION,STARTDATE,UPDATEDATE,PUBLISHED,ENDDATE,TOTALESTIMATEDHOURS,TOTALWORKEDHOURS,MISSION_ID,FK_EMPLOYEE,FK_TASK,FK_PROFILE) values ('Intervention',366,'4000','T_3','Planning-budget','PENDING',null,0,to_timestamp('18/05/09 00:00:00,000000000','DD/MM/RR HH24:MI:SS,FF'),null,0,to_timestamp('18/05/09 00:00:00,000000000','DD/MM/RR HH24:MI:SS,FF'),10,12,191,132,14,2);
Insert into ACTIVITIES (DTYPE,ID,PRESTATION,REFERENCE,DESCRIPTION,STATUS,PRIORITY,VERSION,STARTDATE,UPDATEDATE,PUBLISHED,ENDDATE,TOTALESTIMATEDHOURS,TOTALWORKEDHOURS,MISSION_ID,FK_EMPLOYEE,FK_TASK,FK_PROFILE) values ('Intervention',367,'4000','T_4','Planning-budget','PENDING',null,0,to_timestamp('18/05/09 00:00:00,000000000','DD/MM/RR HH24:MI:SS,FF'),null,0,to_timestamp('18/05/09 00:00:00,000000000','DD/MM/RR HH24:MI:SS,FF'),10,12,191,130,14,4);
Insert into ACTIVITIES (DTYPE,ID,PRESTATION,REFERENCE,DESCRIPTION,STATUS,PRIORITY,VERSION,STARTDATE,UPDATEDATE,PUBLISHED,ENDDATE,TOTALESTIMATEDHOURS,TOTALWORKEDHOURS,MISSION_ID,FK_EMPLOYEE,FK_TASK,FK_PROFILE) values ('Intervention',368,'4000','T_1','Planning-budget','PENDING',null,0,to_timestamp('18/05/09 00:00:00,000000000','DD/MM/RR HH24:MI:SS,FF'),null,0,to_timestamp('18/05/09 00:00:00,000000000','DD/MM/RR HH24:MI:SS,FF'),10,12,188,131,14,3);
Insert into ACTIVITIES (DTYPE,ID,PRESTATION,REFERENCE,DESCRIPTION,STATUS,PRIORITY,VERSION,STARTDATE,UPDATEDATE,PUBLISHED,ENDDATE,TOTALESTIMATEDHOURS,TOTALWORKEDHOURS,MISSION_ID,FK_EMPLOYEE,FK_TASK,FK_PROFILE) values ('Intervention',369,'4000','T_2','Planning-budget','PENDING',null,0,to_timestamp('18/05/09 00:00:00,000000000','DD/MM/RR HH24:MI:SS,FF'),null,0,to_timestamp('18/05/09 00:00:00,000000000','DD/MM/RR HH24:MI:SS,FF'),10,12,188,133,14,1);
Insert into ACTIVITIES (DTYPE,ID,PRESTATION,REFERENCE,DESCRIPTION,STATUS,PRIORITY,VERSION,STARTDATE,UPDATEDATE,PUBLISHED,ENDDATE,TOTALESTIMATEDHOURS,TOTALWORKEDHOURS,MISSION_ID,FK_EMPLOYEE,FK_TASK,FK_PROFILE) values ('Intervention',370,'4000','T_3','Planning-budget','PENDING',null,0,to_timestamp('18/05/09 00:00:00,000000000','DD/MM/RR HH24:MI:SS,FF'),null,0,to_timestamp('18/05/09 00:00:00,000000000','DD/MM/RR HH24:MI:SS,FF'),10,12,188,132,14,2);
Insert into ACTIVITIES (DTYPE,ID,PRESTATION,REFERENCE,DESCRIPTION,STATUS,PRIORITY,VERSION,STARTDATE,UPDATEDATE,PUBLISHED,ENDDATE,TOTALESTIMATEDHOURS,TOTALWORKEDHOURS,MISSION_ID,FK_EMPLOYEE,FK_TASK,FK_PROFILE) values ('Intervention',371,'4000','T_4','Planning-budget','PENDING',null,0,to_timestamp('18/05/09 00:00:00,000000000','DD/MM/RR HH24:MI:SS,FF'),null,0,to_timestamp('18/05/09 00:00:00,000000000','DD/MM/RR HH24:MI:SS,FF'),10,12,188,130,14,4);
Insert into ACTIVITIES (DTYPE,ID,PRESTATION,REFERENCE,DESCRIPTION,STATUS,PRIORITY,VERSION,STARTDATE,UPDATEDATE,PUBLISHED,ENDDATE,TOTALESTIMATEDHOURS,TOTALWORKEDHOURS,MISSION_ID,FK_EMPLOYEE,FK_TASK,FK_PROFILE) values ('Intervention',372,'4000','T_1','Planning-budget','PENDING',null,0,to_timestamp('18/05/09 00:00:00,000000000','DD/MM/RR HH24:MI:SS,FF'),null,0,to_timestamp('18/05/09 00:00:00,000000000','DD/MM/RR HH24:MI:SS,FF'),10,12,168,131,14,3);
Insert into ACTIVITIES (DTYPE,ID,PRESTATION,REFERENCE,DESCRIPTION,STATUS,PRIORITY,VERSION,STARTDATE,UPDATEDATE,PUBLISHED,ENDDATE,TOTALESTIMATEDHOURS,TOTALWORKEDHOURS,MISSION_ID,FK_EMPLOYEE,FK_TASK,FK_PROFILE) values ('Intervention',373,'4000','T_2','Planning-budget','PENDING',null,0,to_timestamp('18/05/09 00:00:00,000000000','DD/MM/RR HH24:MI:SS,FF'),null,0,to_timestamp('18/05/09 00:00:00,000000000','DD/MM/RR HH24:MI:SS,FF'),10,12,168,133,14,1);
Insert into ACTIVITIES (DTYPE,ID,PRESTATION,REFERENCE,DESCRIPTION,STATUS,PRIORITY,VERSION,STARTDATE,UPDATEDATE,PUBLISHED,ENDDATE,TOTALESTIMATEDHOURS,TOTALWORKEDHOURS,MISSION_ID,FK_EMPLOYEE,FK_TASK,FK_PROFILE) values ('Intervention',374,'4000','T_3','Planning-budget','PENDING',null,0,to_timestamp('18/05/09 00:00:00,000000000','DD/MM/RR HH24:MI:SS,FF'),null,0,to_timestamp('18/05/09 00:00:00,000000000','DD/MM/RR HH24:MI:SS,FF'),10,12,168,132,14,2);
Insert into ACTIVITIES (DTYPE,ID,PRESTATION,REFERENCE,DESCRIPTION,STATUS,PRIORITY,VERSION,STARTDATE,UPDATEDATE,PUBLISHED,ENDDATE,TOTALESTIMATEDHOURS,TOTALWORKEDHOURS,MISSION_ID,FK_EMPLOYEE,FK_TASK,FK_PROFILE) values ('Intervention',375,'4000','T_4','Planning-budget','PENDING',null,0,to_timestamp('18/05/09 00:00:00,000000000','DD/MM/RR HH24:MI:SS,FF'),null,0,to_timestamp('18/05/09 00:00:00,000000000','DD/MM/RR HH24:MI:SS,FF'),10,12,168,130,14,4);
Insert into ACTIVITIES (DTYPE,ID,PRESTATION,REFERENCE,DESCRIPTION,STATUS,PRIORITY,VERSION,STARTDATE,UPDATEDATE,PUBLISHED,ENDDATE,TOTALESTIMATEDHOURS,TOTALWORKEDHOURS,MISSION_ID,FK_EMPLOYEE,FK_TASK,FK_PROFILE) values ('Intervention',376,'4000','T_1','Planning-budget','PENDING',null,0,to_timestamp('18/05/09 00:00:00,000000000','DD/MM/RR HH24:MI:SS,FF'),null,0,to_timestamp('18/05/09 00:00:00,000000000','DD/MM/RR HH24:MI:SS,FF'),10,12,169,131,14,3);
Insert into ACTIVITIES (DTYPE,ID,PRESTATION,REFERENCE,DESCRIPTION,STATUS,PRIORITY,VERSION,STARTDATE,UPDATEDATE,PUBLISHED,ENDDATE,TOTALESTIMATEDHOURS,TOTALWORKEDHOURS,MISSION_ID,FK_EMPLOYEE,FK_TASK,FK_PROFILE) values ('Intervention',377,'4000','T_2','Planning-budget','PENDING',null,0,to_timestamp('18/05/09 00:00:00,000000000','DD/MM/RR HH24:MI:SS,FF'),null,0,to_timestamp('18/05/09 00:00:00,000000000','DD/MM/RR HH24:MI:SS,FF'),10,12,169,133,14,1);
Insert into ACTIVITIES (DTYPE,ID,PRESTATION,REFERENCE,DESCRIPTION,STATUS,PRIORITY,VERSION,STARTDATE,UPDATEDATE,PUBLISHED,ENDDATE,TOTALESTIMATEDHOURS,TOTALWORKEDHOURS,MISSION_ID,FK_EMPLOYEE,FK_TASK,FK_PROFILE) values ('Intervention',378,'4000','T_3','Planning-budget','PENDING',null,0,to_timestamp('18/05/09 00:00:00,000000000','DD/MM/RR HH24:MI:SS,FF'),null,0,to_timestamp('18/05/09 00:00:00,000000000','DD/MM/RR HH24:MI:SS,FF'),10,12,169,132,14,2);
Insert into ACTIVITIES (DTYPE,ID,PRESTATION,REFERENCE,DESCRIPTION,STATUS,PRIORITY,VERSION,STARTDATE,UPDATEDATE,PUBLISHED,ENDDATE,TOTALESTIMATEDHOURS,TOTALWORKEDHOURS,MISSION_ID,FK_EMPLOYEE,FK_TASK,FK_PROFILE) values ('Intervention',379,'4000','T_4','Planning-budget','PENDING',null,0,to_timestamp('18/05/09 00:00:00,000000000','DD/MM/RR HH24:MI:SS,FF'),null,0,to_timestamp('18/05/09 00:00:00,000000000','DD/MM/RR HH24:MI:SS,FF'),10,12,169,130,14,4);
Insert into ACTIVITIES (DTYPE,ID,PRESTATION,REFERENCE,DESCRIPTION,STATUS,PRIORITY,VERSION,STARTDATE,UPDATEDATE,PUBLISHED,ENDDATE,TOTALESTIMATEDHOURS,TOTALWORKEDHOURS,MISSION_ID,FK_EMPLOYEE,FK_TASK,FK_PROFILE) values ('Intervention',380,'4000','T_1','Planning-budget','PENDING',null,0,to_timestamp('18/05/09 00:00:00,000000000','DD/MM/RR HH24:MI:SS,FF'),null,0,to_timestamp('18/05/09 00:00:00,000000000','DD/MM/RR HH24:MI:SS,FF'),10,12,171,131,14,3);
Insert into ACTIVITIES (DTYPE,ID,PRESTATION,REFERENCE,DESCRIPTION,STATUS,PRIORITY,VERSION,STARTDATE,UPDATEDATE,PUBLISHED,ENDDATE,TOTALESTIMATEDHOURS,TOTALWORKEDHOURS,MISSION_ID,FK_EMPLOYEE,FK_TASK,FK_PROFILE) values ('Intervention',381,'4000','T_2','Planning-budget','PENDING',null,0,to_timestamp('18/05/09 00:00:00,000000000','DD/MM/RR HH24:MI:SS,FF'),null,0,to_timestamp('18/05/09 00:00:00,000000000','DD/MM/RR HH24:MI:SS,FF'),10,12,171,133,14,1);
Insert into ACTIVITIES (DTYPE,ID,PRESTATION,REFERENCE,DESCRIPTION,STATUS,PRIORITY,VERSION,STARTDATE,UPDATEDATE,PUBLISHED,ENDDATE,TOTALESTIMATEDHOURS,TOTALWORKEDHOURS,MISSION_ID,FK_EMPLOYEE,FK_TASK,FK_PROFILE) values ('Intervention',382,'4000','T_3','Planning-budget','PENDING',null,0,to_timestamp('18/05/09 00:00:00,000000000','DD/MM/RR HH24:MI:SS,FF'),null,0,to_timestamp('18/05/09 00:00:00,000000000','DD/MM/RR HH24:MI:SS,FF'),10,12,171,132,14,2);
Insert into ACTIVITIES (DTYPE,ID,PRESTATION,REFERENCE,DESCRIPTION,STATUS,PRIORITY,VERSION,STARTDATE,UPDATEDATE,PUBLISHED,ENDDATE,TOTALESTIMATEDHOURS,TOTALWORKEDHOURS,MISSION_ID,FK_EMPLOYEE,FK_TASK,FK_PROFILE) values ('Intervention',383,'4000','T_4','Planning-budget','PENDING',null,0,to_timestamp('18/05/09 00:00:00,000000000','DD/MM/RR HH24:MI:SS,FF'),null,0,to_timestamp('18/05/09 00:00:00,000000000','DD/MM/RR HH24:MI:SS,FF'),10,12,171,130,14,4);
Insert into ACTIVITIES (DTYPE,ID,PRESTATION,REFERENCE,DESCRIPTION,STATUS,PRIORITY,VERSION,STARTDATE,UPDATEDATE,PUBLISHED,ENDDATE,TOTALESTIMATEDHOURS,TOTALWORKEDHOURS,MISSION_ID,FK_EMPLOYEE,FK_TASK,FK_PROFILE) values ('Intervention',384,'4000','T_1','Planning-budget','PENDING',null,0,to_timestamp('18/05/09 00:00:00,000000000','DD/MM/RR HH24:MI:SS,FF'),null,0,to_timestamp('18/05/09 00:00:00,000000000','DD/MM/RR HH24:MI:SS,FF'),10,12,172,131,14,3);
Insert into ACTIVITIES (DTYPE,ID,PRESTATION,REFERENCE,DESCRIPTION,STATUS,PRIORITY,VERSION,STARTDATE,UPDATEDATE,PUBLISHED,ENDDATE,TOTALESTIMATEDHOURS,TOTALWORKEDHOURS,MISSION_ID,FK_EMPLOYEE,FK_TASK,FK_PROFILE) values ('Intervention',385,'4000','T_2','Planning-budget','PENDING',null,0,to_timestamp('18/05/09 00:00:00,000000000','DD/MM/RR HH24:MI:SS,FF'),null,0,to_timestamp('18/05/09 00:00:00,000000000','DD/MM/RR HH24:MI:SS,FF'),10,12,172,133,14,1);
Insert into ACTIVITIES (DTYPE,ID,PRESTATION,REFERENCE,DESCRIPTION,STATUS,PRIORITY,VERSION,STARTDATE,UPDATEDATE,PUBLISHED,ENDDATE,TOTALESTIMATEDHOURS,TOTALWORKEDHOURS,MISSION_ID,FK_EMPLOYEE,FK_TASK,FK_PROFILE) values ('Intervention',386,'4000','T_3','Planning-budget','PENDING',null,0,to_timestamp('18/05/09 00:00:00,000000000','DD/MM/RR HH24:MI:SS,FF'),null,0,to_timestamp('18/05/09 00:00:00,000000000','DD/MM/RR HH24:MI:SS,FF'),10,12,172,132,14,2);
Insert into ACTIVITIES (DTYPE,ID,PRESTATION,REFERENCE,DESCRIPTION,STATUS,PRIORITY,VERSION,STARTDATE,UPDATEDATE,PUBLISHED,ENDDATE,TOTALESTIMATEDHOURS,TOTALWORKEDHOURS,MISSION_ID,FK_EMPLOYEE,FK_TASK,FK_PROFILE) values ('Intervention',387,'4000','T_4','Planning-budget','PENDING',null,0,to_timestamp('18/05/09 00:00:00,000000000','DD/MM/RR HH24:MI:SS,FF'),null,0,to_timestamp('18/05/09 00:00:00,000000000','DD/MM/RR HH24:MI:SS,FF'),10,12,172,130,14,4);
Insert into ACTIVITIES (DTYPE,ID,PRESTATION,REFERENCE,DESCRIPTION,STATUS,PRIORITY,VERSION,STARTDATE,UPDATEDATE,PUBLISHED,ENDDATE,TOTALESTIMATEDHOURS,TOTALWORKEDHOURS,MISSION_ID,FK_EMPLOYEE,FK_TASK,FK_PROFILE) values ('Intervention',388,'4000','T_1','Planning-budget','PENDING',null,0,to_timestamp('18/05/09 00:00:00,000000000','DD/MM/RR HH24:MI:SS,FF'),null,0,to_timestamp('18/05/09 00:00:00,000000000','DD/MM/RR HH24:MI:SS,FF'),10,12,170,131,14,3);
Insert into ACTIVITIES (DTYPE,ID,PRESTATION,REFERENCE,DESCRIPTION,STATUS,PRIORITY,VERSION,STARTDATE,UPDATEDATE,PUBLISHED,ENDDATE,TOTALESTIMATEDHOURS,TOTALWORKEDHOURS,MISSION_ID,FK_EMPLOYEE,FK_TASK,FK_PROFILE) values ('Intervention',389,'4000','T_2','Planning-budget','PENDING',null,0,to_timestamp('18/05/09 00:00:00,000000000','DD/MM/RR HH24:MI:SS,FF'),null,0,to_timestamp('18/05/09 00:00:00,000000000','DD/MM/RR HH24:MI:SS,FF'),10,12,170,133,14,1);
Insert into ACTIVITIES (DTYPE,ID,PRESTATION,REFERENCE,DESCRIPTION,STATUS,PRIORITY,VERSION,STARTDATE,UPDATEDATE,PUBLISHED,ENDDATE,TOTALESTIMATEDHOURS,TOTALWORKEDHOURS,MISSION_ID,FK_EMPLOYEE,FK_TASK,FK_PROFILE) values ('Intervention',390,'4000','T_3','Planning-budget','PENDING',null,0,to_timestamp('18/05/09 00:00:00,000000000','DD/MM/RR HH24:MI:SS,FF'),null,0,to_timestamp('18/05/09 00:00:00,000000000','DD/MM/RR HH24:MI:SS,FF'),10,12,170,132,14,2);
Insert into ACTIVITIES (DTYPE,ID,PRESTATION,REFERENCE,DESCRIPTION,STATUS,PRIORITY,VERSION,STARTDATE,UPDATEDATE,PUBLISHED,ENDDATE,TOTALESTIMATEDHOURS,TOTALWORKEDHOURS,MISSION_ID,FK_EMPLOYEE,FK_TASK,FK_PROFILE) values ('Intervention',391,'4000','T_4','Planning-budget','PENDING',null,0,to_timestamp('18/05/09 00:00:00,000000000','DD/MM/RR HH24:MI:SS,FF'),null,0,to_timestamp('18/05/09 00:00:00,000000000','DD/MM/RR HH24:MI:SS,FF'),10,12,170,130,14,4);
Insert into ACTIVITIES (DTYPE,ID,PRESTATION,REFERENCE,DESCRIPTION,STATUS,PRIORITY,VERSION,STARTDATE,UPDATEDATE,PUBLISHED,ENDDATE,TOTALESTIMATEDHOURS,TOTALWORKEDHOURS,MISSION_ID,FK_EMPLOYEE,FK_TASK,FK_PROFILE) values ('Intervention',392,'4000','T_1','Planning-budget','PENDING',null,0,to_timestamp('18/05/09 00:00:00,000000000','DD/MM/RR HH24:MI:SS,FF'),null,0,to_timestamp('18/05/09 00:00:00,000000000','DD/MM/RR HH24:MI:SS,FF'),10,12,173,131,14,3);
Insert into ACTIVITIES (DTYPE,ID,PRESTATION,REFERENCE,DESCRIPTION,STATUS,PRIORITY,VERSION,STARTDATE,UPDATEDATE,PUBLISHED,ENDDATE,TOTALESTIMATEDHOURS,TOTALWORKEDHOURS,MISSION_ID,FK_EMPLOYEE,FK_TASK,FK_PROFILE) values ('Intervention',393,'4000','T_2','Planning-budget','PENDING',null,0,to_timestamp('18/05/09 00:00:00,000000000','DD/MM/RR HH24:MI:SS,FF'),null,0,to_timestamp('18/05/09 00:00:00,000000000','DD/MM/RR HH24:MI:SS,FF'),10,12,173,133,14,1);
Insert into ACTIVITIES (DTYPE,ID,PRESTATION,REFERENCE,DESCRIPTION,STATUS,PRIORITY,VERSION,STARTDATE,UPDATEDATE,PUBLISHED,ENDDATE,TOTALESTIMATEDHOURS,TOTALWORKEDHOURS,MISSION_ID,FK_EMPLOYEE,FK_TASK,FK_PROFILE) values ('Intervention',394,'4000','T_3','Planning-budget','PENDING',null,0,to_timestamp('18/05/09 00:00:00,000000000','DD/MM/RR HH24:MI:SS,FF'),null,0,to_timestamp('18/05/09 00:00:00,000000000','DD/MM/RR HH24:MI:SS,FF'),10,12,173,132,14,2);
Insert into ACTIVITIES (DTYPE,ID,PRESTATION,REFERENCE,DESCRIPTION,STATUS,PRIORITY,VERSION,STARTDATE,UPDATEDATE,PUBLISHED,ENDDATE,TOTALESTIMATEDHOURS,TOTALWORKEDHOURS,MISSION_ID,FK_EMPLOYEE,FK_TASK,FK_PROFILE) values ('Intervention',395,'4000','T_4','Planning-budget','PENDING',null,0,to_timestamp('18/05/09 00:00:00,000000000','DD/MM/RR HH24:MI:SS,FF'),null,0,to_timestamp('18/05/09 00:00:00,000000000','DD/MM/RR HH24:MI:SS,FF'),10,12,173,130,14,4);
Insert into ACTIVITIES (DTYPE,ID,PRESTATION,REFERENCE,DESCRIPTION,STATUS,PRIORITY,VERSION,STARTDATE,UPDATEDATE,PUBLISHED,ENDDATE,TOTALESTIMATEDHOURS,TOTALWORKEDHOURS,MISSION_ID,FK_EMPLOYEE,FK_TASK,FK_PROFILE) values ('Intervention',396,'4000','T_1','Planning-budget','PENDING',null,0,to_timestamp('18/05/09 00:00:00,000000000','DD/MM/RR HH24:MI:SS,FF'),null,0,to_timestamp('18/05/09 00:00:00,000000000','DD/MM/RR HH24:MI:SS,FF'),10,12,175,131,14,3);
Insert into ACTIVITIES (DTYPE,ID,PRESTATION,REFERENCE,DESCRIPTION,STATUS,PRIORITY,VERSION,STARTDATE,UPDATEDATE,PUBLISHED,ENDDATE,TOTALESTIMATEDHOURS,TOTALWORKEDHOURS,MISSION_ID,FK_EMPLOYEE,FK_TASK,FK_PROFILE) values ('Intervention',397,'4000','T_2','Planning-budget','PENDING',null,0,to_timestamp('18/05/09 00:00:00,000000000','DD/MM/RR HH24:MI:SS,FF'),null,0,to_timestamp('18/05/09 00:00:00,000000000','DD/MM/RR HH24:MI:SS,FF'),10,12,175,133,14,1);
Insert into ACTIVITIES (DTYPE,ID,PRESTATION,REFERENCE,DESCRIPTION,STATUS,PRIORITY,VERSION,STARTDATE,UPDATEDATE,PUBLISHED,ENDDATE,TOTALESTIMATEDHOURS,TOTALWORKEDHOURS,MISSION_ID,FK_EMPLOYEE,FK_TASK,FK_PROFILE) values ('Intervention',398,'4000','T_3','Planning-budget','PENDING',null,0,to_timestamp('18/05/09 00:00:00,000000000','DD/MM/RR HH24:MI:SS,FF'),null,0,to_timestamp('18/05/09 00:00:00,000000000','DD/MM/RR HH24:MI:SS,FF'),10,12,175,132,14,2);
Insert into ACTIVITIES (DTYPE,ID,PRESTATION,REFERENCE,DESCRIPTION,STATUS,PRIORITY,VERSION,STARTDATE,UPDATEDATE,PUBLISHED,ENDDATE,TOTALESTIMATEDHOURS,TOTALWORKEDHOURS,MISSION_ID,FK_EMPLOYEE,FK_TASK,FK_PROFILE) values ('Intervention',399,'4000','T_4','Planning-budget','PENDING',null,0,to_timestamp('18/05/09 00:00:00,000000000','DD/MM/RR HH24:MI:SS,FF'),null,0,to_timestamp('18/05/09 00:00:00,000000000','DD/MM/RR HH24:MI:SS,FF'),10,12,175,130,14,4);
Insert into ACTIVITIES (DTYPE,ID,PRESTATION,REFERENCE,DESCRIPTION,STATUS,PRIORITY,VERSION,STARTDATE,UPDATEDATE,PUBLISHED,ENDDATE,TOTALESTIMATEDHOURS,TOTALWORKEDHOURS,MISSION_ID,FK_EMPLOYEE,FK_TASK,FK_PROFILE) values ('Intervention',400,'4000','T_1','Planning-budget','PENDING',null,0,to_timestamp('18/05/09 00:00:00,000000000','DD/MM/RR HH24:MI:SS,FF'),null,0,to_timestamp('18/05/09 00:00:00,000000000','DD/MM/RR HH24:MI:SS,FF'),10,12,177,131,14,3);
Insert into ACTIVITIES (DTYPE,ID,PRESTATION,REFERENCE,DESCRIPTION,STATUS,PRIORITY,VERSION,STARTDATE,UPDATEDATE,PUBLISHED,ENDDATE,TOTALESTIMATEDHOURS,TOTALWORKEDHOURS,MISSION_ID,FK_EMPLOYEE,FK_TASK,FK_PROFILE) values ('Intervention',401,'4000','T_2','Planning-budget','PENDING',null,0,to_timestamp('18/05/09 00:00:00,000000000','DD/MM/RR HH24:MI:SS,FF'),null,0,to_timestamp('18/05/09 00:00:00,000000000','DD/MM/RR HH24:MI:SS,FF'),10,12,177,133,14,1);
Insert into ACTIVITIES (DTYPE,ID,PRESTATION,REFERENCE,DESCRIPTION,STATUS,PRIORITY,VERSION,STARTDATE,UPDATEDATE,PUBLISHED,ENDDATE,TOTALESTIMATEDHOURS,TOTALWORKEDHOURS,MISSION_ID,FK_EMPLOYEE,FK_TASK,FK_PROFILE) values ('Intervention',402,'4000','T_3','Planning-budget','PENDING',null,0,to_timestamp('18/05/09 00:00:00,000000000','DD/MM/RR HH24:MI:SS,FF'),null,0,to_timestamp('18/05/09 00:00:00,000000000','DD/MM/RR HH24:MI:SS,FF'),10,12,177,132,14,2);
Insert into ACTIVITIES (DTYPE,ID,PRESTATION,REFERENCE,DESCRIPTION,STATUS,PRIORITY,VERSION,STARTDATE,UPDATEDATE,PUBLISHED,ENDDATE,TOTALESTIMATEDHOURS,TOTALWORKEDHOURS,MISSION_ID,FK_EMPLOYEE,FK_TASK,FK_PROFILE) values ('Intervention',403,'4000','T_4','Planning-budget','PENDING',null,0,to_timestamp('18/05/09 00:00:00,000000000','DD/MM/RR HH24:MI:SS,FF'),null,0,to_timestamp('18/05/09 00:00:00,000000000','DD/MM/RR HH24:MI:SS,FF'),10,12,177,130,14,4);
Insert into ACTIVITIES (DTYPE,ID,PRESTATION,REFERENCE,DESCRIPTION,STATUS,PRIORITY,VERSION,STARTDATE,UPDATEDATE,PUBLISHED,ENDDATE,TOTALESTIMATEDHOURS,TOTALWORKEDHOURS,MISSION_ID,FK_EMPLOYEE,FK_TASK,FK_PROFILE) values ('Intervention',404,'4000','T_1','Planning-budget','PENDING',null,0,to_timestamp('18/05/09 00:00:00,000000000','DD/MM/RR HH24:MI:SS,FF'),null,0,to_timestamp('18/05/09 00:00:00,000000000','DD/MM/RR HH24:MI:SS,FF'),10,12,179,131,14,3);
Insert into ACTIVITIES (DTYPE,ID,PRESTATION,REFERENCE,DESCRIPTION,STATUS,PRIORITY,VERSION,STARTDATE,UPDATEDATE,PUBLISHED,ENDDATE,TOTALESTIMATEDHOURS,TOTALWORKEDHOURS,MISSION_ID,FK_EMPLOYEE,FK_TASK,FK_PROFILE) values ('Intervention',405,'4000','T_2','Planning-budget','PENDING',null,0,to_timestamp('18/05/09 00:00:00,000000000','DD/MM/RR HH24:MI:SS,FF'),null,0,to_timestamp('18/05/09 00:00:00,000000000','DD/MM/RR HH24:MI:SS,FF'),10,12,179,133,14,1);
Insert into ACTIVITIES (DTYPE,ID,PRESTATION,REFERENCE,DESCRIPTION,STATUS,PRIORITY,VERSION,STARTDATE,UPDATEDATE,PUBLISHED,ENDDATE,TOTALESTIMATEDHOURS,TOTALWORKEDHOURS,MISSION_ID,FK_EMPLOYEE,FK_TASK,FK_PROFILE) values ('Intervention',406,'4000','T_3','Planning-budget','PENDING',null,0,to_timestamp('18/05/09 00:00:00,000000000','DD/MM/RR HH24:MI:SS,FF'),null,0,to_timestamp('18/05/09 00:00:00,000000000','DD/MM/RR HH24:MI:SS,FF'),10,12,179,132,14,2);
Insert into ACTIVITIES (DTYPE,ID,PRESTATION,REFERENCE,DESCRIPTION,STATUS,PRIORITY,VERSION,STARTDATE,UPDATEDATE,PUBLISHED,ENDDATE,TOTALESTIMATEDHOURS,TOTALWORKEDHOURS,MISSION_ID,FK_EMPLOYEE,FK_TASK,FK_PROFILE) values ('Intervention',407,'4000','T_4','Planning-budget','PENDING',null,0,to_timestamp('18/05/09 00:00:00,000000000','DD/MM/RR HH24:MI:SS,FF'),null,0,to_timestamp('18/05/09 00:00:00,000000000','DD/MM/RR HH24:MI:SS,FF'),10,12,179,130,14,4);
Insert into ACTIVITIES (DTYPE,ID,PRESTATION,REFERENCE,DESCRIPTION,STATUS,PRIORITY,VERSION,STARTDATE,UPDATEDATE,PUBLISHED,ENDDATE,TOTALESTIMATEDHOURS,TOTALWORKEDHOURS,MISSION_ID,FK_EMPLOYEE,FK_TASK,FK_PROFILE) values ('Intervention',408,'4000','T_1','Planning-budget','PENDING',null,0,to_timestamp('18/05/09 00:00:00,000000000','DD/MM/RR HH24:MI:SS,FF'),null,0,to_timestamp('18/05/09 00:00:00,000000000','DD/MM/RR HH24:MI:SS,FF'),10,12,178,131,14,3);
Insert into ACTIVITIES (DTYPE,ID,PRESTATION,REFERENCE,DESCRIPTION,STATUS,PRIORITY,VERSION,STARTDATE,UPDATEDATE,PUBLISHED,ENDDATE,TOTALESTIMATEDHOURS,TOTALWORKEDHOURS,MISSION_ID,FK_EMPLOYEE,FK_TASK,FK_PROFILE) values ('Intervention',409,'4000','T_2','Planning-budget','PENDING',null,0,to_timestamp('18/05/09 00:00:00,000000000','DD/MM/RR HH24:MI:SS,FF'),null,0,to_timestamp('18/05/09 00:00:00,000000000','DD/MM/RR HH24:MI:SS,FF'),10,12,178,133,14,1);
Insert into ACTIVITIES (DTYPE,ID,PRESTATION,REFERENCE,DESCRIPTION,STATUS,PRIORITY,VERSION,STARTDATE,UPDATEDATE,PUBLISHED,ENDDATE,TOTALESTIMATEDHOURS,TOTALWORKEDHOURS,MISSION_ID,FK_EMPLOYEE,FK_TASK,FK_PROFILE) values ('Intervention',410,'4000','T_3','Planning-budget','PENDING',null,0,to_timestamp('18/05/09 00:00:00,000000000','DD/MM/RR HH24:MI:SS,FF'),null,0,to_timestamp('18/05/09 00:00:00,000000000','DD/MM/RR HH24:MI:SS,FF'),10,12,178,132,14,2);
Insert into ACTIVITIES (DTYPE,ID,PRESTATION,REFERENCE,DESCRIPTION,STATUS,PRIORITY,VERSION,STARTDATE,UPDATEDATE,PUBLISHED,ENDDATE,TOTALESTIMATEDHOURS,TOTALWORKEDHOURS,MISSION_ID,FK_EMPLOYEE,FK_TASK,FK_PROFILE) values ('Intervention',411,'4000','T_4','Planning-budget','PENDING',null,0,to_timestamp('18/05/09 00:00:00,000000000','DD/MM/RR HH24:MI:SS,FF'),null,0,to_timestamp('18/05/09 00:00:00,000000000','DD/MM/RR HH24:MI:SS,FF'),10,12,178,130,14,4);
Insert into ACTIVITIES (DTYPE,ID,PRESTATION,REFERENCE,DESCRIPTION,STATUS,PRIORITY,VERSION,STARTDATE,UPDATEDATE,PUBLISHED,ENDDATE,TOTALESTIMATEDHOURS,TOTALWORKEDHOURS,MISSION_ID,FK_EMPLOYEE,FK_TASK,FK_PROFILE) values ('Intervention',412,'4000','T_1','Planning-budget','PENDING',null,0,to_timestamp('18/05/09 00:00:00,000000000','DD/MM/RR HH24:MI:SS,FF'),null,0,to_timestamp('18/05/09 00:00:00,000000000','DD/MM/RR HH24:MI:SS,FF'),10,12,176,131,14,3);
Insert into ACTIVITIES (DTYPE,ID,PRESTATION,REFERENCE,DESCRIPTION,STATUS,PRIORITY,VERSION,STARTDATE,UPDATEDATE,PUBLISHED,ENDDATE,TOTALESTIMATEDHOURS,TOTALWORKEDHOURS,MISSION_ID,FK_EMPLOYEE,FK_TASK,FK_PROFILE) values ('Intervention',413,'4000','T_2','Planning-budget','PENDING',null,0,to_timestamp('18/05/09 00:00:00,000000000','DD/MM/RR HH24:MI:SS,FF'),null,0,to_timestamp('18/05/09 00:00:00,000000000','DD/MM/RR HH24:MI:SS,FF'),10,12,176,133,14,1);
Insert into ACTIVITIES (DTYPE,ID,PRESTATION,REFERENCE,DESCRIPTION,STATUS,PRIORITY,VERSION,STARTDATE,UPDATEDATE,PUBLISHED,ENDDATE,TOTALESTIMATEDHOURS,TOTALWORKEDHOURS,MISSION_ID,FK_EMPLOYEE,FK_TASK,FK_PROFILE) values ('Intervention',414,'4000','T_3','Planning-budget','PENDING',null,0,to_timestamp('18/05/09 00:00:00,000000000','DD/MM/RR HH24:MI:SS,FF'),null,0,to_timestamp('18/05/09 00:00:00,000000000','DD/MM/RR HH24:MI:SS,FF'),10,12,176,132,14,2);
Insert into ACTIVITIES (DTYPE,ID,PRESTATION,REFERENCE,DESCRIPTION,STATUS,PRIORITY,VERSION,STARTDATE,UPDATEDATE,PUBLISHED,ENDDATE,TOTALESTIMATEDHOURS,TOTALWORKEDHOURS,MISSION_ID,FK_EMPLOYEE,FK_TASK,FK_PROFILE) values ('Intervention',415,'4000','T_4','Planning-budget','PENDING',null,0,to_timestamp('18/05/09 00:00:00,000000000','DD/MM/RR HH24:MI:SS,FF'),null,0,to_timestamp('18/05/09 00:00:00,000000000','DD/MM/RR HH24:MI:SS,FF'),10,12,176,130,14,4);
Insert into ACTIVITIES (DTYPE,ID,PRESTATION,REFERENCE,DESCRIPTION,STATUS,PRIORITY,VERSION,STARTDATE,UPDATEDATE,PUBLISHED,ENDDATE,TOTALESTIMATEDHOURS,TOTALWORKEDHOURS,MISSION_ID,FK_EMPLOYEE,FK_TASK,FK_PROFILE) values ('Intervention',416,'4000','T_1','Planning-budget','PENDING',null,0,to_timestamp('18/05/09 00:00:00,000000000','DD/MM/RR HH24:MI:SS,FF'),null,0,to_timestamp('18/05/09 00:00:00,000000000','DD/MM/RR HH24:MI:SS,FF'),10,12,174,131,14,3);
Insert into ACTIVITIES (DTYPE,ID,PRESTATION,REFERENCE,DESCRIPTION,STATUS,PRIORITY,VERSION,STARTDATE,UPDATEDATE,PUBLISHED,ENDDATE,TOTALESTIMATEDHOURS,TOTALWORKEDHOURS,MISSION_ID,FK_EMPLOYEE,FK_TASK,FK_PROFILE) values ('Intervention',417,'4000','T_2','Planning-budget','PENDING',null,0,to_timestamp('18/05/09 00:00:00,000000000','DD/MM/RR HH24:MI:SS,FF'),null,0,to_timestamp('18/05/09 00:00:00,000000000','DD/MM/RR HH24:MI:SS,FF'),10,12,174,133,14,1);
Insert into ACTIVITIES (DTYPE,ID,PRESTATION,REFERENCE,DESCRIPTION,STATUS,PRIORITY,VERSION,STARTDATE,UPDATEDATE,PUBLISHED,ENDDATE,TOTALESTIMATEDHOURS,TOTALWORKEDHOURS,MISSION_ID,FK_EMPLOYEE,FK_TASK,FK_PROFILE) values ('Intervention',418,'4000','T_3','Planning-budget','PENDING',null,0,to_timestamp('18/05/09 00:00:00,000000000','DD/MM/RR HH24:MI:SS,FF'),null,0,to_timestamp('18/05/09 00:00:00,000000000','DD/MM/RR HH24:MI:SS,FF'),10,12,174,132,14,2);
Insert into ACTIVITIES (DTYPE,ID,PRESTATION,REFERENCE,DESCRIPTION,STATUS,PRIORITY,VERSION,STARTDATE,UPDATEDATE,PUBLISHED,ENDDATE,TOTALESTIMATEDHOURS,TOTALWORKEDHOURS,MISSION_ID,FK_EMPLOYEE,FK_TASK,FK_PROFILE) values ('Intervention',419,'4000','T_4','Planning-budget','PENDING',null,0,to_timestamp('18/05/09 00:00:00,000000000','DD/MM/RR HH24:MI:SS,FF'),null,0,to_timestamp('18/05/09 00:00:00,000000000','DD/MM/RR HH24:MI:SS,FF'),10,12,174,130,14,4);
Insert into ACTIVITIES (DTYPE,ID,PRESTATION,REFERENCE,DESCRIPTION,STATUS,PRIORITY,VERSION,STARTDATE,UPDATEDATE,PUBLISHED,ENDDATE,TOTALESTIMATEDHOURS,TOTALWORKEDHOURS,MISSION_ID,FK_EMPLOYEE,FK_TASK,FK_PROFILE) values ('Intervention',420,'4000','T_1','Planning-budget','PENDING',null,0,to_timestamp('18/05/09 00:00:00,000000000','DD/MM/RR HH24:MI:SS,FF'),null,0,to_timestamp('18/05/09 00:00:00,000000000','DD/MM/RR HH24:MI:SS,FF'),10,12,181,131,14,3);
Insert into ACTIVITIES (DTYPE,ID,PRESTATION,REFERENCE,DESCRIPTION,STATUS,PRIORITY,VERSION,STARTDATE,UPDATEDATE,PUBLISHED,ENDDATE,TOTALESTIMATEDHOURS,TOTALWORKEDHOURS,MISSION_ID,FK_EMPLOYEE,FK_TASK,FK_PROFILE) values ('Intervention',421,'4000','T_2','Planning-budget','PENDING',null,0,to_timestamp('18/05/09 00:00:00,000000000','DD/MM/RR HH24:MI:SS,FF'),null,0,to_timestamp('18/05/09 00:00:00,000000000','DD/MM/RR HH24:MI:SS,FF'),10,12,181,133,14,1);
Insert into ACTIVITIES (DTYPE,ID,PRESTATION,REFERENCE,DESCRIPTION,STATUS,PRIORITY,VERSION,STARTDATE,UPDATEDATE,PUBLISHED,ENDDATE,TOTALESTIMATEDHOURS,TOTALWORKEDHOURS,MISSION_ID,FK_EMPLOYEE,FK_TASK,FK_PROFILE) values ('Intervention',422,'4000','T_3','Planning-budget','PENDING',null,0,to_timestamp('18/05/09 00:00:00,000000000','DD/MM/RR HH24:MI:SS,FF'),null,0,to_timestamp('18/05/09 00:00:00,000000000','DD/MM/RR HH24:MI:SS,FF'),10,12,181,132,14,2);
Insert into ACTIVITIES (DTYPE,ID,PRESTATION,REFERENCE,DESCRIPTION,STATUS,PRIORITY,VERSION,STARTDATE,UPDATEDATE,PUBLISHED,ENDDATE,TOTALESTIMATEDHOURS,TOTALWORKEDHOURS,MISSION_ID,FK_EMPLOYEE,FK_TASK,FK_PROFILE) values ('Intervention',423,'4000','T_4','Planning-budget','PENDING',null,0,to_timestamp('18/05/09 00:00:00,000000000','DD/MM/RR HH24:MI:SS,FF'),null,0,to_timestamp('18/05/09 00:00:00,000000000','DD/MM/RR HH24:MI:SS,FF'),10,12,181,130,14,4);
Insert into ACTIVITIES (DTYPE,ID,PRESTATION,REFERENCE,DESCRIPTION,STATUS,PRIORITY,VERSION,STARTDATE,UPDATEDATE,PUBLISHED,ENDDATE,TOTALESTIMATEDHOURS,TOTALWORKEDHOURS,MISSION_ID,FK_EMPLOYEE,FK_TASK,FK_PROFILE) values ('Intervention',424,'4000','T_1','Planning-budget','PENDING',null,0,to_timestamp('18/05/09 00:00:00,000000000','DD/MM/RR HH24:MI:SS,FF'),null,0,to_timestamp('18/05/09 00:00:00,000000000','DD/MM/RR HH24:MI:SS,FF'),10,12,182,131,14,3);
Insert into ACTIVITIES (DTYPE,ID,PRESTATION,REFERENCE,DESCRIPTION,STATUS,PRIORITY,VERSION,STARTDATE,UPDATEDATE,PUBLISHED,ENDDATE,TOTALESTIMATEDHOURS,TOTALWORKEDHOURS,MISSION_ID,FK_EMPLOYEE,FK_TASK,FK_PROFILE) values ('Intervention',425,'4000','T_2','Planning-budget','PENDING',null,0,to_timestamp('18/05/09 00:00:00,000000000','DD/MM/RR HH24:MI:SS,FF'),null,0,to_timestamp('18/05/09 00:00:00,000000000','DD/MM/RR HH24:MI:SS,FF'),10,12,182,133,14,1);
Insert into ACTIVITIES (DTYPE,ID,PRESTATION,REFERENCE,DESCRIPTION,STATUS,PRIORITY,VERSION,STARTDATE,UPDATEDATE,PUBLISHED,ENDDATE,TOTALESTIMATEDHOURS,TOTALWORKEDHOURS,MISSION_ID,FK_EMPLOYEE,FK_TASK,FK_PROFILE) values ('Intervention',426,'4000','T_3','Planning-budget','PENDING',null,0,to_timestamp('18/05/09 00:00:00,000000000','DD/MM/RR HH24:MI:SS,FF'),null,0,to_timestamp('18/05/09 00:00:00,000000000','DD/MM/RR HH24:MI:SS,FF'),10,12,182,132,14,2);
Insert into ACTIVITIES (DTYPE,ID,PRESTATION,REFERENCE,DESCRIPTION,STATUS,PRIORITY,VERSION,STARTDATE,UPDATEDATE,PUBLISHED,ENDDATE,TOTALESTIMATEDHOURS,TOTALWORKEDHOURS,MISSION_ID,FK_EMPLOYEE,FK_TASK,FK_PROFILE) values ('Intervention',427,'4000','T_4','Planning-budget','PENDING',null,0,to_timestamp('18/05/09 00:00:00,000000000','DD/MM/RR HH24:MI:SS,FF'),null,0,to_timestamp('18/05/09 00:00:00,000000000','DD/MM/RR HH24:MI:SS,FF'),10,12,182,130,14,4);
Insert into ACTIVITIES (DTYPE,ID,PRESTATION,REFERENCE,DESCRIPTION,STATUS,PRIORITY,VERSION,STARTDATE,UPDATEDATE,PUBLISHED,ENDDATE,TOTALESTIMATEDHOURS,TOTALWORKEDHOURS,MISSION_ID,FK_EMPLOYEE,FK_TASK,FK_PROFILE) values ('Intervention',428,'4000','T_1','Planning-budget','PENDING',null,0,to_timestamp('18/05/09 00:00:00,000000000','DD/MM/RR HH24:MI:SS,FF'),null,0,to_timestamp('18/05/09 00:00:00,000000000','DD/MM/RR HH24:MI:SS,FF'),10,12,186,131,14,3);
Insert into ACTIVITIES (DTYPE,ID,PRESTATION,REFERENCE,DESCRIPTION,STATUS,PRIORITY,VERSION,STARTDATE,UPDATEDATE,PUBLISHED,ENDDATE,TOTALESTIMATEDHOURS,TOTALWORKEDHOURS,MISSION_ID,FK_EMPLOYEE,FK_TASK,FK_PROFILE) values ('Intervention',429,'4000','T_2','Planning-budget','PENDING',null,0,to_timestamp('18/05/09 00:00:00,000000000','DD/MM/RR HH24:MI:SS,FF'),null,0,to_timestamp('18/05/09 00:00:00,000000000','DD/MM/RR HH24:MI:SS,FF'),10,12,186,133,14,1);
Insert into ACTIVITIES (DTYPE,ID,PRESTATION,REFERENCE,DESCRIPTION,STATUS,PRIORITY,VERSION,STARTDATE,UPDATEDATE,PUBLISHED,ENDDATE,TOTALESTIMATEDHOURS,TOTALWORKEDHOURS,MISSION_ID,FK_EMPLOYEE,FK_TASK,FK_PROFILE) values ('Intervention',430,'4000','T_3','Planning-budget','PENDING',null,0,to_timestamp('18/05/09 00:00:00,000000000','DD/MM/RR HH24:MI:SS,FF'),null,0,to_timestamp('18/05/09 00:00:00,000000000','DD/MM/RR HH24:MI:SS,FF'),10,12,186,132,14,2);
Insert into ACTIVITIES (DTYPE,ID,PRESTATION,REFERENCE,DESCRIPTION,STATUS,PRIORITY,VERSION,STARTDATE,UPDATEDATE,PUBLISHED,ENDDATE,TOTALESTIMATEDHOURS,TOTALWORKEDHOURS,MISSION_ID,FK_EMPLOYEE,FK_TASK,FK_PROFILE) values ('Intervention',431,'4000','T_4','Planning-budget','PENDING',null,0,to_timestamp('18/05/09 00:00:00,000000000','DD/MM/RR HH24:MI:SS,FF'),null,0,to_timestamp('18/05/09 00:00:00,000000000','DD/MM/RR HH24:MI:SS,FF'),10,12,186,130,14,4);
Insert into ACTIVITIES (DTYPE,ID,PRESTATION,REFERENCE,DESCRIPTION,STATUS,PRIORITY,VERSION,STARTDATE,UPDATEDATE,PUBLISHED,ENDDATE,TOTALESTIMATEDHOURS,TOTALWORKEDHOURS,MISSION_ID,FK_EMPLOYEE,FK_TASK,FK_PROFILE) values ('Intervention',432,'4000','T_1','Planning-budget','PENDING',null,0,to_timestamp('18/05/09 00:00:00,000000000','DD/MM/RR HH24:MI:SS,FF'),null,0,to_timestamp('18/05/09 00:00:00,000000000','DD/MM/RR HH24:MI:SS,FF'),10,12,190,131,14,3);
Insert into ACTIVITIES (DTYPE,ID,PRESTATION,REFERENCE,DESCRIPTION,STATUS,PRIORITY,VERSION,STARTDATE,UPDATEDATE,PUBLISHED,ENDDATE,TOTALESTIMATEDHOURS,TOTALWORKEDHOURS,MISSION_ID,FK_EMPLOYEE,FK_TASK,FK_PROFILE) values ('Intervention',433,'4000','T_2','Planning-budget','PENDING',null,0,to_timestamp('18/05/09 00:00:00,000000000','DD/MM/RR HH24:MI:SS,FF'),null,0,to_timestamp('18/05/09 00:00:00,000000000','DD/MM/RR HH24:MI:SS,FF'),10,12,190,133,14,1);
Insert into ACTIVITIES (DTYPE,ID,PRESTATION,REFERENCE,DESCRIPTION,STATUS,PRIORITY,VERSION,STARTDATE,UPDATEDATE,PUBLISHED,ENDDATE,TOTALESTIMATEDHOURS,TOTALWORKEDHOURS,MISSION_ID,FK_EMPLOYEE,FK_TASK,FK_PROFILE) values ('Intervention',434,'4000','T_3','Planning-budget','PENDING',null,0,to_timestamp('18/05/09 00:00:00,000000000','DD/MM/RR HH24:MI:SS,FF'),null,0,to_timestamp('18/05/09 00:00:00,000000000','DD/MM/RR HH24:MI:SS,FF'),10,12,190,132,14,2);
Insert into ACTIVITIES (DTYPE,ID,PRESTATION,REFERENCE,DESCRIPTION,STATUS,PRIORITY,VERSION,STARTDATE,UPDATEDATE,PUBLISHED,ENDDATE,TOTALESTIMATEDHOURS,TOTALWORKEDHOURS,MISSION_ID,FK_EMPLOYEE,FK_TASK,FK_PROFILE) values ('Intervention',435,'4000','T_4','Planning-budget','PENDING',null,0,to_timestamp('18/05/09 00:00:00,000000000','DD/MM/RR HH24:MI:SS,FF'),null,0,to_timestamp('18/05/09 00:00:00,000000000','DD/MM/RR HH24:MI:SS,FF'),10,12,190,130,14,4);
Insert into ACTIVITIES (DTYPE,ID,PRESTATION,REFERENCE,DESCRIPTION,STATUS,PRIORITY,VERSION,STARTDATE,UPDATEDATE,PUBLISHED,ENDDATE,TOTALESTIMATEDHOURS,TOTALWORKEDHOURS,MISSION_ID,FK_EMPLOYEE,FK_TASK,FK_PROFILE) values ('Intervention',436,'4000','T_1','Planning-budget','PENDING',null,0,to_timestamp('18/05/09 00:00:00,000000000','DD/MM/RR HH24:MI:SS,FF'),null,0,to_timestamp('18/05/09 00:00:00,000000000','DD/MM/RR HH24:MI:SS,FF'),10,12,195,131,14,3);
Insert into ACTIVITIES (DTYPE,ID,PRESTATION,REFERENCE,DESCRIPTION,STATUS,PRIORITY,VERSION,STARTDATE,UPDATEDATE,PUBLISHED,ENDDATE,TOTALESTIMATEDHOURS,TOTALWORKEDHOURS,MISSION_ID,FK_EMPLOYEE,FK_TASK,FK_PROFILE) values ('Intervention',437,'4000','T_2','Planning-budget','PENDING',null,0,to_timestamp('18/05/09 00:00:00,000000000','DD/MM/RR HH24:MI:SS,FF'),null,0,to_timestamp('18/05/09 00:00:00,000000000','DD/MM/RR HH24:MI:SS,FF'),10,12,195,133,14,1);
Insert into ACTIVITIES (DTYPE,ID,PRESTATION,REFERENCE,DESCRIPTION,STATUS,PRIORITY,VERSION,STARTDATE,UPDATEDATE,PUBLISHED,ENDDATE,TOTALESTIMATEDHOURS,TOTALWORKEDHOURS,MISSION_ID,FK_EMPLOYEE,FK_TASK,FK_PROFILE) values ('Intervention',438,'4000','T_3','Planning-budget','PENDING',null,0,to_timestamp('18/05/09 00:00:00,000000000','DD/MM/RR HH24:MI:SS,FF'),null,0,to_timestamp('18/05/09 00:00:00,000000000','DD/MM/RR HH24:MI:SS,FF'),10,12,195,132,14,2);
Insert into ACTIVITIES (DTYPE,ID,PRESTATION,REFERENCE,DESCRIPTION,STATUS,PRIORITY,VERSION,STARTDATE,UPDATEDATE,PUBLISHED,ENDDATE,TOTALESTIMATEDHOURS,TOTALWORKEDHOURS,MISSION_ID,FK_EMPLOYEE,FK_TASK,FK_PROFILE) values ('Intervention',439,'4000','T_4','Planning-budget','PENDING',null,0,to_timestamp('18/05/09 00:00:00,000000000','DD/MM/RR HH24:MI:SS,FF'),null,0,to_timestamp('18/05/09 00:00:00,000000000','DD/MM/RR HH24:MI:SS,FF'),10,12,195,130,14,4);
Insert into ACTIVITIES (DTYPE,ID,PRESTATION,REFERENCE,DESCRIPTION,STATUS,PRIORITY,VERSION,STARTDATE,UPDATEDATE,PUBLISHED,ENDDATE,TOTALESTIMATEDHOURS,TOTALWORKEDHOURS,MISSION_ID,FK_EMPLOYEE,FK_TASK,FK_PROFILE) values ('Intervention',440,'4000','T_1','Planning-budget','PENDING',null,0,to_timestamp('18/05/09 00:00:00,000000000','DD/MM/RR HH24:MI:SS,FF'),null,0,to_timestamp('18/05/09 00:00:00,000000000','DD/MM/RR HH24:MI:SS,FF'),10,12,202,131,14,3);
Insert into ACTIVITIES (DTYPE,ID,PRESTATION,REFERENCE,DESCRIPTION,STATUS,PRIORITY,VERSION,STARTDATE,UPDATEDATE,PUBLISHED,ENDDATE,TOTALESTIMATEDHOURS,TOTALWORKEDHOURS,MISSION_ID,FK_EMPLOYEE,FK_TASK,FK_PROFILE) values ('Intervention',441,'4000','T_2','Planning-budget','PENDING',null,0,to_timestamp('18/05/09 00:00:00,000000000','DD/MM/RR HH24:MI:SS,FF'),null,0,to_timestamp('18/05/09 00:00:00,000000000','DD/MM/RR HH24:MI:SS,FF'),10,12,202,133,14,1);
Insert into ACTIVITIES (DTYPE,ID,PRESTATION,REFERENCE,DESCRIPTION,STATUS,PRIORITY,VERSION,STARTDATE,UPDATEDATE,PUBLISHED,ENDDATE,TOTALESTIMATEDHOURS,TOTALWORKEDHOURS,MISSION_ID,FK_EMPLOYEE,FK_TASK,FK_PROFILE) values ('Intervention',442,'4000','T_3','Planning-budget','PENDING',null,0,to_timestamp('18/05/09 00:00:00,000000000','DD/MM/RR HH24:MI:SS,FF'),null,0,to_timestamp('18/05/09 00:00:00,000000000','DD/MM/RR HH24:MI:SS,FF'),10,12,202,132,14,2);
Insert into ACTIVITIES (DTYPE,ID,PRESTATION,REFERENCE,DESCRIPTION,STATUS,PRIORITY,VERSION,STARTDATE,UPDATEDATE,PUBLISHED,ENDDATE,TOTALESTIMATEDHOURS,TOTALWORKEDHOURS,MISSION_ID,FK_EMPLOYEE,FK_TASK,FK_PROFILE) values ('Intervention',443,'4000','T_4','Planning-budget','PENDING',null,0,to_timestamp('18/05/09 00:00:00,000000000','DD/MM/RR HH24:MI:SS,FF'),null,0,to_timestamp('18/05/09 00:00:00,000000000','DD/MM/RR HH24:MI:SS,FF'),10,12,202,130,14,4);
Insert into ACTIVITIES (DTYPE,ID,PRESTATION,REFERENCE,DESCRIPTION,STATUS,PRIORITY,VERSION,STARTDATE,UPDATEDATE,PUBLISHED,ENDDATE,TOTALESTIMATEDHOURS,TOTALWORKEDHOURS,MISSION_ID,FK_EMPLOYEE,FK_TASK,FK_PROFILE) values ('Intervention',444,'4000','T_1','Planning-budget','PENDING',null,0,to_timestamp('18/05/09 00:00:00,000000000','DD/MM/RR HH24:MI:SS,FF'),null,0,to_timestamp('18/05/09 00:00:00,000000000','DD/MM/RR HH24:MI:SS,FF'),10,12,200,131,14,3);
Insert into ACTIVITIES (DTYPE,ID,PRESTATION,REFERENCE,DESCRIPTION,STATUS,PRIORITY,VERSION,STARTDATE,UPDATEDATE,PUBLISHED,ENDDATE,TOTALESTIMATEDHOURS,TOTALWORKEDHOURS,MISSION_ID,FK_EMPLOYEE,FK_TASK,FK_PROFILE) values ('Intervention',445,'4000','T_2','Planning-budget','PENDING',null,0,to_timestamp('18/05/09 00:00:00,000000000','DD/MM/RR HH24:MI:SS,FF'),null,0,to_timestamp('18/05/09 00:00:00,000000000','DD/MM/RR HH24:MI:SS,FF'),10,12,200,133,14,1);
Insert into ACTIVITIES (DTYPE,ID,PRESTATION,REFERENCE,DESCRIPTION,STATUS,PRIORITY,VERSION,STARTDATE,UPDATEDATE,PUBLISHED,ENDDATE,TOTALESTIMATEDHOURS,TOTALWORKEDHOURS,MISSION_ID,FK_EMPLOYEE,FK_TASK,FK_PROFILE) values ('Intervention',446,'4000','T_3','Planning-budget','PENDING',null,0,to_timestamp('18/05/09 00:00:00,000000000','DD/MM/RR HH24:MI:SS,FF'),null,0,to_timestamp('18/05/09 00:00:00,000000000','DD/MM/RR HH24:MI:SS,FF'),10,12,200,132,14,2);
Insert into ACTIVITIES (DTYPE,ID,PRESTATION,REFERENCE,DESCRIPTION,STATUS,PRIORITY,VERSION,STARTDATE,UPDATEDATE,PUBLISHED,ENDDATE,TOTALESTIMATEDHOURS,TOTALWORKEDHOURS,MISSION_ID,FK_EMPLOYEE,FK_TASK,FK_PROFILE) values ('Intervention',447,'4000','T_4','Planning-budget','PENDING',null,0,to_timestamp('18/05/09 00:00:00,000000000','DD/MM/RR HH24:MI:SS,FF'),null,0,to_timestamp('18/05/09 00:00:00,000000000','DD/MM/RR HH24:MI:SS,FF'),10,12,200,130,14,4);
Insert into ACTIVITIES (DTYPE,ID,PRESTATION,REFERENCE,DESCRIPTION,STATUS,PRIORITY,VERSION,STARTDATE,UPDATEDATE,PUBLISHED,ENDDATE,TOTALESTIMATEDHOURS,TOTALWORKEDHOURS,MISSION_ID,FK_EMPLOYEE,FK_TASK,FK_PROFILE) values ('Intervention',448,'4000','T_1','Planning-budget','PENDING',null,0,to_timestamp('18/05/09 00:00:00,000000000','DD/MM/RR HH24:MI:SS,FF'),null,0,to_timestamp('18/05/09 00:00:00,000000000','DD/MM/RR HH24:MI:SS,FF'),10,12,199,131,14,3);
Insert into ACTIVITIES (DTYPE,ID,PRESTATION,REFERENCE,DESCRIPTION,STATUS,PRIORITY,VERSION,STARTDATE,UPDATEDATE,PUBLISHED,ENDDATE,TOTALESTIMATEDHOURS,TOTALWORKEDHOURS,MISSION_ID,FK_EMPLOYEE,FK_TASK,FK_PROFILE) values ('Intervention',449,'4000','T_2','Planning-budget','PENDING',null,0,to_timestamp('18/05/09 00:00:00,000000000','DD/MM/RR HH24:MI:SS,FF'),null,0,to_timestamp('18/05/09 00:00:00,000000000','DD/MM/RR HH24:MI:SS,FF'),10,12,199,133,14,1);
Insert into ACTIVITIES (DTYPE,ID,PRESTATION,REFERENCE,DESCRIPTION,STATUS,PRIORITY,VERSION,STARTDATE,UPDATEDATE,PUBLISHED,ENDDATE,TOTALESTIMATEDHOURS,TOTALWORKEDHOURS,MISSION_ID,FK_EMPLOYEE,FK_TASK,FK_PROFILE) values ('Intervention',450,'4000','T_3','Planning-budget','PENDING',null,0,to_timestamp('18/05/09 00:00:00,000000000','DD/MM/RR HH24:MI:SS,FF'),null,0,to_timestamp('18/05/09 00:00:00,000000000','DD/MM/RR HH24:MI:SS,FF'),10,12,199,132,14,2);
Insert into ACTIVITIES (DTYPE,ID,PRESTATION,REFERENCE,DESCRIPTION,STATUS,PRIORITY,VERSION,STARTDATE,UPDATEDATE,PUBLISHED,ENDDATE,TOTALESTIMATEDHOURS,TOTALWORKEDHOURS,MISSION_ID,FK_EMPLOYEE,FK_TASK,FK_PROFILE) values ('Intervention',451,'4000','T_4','Planning-budget','PENDING',null,0,to_timestamp('18/05/09 00:00:00,000000000','DD/MM/RR HH24:MI:SS,FF'),null,0,to_timestamp('18/05/09 00:00:00,000000000','DD/MM/RR HH24:MI:SS,FF'),10,12,199,130,14,4);
Insert into ACTIVITIES (DTYPE,ID,PRESTATION,REFERENCE,DESCRIPTION,STATUS,PRIORITY,VERSION,STARTDATE,UPDATEDATE,PUBLISHED,ENDDATE,TOTALESTIMATEDHOURS,TOTALWORKEDHOURS,MISSION_ID,FK_EMPLOYEE,FK_TASK,FK_PROFILE) values ('Intervention',452,'4000','T_1','Planning-budget','PENDING',null,0,to_timestamp('18/05/09 00:00:00,000000000','DD/MM/RR HH24:MI:SS,FF'),null,0,to_timestamp('18/05/09 00:00:00,000000000','DD/MM/RR HH24:MI:SS,FF'),10,12,197,131,14,3);
Insert into ACTIVITIES (DTYPE,ID,PRESTATION,REFERENCE,DESCRIPTION,STATUS,PRIORITY,VERSION,STARTDATE,UPDATEDATE,PUBLISHED,ENDDATE,TOTALESTIMATEDHOURS,TOTALWORKEDHOURS,MISSION_ID,FK_EMPLOYEE,FK_TASK,FK_PROFILE) values ('Intervention',453,'4000','T_2','Planning-budget','PENDING',null,0,to_timestamp('18/05/09 00:00:00,000000000','DD/MM/RR HH24:MI:SS,FF'),null,0,to_timestamp('18/05/09 00:00:00,000000000','DD/MM/RR HH24:MI:SS,FF'),10,12,197,133,14,1);
Insert into ACTIVITIES (DTYPE,ID,PRESTATION,REFERENCE,DESCRIPTION,STATUS,PRIORITY,VERSION,STARTDATE,UPDATEDATE,PUBLISHED,ENDDATE,TOTALESTIMATEDHOURS,TOTALWORKEDHOURS,MISSION_ID,FK_EMPLOYEE,FK_TASK,FK_PROFILE) values ('Intervention',454,'4000','T_3','Planning-budget','PENDING',null,0,to_timestamp('18/05/09 00:00:00,000000000','DD/MM/RR HH24:MI:SS,FF'),null,0,to_timestamp('18/05/09 00:00:00,000000000','DD/MM/RR HH24:MI:SS,FF'),10,12,197,132,14,2);
Insert into ACTIVITIES (DTYPE,ID,PRESTATION,REFERENCE,DESCRIPTION,STATUS,PRIORITY,VERSION,STARTDATE,UPDATEDATE,PUBLISHED,ENDDATE,TOTALESTIMATEDHOURS,TOTALWORKEDHOURS,MISSION_ID,FK_EMPLOYEE,FK_TASK,FK_PROFILE) values ('Intervention',455,'4000','T_4','Planning-budget','PENDING',null,0,to_timestamp('18/05/09 00:00:00,000000000','DD/MM/RR HH24:MI:SS,FF'),null,0,to_timestamp('18/05/09 00:00:00,000000000','DD/MM/RR HH24:MI:SS,FF'),10,12,197,130,14,4);
Insert into ACTIVITIES (DTYPE,ID,PRESTATION,REFERENCE,DESCRIPTION,STATUS,PRIORITY,VERSION,STARTDATE,UPDATEDATE,PUBLISHED,ENDDATE,TOTALESTIMATEDHOURS,TOTALWORKEDHOURS,MISSION_ID,FK_EMPLOYEE,FK_TASK,FK_PROFILE) values ('Intervention',456,'4000','T_1','Planning-budget','PENDING',null,0,to_timestamp('18/05/09 00:00:00,000000000','DD/MM/RR HH24:MI:SS,FF'),null,0,to_timestamp('18/05/09 00:00:00,000000000','DD/MM/RR HH24:MI:SS,FF'),10,12,193,131,14,3);
Insert into ACTIVITIES (DTYPE,ID,PRESTATION,REFERENCE,DESCRIPTION,STATUS,PRIORITY,VERSION,STARTDATE,UPDATEDATE,PUBLISHED,ENDDATE,TOTALESTIMATEDHOURS,TOTALWORKEDHOURS,MISSION_ID,FK_EMPLOYEE,FK_TASK,FK_PROFILE) values ('Intervention',457,'4000','T_2','Planning-budget','PENDING',null,0,to_timestamp('18/05/09 00:00:00,000000000','DD/MM/RR HH24:MI:SS,FF'),null,0,to_timestamp('18/05/09 00:00:00,000000000','DD/MM/RR HH24:MI:SS,FF'),10,12,193,133,14,1);
Insert into ACTIVITIES (DTYPE,ID,PRESTATION,REFERENCE,DESCRIPTION,STATUS,PRIORITY,VERSION,STARTDATE,UPDATEDATE,PUBLISHED,ENDDATE,TOTALESTIMATEDHOURS,TOTALWORKEDHOURS,MISSION_ID,FK_EMPLOYEE,FK_TASK,FK_PROFILE) values ('Intervention',458,'4000','T_3','Planning-budget','PENDING',null,0,to_timestamp('18/05/09 00:00:00,000000000','DD/MM/RR HH24:MI:SS,FF'),null,0,to_timestamp('18/05/09 00:00:00,000000000','DD/MM/RR HH24:MI:SS,FF'),10,12,193,132,14,2);
Insert into ACTIVITIES (DTYPE,ID,PRESTATION,REFERENCE,DESCRIPTION,STATUS,PRIORITY,VERSION,STARTDATE,UPDATEDATE,PUBLISHED,ENDDATE,TOTALESTIMATEDHOURS,TOTALWORKEDHOURS,MISSION_ID,FK_EMPLOYEE,FK_TASK,FK_PROFILE) values ('Intervention',459,'4000','T_4','Planning-budget','PENDING',null,0,to_timestamp('18/05/09 00:00:00,000000000','DD/MM/RR HH24:MI:SS,FF'),null,0,to_timestamp('18/05/09 00:00:00,000000000','DD/MM/RR HH24:MI:SS,FF'),10,12,193,130,14,4);
Insert into ACTIVITIES (DTYPE,ID,PRESTATION,REFERENCE,DESCRIPTION,STATUS,PRIORITY,VERSION,STARTDATE,UPDATEDATE,PUBLISHED,ENDDATE,TOTALESTIMATEDHOURS,TOTALWORKEDHOURS,MISSION_ID,FK_EMPLOYEE,FK_TASK,FK_PROFILE) values ('Intervention',460,'4000','T_1','Planning-budget','PENDING',null,0,to_timestamp('18/05/09 00:00:00,000000000','DD/MM/RR HH24:MI:SS,FF'),null,0,to_timestamp('18/05/09 00:00:00,000000000','DD/MM/RR HH24:MI:SS,FF'),10,12,189,131,14,3);
Insert into ACTIVITIES (DTYPE,ID,PRESTATION,REFERENCE,DESCRIPTION,STATUS,PRIORITY,VERSION,STARTDATE,UPDATEDATE,PUBLISHED,ENDDATE,TOTALESTIMATEDHOURS,TOTALWORKEDHOURS,MISSION_ID,FK_EMPLOYEE,FK_TASK,FK_PROFILE) values ('Intervention',461,'4000','T_2','Planning-budget','PENDING',null,0,to_timestamp('18/05/09 00:00:00,000000000','DD/MM/RR HH24:MI:SS,FF'),null,0,to_timestamp('18/05/09 00:00:00,000000000','DD/MM/RR HH24:MI:SS,FF'),10,12,189,133,14,1);
Insert into ACTIVITIES (DTYPE,ID,PRESTATION,REFERENCE,DESCRIPTION,STATUS,PRIORITY,VERSION,STARTDATE,UPDATEDATE,PUBLISHED,ENDDATE,TOTALESTIMATEDHOURS,TOTALWORKEDHOURS,MISSION_ID,FK_EMPLOYEE,FK_TASK,FK_PROFILE) values ('Intervention',462,'4000','T_3','Planning-budget','PENDING',null,0,to_timestamp('18/05/09 00:00:00,000000000','DD/MM/RR HH24:MI:SS,FF'),null,0,to_timestamp('18/05/09 00:00:00,000000000','DD/MM/RR HH24:MI:SS,FF'),10,12,189,132,14,2);
Insert into ACTIVITIES (DTYPE,ID,PRESTATION,REFERENCE,DESCRIPTION,STATUS,PRIORITY,VERSION,STARTDATE,UPDATEDATE,PUBLISHED,ENDDATE,TOTALESTIMATEDHOURS,TOTALWORKEDHOURS,MISSION_ID,FK_EMPLOYEE,FK_TASK,FK_PROFILE) values ('Intervention',463,'4000','T_4','Planning-budget','PENDING',null,0,to_timestamp('18/05/09 00:00:00,000000000','DD/MM/RR HH24:MI:SS,FF'),null,0,to_timestamp('18/05/09 00:00:00,000000000','DD/MM/RR HH24:MI:SS,FF'),10,12,189,130,14,4);
Insert into ACTIVITIES (DTYPE,ID,PRESTATION,REFERENCE,DESCRIPTION,STATUS,PRIORITY,VERSION,STARTDATE,UPDATEDATE,PUBLISHED,ENDDATE,TOTALESTIMATEDHOURS,TOTALWORKEDHOURS,MISSION_ID,FK_EMPLOYEE,FK_TASK,FK_PROFILE) values ('Intervention',464,'4000','T_1','Planning-budget','PENDING',null,0,to_timestamp('18/05/09 00:00:00,000000000','DD/MM/RR HH24:MI:SS,FF'),null,0,to_timestamp('18/05/09 00:00:00,000000000','DD/MM/RR HH24:MI:SS,FF'),10,12,184,131,14,3);
Insert into ACTIVITIES (DTYPE,ID,PRESTATION,REFERENCE,DESCRIPTION,STATUS,PRIORITY,VERSION,STARTDATE,UPDATEDATE,PUBLISHED,ENDDATE,TOTALESTIMATEDHOURS,TOTALWORKEDHOURS,MISSION_ID,FK_EMPLOYEE,FK_TASK,FK_PROFILE) values ('Intervention',465,'4000','T_2','Planning-budget','PENDING',null,0,to_timestamp('18/05/09 00:00:00,000000000','DD/MM/RR HH24:MI:SS,FF'),null,0,to_timestamp('18/05/09 00:00:00,000000000','DD/MM/RR HH24:MI:SS,FF'),10,12,184,133,14,1);
Insert into ACTIVITIES (DTYPE,ID,PRESTATION,REFERENCE,DESCRIPTION,STATUS,PRIORITY,VERSION,STARTDATE,UPDATEDATE,PUBLISHED,ENDDATE,TOTALESTIMATEDHOURS,TOTALWORKEDHOURS,MISSION_ID,FK_EMPLOYEE,FK_TASK,FK_PROFILE) values ('Intervention',466,'4000','T_3','Planning-budget','PENDING',null,0,to_timestamp('18/05/09 00:00:00,000000000','DD/MM/RR HH24:MI:SS,FF'),null,0,to_timestamp('18/05/09 00:00:00,000000000','DD/MM/RR HH24:MI:SS,FF'),10,12,184,132,14,2);
Insert into ACTIVITIES (DTYPE,ID,PRESTATION,REFERENCE,DESCRIPTION,STATUS,PRIORITY,VERSION,STARTDATE,UPDATEDATE,PUBLISHED,ENDDATE,TOTALESTIMATEDHOURS,TOTALWORKEDHOURS,MISSION_ID,FK_EMPLOYEE,FK_TASK,FK_PROFILE) values ('Intervention',467,'4000','T_4','Planning-budget','PENDING',null,0,to_timestamp('18/05/09 00:00:00,000000000','DD/MM/RR HH24:MI:SS,FF'),null,0,to_timestamp('18/05/09 00:00:00,000000000','DD/MM/RR HH24:MI:SS,FF'),10,12,184,130,14,4);
Insert into ACTIVITIES (DTYPE,ID,PRESTATION,REFERENCE,DESCRIPTION,STATUS,PRIORITY,VERSION,STARTDATE,UPDATEDATE,PUBLISHED,ENDDATE,TOTALESTIMATEDHOURS,TOTALWORKEDHOURS,MISSION_ID,FK_EMPLOYEE,FK_TASK,FK_PROFILE) values ('Intervention',468,'4000','T_1','Planning-budget','PENDING',null,0,to_timestamp('18/05/09 00:00:00,000000000','DD/MM/RR HH24:MI:SS,FF'),null,0,to_timestamp('18/05/09 00:00:00,000000000','DD/MM/RR HH24:MI:SS,FF'),10,12,156,131,14,3);
Insert into ACTIVITIES (DTYPE,ID,PRESTATION,REFERENCE,DESCRIPTION,STATUS,PRIORITY,VERSION,STARTDATE,UPDATEDATE,PUBLISHED,ENDDATE,TOTALESTIMATEDHOURS,TOTALWORKEDHOURS,MISSION_ID,FK_EMPLOYEE,FK_TASK,FK_PROFILE) values ('Intervention',469,'4000','T_2','Planning-budget','PENDING',null,0,to_timestamp('18/05/09 00:00:00,000000000','DD/MM/RR HH24:MI:SS,FF'),null,0,to_timestamp('18/05/09 00:00:00,000000000','DD/MM/RR HH24:MI:SS,FF'),10,12,156,133,14,1);
Insert into ACTIVITIES (DTYPE,ID,PRESTATION,REFERENCE,DESCRIPTION,STATUS,PRIORITY,VERSION,STARTDATE,UPDATEDATE,PUBLISHED,ENDDATE,TOTALESTIMATEDHOURS,TOTALWORKEDHOURS,MISSION_ID,FK_EMPLOYEE,FK_TASK,FK_PROFILE) values ('Intervention',470,'4000','T_3','Planning-budget','PENDING',null,0,to_timestamp('18/05/09 00:00:00,000000000','DD/MM/RR HH24:MI:SS,FF'),null,0,to_timestamp('18/05/09 00:00:00,000000000','DD/MM/RR HH24:MI:SS,FF'),10,12,156,132,14,2);
Insert into ACTIVITIES (DTYPE,ID,PRESTATION,REFERENCE,DESCRIPTION,STATUS,PRIORITY,VERSION,STARTDATE,UPDATEDATE,PUBLISHED,ENDDATE,TOTALESTIMATEDHOURS,TOTALWORKEDHOURS,MISSION_ID,FK_EMPLOYEE,FK_TASK,FK_PROFILE) values ('Intervention',471,'4000','T_4','Planning-budget','PENDING',null,0,to_timestamp('18/05/09 00:00:00,000000000','DD/MM/RR HH24:MI:SS,FF'),null,0,to_timestamp('18/05/09 00:00:00,000000000','DD/MM/RR HH24:MI:SS,FF'),10,12,156,130,14,4);
Insert into ACTIVITIES (DTYPE,ID,PRESTATION,REFERENCE,DESCRIPTION,STATUS,PRIORITY,VERSION,STARTDATE,UPDATEDATE,PUBLISHED,ENDDATE,TOTALESTIMATEDHOURS,TOTALWORKEDHOURS,MISSION_ID,FK_EMPLOYEE,FK_TASK,FK_PROFILE) values ('Intervention',472,'4000','T_1','Planning-budget','PENDING',null,0,to_timestamp('18/05/09 00:00:00,000000000','DD/MM/RR HH24:MI:SS,FF'),null,0,to_timestamp('18/05/09 00:00:00,000000000','DD/MM/RR HH24:MI:SS,FF'),10,12,157,131,14,3);
Insert into ACTIVITIES (DTYPE,ID,PRESTATION,REFERENCE,DESCRIPTION,STATUS,PRIORITY,VERSION,STARTDATE,UPDATEDATE,PUBLISHED,ENDDATE,TOTALESTIMATEDHOURS,TOTALWORKEDHOURS,MISSION_ID,FK_EMPLOYEE,FK_TASK,FK_PROFILE) values ('Intervention',473,'4000','T_2','Planning-budget','PENDING',null,0,to_timestamp('18/05/09 00:00:00,000000000','DD/MM/RR HH24:MI:SS,FF'),null,0,to_timestamp('18/05/09 00:00:00,000000000','DD/MM/RR HH24:MI:SS,FF'),10,12,157,133,14,1);
Insert into ACTIVITIES (DTYPE,ID,PRESTATION,REFERENCE,DESCRIPTION,STATUS,PRIORITY,VERSION,STARTDATE,UPDATEDATE,PUBLISHED,ENDDATE,TOTALESTIMATEDHOURS,TOTALWORKEDHOURS,MISSION_ID,FK_EMPLOYEE,FK_TASK,FK_PROFILE) values ('Intervention',474,'4000','T_3','Planning-budget','PENDING',null,0,to_timestamp('18/05/09 00:00:00,000000000','DD/MM/RR HH24:MI:SS,FF'),null,0,to_timestamp('18/05/09 00:00:00,000000000','DD/MM/RR HH24:MI:SS,FF'),10,12,157,132,14,2);
Insert into ACTIVITIES (DTYPE,ID,PRESTATION,REFERENCE,DESCRIPTION,STATUS,PRIORITY,VERSION,STARTDATE,UPDATEDATE,PUBLISHED,ENDDATE,TOTALESTIMATEDHOURS,TOTALWORKEDHOURS,MISSION_ID,FK_EMPLOYEE,FK_TASK,FK_PROFILE) values ('Intervention',475,'4000','T_4','Planning-budget','PENDING',null,0,to_timestamp('18/05/09 00:00:00,000000000','DD/MM/RR HH24:MI:SS,FF'),null,0,to_timestamp('18/05/09 00:00:00,000000000','DD/MM/RR HH24:MI:SS,FF'),10,12,157,130,14,4);
Insert into ACTIVITIES (DTYPE,ID,PRESTATION,REFERENCE,DESCRIPTION,STATUS,PRIORITY,VERSION,STARTDATE,UPDATEDATE,PUBLISHED,ENDDATE,TOTALESTIMATEDHOURS,TOTALWORKEDHOURS,MISSION_ID,FK_EMPLOYEE,FK_TASK,FK_PROFILE) values ('Intervention',476,'4000','T_1','Planning-budget','PENDING',null,0,to_timestamp('18/05/09 00:00:00,000000000','DD/MM/RR HH24:MI:SS,FF'),null,0,to_timestamp('18/05/09 00:00:00,000000000','DD/MM/RR HH24:MI:SS,FF'),10,12,158,131,14,3);
Insert into ACTIVITIES (DTYPE,ID,PRESTATION,REFERENCE,DESCRIPTION,STATUS,PRIORITY,VERSION,STARTDATE,UPDATEDATE,PUBLISHED,ENDDATE,TOTALESTIMATEDHOURS,TOTALWORKEDHOURS,MISSION_ID,FK_EMPLOYEE,FK_TASK,FK_PROFILE) values ('Intervention',477,'4000','T_2','Planning-budget','PENDING',null,0,to_timestamp('18/05/09 00:00:00,000000000','DD/MM/RR HH24:MI:SS,FF'),null,0,to_timestamp('18/05/09 00:00:00,000000000','DD/MM/RR HH24:MI:SS,FF'),10,12,158,133,14,1);
Insert into ACTIVITIES (DTYPE,ID,PRESTATION,REFERENCE,DESCRIPTION,STATUS,PRIORITY,VERSION,STARTDATE,UPDATEDATE,PUBLISHED,ENDDATE,TOTALESTIMATEDHOURS,TOTALWORKEDHOURS,MISSION_ID,FK_EMPLOYEE,FK_TASK,FK_PROFILE) values ('Intervention',478,'4000','T_3','Planning-budget','PENDING',null,0,to_timestamp('18/05/09 00:00:00,000000000','DD/MM/RR HH24:MI:SS,FF'),null,0,to_timestamp('18/05/09 00:00:00,000000000','DD/MM/RR HH24:MI:SS,FF'),10,12,158,132,14,2);
Insert into ACTIVITIES (DTYPE,ID,PRESTATION,REFERENCE,DESCRIPTION,STATUS,PRIORITY,VERSION,STARTDATE,UPDATEDATE,PUBLISHED,ENDDATE,TOTALESTIMATEDHOURS,TOTALWORKEDHOURS,MISSION_ID,FK_EMPLOYEE,FK_TASK,FK_PROFILE) values ('Intervention',479,'4000','T_4','Planning-budget','PENDING',null,0,to_timestamp('18/05/09 00:00:00,000000000','DD/MM/RR HH24:MI:SS,FF'),null,0,to_timestamp('18/05/09 00:00:00,000000000','DD/MM/RR HH24:MI:SS,FF'),10,12,158,130,14,4);
Insert into ACTIVITIES (DTYPE,ID,PRESTATION,REFERENCE,DESCRIPTION,STATUS,PRIORITY,VERSION,STARTDATE,UPDATEDATE,PUBLISHED,ENDDATE,TOTALESTIMATEDHOURS,TOTALWORKEDHOURS,MISSION_ID,FK_EMPLOYEE,FK_TASK,FK_PROFILE) values ('Intervention',480,'4000','T_1','Planning-budget','PENDING',null,0,to_timestamp('18/05/09 00:00:00,000000000','DD/MM/RR HH24:MI:SS,FF'),null,0,to_timestamp('18/05/09 00:00:00,000000000','DD/MM/RR HH24:MI:SS,FF'),10,12,159,131,14,3);
Insert into ACTIVITIES (DTYPE,ID,PRESTATION,REFERENCE,DESCRIPTION,STATUS,PRIORITY,VERSION,STARTDATE,UPDATEDATE,PUBLISHED,ENDDATE,TOTALESTIMATEDHOURS,TOTALWORKEDHOURS,MISSION_ID,FK_EMPLOYEE,FK_TASK,FK_PROFILE) values ('Intervention',481,'4000','T_2','Planning-budget','PENDING',null,0,to_timestamp('18/05/09 00:00:00,000000000','DD/MM/RR HH24:MI:SS,FF'),null,0,to_timestamp('18/05/09 00:00:00,000000000','DD/MM/RR HH24:MI:SS,FF'),10,12,159,133,14,1);
Insert into ACTIVITIES (DTYPE,ID,PRESTATION,REFERENCE,DESCRIPTION,STATUS,PRIORITY,VERSION,STARTDATE,UPDATEDATE,PUBLISHED,ENDDATE,TOTALESTIMATEDHOURS,TOTALWORKEDHOURS,MISSION_ID,FK_EMPLOYEE,FK_TASK,FK_PROFILE) values ('Intervention',482,'4000','T_3','Planning-budget','PENDING',null,0,to_timestamp('18/05/09 00:00:00,000000000','DD/MM/RR HH24:MI:SS,FF'),null,0,to_timestamp('18/05/09 00:00:00,000000000','DD/MM/RR HH24:MI:SS,FF'),10,12,159,132,14,2);
Insert into ACTIVITIES (DTYPE,ID,PRESTATION,REFERENCE,DESCRIPTION,STATUS,PRIORITY,VERSION,STARTDATE,UPDATEDATE,PUBLISHED,ENDDATE,TOTALESTIMATEDHOURS,TOTALWORKEDHOURS,MISSION_ID,FK_EMPLOYEE,FK_TASK,FK_PROFILE) values ('Intervention',483,'4000','T_4','Planning-budget','PENDING',null,0,to_timestamp('18/05/09 00:00:00,000000000','DD/MM/RR HH24:MI:SS,FF'),null,0,to_timestamp('18/05/09 00:00:00,000000000','DD/MM/RR HH24:MI:SS,FF'),10,12,159,130,14,4);
Insert into ACTIVITIES (DTYPE,ID,PRESTATION,REFERENCE,DESCRIPTION,STATUS,PRIORITY,VERSION,STARTDATE,UPDATEDATE,PUBLISHED,ENDDATE,TOTALESTIMATEDHOURS,TOTALWORKEDHOURS,MISSION_ID,FK_EMPLOYEE,FK_TASK,FK_PROFILE) values ('Intervention',484,'4000','T_1','Planning-budget','PENDING',null,0,to_timestamp('18/05/09 00:00:00,000000000','DD/MM/RR HH24:MI:SS,FF'),null,0,to_timestamp('18/05/09 00:00:00,000000000','DD/MM/RR HH24:MI:SS,FF'),10,12,160,131,14,3);
Insert into ACTIVITIES (DTYPE,ID,PRESTATION,REFERENCE,DESCRIPTION,STATUS,PRIORITY,VERSION,STARTDATE,UPDATEDATE,PUBLISHED,ENDDATE,TOTALESTIMATEDHOURS,TOTALWORKEDHOURS,MISSION_ID,FK_EMPLOYEE,FK_TASK,FK_PROFILE) values ('Intervention',485,'4000','T_2','Planning-budget','PENDING',null,0,to_timestamp('18/05/09 00:00:00,000000000','DD/MM/RR HH24:MI:SS,FF'),null,0,to_timestamp('18/05/09 00:00:00,000000000','DD/MM/RR HH24:MI:SS,FF'),10,12,160,133,14,1);
Insert into ACTIVITIES (DTYPE,ID,PRESTATION,REFERENCE,DESCRIPTION,STATUS,PRIORITY,VERSION,STARTDATE,UPDATEDATE,PUBLISHED,ENDDATE,TOTALESTIMATEDHOURS,TOTALWORKEDHOURS,MISSION_ID,FK_EMPLOYEE,FK_TASK,FK_PROFILE) values ('Intervention',486,'4000','T_3','Planning-budget','PENDING',null,0,to_timestamp('18/05/09 00:00:00,000000000','DD/MM/RR HH24:MI:SS,FF'),null,0,to_timestamp('18/05/09 00:00:00,000000000','DD/MM/RR HH24:MI:SS,FF'),10,12,160,132,14,2);
Insert into ACTIVITIES (DTYPE,ID,PRESTATION,REFERENCE,DESCRIPTION,STATUS,PRIORITY,VERSION,STARTDATE,UPDATEDATE,PUBLISHED,ENDDATE,TOTALESTIMATEDHOURS,TOTALWORKEDHOURS,MISSION_ID,FK_EMPLOYEE,FK_TASK,FK_PROFILE) values ('Intervention',487,'4000','T_4','Planning-budget','PENDING',null,0,to_timestamp('18/05/09 00:00:00,000000000','DD/MM/RR HH24:MI:SS,FF'),null,0,to_timestamp('18/05/09 00:00:00,000000000','DD/MM/RR HH24:MI:SS,FF'),10,12,160,130,14,4);
Insert into ACTIVITIES (DTYPE,ID,PRESTATION,REFERENCE,DESCRIPTION,STATUS,PRIORITY,VERSION,STARTDATE,UPDATEDATE,PUBLISHED,ENDDATE,TOTALESTIMATEDHOURS,TOTALWORKEDHOURS,MISSION_ID,FK_EMPLOYEE,FK_TASK,FK_PROFILE) values ('Intervention',488,'4000','T_1','Planning-budget','PENDING',null,0,to_timestamp('18/05/09 00:00:00,000000000','DD/MM/RR HH24:MI:SS,FF'),null,0,to_timestamp('18/05/09 00:00:00,000000000','DD/MM/RR HH24:MI:SS,FF'),10,12,161,131,14,3);
Insert into ACTIVITIES (DTYPE,ID,PRESTATION,REFERENCE,DESCRIPTION,STATUS,PRIORITY,VERSION,STARTDATE,UPDATEDATE,PUBLISHED,ENDDATE,TOTALESTIMATEDHOURS,TOTALWORKEDHOURS,MISSION_ID,FK_EMPLOYEE,FK_TASK,FK_PROFILE) values ('Intervention',489,'4000','T_2','Planning-budget','PENDING',null,0,to_timestamp('18/05/09 00:00:00,000000000','DD/MM/RR HH24:MI:SS,FF'),null,0,to_timestamp('18/05/09 00:00:00,000000000','DD/MM/RR HH24:MI:SS,FF'),10,12,161,133,14,1);
Insert into ACTIVITIES (DTYPE,ID,PRESTATION,REFERENCE,DESCRIPTION,STATUS,PRIORITY,VERSION,STARTDATE,UPDATEDATE,PUBLISHED,ENDDATE,TOTALESTIMATEDHOURS,TOTALWORKEDHOURS,MISSION_ID,FK_EMPLOYEE,FK_TASK,FK_PROFILE) values ('Intervention',490,'4000','T_3','Planning-budget','PENDING',null,0,to_timestamp('18/05/09 00:00:00,000000000','DD/MM/RR HH24:MI:SS,FF'),null,0,to_timestamp('18/05/09 00:00:00,000000000','DD/MM/RR HH24:MI:SS,FF'),10,12,161,132,14,2);
Insert into ACTIVITIES (DTYPE,ID,PRESTATION,REFERENCE,DESCRIPTION,STATUS,PRIORITY,VERSION,STARTDATE,UPDATEDATE,PUBLISHED,ENDDATE,TOTALESTIMATEDHOURS,TOTALWORKEDHOURS,MISSION_ID,FK_EMPLOYEE,FK_TASK,FK_PROFILE) values ('Intervention',491,'4000','T_4','Planning-budget','PENDING',null,0,to_timestamp('18/05/09 00:00:00,000000000','DD/MM/RR HH24:MI:SS,FF'),null,0,to_timestamp('18/05/09 00:00:00,000000000','DD/MM/RR HH24:MI:SS,FF'),10,12,161,130,14,4);
Insert into ACTIVITIES (DTYPE,ID,PRESTATION,REFERENCE,DESCRIPTION,STATUS,PRIORITY,VERSION,STARTDATE,UPDATEDATE,PUBLISHED,ENDDATE,TOTALESTIMATEDHOURS,TOTALWORKEDHOURS,MISSION_ID,FK_EMPLOYEE,FK_TASK,FK_PROFILE) values ('Intervention',492,'4000','T_1','Planning-budget','PENDING',null,0,to_timestamp('18/05/09 00:00:00,000000000','DD/MM/RR HH24:MI:SS,FF'),null,0,to_timestamp('18/05/09 00:00:00,000000000','DD/MM/RR HH24:MI:SS,FF'),10,12,162,131,14,3);
Insert into ACTIVITIES (DTYPE,ID,PRESTATION,REFERENCE,DESCRIPTION,STATUS,PRIORITY,VERSION,STARTDATE,UPDATEDATE,PUBLISHED,ENDDATE,TOTALESTIMATEDHOURS,TOTALWORKEDHOURS,MISSION_ID,FK_EMPLOYEE,FK_TASK,FK_PROFILE) values ('Intervention',493,'4000','T_2','Planning-budget','PENDING',null,0,to_timestamp('18/05/09 00:00:00,000000000','DD/MM/RR HH24:MI:SS,FF'),null,0,to_timestamp('18/05/09 00:00:00,000000000','DD/MM/RR HH24:MI:SS,FF'),10,12,162,133,14,1);
Insert into ACTIVITIES (DTYPE,ID,PRESTATION,REFERENCE,DESCRIPTION,STATUS,PRIORITY,VERSION,STARTDATE,UPDATEDATE,PUBLISHED,ENDDATE,TOTALESTIMATEDHOURS,TOTALWORKEDHOURS,MISSION_ID,FK_EMPLOYEE,FK_TASK,FK_PROFILE) values ('Intervention',494,'4000','T_3','Planning-budget','PENDING',null,0,to_timestamp('18/05/09 00:00:00,000000000','DD/MM/RR HH24:MI:SS,FF'),null,0,to_timestamp('18/05/09 00:00:00,000000000','DD/MM/RR HH24:MI:SS,FF'),10,12,162,132,14,2);
Insert into ACTIVITIES (DTYPE,ID,PRESTATION,REFERENCE,DESCRIPTION,STATUS,PRIORITY,VERSION,STARTDATE,UPDATEDATE,PUBLISHED,ENDDATE,TOTALESTIMATEDHOURS,TOTALWORKEDHOURS,MISSION_ID,FK_EMPLOYEE,FK_TASK,FK_PROFILE) values ('Intervention',495,'4000','T_4','Planning-budget','PENDING',null,0,to_timestamp('18/05/09 00:00:00,000000000','DD/MM/RR HH24:MI:SS,FF'),null,0,to_timestamp('18/05/09 00:00:00,000000000','DD/MM/RR HH24:MI:SS,FF'),10,12,162,130,14,4);
Insert into ACTIVITIES (DTYPE,ID,PRESTATION,REFERENCE,DESCRIPTION,STATUS,PRIORITY,VERSION,STARTDATE,UPDATEDATE,PUBLISHED,ENDDATE,TOTALESTIMATEDHOURS,TOTALWORKEDHOURS,MISSION_ID,FK_EMPLOYEE,FK_TASK,FK_PROFILE) values ('Intervention',496,'4000','T_1','Planning-budget','PENDING',null,0,to_timestamp('18/05/09 00:00:00,000000000','DD/MM/RR HH24:MI:SS,FF'),null,0,to_timestamp('18/05/09 00:00:00,000000000','DD/MM/RR HH24:MI:SS,FF'),10,12,163,131,14,3);
Insert into ACTIVITIES (DTYPE,ID,PRESTATION,REFERENCE,DESCRIPTION,STATUS,PRIORITY,VERSION,STARTDATE,UPDATEDATE,PUBLISHED,ENDDATE,TOTALESTIMATEDHOURS,TOTALWORKEDHOURS,MISSION_ID,FK_EMPLOYEE,FK_TASK,FK_PROFILE) values ('Intervention',497,'4000','T_2','Planning-budget','PENDING',null,0,to_timestamp('18/05/09 00:00:00,000000000','DD/MM/RR HH24:MI:SS,FF'),null,0,to_timestamp('18/05/09 00:00:00,000000000','DD/MM/RR HH24:MI:SS,FF'),10,12,163,133,14,1);
Insert into ACTIVITIES (DTYPE,ID,PRESTATION,REFERENCE,DESCRIPTION,STATUS,PRIORITY,VERSION,STARTDATE,UPDATEDATE,PUBLISHED,ENDDATE,TOTALESTIMATEDHOURS,TOTALWORKEDHOURS,MISSION_ID,FK_EMPLOYEE,FK_TASK,FK_PROFILE) values ('Intervention',498,'4000','T_3','Planning-budget','PENDING',null,0,to_timestamp('18/05/09 00:00:00,000000000','DD/MM/RR HH24:MI:SS,FF'),null,0,to_timestamp('18/05/09 00:00:00,000000000','DD/MM/RR HH24:MI:SS,FF'),10,12,163,132,14,2);
Insert into ACTIVITIES (DTYPE,ID,PRESTATION,REFERENCE,DESCRIPTION,STATUS,PRIORITY,VERSION,STARTDATE,UPDATEDATE,PUBLISHED,ENDDATE,TOTALESTIMATEDHOURS,TOTALWORKEDHOURS,MISSION_ID,FK_EMPLOYEE,FK_TASK,FK_PROFILE) values ('Intervention',499,'4000','T_4','Planning-budget','PENDING',null,0,to_timestamp('18/05/09 00:00:00,000000000','DD/MM/RR HH24:MI:SS,FF'),null,0,to_timestamp('18/05/09 00:00:00,000000000','DD/MM/RR HH24:MI:SS,FF'),10,12,163,130,14,4);
Insert into ACTIVITIES (DTYPE,ID,PRESTATION,REFERENCE,DESCRIPTION,STATUS,PRIORITY,VERSION,STARTDATE,UPDATEDATE,PUBLISHED,ENDDATE,TOTALESTIMATEDHOURS,TOTALWORKEDHOURS,MISSION_ID,FK_EMPLOYEE,FK_TASK,FK_PROFILE) values ('Intervention',500,'4000','T_1','Planning-budget','PENDING',null,0,to_timestamp('18/05/09 00:00:00,000000000','DD/MM/RR HH24:MI:SS,FF'),null,0,to_timestamp('18/05/09 00:00:00,000000000','DD/MM/RR HH24:MI:SS,FF'),10,12,164,131,14,3);
Insert into ACTIVITIES (DTYPE,ID,PRESTATION,REFERENCE,DESCRIPTION,STATUS,PRIORITY,VERSION,STARTDATE,UPDATEDATE,PUBLISHED,ENDDATE,TOTALESTIMATEDHOURS,TOTALWORKEDHOURS,MISSION_ID,FK_EMPLOYEE,FK_TASK,FK_PROFILE) values ('Intervention',501,'4000','T_2','Planning-budget','PENDING',null,0,to_timestamp('18/05/09 00:00:00,000000000','DD/MM/RR HH24:MI:SS,FF'),null,0,to_timestamp('18/05/09 00:00:00,000000000','DD/MM/RR HH24:MI:SS,FF'),10,12,164,133,14,1);
Insert into ACTIVITIES (DTYPE,ID,PRESTATION,REFERENCE,DESCRIPTION,STATUS,PRIORITY,VERSION,STARTDATE,UPDATEDATE,PUBLISHED,ENDDATE,TOTALESTIMATEDHOURS,TOTALWORKEDHOURS,MISSION_ID,FK_EMPLOYEE,FK_TASK,FK_PROFILE) values ('Intervention',502,'4000','T_3','Planning-budget','PENDING',null,0,to_timestamp('18/05/09 00:00:00,000000000','DD/MM/RR HH24:MI:SS,FF'),null,0,to_timestamp('18/05/09 00:00:00,000000000','DD/MM/RR HH24:MI:SS,FF'),10,12,164,132,14,2);
Insert into ACTIVITIES (DTYPE,ID,PRESTATION,REFERENCE,DESCRIPTION,STATUS,PRIORITY,VERSION,STARTDATE,UPDATEDATE,PUBLISHED,ENDDATE,TOTALESTIMATEDHOURS,TOTALWORKEDHOURS,MISSION_ID,FK_EMPLOYEE,FK_TASK,FK_PROFILE) values ('Intervention',503,'4000','T_4','Planning-budget','PENDING',null,0,to_timestamp('18/05/09 00:00:00,000000000','DD/MM/RR HH24:MI:SS,FF'),null,0,to_timestamp('18/05/09 00:00:00,000000000','DD/MM/RR HH24:MI:SS,FF'),10,12,164,130,14,4);
Insert into ACTIVITIES (DTYPE,ID,PRESTATION,REFERENCE,DESCRIPTION,STATUS,PRIORITY,VERSION,STARTDATE,UPDATEDATE,PUBLISHED,ENDDATE,TOTALESTIMATEDHOURS,TOTALWORKEDHOURS,MISSION_ID,FK_EMPLOYEE,FK_TASK,FK_PROFILE) values ('Intervention',504,'4000','T_1','Planning-budget','PENDING',null,0,to_timestamp('18/05/09 00:00:00,000000000','DD/MM/RR HH24:MI:SS,FF'),null,0,to_timestamp('18/05/09 00:00:00,000000000','DD/MM/RR HH24:MI:SS,FF'),10,12,165,131,14,3);
Insert into ACTIVITIES (DTYPE,ID,PRESTATION,REFERENCE,DESCRIPTION,STATUS,PRIORITY,VERSION,STARTDATE,UPDATEDATE,PUBLISHED,ENDDATE,TOTALESTIMATEDHOURS,TOTALWORKEDHOURS,MISSION_ID,FK_EMPLOYEE,FK_TASK,FK_PROFILE) values ('Intervention',505,'4000','T_2','Planning-budget','PENDING',null,0,to_timestamp('18/05/09 00:00:00,000000000','DD/MM/RR HH24:MI:SS,FF'),null,0,to_timestamp('18/05/09 00:00:00,000000000','DD/MM/RR HH24:MI:SS,FF'),10,12,165,133,14,1);
Insert into ACTIVITIES (DTYPE,ID,PRESTATION,REFERENCE,DESCRIPTION,STATUS,PRIORITY,VERSION,STARTDATE,UPDATEDATE,PUBLISHED,ENDDATE,TOTALESTIMATEDHOURS,TOTALWORKEDHOURS,MISSION_ID,FK_EMPLOYEE,FK_TASK,FK_PROFILE) values ('Intervention',506,'4000','T_3','Planning-budget','PENDING',null,0,to_timestamp('18/05/09 00:00:00,000000000','DD/MM/RR HH24:MI:SS,FF'),null,0,to_timestamp('18/05/09 00:00:00,000000000','DD/MM/RR HH24:MI:SS,FF'),10,12,165,132,14,2);
Insert into ACTIVITIES (DTYPE,ID,PRESTATION,REFERENCE,DESCRIPTION,STATUS,PRIORITY,VERSION,STARTDATE,UPDATEDATE,PUBLISHED,ENDDATE,TOTALESTIMATEDHOURS,TOTALWORKEDHOURS,MISSION_ID,FK_EMPLOYEE,FK_TASK,FK_PROFILE) values ('Intervention',507,'4000','T_4','Planning-budget','PENDING',null,0,to_timestamp('18/05/09 00:00:00,000000000','DD/MM/RR HH24:MI:SS,FF'),null,0,to_timestamp('18/05/09 00:00:00,000000000','DD/MM/RR HH24:MI:SS,FF'),10,12,165,130,14,4);
Insert into ACTIVITIES (DTYPE,ID,PRESTATION,REFERENCE,DESCRIPTION,STATUS,PRIORITY,VERSION,STARTDATE,UPDATEDATE,PUBLISHED,ENDDATE,TOTALESTIMATEDHOURS,TOTALWORKEDHOURS,MISSION_ID,FK_EMPLOYEE,FK_TASK,FK_PROFILE) values ('Intervention',508,'4000','T_1','Planning-budget','PENDING',null,0,to_timestamp('18/05/09 00:00:00,000000000','DD/MM/RR HH24:MI:SS,FF'),null,0,to_timestamp('18/05/09 00:00:00,000000000','DD/MM/RR HH24:MI:SS,FF'),10,12,166,131,14,3);
Insert into ACTIVITIES (DTYPE,ID,PRESTATION,REFERENCE,DESCRIPTION,STATUS,PRIORITY,VERSION,STARTDATE,UPDATEDATE,PUBLISHED,ENDDATE,TOTALESTIMATEDHOURS,TOTALWORKEDHOURS,MISSION_ID,FK_EMPLOYEE,FK_TASK,FK_PROFILE) values ('Intervention',509,'4000','T_2','Planning-budget','PENDING',null,0,to_timestamp('18/05/09 00:00:00,000000000','DD/MM/RR HH24:MI:SS,FF'),null,0,to_timestamp('18/05/09 00:00:00,000000000','DD/MM/RR HH24:MI:SS,FF'),10,12,166,133,14,1);
Insert into ACTIVITIES (DTYPE,ID,PRESTATION,REFERENCE,DESCRIPTION,STATUS,PRIORITY,VERSION,STARTDATE,UPDATEDATE,PUBLISHED,ENDDATE,TOTALESTIMATEDHOURS,TOTALWORKEDHOURS,MISSION_ID,FK_EMPLOYEE,FK_TASK,FK_PROFILE) values ('Intervention',510,'4000','T_3','Planning-budget','PENDING',null,0,to_timestamp('18/05/09 00:00:00,000000000','DD/MM/RR HH24:MI:SS,FF'),null,0,to_timestamp('18/05/09 00:00:00,000000000','DD/MM/RR HH24:MI:SS,FF'),10,12,166,132,14,2);
Insert into ACTIVITIES (DTYPE,ID,PRESTATION,REFERENCE,DESCRIPTION,STATUS,PRIORITY,VERSION,STARTDATE,UPDATEDATE,PUBLISHED,ENDDATE,TOTALESTIMATEDHOURS,TOTALWORKEDHOURS,MISSION_ID,FK_EMPLOYEE,FK_TASK,FK_PROFILE) values ('Intervention',511,'4000','T_4','Planning-budget','PENDING',null,0,to_timestamp('18/05/09 00:00:00,000000000','DD/MM/RR HH24:MI:SS,FF'),null,0,to_timestamp('18/05/09 00:00:00,000000000','DD/MM/RR HH24:MI:SS,FF'),10,12,166,130,14,4);
Insert into ACTIVITIES (DTYPE,ID,PRESTATION,REFERENCE,DESCRIPTION,STATUS,PRIORITY,VERSION,STARTDATE,UPDATEDATE,PUBLISHED,ENDDATE,TOTALESTIMATEDHOURS,TOTALWORKEDHOURS,MISSION_ID,FK_EMPLOYEE,FK_TASK,FK_PROFILE) values ('Intervention',512,'4000','T_1','Planning-budget','PENDING',null,0,to_timestamp('18/05/09 00:00:00,000000000','DD/MM/RR HH24:MI:SS,FF'),null,0,to_timestamp('18/05/09 00:00:00,000000000','DD/MM/RR HH24:MI:SS,FF'),10,12,167,131,14,3);
Insert into ACTIVITIES (DTYPE,ID,PRESTATION,REFERENCE,DESCRIPTION,STATUS,PRIORITY,VERSION,STARTDATE,UPDATEDATE,PUBLISHED,ENDDATE,TOTALESTIMATEDHOURS,TOTALWORKEDHOURS,MISSION_ID,FK_EMPLOYEE,FK_TASK,FK_PROFILE) values ('Intervention',513,'4000','T_2','Planning-budget','PENDING',null,0,to_timestamp('18/05/09 00:00:00,000000000','DD/MM/RR HH24:MI:SS,FF'),null,0,to_timestamp('18/05/09 00:00:00,000000000','DD/MM/RR HH24:MI:SS,FF'),10,12,167,133,14,1);
Insert into ACTIVITIES (DTYPE,ID,PRESTATION,REFERENCE,DESCRIPTION,STATUS,PRIORITY,VERSION,STARTDATE,UPDATEDATE,PUBLISHED,ENDDATE,TOTALESTIMATEDHOURS,TOTALWORKEDHOURS,MISSION_ID,FK_EMPLOYEE,FK_TASK,FK_PROFILE) values ('Intervention',514,'4000','T_3','Planning-budget','PENDING',null,0,to_timestamp('18/05/09 00:00:00,000000000','DD/MM/RR HH24:MI:SS,FF'),null,0,to_timestamp('18/05/09 00:00:00,000000000','DD/MM/RR HH24:MI:SS,FF'),10,12,167,132,14,2);
Insert into ACTIVITIES (DTYPE,ID,PRESTATION,REFERENCE,DESCRIPTION,STATUS,PRIORITY,VERSION,STARTDATE,UPDATEDATE,PUBLISHED,ENDDATE,TOTALESTIMATEDHOURS,TOTALWORKEDHOURS,MISSION_ID,FK_EMPLOYEE,FK_TASK,FK_PROFILE) values ('Intervention',515,'4000','T_4','Planning-budget','PENDING',null,0,to_timestamp('18/05/09 00:00:00,000000000','DD/MM/RR HH24:MI:SS,FF'),null,0,to_timestamp('18/05/09 00:00:00,000000000','DD/MM/RR HH24:MI:SS,FF'),10,12,167,130,14,4);

---------------------------------------------------
--   END DATA FOR TABLE ACTIVITIES
---------------------------------------------------

---------------------------------------------------
--   DATA FOR TABLE CONTRACTS
--   FILTER = none used
---------------------------------------------------
REM INSERTING into CONTRACTS
Insert into CONTRACTS (ID,REFERENCE,DESCRIPTION,FROMDATE,TODATE,VAL,CUR,VERSION,MISSIONTYPE,AGREED,FK_CUSTOMER,DURATION) values (66,'contract1','descripion contract',to_timestamp('18/05/09 10:25:20,000000000','DD/MM/RR HH24:MI:SS,FF'),to_timestamp('18/05/09 10:25:20,000000000','DD/MM/RR HH24:MI:SS,FF'),200000,'EURO',0,null,0,650,null);
Insert into CONTRACTS (ID,REFERENCE,DESCRIPTION,FROMDATE,TODATE,VAL,CUR,VERSION,MISSIONTYPE,AGREED,FK_CUSTOMER,DURATION) values (67,'contract1','descripion contract',to_timestamp('18/05/09 10:25:20,000000000','DD/MM/RR HH24:MI:SS,FF'),to_timestamp('18/05/09 10:25:20,000000000','DD/MM/RR HH24:MI:SS,FF'),300000,'EURO',0,null,0,651,null);
Insert into CONTRACTS (ID,REFERENCE,DESCRIPTION,FROMDATE,TODATE,VAL,CUR,VERSION,MISSIONTYPE,AGREED,FK_CUSTOMER,DURATION) values (68,'contract1','descripion contract',to_timestamp('18/05/09 10:25:20,000000000','DD/MM/RR HH24:MI:SS,FF'),to_timestamp('18/05/09 10:25:20,000000000','DD/MM/RR HH24:MI:SS,FF'),300000,'EURO',0,null,0,652,null);
Insert into CONTRACTS (ID,REFERENCE,DESCRIPTION,FROMDATE,TODATE,VAL,CUR,VERSION,MISSIONTYPE,AGREED,FK_CUSTOMER,DURATION) values (69,'contract1','descripion contract',to_timestamp('18/05/09 10:25:20,000000000','DD/MM/RR HH24:MI:SS,FF'),to_timestamp('18/05/09 10:25:20,000000000','DD/MM/RR HH24:MI:SS,FF'),300000,'EURO',0,null,0,653,null);
Insert into CONTRACTS (ID,REFERENCE,DESCRIPTION,FROMDATE,TODATE,VAL,CUR,VERSION,MISSIONTYPE,AGREED,FK_CUSTOMER,DURATION) values (70,'contract1','descripion contract',to_timestamp('18/05/09 10:25:20,000000000','DD/MM/RR HH24:MI:SS,FF'),to_timestamp('18/05/09 10:25:20,000000000','DD/MM/RR HH24:MI:SS,FF'),300000,'EURO',0,null,0,654,null);
Insert into CONTRACTS (ID,REFERENCE,DESCRIPTION,FROMDATE,TODATE,VAL,CUR,VERSION,MISSIONTYPE,AGREED,FK_CUSTOMER,DURATION) values (71,'contract1','descripion contract',to_timestamp('18/05/09 10:25:20,000000000','DD/MM/RR HH24:MI:SS,FF'),to_timestamp('18/05/09 10:25:20,000000000','DD/MM/RR HH24:MI:SS,FF'),300000,'EURO',0,null,0,655,null);

---------------------------------------------------
--   END DATA FOR TABLE CONTRACTS
---------------------------------------------------

---------------------------------------------------
--   DATA FOR TABLE TIMESHEET_CELLS
--   FILTER = none used
---------------------------------------------------
REM INSERTING into TIMESHEET_CELLS

---------------------------------------------------
--   END DATA FOR TABLE TIMESHEET_CELLS
---------------------------------------------------

---------------------------------------------------
--   DATA FOR TABLE WORKDONE_PER_DAY
--   FILTER = none used
---------------------------------------------------
REM INSERTING into WORKDONE_PER_DAY

---------------------------------------------------
--   END DATA FOR TABLE WORKDONE_PER_DAY
---------------------------------------------------

---------------------------------------------------
--   DATA FOR TABLE MISSION_COSTS
--   FILTER = none used
---------------------------------------------------
REM INSERTING into MISSION_COSTS

---------------------------------------------------
--   END DATA FOR TABLE MISSION_COSTS
---------------------------------------------------

---------------------------------------------------
--   DATA FOR TABLE TASKS
--   FILTER = none used
---------------------------------------------------
REM INSERTING into TASKS
Insert into TASKS (ID,NAME,DESCRIPTION,CODEPRESTATION,CHARGEABLE,VERSION) values (14,'Planning-budget','Planning-budget','4000',1,0);
Insert into TASKS (ID,NAME,DESCRIPTION,CODEPRESTATION,CHARGEABLE,VERSION) values (15,'Preparation des confirmations','banques , avocats, cadastre','4001',1,0);
Insert into TASKS (ID,NAME,DESCRIPTION,CODEPRESTATION,CHARGEABLE,VERSION) values (16,'Preparation lancement du dossier (DA,LS)','Preparation lancement du dossier (DA,LS)','4002',1,0);
Insert into TASKS (ID,NAME,DESCRIPTION,CODEPRESTATION,CHARGEABLE,VERSION) values (17,'Dossier administratif','Dossier administratif','4003',1,0);
Insert into TASKS (ID,NAME,DESCRIPTION,CODEPRESTATION,CHARGEABLE,VERSION) values (18,'Compte annuels','controle: report,sommes pointage B/G','4004',1,0);
Insert into TASKS (ID,NAME,DESCRIPTION,CODEPRESTATION,CHARGEABLE,VERSION) values (19,'Prise de connaissance du dossier - repartition du travail','Prise de connaissance du dossier - repartition du travail','4005',1,0);
Insert into TASKS (ID,NAME,DESCRIPTION,CODEPRESTATION,CHARGEABLE,VERSION) values (20,'Suivi du dossier chez le client/Supervision','Suivi du dossier chez le client/Supervision','4006',1,0);
Insert into TASKS (ID,NAME,DESCRIPTION,CODEPRESTATION,CHARGEABLE,VERSION) values (21,'Frais d''tablissement','Frais d''tablissement','4007',1,0);
Insert into TASKS (ID,NAME,DESCRIPTION,CODEPRESTATION,CHARGEABLE,VERSION) values (22,'Immobilisations incorporelles','Immobilisations incorporelles','4008',1,0);
Insert into TASKS (ID,NAME,DESCRIPTION,CODEPRESTATION,CHARGEABLE,VERSION) values (23,'Immobilisations corporelles','Immobilisations corporelles','4009',1,0);
Insert into TASKS (ID,NAME,DESCRIPTION,CODEPRESTATION,CHARGEABLE,VERSION) values (24,'Immobilisations financieres','Immobilisations financieres','4010',1,0);
Insert into TASKS (ID,NAME,DESCRIPTION,CODEPRESTATION,CHARGEABLE,VERSION) values (25,'Stock-Inventaire physique','Stock-Inventaire physique','4011',1,0);
Insert into TASKS (ID,NAME,DESCRIPTION,CODEPRESTATION,CHARGEABLE,VERSION) values (26,'Stock-Audit de la section','Stock-Audit de la section','4012',1,0);
Insert into TASKS (ID,NAME,DESCRIPTION,CODEPRESTATION,CHARGEABLE,VERSION) values (27,'Client-Preparation et suivi de la circularisation','Client-Preparation et suivi de la circularisation','4013',1,0);
Insert into TASKS (ID,NAME,DESCRIPTION,CODEPRESTATION,CHARGEABLE,VERSION) values (28,'Client-Audit de la section','Client-Audit de la section','4014',1,0);
Insert into TASKS (ID,NAME,DESCRIPTION,CODEPRESTATION,CHARGEABLE,VERSION) values (29,'Creances sur des entreprises liees','Creances sur des entreprises liees','4015',1,0);
Insert into TASKS (ID,NAME,DESCRIPTION,CODEPRESTATION,CHARGEABLE,VERSION) values (30,'Autres creances','Autres creances','4016',1,0);
Insert into TASKS (ID,NAME,DESCRIPTION,CODEPRESTATION,CHARGEABLE,VERSION) values (31,'Valeurs mobilieres','Valeurs mobilieres','4017',1,0);
Insert into TASKS (ID,NAME,DESCRIPTION,CODEPRESTATION,CHARGEABLE,VERSION) values (32,'Avoirs en banques et encaisses','Avoirs en banques et encaisses','4018',1,0);
Insert into TASKS (ID,NAME,DESCRIPTION,CODEPRESTATION,CHARGEABLE,VERSION) values (33,'Compte de regularisation actif','Compte de regularisation actif','4019',1,0);
Insert into TASKS (ID,NAME,DESCRIPTION,CODEPRESTATION,CHARGEABLE,VERSION) values (34,'Capitaux propres','Capitaux propres','4020',1,0);
Insert into TASKS (ID,NAME,DESCRIPTION,CODEPRESTATION,CHARGEABLE,VERSION) values (35,'Provisions pour risques et charges','Provisions pour risques et charges','4021',1,0);
Insert into TASKS (ID,NAME,DESCRIPTION,CODEPRESTATION,CHARGEABLE,VERSION) values (36,'Dettes envers ets de credit','Dettes envers ets de credit','4022',1,0);
Insert into TASKS (ID,NAME,DESCRIPTION,CODEPRESTATION,CHARGEABLE,VERSION) values (37,'Fournisseurs-preparation et suivi de la circularisation','Fournisseurs-preparation et suivi de la circularisation','4023',1,0);
Insert into TASKS (ID,NAME,DESCRIPTION,CODEPRESTATION,CHARGEABLE,VERSION) values (38,'Fournisseurs-audit de la section','Fournisseurs-audit de la section','4024',1,0);
Insert into TASKS (ID,NAME,DESCRIPTION,CODEPRESTATION,CHARGEABLE,VERSION) values (39,'Dettes sur des entreprises liees','Dettes sur des entreprises liees','4025',1,0);
Insert into TASKS (ID,NAME,DESCRIPTION,CODEPRESTATION,CHARGEABLE,VERSION) values (40,'Autres dettes','Autres dettes','4026',1,0);
Insert into TASKS (ID,NAME,DESCRIPTION,CODEPRESTATION,CHARGEABLE,VERSION) values (41,'Compte de regularisation passif','Compte de regularisation passif','4027',1,0);
Insert into TASKS (ID,NAME,DESCRIPTION,CODEPRESTATION,CHARGEABLE,VERSION) values (42,'Compte de pertes et profits','Compte de pertes et profits','4028',1,0);
Insert into TASKS (ID,NAME,DESCRIPTION,CODEPRESTATION,CHARGEABLE,VERSION) values (43,'Compte de pertes et profits-Resultats brut','Compte de pertes et profits-Resultats brut','4029',1,0);
Insert into TASKS (ID,NAME,DESCRIPTION,CODEPRESTATION,CHARGEABLE,VERSION) values (44,'Compte de pertes et profits-Frais de personnel','Compte de pertes et profits-Frais de personnel','4030',1,0);
Insert into TASKS (ID,NAME,DESCRIPTION,CODEPRESTATION,CHARGEABLE,VERSION) values (45,'Compte de pertes et profits-Autres charges dxploitation','Compte de pertes et profits-Autres charges dxploitation','4031',1,0);
Insert into TASKS (ID,NAME,DESCRIPTION,CODEPRESTATION,CHARGEABLE,VERSION) values (46,'Compte de pertes et profits-Produits provenant de participations','Compte de pertes et profits-Produits provenant de participations','4032',1,0);
Insert into TASKS (ID,NAME,DESCRIPTION,CODEPRESTATION,CHARGEABLE,VERSION) values (47,'Compte de pertes et profits-Resultat financier','Compte de pertes et profits-Resultat financier','4033',1,0);
Insert into TASKS (ID,NAME,DESCRIPTION,CODEPRESTATION,CHARGEABLE,VERSION) values (48,'Compte de pertes et profits-Resultat exceptionel','Compte de pertes et profits-Resultat exceptionel','4034',1,0);
Insert into TASKS (ID,NAME,DESCRIPTION,CODEPRESTATION,CHARGEABLE,VERSION) values (49,'Compte de pertes et profits-Impots','Compte de pertes et profits-Impots','4035',1,0);
Insert into TASKS (ID,NAME,DESCRIPTION,CODEPRESTATION,CHARGEABLE,VERSION) values (50,'Engagements hors bilan','Engagements hors bilan','4036',1,0);
Insert into TASKS (ID,NAME,DESCRIPTION,CODEPRESTATION,CHARGEABLE,VERSION) values (51,'Review','Review','4037',1,0);
Insert into TASKS (ID,NAME,DESCRIPTION,CODEPRESTATION,CHARGEABLE,VERSION) values (52,'Copie de controle','Copie de controle','4038',1,0);
Insert into TASKS (ID,NAME,DESCRIPTION,CODEPRESTATION,CHARGEABLE,VERSION) values (53,'Travail specifique ','Travail specifique','4039',1,0);
Insert into TASKS (ID,NAME,DESCRIPTION,CODEPRESTATION,CHARGEABLE,VERSION) values (54,'Relation client ','Relation client','4040',1,0);
Insert into TASKS (ID,NAME,DESCRIPTION,CODEPRESTATION,CHARGEABLE,VERSION) values (55,'Datev','Datev','4041',0,0);
Insert into TASKS (ID,NAME,DESCRIPTION,CODEPRESTATION,CHARGEABLE,VERSION) values (56,'Organisation/Administration','Planning, organisation travail, releves conges/TS, evaluation','4042',0,0);
Insert into TASKS (ID,NAME,DESCRIPTION,CODEPRESTATION,CHARGEABLE,VERSION) values (57,'Formation ','IRE/KLUWER/KPMG Tax','4043',0,0);
Insert into TASKS (ID,NAME,DESCRIPTION,CODEPRESTATION,CHARGEABLE,VERSION) values (58,'Litterature/Formation interne ','Litterature/Formation interne sur dossier','4044',0,0);
Insert into TASKS (ID,NAME,DESCRIPTION,CODEPRESTATION,CHARGEABLE,VERSION) values (59,'Divers','Reunion, secretariat, verre, repas client, informatique, ctl Q','4045',0,0);
Insert into TASKS (ID,NAME,DESCRIPTION,CODEPRESTATION,CHARGEABLE,VERSION) values (60,'Conge legal','Conge legal','4046',0,0);
Insert into TASKS (ID,NAME,DESCRIPTION,CODEPRESTATION,CHARGEABLE,VERSION) values (61,'Ferie','Ferie','4047',0,0);
Insert into TASKS (ID,NAME,DESCRIPTION,CODEPRESTATION,CHARGEABLE,VERSION) values (62,'Formation dispense en interne a collegues','Formation dispense en interne a collegues','4048',0,0);
Insert into TASKS (ID,NAME,DESCRIPTION,CODEPRESTATION,CHARGEABLE,VERSION) values (63,'Divers 2 ','decompte client, facturation, offre niveau client IRL, suivi MPI','4049',0,0);
Insert into TASKS (ID,NAME,DESCRIPTION,CODEPRESTATION,CHARGEABLE,VERSION) values (64,'Maladie /medecin ','Maladie /medecin','4050',0,0);

---------------------------------------------------
--   END DATA FOR TABLE TASKS
---------------------------------------------------

---------------------------------------------------
--   DATA FOR TABLE EMPLOYEES
--   FILTER = none used
---------------------------------------------------
REM INSERTING into EMPLOYEES
Insert into EMPLOYEES (ID,VERSION,USERNAME,FIRSTNAME,LASTNAME,JOBTITLE,COUNTRY,PHONE,MOBILE,PERSONALPHONE,PERSONALMOBILE,EMAIL,WEBADDRESS,PHOTO,CODE,ACTIVE,PASSWORD,LOGIN,UPDATEUSER,DATE_OF_BIRTH,CREATEDATE,MODIFIEDDATE,ADDRESS,PRIXVENTE,PRIXREVIENT,COUTHORAIRE,FK_POSITION) values (130,0,'Vero','Veronique','Blocail',null,null,'47.68.46.853',null,null,null,'veronique.blocail@interaudit.lu',null,null,'VB',1,'veronique12','blocabe',null,null,to_timestamp('18/05/09 10:21:19,000000000','DD/MM/RR HH24:MI:SS,FF'),null,null,0,0,0,4);
Insert into EMPLOYEES (ID,VERSION,USERNAME,FIRSTNAME,LASTNAME,JOBTITLE,COUNTRY,PHONE,MOBILE,PERSONALPHONE,PERSONALMOBILE,EMAIL,WEBADDRESS,PHOTO,CODE,ACTIVE,PASSWORD,LOGIN,UPDATEUSER,DATE_OF_BIRTH,CREATEDATE,MODIFIEDDATE,ADDRESS,PRIXVENTE,PRIXREVIENT,COUTHORAIRE,FK_POSITION) values (131,0,'BeBe','Bernard','Blocail',null,null,'47.68.46.852',null,null,null,'bernard.blocail@interaudit.lu',null,null,'BB',1,'bernard12','blocabe1',null,null,to_timestamp('18/05/09 10:21:19,000000000','DD/MM/RR HH24:MI:SS,FF'),null,null,0,0,0,3);
Insert into EMPLOYEES (ID,VERSION,USERNAME,FIRSTNAME,LASTNAME,JOBTITLE,COUNTRY,PHONE,MOBILE,PERSONALPHONE,PERSONALMOBILE,EMAIL,WEBADDRESS,PHOTO,CODE,ACTIVE,PASSWORD,LOGIN,UPDATEUSER,DATE_OF_BIRTH,CREATEDATE,MODIFIEDDATE,ADDRESS,PRIXVENTE,PRIXREVIENT,COUTHORAIRE,FK_POSITION) values (132,2,'MoMo','Morine','Blocail',null,'LU','47.68.46.851',null,null,null,'morine.blocail@interaudit.lu',null,null,'MB',1,'morine12','blocabe2',null,to_timestamp('01/09/09 00:00:00,000000000','DD/MM/RR HH24:MI:SS,FF'),to_timestamp('18/05/09 10:21:19,000000000','DD/MM/RR HH24:MI:SS,FF'),null,'_',0,0,0,2);
Insert into EMPLOYEES (ID,VERSION,USERNAME,FIRSTNAME,LASTNAME,JOBTITLE,COUNTRY,PHONE,MOBILE,PERSONALPHONE,PERSONALMOBILE,EMAIL,WEBADDRESS,PHOTO,CODE,ACTIVE,PASSWORD,LOGIN,UPDATEUSER,DATE_OF_BIRTH,CREATEDATE,MODIFIEDDATE,ADDRESS,PRIXVENTE,PRIXREVIENT,COUTHORAIRE,FK_POSITION) values (133,0,'LuLu','Lucille','Blocail',null,null,'47.68.46.850',null,null,null,'lucille.blocail@interaudit.lu',null,null,'LB',1,'lucille12','blocabe3',null,null,to_timestamp('18/05/09 10:21:19,000000000','DD/MM/RR HH24:MI:SS,FF'),null,null,0,0,0,1);

---------------------------------------------------
--   END DATA FOR TABLE EMPLOYEES
---------------------------------------------------

---------------------------------------------------
--   DATA FOR TABLE DOCS_MISSIONS
--   FILTER = none used
---------------------------------------------------
REM INSERTING into DOCS_MISSIONS

---------------------------------------------------
--   END DATA FOR TABLE DOCS_MISSIONS
---------------------------------------------------

---------------------------------------------------
--   DATA FOR TABLE DECLARATIONS
--   FILTER = none used
---------------------------------------------------
REM INSERTING into DECLARATIONS
Insert into DECLARATIONS (ID,EXERCISE,CUSTOMER,REQUESTDATE,RECEIPTDATE,VALIDITYDATE,DECLARATION,PASSPORT,ACTIVE) values (1,'1998','LUXLAIT SA',to_timestamp('14/10/09 00:00:00,000000000','DD/MM/RR HH24:MI:SS,FF'),to_timestamp('01/10/09 00:00:00,000000000','DD/MM/RR HH24:MI:SS,FF'),to_timestamp('15/10/09 00:00:00,000000000','DD/MM/RR HH24:MI:SS,FF'),0,0,0);

---------------------------------------------------
--   END DATA FOR TABLE DECLARATIONS
---------------------------------------------------

---------------------------------------------------
--   DATA FOR TABLE MESSAGE
--   FILTER = none used
---------------------------------------------------
REM INSERTING into MESSAGE

---------------------------------------------------
--   END DATA FOR TABLE MESSAGE
---------------------------------------------------

---------------------------------------------------
--   DATA FOR TABLE TIMESHEET_ROWS
--   FILTER = none used
---------------------------------------------------
REM INSERTING into TIMESHEET_ROWS

---------------------------------------------------
--   END DATA FOR TABLE TIMESHEET_ROWS
---------------------------------------------------

---------------------------------------------------
--   DATA FOR TABLE CUSTOMERS
--   FILTER = none used
---------------------------------------------------
REM INSERTING into CUSTOMERS
Insert into CUSTOMERS (ID,WEB_ADDRESS,ACTIVE,COUNTRY,MAINADDRESS,MAINBILLINGADDRESS,ACTIVITY,CREATEDATE,UPDATEDATE,UPDATEDUSER,COMPY_NAME,FAX,PHONE,MOBILE,P_PHONE,P_MOBILE,EMAIL,CODE,VERSION,FK_ORIGIN,FK_MANAGER,FK_ASSOCIE) values (650,null,1,null,null,null,'Fournisseur de sable',to_timestamp('18/05/09 00:00:00,000000000','DD/MM/RR HH24:MI:SS,FF'),to_timestamp('18/05/09 00:00:00,000000000','DD/MM/RR HH24:MI:SS,FF'),null,'SABLIERE HEIN SA',null,'20.45.96.369',null,null,null,'a.marx@sabliere.lu','10388',1,1,133,130);
Insert into CUSTOMERS (ID,WEB_ADDRESS,ACTIVE,COUNTRY,MAINADDRESS,MAINBILLINGADDRESS,ACTIVITY,CREATEDATE,UPDATEDATE,UPDATEDUSER,COMPY_NAME,FAX,PHONE,MOBILE,P_PHONE,P_MOBILE,EMAIL,CODE,VERSION,FK_ORIGIN,FK_MANAGER,FK_ASSOCIE) values (651,null,1,null,null,null,'Fournisseur de sable',to_timestamp('18/05/09 00:00:00,000000000','DD/MM/RR HH24:MI:SS,FF'),to_timestamp('18/05/09 00:00:00,000000000','DD/MM/RR HH24:MI:SS,FF'),null,'DIMPEX SA',null,'20.45.96.369',null,null,null,'a.marx@sabliere.lu','82633',1,2,133,130);
Insert into CUSTOMERS (ID,WEB_ADDRESS,ACTIVE,COUNTRY,MAINADDRESS,MAINBILLINGADDRESS,ACTIVITY,CREATEDATE,UPDATEDATE,UPDATEDUSER,COMPY_NAME,FAX,PHONE,MOBILE,P_PHONE,P_MOBILE,EMAIL,CODE,VERSION,FK_ORIGIN,FK_MANAGER,FK_ASSOCIE) values (652,null,1,null,null,null,'Fournisseur de sable',to_timestamp('18/05/09 00:00:00,000000000','DD/MM/RR HH24:MI:SS,FF'),to_timestamp('18/05/09 00:00:00,000000000','DD/MM/RR HH24:MI:SS,FF'),null,'GULF OIL INTERNATIONAL LTD',null,'20.45.96.369',null,null,null,'a.marx@sabliere.lu','11261',1,3,133,130);
Insert into CUSTOMERS (ID,WEB_ADDRESS,ACTIVE,COUNTRY,MAINADDRESS,MAINBILLINGADDRESS,ACTIVITY,CREATEDATE,UPDATEDATE,UPDATEDUSER,COMPY_NAME,FAX,PHONE,MOBILE,P_PHONE,P_MOBILE,EMAIL,CODE,VERSION,FK_ORIGIN,FK_MANAGER,FK_ASSOCIE) values (653,null,1,null,null,null,'Fournisseur de sable',to_timestamp('18/05/09 00:00:00,000000000','DD/MM/RR HH24:MI:SS,FF'),to_timestamp('18/05/09 00:00:00,000000000','DD/MM/RR HH24:MI:SS,FF'),null,'BORG LUXEMBOURG SA',null,'20.45.96.369',null,null,null,'a.marx@sabliere.lu','16000',1,4,133,130);
Insert into CUSTOMERS (ID,WEB_ADDRESS,ACTIVE,COUNTRY,MAINADDRESS,MAINBILLINGADDRESS,ACTIVITY,CREATEDATE,UPDATEDATE,UPDATEDUSER,COMPY_NAME,FAX,PHONE,MOBILE,P_PHONE,P_MOBILE,EMAIL,CODE,VERSION,FK_ORIGIN,FK_MANAGER,FK_ASSOCIE) values (654,null,1,null,null,null,'Fournisseur de sable',to_timestamp('18/05/09 00:00:00,000000000','DD/MM/RR HH24:MI:SS,FF'),to_timestamp('18/05/09 00:00:00,000000000','DD/MM/RR HH24:MI:SS,FF'),null,'GAMET INVESTMENT SA',null,'20.45.96.369',null,null,null,'a.marx@sabliere.lu','12084',1,5,133,130);
Insert into CUSTOMERS (ID,WEB_ADDRESS,ACTIVE,COUNTRY,MAINADDRESS,MAINBILLINGADDRESS,ACTIVITY,CREATEDATE,UPDATEDATE,UPDATEDUSER,COMPY_NAME,FAX,PHONE,MOBILE,P_PHONE,P_MOBILE,EMAIL,CODE,VERSION,FK_ORIGIN,FK_MANAGER,FK_ASSOCIE) values (655,null,1,null,null,null,'Fournisseur de sable',to_timestamp('18/05/09 00:00:00,000000000','DD/MM/RR HH24:MI:SS,FF'),to_timestamp('18/05/09 00:00:00,000000000','DD/MM/RR HH24:MI:SS,FF'),null,'LUXLAIT SA',null,'20.45.96.369',null,null,null,'a.marx@sabliere.lu','12085',1,6,133,130);

---------------------------------------------------
--   END DATA FOR TABLE CUSTOMERS
---------------------------------------------------

---------------------------------------------------
--   DATA FOR TABLE INVOICES
--   FILTER = none used
---------------------------------------------------
REM INSERTING into INVOICES

---------------------------------------------------
--   END DATA FOR TABLE INVOICES
---------------------------------------------------

---------------------------------------------------
--   DATA FOR TABLE TIMESHEETS
--   FILTER = none used
---------------------------------------------------
REM INSERTING into TIMESHEETS

---------------------------------------------------
--   END DATA FOR TABLE TIMESHEETS
---------------------------------------------------

---------------------------------------------------
--   DATA FOR TABLE DOCS_INVOICES
--   FILTER = none used
---------------------------------------------------
REM INSERTING into DOCS_INVOICES

---------------------------------------------------
--   END DATA FOR TABLE DOCS_INVOICES
---------------------------------------------------

---------------------------------------------------
--   DATA FOR TABLE BANKS
--   FILTER = none used
---------------------------------------------------
REM INSERTING into BANKS
Insert into BANKS (ID,NAME,CODE,ACCOUNT,CONTACTPERSON,CONTACTPERSONEMAIL,CONTACTPERSONPHONE,CONTACTPERSONFAX,ACTIVE) values (1,'Societe generale','SG','Lu4578963210','Blocail','bernard.blocail@wanadoo.fr','+3697854120',null,1);

---------------------------------------------------
--   END DATA FOR TABLE BANKS
---------------------------------------------------

---------------------------------------------------
--   DATA FOR TABLE INVOICE_REMINDS
--   FILTER = none used
---------------------------------------------------
REM INSERTING into INVOICE_REMINDS

---------------------------------------------------
--   END DATA FOR TABLE INVOICE_REMINDS
---------------------------------------------------

---------------------------------------------------
--   DATA FOR TABLE EXERCISES
--   FILTER = none used
---------------------------------------------------
REM INSERTING into EXERCISES
Insert into EXERCISES (ID,VERSION,YEAR,STATUS,STARTDATE,ENDDATE,ISAPPPROVED,TOT_EXP_AMOUNT,TOT_REP_AMOUNT,TOT_REAL_AMOUNT,INFLATIONPERCENTAGE) values (72,0,1998,'PENDING',to_timestamp('04/10/09 06:28:47,000000000','DD/MM/RR HH24:MI:SS,FF'),to_timestamp('04/10/09 06:28:58,000000000','DD/MM/RR HH24:MI:SS,FF'),0,0,0,0,1);
Insert into EXERCISES (ID,VERSION,YEAR,STATUS,STARTDATE,ENDDATE,ISAPPPROVED,TOT_EXP_AMOUNT,TOT_REP_AMOUNT,TOT_REAL_AMOUNT,INFLATIONPERCENTAGE) values (79,0,1999,'PENDING',to_timestamp('04/10/09 06:28:47,000000000','DD/MM/RR HH24:MI:SS,FF'),to_timestamp('04/10/09 06:28:58,000000000','DD/MM/RR HH24:MI:SS,FF'),0,0,0,0,1);
Insert into EXERCISES (ID,VERSION,YEAR,STATUS,STARTDATE,ENDDATE,ISAPPPROVED,TOT_EXP_AMOUNT,TOT_REP_AMOUNT,TOT_REAL_AMOUNT,INFLATIONPERCENTAGE) values (86,0,2000,'PENDING',to_timestamp('04/10/09 06:28:47,000000000','DD/MM/RR HH24:MI:SS,FF'),to_timestamp('04/10/09 06:28:58,000000000','DD/MM/RR HH24:MI:SS,FF'),0,0,0,0,1);
Insert into EXERCISES (ID,VERSION,YEAR,STATUS,STARTDATE,ENDDATE,ISAPPPROVED,TOT_EXP_AMOUNT,TOT_REP_AMOUNT,TOT_REAL_AMOUNT,INFLATIONPERCENTAGE) values (93,0,2001,'PENDING',to_timestamp('04/10/09 06:28:47,000000000','DD/MM/RR HH24:MI:SS,FF'),to_timestamp('04/10/09 06:28:58,000000000','DD/MM/RR HH24:MI:SS,FF'),0,0,0,0,1);
Insert into EXERCISES (ID,VERSION,YEAR,STATUS,STARTDATE,ENDDATE,ISAPPPROVED,TOT_EXP_AMOUNT,TOT_REP_AMOUNT,TOT_REAL_AMOUNT,INFLATIONPERCENTAGE) values (100,0,2002,'PENDING',to_timestamp('04/10/09 06:28:47,000000000','DD/MM/RR HH24:MI:SS,FF'),to_timestamp('04/10/09 06:28:58,000000000','DD/MM/RR HH24:MI:SS,FF'),0,0,0,0,1);
Insert into EXERCISES (ID,VERSION,YEAR,STATUS,STARTDATE,ENDDATE,ISAPPPROVED,TOT_EXP_AMOUNT,TOT_REP_AMOUNT,TOT_REAL_AMOUNT,INFLATIONPERCENTAGE) values (107,0,2003,'PENDING',to_timestamp('04/10/09 06:28:47,000000000','DD/MM/RR HH24:MI:SS,FF'),to_timestamp('04/10/09 06:28:58,000000000','DD/MM/RR HH24:MI:SS,FF'),0,0,0,0,1);
Insert into EXERCISES (ID,VERSION,YEAR,STATUS,STARTDATE,ENDDATE,ISAPPPROVED,TOT_EXP_AMOUNT,TOT_REP_AMOUNT,TOT_REAL_AMOUNT,INFLATIONPERCENTAGE) values (114,0,2004,'PENDING',to_timestamp('04/10/09 06:28:47,000000000','DD/MM/RR HH24:MI:SS,FF'),to_timestamp('04/10/09 06:28:58,000000000','DD/MM/RR HH24:MI:SS,FF'),0,0,0,0,1);
Insert into EXERCISES (ID,VERSION,YEAR,STATUS,STARTDATE,ENDDATE,ISAPPPROVED,TOT_EXP_AMOUNT,TOT_REP_AMOUNT,TOT_REAL_AMOUNT,INFLATIONPERCENTAGE) values (121,0,2005,'PENDING',to_timestamp('04/10/09 06:28:47,000000000','DD/MM/RR HH24:MI:SS,FF'),to_timestamp('04/10/09 06:28:58,000000000','DD/MM/RR HH24:MI:SS,FF'),0,0,0,0,1);
Insert into EXERCISES (ID,VERSION,YEAR,STATUS,STARTDATE,ENDDATE,ISAPPPROVED,TOT_EXP_AMOUNT,TOT_REP_AMOUNT,TOT_REAL_AMOUNT,INFLATIONPERCENTAGE) values (128,0,2006,'PENDING',to_timestamp('04/10/09 06:28:47,000000000','DD/MM/RR HH24:MI:SS,FF'),to_timestamp('04/10/09 06:28:58,000000000','DD/MM/RR HH24:MI:SS,FF'),0,0,0,0,1);
Insert into EXERCISES (ID,VERSION,YEAR,STATUS,STARTDATE,ENDDATE,ISAPPPROVED,TOT_EXP_AMOUNT,TOT_REP_AMOUNT,TOT_REAL_AMOUNT,INFLATIONPERCENTAGE) values (135,0,2007,'PENDING',to_timestamp('04/10/09 06:28:47,000000000','DD/MM/RR HH24:MI:SS,FF'),to_timestamp('04/10/09 06:28:58,000000000','DD/MM/RR HH24:MI:SS,FF'),0,0,0,0,1);
Insert into EXERCISES (ID,VERSION,YEAR,STATUS,STARTDATE,ENDDATE,ISAPPPROVED,TOT_EXP_AMOUNT,TOT_REP_AMOUNT,TOT_REAL_AMOUNT,INFLATIONPERCENTAGE) values (142,0,2008,'PENDING',to_timestamp('04/10/09 06:28:47,000000000','DD/MM/RR HH24:MI:SS,FF'),to_timestamp('04/10/09 06:28:58,000000000','DD/MM/RR HH24:MI:SS,FF'),0,0,0,0,1);
Insert into EXERCISES (ID,VERSION,YEAR,STATUS,STARTDATE,ENDDATE,ISAPPPROVED,TOT_EXP_AMOUNT,TOT_REP_AMOUNT,TOT_REAL_AMOUNT,INFLATIONPERCENTAGE) values (149,0,2009,'PENDING',to_timestamp('04/10/09 06:28:47,000000000','DD/MM/RR HH24:MI:SS,FF'),to_timestamp('04/10/09 06:28:58,000000000','DD/MM/RR HH24:MI:SS,FF'),0,0,0,0,1);

---------------------------------------------------
--   END DATA FOR TABLE EXERCISES
---------------------------------------------------

---------------------------------------------------
--   DATA FOR TABLE TRAININGS
--   FILTER = none used
---------------------------------------------------
REM INSERTING into TRAININGS

---------------------------------------------------
--   END DATA FOR TABLE TRAININGS
---------------------------------------------------

---------------------------------------------------
--   DATA FOR TABLE BUDGETS
--   FILTER = none used
---------------------------------------------------
REM INSERTING into BUDGETS
Insert into BUDGETS (ID,VERSION,EXP_AMOUNT,REAL_AMOUNT,REP_AMOUNT,COMMENTS,STATUS,FK_EXERCISE,FK_CONTRACT,FK_MANAGER) values (73,1,300000,0,0,null,'PENDING',72,70,null);
Insert into BUDGETS (ID,VERSION,EXP_AMOUNT,REAL_AMOUNT,REP_AMOUNT,COMMENTS,STATUS,FK_EXERCISE,FK_CONTRACT,FK_MANAGER) values (74,1,300000,0,0,null,'PENDING',72,71,null);
Insert into BUDGETS (ID,VERSION,EXP_AMOUNT,REAL_AMOUNT,REP_AMOUNT,COMMENTS,STATUS,FK_EXERCISE,FK_CONTRACT,FK_MANAGER) values (75,1,300000,0,0,null,'PENDING',72,68,null);
Insert into BUDGETS (ID,VERSION,EXP_AMOUNT,REAL_AMOUNT,REP_AMOUNT,COMMENTS,STATUS,FK_EXERCISE,FK_CONTRACT,FK_MANAGER) values (76,1,200000,0,0,null,'PENDING',72,66,null);
Insert into BUDGETS (ID,VERSION,EXP_AMOUNT,REAL_AMOUNT,REP_AMOUNT,COMMENTS,STATUS,FK_EXERCISE,FK_CONTRACT,FK_MANAGER) values (77,1,300000,0,0,null,'PENDING',72,69,null);
Insert into BUDGETS (ID,VERSION,EXP_AMOUNT,REAL_AMOUNT,REP_AMOUNT,COMMENTS,STATUS,FK_EXERCISE,FK_CONTRACT,FK_MANAGER) values (78,1,300000,0,0,null,'PENDING',72,67,null);
Insert into BUDGETS (ID,VERSION,EXP_AMOUNT,REAL_AMOUNT,REP_AMOUNT,COMMENTS,STATUS,FK_EXERCISE,FK_CONTRACT,FK_MANAGER) values (80,1,300000,0,0,null,'PENDING',79,68,null);
Insert into BUDGETS (ID,VERSION,EXP_AMOUNT,REAL_AMOUNT,REP_AMOUNT,COMMENTS,STATUS,FK_EXERCISE,FK_CONTRACT,FK_MANAGER) values (81,1,300000,0,0,null,'PENDING',79,71,null);
Insert into BUDGETS (ID,VERSION,EXP_AMOUNT,REAL_AMOUNT,REP_AMOUNT,COMMENTS,STATUS,FK_EXERCISE,FK_CONTRACT,FK_MANAGER) values (82,1,300000,0,0,null,'PENDING',79,70,null);
Insert into BUDGETS (ID,VERSION,EXP_AMOUNT,REAL_AMOUNT,REP_AMOUNT,COMMENTS,STATUS,FK_EXERCISE,FK_CONTRACT,FK_MANAGER) values (83,1,300000,0,0,null,'PENDING',79,69,null);
Insert into BUDGETS (ID,VERSION,EXP_AMOUNT,REAL_AMOUNT,REP_AMOUNT,COMMENTS,STATUS,FK_EXERCISE,FK_CONTRACT,FK_MANAGER) values (84,1,200000,0,0,null,'PENDING',79,66,null);
Insert into BUDGETS (ID,VERSION,EXP_AMOUNT,REAL_AMOUNT,REP_AMOUNT,COMMENTS,STATUS,FK_EXERCISE,FK_CONTRACT,FK_MANAGER) values (85,1,300000,0,0,null,'PENDING',79,67,null);
Insert into BUDGETS (ID,VERSION,EXP_AMOUNT,REAL_AMOUNT,REP_AMOUNT,COMMENTS,STATUS,FK_EXERCISE,FK_CONTRACT,FK_MANAGER) values (87,1,200000,0,0,null,'PENDING',86,66,null);
Insert into BUDGETS (ID,VERSION,EXP_AMOUNT,REAL_AMOUNT,REP_AMOUNT,COMMENTS,STATUS,FK_EXERCISE,FK_CONTRACT,FK_MANAGER) values (88,1,300000,0,0,null,'PENDING',86,69,null);
Insert into BUDGETS (ID,VERSION,EXP_AMOUNT,REAL_AMOUNT,REP_AMOUNT,COMMENTS,STATUS,FK_EXERCISE,FK_CONTRACT,FK_MANAGER) values (89,1,300000,0,0,null,'PENDING',86,68,null);
Insert into BUDGETS (ID,VERSION,EXP_AMOUNT,REAL_AMOUNT,REP_AMOUNT,COMMENTS,STATUS,FK_EXERCISE,FK_CONTRACT,FK_MANAGER) values (90,1,300000,0,0,null,'PENDING',86,67,null);
Insert into BUDGETS (ID,VERSION,EXP_AMOUNT,REAL_AMOUNT,REP_AMOUNT,COMMENTS,STATUS,FK_EXERCISE,FK_CONTRACT,FK_MANAGER) values (91,1,300000,0,0,null,'PENDING',86,71,null);
Insert into BUDGETS (ID,VERSION,EXP_AMOUNT,REAL_AMOUNT,REP_AMOUNT,COMMENTS,STATUS,FK_EXERCISE,FK_CONTRACT,FK_MANAGER) values (92,1,300000,0,0,null,'PENDING',86,70,null);
Insert into BUDGETS (ID,VERSION,EXP_AMOUNT,REAL_AMOUNT,REP_AMOUNT,COMMENTS,STATUS,FK_EXERCISE,FK_CONTRACT,FK_MANAGER) values (94,1,300000,0,0,null,'PENDING',93,69,null);
Insert into BUDGETS (ID,VERSION,EXP_AMOUNT,REAL_AMOUNT,REP_AMOUNT,COMMENTS,STATUS,FK_EXERCISE,FK_CONTRACT,FK_MANAGER) values (95,1,300000,0,0,null,'PENDING',93,68,null);
Insert into BUDGETS (ID,VERSION,EXP_AMOUNT,REAL_AMOUNT,REP_AMOUNT,COMMENTS,STATUS,FK_EXERCISE,FK_CONTRACT,FK_MANAGER) values (96,1,300000,0,0,null,'PENDING',93,67,null);
Insert into BUDGETS (ID,VERSION,EXP_AMOUNT,REAL_AMOUNT,REP_AMOUNT,COMMENTS,STATUS,FK_EXERCISE,FK_CONTRACT,FK_MANAGER) values (97,1,200000,0,0,null,'PENDING',93,66,null);
Insert into BUDGETS (ID,VERSION,EXP_AMOUNT,REAL_AMOUNT,REP_AMOUNT,COMMENTS,STATUS,FK_EXERCISE,FK_CONTRACT,FK_MANAGER) values (98,1,300000,0,0,null,'PENDING',93,71,null);
Insert into BUDGETS (ID,VERSION,EXP_AMOUNT,REAL_AMOUNT,REP_AMOUNT,COMMENTS,STATUS,FK_EXERCISE,FK_CONTRACT,FK_MANAGER) values (99,1,300000,0,0,null,'PENDING',93,70,null);
Insert into BUDGETS (ID,VERSION,EXP_AMOUNT,REAL_AMOUNT,REP_AMOUNT,COMMENTS,STATUS,FK_EXERCISE,FK_CONTRACT,FK_MANAGER) values (101,1,300000,0,0,null,'PENDING',100,70,null);
Insert into BUDGETS (ID,VERSION,EXP_AMOUNT,REAL_AMOUNT,REP_AMOUNT,COMMENTS,STATUS,FK_EXERCISE,FK_CONTRACT,FK_MANAGER) values (102,1,300000,0,0,null,'PENDING',100,69,null);
Insert into BUDGETS (ID,VERSION,EXP_AMOUNT,REAL_AMOUNT,REP_AMOUNT,COMMENTS,STATUS,FK_EXERCISE,FK_CONTRACT,FK_MANAGER) values (103,1,300000,0,0,null,'PENDING',100,71,null);
Insert into BUDGETS (ID,VERSION,EXP_AMOUNT,REAL_AMOUNT,REP_AMOUNT,COMMENTS,STATUS,FK_EXERCISE,FK_CONTRACT,FK_MANAGER) values (104,1,300000,0,0,null,'PENDING',100,68,null);
Insert into BUDGETS (ID,VERSION,EXP_AMOUNT,REAL_AMOUNT,REP_AMOUNT,COMMENTS,STATUS,FK_EXERCISE,FK_CONTRACT,FK_MANAGER) values (105,1,300000,0,0,null,'PENDING',100,67,null);
Insert into BUDGETS (ID,VERSION,EXP_AMOUNT,REAL_AMOUNT,REP_AMOUNT,COMMENTS,STATUS,FK_EXERCISE,FK_CONTRACT,FK_MANAGER) values (106,1,200000,0,0,null,'PENDING',100,66,null);
Insert into BUDGETS (ID,VERSION,EXP_AMOUNT,REAL_AMOUNT,REP_AMOUNT,COMMENTS,STATUS,FK_EXERCISE,FK_CONTRACT,FK_MANAGER) values (108,1,300000,0,0,null,'PENDING',107,69,null);
Insert into BUDGETS (ID,VERSION,EXP_AMOUNT,REAL_AMOUNT,REP_AMOUNT,COMMENTS,STATUS,FK_EXERCISE,FK_CONTRACT,FK_MANAGER) values (109,1,300000,0,0,null,'PENDING',107,67,null);
Insert into BUDGETS (ID,VERSION,EXP_AMOUNT,REAL_AMOUNT,REP_AMOUNT,COMMENTS,STATUS,FK_EXERCISE,FK_CONTRACT,FK_MANAGER) values (110,1,300000,0,0,null,'PENDING',107,71,null);
Insert into BUDGETS (ID,VERSION,EXP_AMOUNT,REAL_AMOUNT,REP_AMOUNT,COMMENTS,STATUS,FK_EXERCISE,FK_CONTRACT,FK_MANAGER) values (111,1,200000,0,0,null,'PENDING',107,66,null);
Insert into BUDGETS (ID,VERSION,EXP_AMOUNT,REAL_AMOUNT,REP_AMOUNT,COMMENTS,STATUS,FK_EXERCISE,FK_CONTRACT,FK_MANAGER) values (112,1,300000,0,0,null,'PENDING',107,68,null);
Insert into BUDGETS (ID,VERSION,EXP_AMOUNT,REAL_AMOUNT,REP_AMOUNT,COMMENTS,STATUS,FK_EXERCISE,FK_CONTRACT,FK_MANAGER) values (113,1,300000,0,0,null,'PENDING',107,70,null);
Insert into BUDGETS (ID,VERSION,EXP_AMOUNT,REAL_AMOUNT,REP_AMOUNT,COMMENTS,STATUS,FK_EXERCISE,FK_CONTRACT,FK_MANAGER) values (115,1,200000,0,0,null,'PENDING',114,66,null);
Insert into BUDGETS (ID,VERSION,EXP_AMOUNT,REAL_AMOUNT,REP_AMOUNT,COMMENTS,STATUS,FK_EXERCISE,FK_CONTRACT,FK_MANAGER) values (116,1,300000,0,0,null,'PENDING',114,70,null);
Insert into BUDGETS (ID,VERSION,EXP_AMOUNT,REAL_AMOUNT,REP_AMOUNT,COMMENTS,STATUS,FK_EXERCISE,FK_CONTRACT,FK_MANAGER) values (117,1,300000,0,0,null,'PENDING',114,69,null);
Insert into BUDGETS (ID,VERSION,EXP_AMOUNT,REAL_AMOUNT,REP_AMOUNT,COMMENTS,STATUS,FK_EXERCISE,FK_CONTRACT,FK_MANAGER) values (118,1,300000,0,0,null,'PENDING',114,68,null);
Insert into BUDGETS (ID,VERSION,EXP_AMOUNT,REAL_AMOUNT,REP_AMOUNT,COMMENTS,STATUS,FK_EXERCISE,FK_CONTRACT,FK_MANAGER) values (119,1,300000,0,0,null,'PENDING',114,67,null);
Insert into BUDGETS (ID,VERSION,EXP_AMOUNT,REAL_AMOUNT,REP_AMOUNT,COMMENTS,STATUS,FK_EXERCISE,FK_CONTRACT,FK_MANAGER) values (120,1,300000,0,0,null,'PENDING',114,71,null);
Insert into BUDGETS (ID,VERSION,EXP_AMOUNT,REAL_AMOUNT,REP_AMOUNT,COMMENTS,STATUS,FK_EXERCISE,FK_CONTRACT,FK_MANAGER) values (122,1,200000,0,0,null,'PENDING',121,66,null);
Insert into BUDGETS (ID,VERSION,EXP_AMOUNT,REAL_AMOUNT,REP_AMOUNT,COMMENTS,STATUS,FK_EXERCISE,FK_CONTRACT,FK_MANAGER) values (123,1,300000,0,0,null,'PENDING',121,70,null);
Insert into BUDGETS (ID,VERSION,EXP_AMOUNT,REAL_AMOUNT,REP_AMOUNT,COMMENTS,STATUS,FK_EXERCISE,FK_CONTRACT,FK_MANAGER) values (124,1,300000,0,0,null,'PENDING',121,68,null);
Insert into BUDGETS (ID,VERSION,EXP_AMOUNT,REAL_AMOUNT,REP_AMOUNT,COMMENTS,STATUS,FK_EXERCISE,FK_CONTRACT,FK_MANAGER) values (125,1,300000,0,0,null,'PENDING',121,67,null);
Insert into BUDGETS (ID,VERSION,EXP_AMOUNT,REAL_AMOUNT,REP_AMOUNT,COMMENTS,STATUS,FK_EXERCISE,FK_CONTRACT,FK_MANAGER) values (126,1,300000,0,0,null,'PENDING',121,69,null);
Insert into BUDGETS (ID,VERSION,EXP_AMOUNT,REAL_AMOUNT,REP_AMOUNT,COMMENTS,STATUS,FK_EXERCISE,FK_CONTRACT,FK_MANAGER) values (127,1,300000,0,0,null,'PENDING',121,71,null);
Insert into BUDGETS (ID,VERSION,EXP_AMOUNT,REAL_AMOUNT,REP_AMOUNT,COMMENTS,STATUS,FK_EXERCISE,FK_CONTRACT,FK_MANAGER) values (129,1,300000,0,0,null,'PENDING',128,70,null);
Insert into BUDGETS (ID,VERSION,EXP_AMOUNT,REAL_AMOUNT,REP_AMOUNT,COMMENTS,STATUS,FK_EXERCISE,FK_CONTRACT,FK_MANAGER) values (130,1,200000,0,0,null,'PENDING',128,66,null);
Insert into BUDGETS (ID,VERSION,EXP_AMOUNT,REAL_AMOUNT,REP_AMOUNT,COMMENTS,STATUS,FK_EXERCISE,FK_CONTRACT,FK_MANAGER) values (131,1,300000,0,0,null,'PENDING',128,71,null);
Insert into BUDGETS (ID,VERSION,EXP_AMOUNT,REAL_AMOUNT,REP_AMOUNT,COMMENTS,STATUS,FK_EXERCISE,FK_CONTRACT,FK_MANAGER) values (132,1,300000,0,0,null,'PENDING',128,69,null);
Insert into BUDGETS (ID,VERSION,EXP_AMOUNT,REAL_AMOUNT,REP_AMOUNT,COMMENTS,STATUS,FK_EXERCISE,FK_CONTRACT,FK_MANAGER) values (133,1,300000,0,0,null,'PENDING',128,68,null);
Insert into BUDGETS (ID,VERSION,EXP_AMOUNT,REAL_AMOUNT,REP_AMOUNT,COMMENTS,STATUS,FK_EXERCISE,FK_CONTRACT,FK_MANAGER) values (134,1,300000,0,0,null,'PENDING',128,67,null);
Insert into BUDGETS (ID,VERSION,EXP_AMOUNT,REAL_AMOUNT,REP_AMOUNT,COMMENTS,STATUS,FK_EXERCISE,FK_CONTRACT,FK_MANAGER) values (136,1,300000,0,0,null,'PENDING',135,67,null);
Insert into BUDGETS (ID,VERSION,EXP_AMOUNT,REAL_AMOUNT,REP_AMOUNT,COMMENTS,STATUS,FK_EXERCISE,FK_CONTRACT,FK_MANAGER) values (137,1,300000,0,0,null,'PENDING',135,70,null);
Insert into BUDGETS (ID,VERSION,EXP_AMOUNT,REAL_AMOUNT,REP_AMOUNT,COMMENTS,STATUS,FK_EXERCISE,FK_CONTRACT,FK_MANAGER) values (138,1,300000,0,0,null,'PENDING',135,71,null);
Insert into BUDGETS (ID,VERSION,EXP_AMOUNT,REAL_AMOUNT,REP_AMOUNT,COMMENTS,STATUS,FK_EXERCISE,FK_CONTRACT,FK_MANAGER) values (139,1,200000,0,0,null,'PENDING',135,66,null);
Insert into BUDGETS (ID,VERSION,EXP_AMOUNT,REAL_AMOUNT,REP_AMOUNT,COMMENTS,STATUS,FK_EXERCISE,FK_CONTRACT,FK_MANAGER) values (140,1,300000,0,0,null,'PENDING',135,68,null);
Insert into BUDGETS (ID,VERSION,EXP_AMOUNT,REAL_AMOUNT,REP_AMOUNT,COMMENTS,STATUS,FK_EXERCISE,FK_CONTRACT,FK_MANAGER) values (141,1,300000,0,0,null,'PENDING',135,69,null);
Insert into BUDGETS (ID,VERSION,EXP_AMOUNT,REAL_AMOUNT,REP_AMOUNT,COMMENTS,STATUS,FK_EXERCISE,FK_CONTRACT,FK_MANAGER) values (143,1,300000,0,0,null,'PENDING',142,67,null);
Insert into BUDGETS (ID,VERSION,EXP_AMOUNT,REAL_AMOUNT,REP_AMOUNT,COMMENTS,STATUS,FK_EXERCISE,FK_CONTRACT,FK_MANAGER) values (144,1,300000,0,0,null,'PENDING',142,71,null);
Insert into BUDGETS (ID,VERSION,EXP_AMOUNT,REAL_AMOUNT,REP_AMOUNT,COMMENTS,STATUS,FK_EXERCISE,FK_CONTRACT,FK_MANAGER) values (145,1,300000,0,0,null,'PENDING',142,70,null);
Insert into BUDGETS (ID,VERSION,EXP_AMOUNT,REAL_AMOUNT,REP_AMOUNT,COMMENTS,STATUS,FK_EXERCISE,FK_CONTRACT,FK_MANAGER) values (146,3,300000,0,0,'fouteur de merde fouteur de merde  fouteur de merdefouteur de merdefouteur de merdefouteur de merdefouteur de merde','PENDING',142,66,null);
Insert into BUDGETS (ID,VERSION,EXP_AMOUNT,REAL_AMOUNT,REP_AMOUNT,COMMENTS,STATUS,FK_EXERCISE,FK_CONTRACT,FK_MANAGER) values (147,1,200000,0,0,null,'PENDING',142,66,null);
Insert into BUDGETS (ID,VERSION,EXP_AMOUNT,REAL_AMOUNT,REP_AMOUNT,COMMENTS,STATUS,FK_EXERCISE,FK_CONTRACT,FK_MANAGER) values (148,1,300000,0,0,null,'PENDING',142,68,null);
Insert into BUDGETS (ID,VERSION,EXP_AMOUNT,REAL_AMOUNT,REP_AMOUNT,COMMENTS,STATUS,FK_EXERCISE,FK_CONTRACT,FK_MANAGER) values (150,1,300000,0,0,null,'PENDING',149,71,null);
Insert into BUDGETS (ID,VERSION,EXP_AMOUNT,REAL_AMOUNT,REP_AMOUNT,COMMENTS,STATUS,FK_EXERCISE,FK_CONTRACT,FK_MANAGER) values (151,1,300000,0,0,null,'PENDING',149,70,null);
Insert into BUDGETS (ID,VERSION,EXP_AMOUNT,REAL_AMOUNT,REP_AMOUNT,COMMENTS,STATUS,FK_EXERCISE,FK_CONTRACT,FK_MANAGER) values (152,1,300000,0,0,null,'PENDING',149,69,null);
Insert into BUDGETS (ID,VERSION,EXP_AMOUNT,REAL_AMOUNT,REP_AMOUNT,COMMENTS,STATUS,FK_EXERCISE,FK_CONTRACT,FK_MANAGER) values (153,1,300000,0,0,null,'PENDING',149,68,null);
Insert into BUDGETS (ID,VERSION,EXP_AMOUNT,REAL_AMOUNT,REP_AMOUNT,COMMENTS,STATUS,FK_EXERCISE,FK_CONTRACT,FK_MANAGER) values (154,1,300000,0,0,null,'PENDING',149,67,null);
Insert into BUDGETS (ID,VERSION,EXP_AMOUNT,REAL_AMOUNT,REP_AMOUNT,COMMENTS,STATUS,FK_EXERCISE,FK_CONTRACT,FK_MANAGER) values (155,1,200000,0,0,null,'PENDING',149,66,null);

---------------------------------------------------
--   END DATA FOR TABLE BUDGETS
---------------------------------------------------

---------------------------------------------------
--   DATA FOR TABLE PAYMENTS
--   FILTER = none used
---------------------------------------------------
REM INSERTING into PAYMENTS

---------------------------------------------------
--   END DATA FOR TABLE PAYMENTS
---------------------------------------------------

---------------------------------------------------
--   DATA FOR TABLE MISSIONS
--   FILTER = none used
---------------------------------------------------
REM INSERTING into MISSIONS
Insert into MISSIONS (ID,EXERCISE,TITLE,REFER,COMMENTS,CREATEDATE,STARTDATE,DUEDATE,UPDATEDATE,UPDATEDUSER,STATUS,TYP,TOTALCOST,TOTALSCHEDULEDCOST,COUNTSCHEDULEDDAYS,VERSION,ANNUALBUDGET_ID) values (156,'1998','Mission : 10388_1998','10388_1998','Mission : 10388_1998',to_timestamp('18/05/09 00:00:00,000000000','DD/MM/RR HH24:MI:SS,FF'),null,null,null,null,'PENDING','REVISION',0,0,0,0,76);
Insert into MISSIONS (ID,EXERCISE,TITLE,REFER,COMMENTS,CREATEDATE,STARTDATE,DUEDATE,UPDATEDATE,UPDATEDUSER,STATUS,TYP,TOTALCOST,TOTALSCHEDULEDCOST,COUNTSCHEDULEDDAYS,VERSION,ANNUALBUDGET_ID) values (157,'1999','Mission : 10388_1999','10388_1999','Mission : 10388_1999',to_timestamp('18/05/09 00:00:00,000000000','DD/MM/RR HH24:MI:SS,FF'),null,null,null,null,'PENDING','REVISION',0,0,0,0,84);
Insert into MISSIONS (ID,EXERCISE,TITLE,REFER,COMMENTS,CREATEDATE,STARTDATE,DUEDATE,UPDATEDATE,UPDATEDUSER,STATUS,TYP,TOTALCOST,TOTALSCHEDULEDCOST,COUNTSCHEDULEDDAYS,VERSION,ANNUALBUDGET_ID) values (158,'2000','Mission : 10388_2000','10388_2000','Mission : 10388_2000',to_timestamp('18/05/09 00:00:00,000000000','DD/MM/RR HH24:MI:SS,FF'),null,null,null,null,'PENDING','REVISION',0,0,0,0,87);
Insert into MISSIONS (ID,EXERCISE,TITLE,REFER,COMMENTS,CREATEDATE,STARTDATE,DUEDATE,UPDATEDATE,UPDATEDUSER,STATUS,TYP,TOTALCOST,TOTALSCHEDULEDCOST,COUNTSCHEDULEDDAYS,VERSION,ANNUALBUDGET_ID) values (159,'2001','Mission : 10388_2001','10388_2001','Mission : 10388_2001',to_timestamp('18/05/09 00:00:00,000000000','DD/MM/RR HH24:MI:SS,FF'),null,null,null,null,'PENDING','REVISION',0,0,0,0,97);
Insert into MISSIONS (ID,EXERCISE,TITLE,REFER,COMMENTS,CREATEDATE,STARTDATE,DUEDATE,UPDATEDATE,UPDATEDUSER,STATUS,TYP,TOTALCOST,TOTALSCHEDULEDCOST,COUNTSCHEDULEDDAYS,VERSION,ANNUALBUDGET_ID) values (160,'2002','Mission : 10388_2002','10388_2002','Mission : 10388_2002',to_timestamp('18/05/09 00:00:00,000000000','DD/MM/RR HH24:MI:SS,FF'),null,null,null,null,'PENDING','REVISION',0,0,0,0,106);
Insert into MISSIONS (ID,EXERCISE,TITLE,REFER,COMMENTS,CREATEDATE,STARTDATE,DUEDATE,UPDATEDATE,UPDATEDUSER,STATUS,TYP,TOTALCOST,TOTALSCHEDULEDCOST,COUNTSCHEDULEDDAYS,VERSION,ANNUALBUDGET_ID) values (161,'2003','Mission : 10388_2003','10388_2003','Mission : 10388_2003',to_timestamp('18/05/09 00:00:00,000000000','DD/MM/RR HH24:MI:SS,FF'),null,null,null,null,'PENDING','REVISION',0,0,0,0,111);
Insert into MISSIONS (ID,EXERCISE,TITLE,REFER,COMMENTS,CREATEDATE,STARTDATE,DUEDATE,UPDATEDATE,UPDATEDUSER,STATUS,TYP,TOTALCOST,TOTALSCHEDULEDCOST,COUNTSCHEDULEDDAYS,VERSION,ANNUALBUDGET_ID) values (162,'2004','Mission : 10388_2004','10388_2004','Mission : 10388_2004',to_timestamp('18/05/09 00:00:00,000000000','DD/MM/RR HH24:MI:SS,FF'),null,null,null,null,'PENDING','REVISION',0,0,0,0,115);
Insert into MISSIONS (ID,EXERCISE,TITLE,REFER,COMMENTS,CREATEDATE,STARTDATE,DUEDATE,UPDATEDATE,UPDATEDUSER,STATUS,TYP,TOTALCOST,TOTALSCHEDULEDCOST,COUNTSCHEDULEDDAYS,VERSION,ANNUALBUDGET_ID) values (163,'2005','Mission : 10388_2005','10388_2005','Mission : 10388_2005',to_timestamp('18/05/09 00:00:00,000000000','DD/MM/RR HH24:MI:SS,FF'),null,null,null,null,'PENDING','REVISION',0,0,0,0,122);
Insert into MISSIONS (ID,EXERCISE,TITLE,REFER,COMMENTS,CREATEDATE,STARTDATE,DUEDATE,UPDATEDATE,UPDATEDUSER,STATUS,TYP,TOTALCOST,TOTALSCHEDULEDCOST,COUNTSCHEDULEDDAYS,VERSION,ANNUALBUDGET_ID) values (164,'2006','Mission : 10388_2006','10388_2006','Mission : 10388_2006',to_timestamp('18/05/09 00:00:00,000000000','DD/MM/RR HH24:MI:SS,FF'),null,null,null,null,'PENDING','REVISION',0,0,0,0,130);
Insert into MISSIONS (ID,EXERCISE,TITLE,REFER,COMMENTS,CREATEDATE,STARTDATE,DUEDATE,UPDATEDATE,UPDATEDUSER,STATUS,TYP,TOTALCOST,TOTALSCHEDULEDCOST,COUNTSCHEDULEDDAYS,VERSION,ANNUALBUDGET_ID) values (165,'2007','Mission : 10388_2007','10388_2007','Mission : 10388_2007',to_timestamp('18/05/09 00:00:00,000000000','DD/MM/RR HH24:MI:SS,FF'),null,null,null,null,'PENDING','REVISION',0,0,0,0,139);
Insert into MISSIONS (ID,EXERCISE,TITLE,REFER,COMMENTS,CREATEDATE,STARTDATE,DUEDATE,UPDATEDATE,UPDATEDUSER,STATUS,TYP,TOTALCOST,TOTALSCHEDULEDCOST,COUNTSCHEDULEDDAYS,VERSION,ANNUALBUDGET_ID) values (166,'2008','Mission : 10388_2008','10388_2008','Mission : 10388_2008',to_timestamp('18/05/09 00:00:00,000000000','DD/MM/RR HH24:MI:SS,FF'),null,null,null,null,'PENDING','REVISION',0,0,0,0,147);
Insert into MISSIONS (ID,EXERCISE,TITLE,REFER,COMMENTS,CREATEDATE,STARTDATE,DUEDATE,UPDATEDATE,UPDATEDUSER,STATUS,TYP,TOTALCOST,TOTALSCHEDULEDCOST,COUNTSCHEDULEDDAYS,VERSION,ANNUALBUDGET_ID) values (167,'2009','Mission : 10388_2009','10388_2009','Mission : 10388_2009',to_timestamp('18/05/09 00:00:00,000000000','DD/MM/RR HH24:MI:SS,FF'),null,null,null,null,'PENDING','REVISION',0,0,0,0,155);
Insert into MISSIONS (ID,EXERCISE,TITLE,REFER,COMMENTS,CREATEDATE,STARTDATE,DUEDATE,UPDATEDATE,UPDATEDUSER,STATUS,TYP,TOTALCOST,TOTALSCHEDULEDCOST,COUNTSCHEDULEDDAYS,VERSION,ANNUALBUDGET_ID) values (168,'1998','Mission : 11261_1998','11261_1998','Mission : 11261_1998',to_timestamp('18/05/09 00:00:00,000000000','DD/MM/RR HH24:MI:SS,FF'),null,null,null,null,'PENDING','REVISION',0,0,0,0,75);
Insert into MISSIONS (ID,EXERCISE,TITLE,REFER,COMMENTS,CREATEDATE,STARTDATE,DUEDATE,UPDATEDATE,UPDATEDUSER,STATUS,TYP,TOTALCOST,TOTALSCHEDULEDCOST,COUNTSCHEDULEDDAYS,VERSION,ANNUALBUDGET_ID) values (169,'1999','Mission : 11261_1999','11261_1999','Mission : 11261_1999',to_timestamp('18/05/09 00:00:00,000000000','DD/MM/RR HH24:MI:SS,FF'),null,null,null,null,'PENDING','REVISION',0,0,0,0,80);
Insert into MISSIONS (ID,EXERCISE,TITLE,REFER,COMMENTS,CREATEDATE,STARTDATE,DUEDATE,UPDATEDATE,UPDATEDUSER,STATUS,TYP,TOTALCOST,TOTALSCHEDULEDCOST,COUNTSCHEDULEDDAYS,VERSION,ANNUALBUDGET_ID) values (170,'2000','Mission : 11261_2000','11261_2000','Mission : 11261_2000',to_timestamp('18/05/09 00:00:00,000000000','DD/MM/RR HH24:MI:SS,FF'),null,null,null,null,'PENDING','REVISION',0,0,0,0,89);
Insert into MISSIONS (ID,EXERCISE,TITLE,REFER,COMMENTS,CREATEDATE,STARTDATE,DUEDATE,UPDATEDATE,UPDATEDUSER,STATUS,TYP,TOTALCOST,TOTALSCHEDULEDCOST,COUNTSCHEDULEDDAYS,VERSION,ANNUALBUDGET_ID) values (171,'2001','Mission : 11261_2001','11261_2001','Mission : 11261_2001',to_timestamp('18/05/09 00:00:00,000000000','DD/MM/RR HH24:MI:SS,FF'),null,null,null,null,'PENDING','REVISION',0,0,0,0,95);
Insert into MISSIONS (ID,EXERCISE,TITLE,REFER,COMMENTS,CREATEDATE,STARTDATE,DUEDATE,UPDATEDATE,UPDATEDUSER,STATUS,TYP,TOTALCOST,TOTALSCHEDULEDCOST,COUNTSCHEDULEDDAYS,VERSION,ANNUALBUDGET_ID) values (172,'2002','Mission : 11261_2002','11261_2002','Mission : 11261_2002',to_timestamp('18/05/09 00:00:00,000000000','DD/MM/RR HH24:MI:SS,FF'),null,null,null,null,'PENDING','REVISION',0,0,0,0,104);
Insert into MISSIONS (ID,EXERCISE,TITLE,REFER,COMMENTS,CREATEDATE,STARTDATE,DUEDATE,UPDATEDATE,UPDATEDUSER,STATUS,TYP,TOTALCOST,TOTALSCHEDULEDCOST,COUNTSCHEDULEDDAYS,VERSION,ANNUALBUDGET_ID) values (173,'2003','Mission : 11261_2003','11261_2003','Mission : 11261_2003',to_timestamp('18/05/09 00:00:00,000000000','DD/MM/RR HH24:MI:SS,FF'),null,null,null,null,'PENDING','REVISION',0,0,0,0,112);
Insert into MISSIONS (ID,EXERCISE,TITLE,REFER,COMMENTS,CREATEDATE,STARTDATE,DUEDATE,UPDATEDATE,UPDATEDUSER,STATUS,TYP,TOTALCOST,TOTALSCHEDULEDCOST,COUNTSCHEDULEDDAYS,VERSION,ANNUALBUDGET_ID) values (174,'2004','Mission : 11261_2004','11261_2004','Mission : 11261_2004',to_timestamp('18/05/09 00:00:00,000000000','DD/MM/RR HH24:MI:SS,FF'),null,null,null,null,'PENDING','REVISION',0,0,0,0,118);
Insert into MISSIONS (ID,EXERCISE,TITLE,REFER,COMMENTS,CREATEDATE,STARTDATE,DUEDATE,UPDATEDATE,UPDATEDUSER,STATUS,TYP,TOTALCOST,TOTALSCHEDULEDCOST,COUNTSCHEDULEDDAYS,VERSION,ANNUALBUDGET_ID) values (175,'2005','Mission : 11261_2005','11261_2005','Mission : 11261_2005',to_timestamp('18/05/09 00:00:00,000000000','DD/MM/RR HH24:MI:SS,FF'),null,null,null,null,'PENDING','REVISION',0,0,0,0,124);
Insert into MISSIONS (ID,EXERCISE,TITLE,REFER,COMMENTS,CREATEDATE,STARTDATE,DUEDATE,UPDATEDATE,UPDATEDUSER,STATUS,TYP,TOTALCOST,TOTALSCHEDULEDCOST,COUNTSCHEDULEDDAYS,VERSION,ANNUALBUDGET_ID) values (176,'2006','Mission : 11261_2006','11261_2006','Mission : 11261_2006',to_timestamp('18/05/09 00:00:00,000000000','DD/MM/RR HH24:MI:SS,FF'),null,null,null,null,'PENDING','REVISION',0,0,0,0,133);
Insert into MISSIONS (ID,EXERCISE,TITLE,REFER,COMMENTS,CREATEDATE,STARTDATE,DUEDATE,UPDATEDATE,UPDATEDUSER,STATUS,TYP,TOTALCOST,TOTALSCHEDULEDCOST,COUNTSCHEDULEDDAYS,VERSION,ANNUALBUDGET_ID) values (177,'2007','Mission : 11261_2007','11261_2007','Mission : 11261_2007',to_timestamp('18/05/09 00:00:00,000000000','DD/MM/RR HH24:MI:SS,FF'),null,null,null,null,'PENDING','REVISION',0,0,0,0,140);
Insert into MISSIONS (ID,EXERCISE,TITLE,REFER,COMMENTS,CREATEDATE,STARTDATE,DUEDATE,UPDATEDATE,UPDATEDUSER,STATUS,TYP,TOTALCOST,TOTALSCHEDULEDCOST,COUNTSCHEDULEDDAYS,VERSION,ANNUALBUDGET_ID) values (178,'2008','Mission : 11261_2008','11261_2008','Mission : 11261_2008',to_timestamp('18/05/09 00:00:00,000000000','DD/MM/RR HH24:MI:SS,FF'),null,null,null,null,'PENDING','REVISION',0,0,0,0,148);
Insert into MISSIONS (ID,EXERCISE,TITLE,REFER,COMMENTS,CREATEDATE,STARTDATE,DUEDATE,UPDATEDATE,UPDATEDUSER,STATUS,TYP,TOTALCOST,TOTALSCHEDULEDCOST,COUNTSCHEDULEDDAYS,VERSION,ANNUALBUDGET_ID) values (179,'2009','Mission : 11261_2009','11261_2009','Mission : 11261_2009',to_timestamp('18/05/09 00:00:00,000000000','DD/MM/RR HH24:MI:SS,FF'),null,null,null,null,'PENDING','REVISION',0,0,0,0,153);
Insert into MISSIONS (ID,EXERCISE,TITLE,REFER,COMMENTS,CREATEDATE,STARTDATE,DUEDATE,UPDATEDATE,UPDATEDUSER,STATUS,TYP,TOTALCOST,TOTALSCHEDULEDCOST,COUNTSCHEDULEDDAYS,VERSION,ANNUALBUDGET_ID) values (180,'1998','Mission : 12084_1998','12084_1998','Mission : 12084_1998',to_timestamp('18/05/09 00:00:00,000000000','DD/MM/RR HH24:MI:SS,FF'),null,null,null,null,'PENDING','REVISION',0,0,0,0,73);
Insert into MISSIONS (ID,EXERCISE,TITLE,REFER,COMMENTS,CREATEDATE,STARTDATE,DUEDATE,UPDATEDATE,UPDATEDUSER,STATUS,TYP,TOTALCOST,TOTALSCHEDULEDCOST,COUNTSCHEDULEDDAYS,VERSION,ANNUALBUDGET_ID) values (181,'1998','Mission : 12084_1998','12084_1998','Mission : 12084_1998',to_timestamp('18/05/09 00:00:00,000000000','DD/MM/RR HH24:MI:SS,FF'),null,null,null,null,'PENDING','REVISION',0,0,0,0,74);
Insert into MISSIONS (ID,EXERCISE,TITLE,REFER,COMMENTS,CREATEDATE,STARTDATE,DUEDATE,UPDATEDATE,UPDATEDUSER,STATUS,TYP,TOTALCOST,TOTALSCHEDULEDCOST,COUNTSCHEDULEDDAYS,VERSION,ANNUALBUDGET_ID) values (182,'1999','Mission : 12084_1999','12084_1999','Mission : 12084_1999',to_timestamp('18/05/09 00:00:00,000000000','DD/MM/RR HH24:MI:SS,FF'),null,null,null,null,'PENDING','REVISION',0,0,0,0,81);
Insert into MISSIONS (ID,EXERCISE,TITLE,REFER,COMMENTS,CREATEDATE,STARTDATE,DUEDATE,UPDATEDATE,UPDATEDUSER,STATUS,TYP,TOTALCOST,TOTALSCHEDULEDCOST,COUNTSCHEDULEDDAYS,VERSION,ANNUALBUDGET_ID) values (183,'1999','Mission : 12084_1999','12084_1999','Mission : 12084_1999',to_timestamp('18/05/09 00:00:00,000000000','DD/MM/RR HH24:MI:SS,FF'),null,null,null,null,'PENDING','REVISION',0,0,0,0,82);
Insert into MISSIONS (ID,EXERCISE,TITLE,REFER,COMMENTS,CREATEDATE,STARTDATE,DUEDATE,UPDATEDATE,UPDATEDUSER,STATUS,TYP,TOTALCOST,TOTALSCHEDULEDCOST,COUNTSCHEDULEDDAYS,VERSION,ANNUALBUDGET_ID) values (184,'2000','Mission : 12084_2000','12084_2000','Mission : 12084_2000',to_timestamp('18/05/09 00:00:00,000000000','DD/MM/RR HH24:MI:SS,FF'),null,null,null,null,'PENDING','REVISION',0,0,0,0,91);
Insert into MISSIONS (ID,EXERCISE,TITLE,REFER,COMMENTS,CREATEDATE,STARTDATE,DUEDATE,UPDATEDATE,UPDATEDUSER,STATUS,TYP,TOTALCOST,TOTALSCHEDULEDCOST,COUNTSCHEDULEDDAYS,VERSION,ANNUALBUDGET_ID) values (185,'2000','Mission : 12084_2000','12084_2000','Mission : 12084_2000',to_timestamp('18/05/09 00:00:00,000000000','DD/MM/RR HH24:MI:SS,FF'),null,null,null,null,'PENDING','REVISION',0,0,0,0,92);
Insert into MISSIONS (ID,EXERCISE,TITLE,REFER,COMMENTS,CREATEDATE,STARTDATE,DUEDATE,UPDATEDATE,UPDATEDUSER,STATUS,TYP,TOTALCOST,TOTALSCHEDULEDCOST,COUNTSCHEDULEDDAYS,VERSION,ANNUALBUDGET_ID) values (186,'2001','Mission : 12084_2001','12084_2001','Mission : 12084_2001',to_timestamp('18/05/09 00:00:00,000000000','DD/MM/RR HH24:MI:SS,FF'),null,null,null,null,'PENDING','REVISION',0,0,0,0,98);
Insert into MISSIONS (ID,EXERCISE,TITLE,REFER,COMMENTS,CREATEDATE,STARTDATE,DUEDATE,UPDATEDATE,UPDATEDUSER,STATUS,TYP,TOTALCOST,TOTALSCHEDULEDCOST,COUNTSCHEDULEDDAYS,VERSION,ANNUALBUDGET_ID) values (187,'2001','Mission : 12084_2001','12084_2001','Mission : 12084_2001',to_timestamp('18/05/09 00:00:00,000000000','DD/MM/RR HH24:MI:SS,FF'),null,null,null,null,'PENDING','REVISION',0,0,0,0,99);
Insert into MISSIONS (ID,EXERCISE,TITLE,REFER,COMMENTS,CREATEDATE,STARTDATE,DUEDATE,UPDATEDATE,UPDATEDUSER,STATUS,TYP,TOTALCOST,TOTALSCHEDULEDCOST,COUNTSCHEDULEDDAYS,VERSION,ANNUALBUDGET_ID) values (188,'2002','Mission : 12084_2002','12084_2002','Mission : 12084_2002',to_timestamp('18/05/09 00:00:00,000000000','DD/MM/RR HH24:MI:SS,FF'),null,null,null,null,'PENDING','REVISION',0,0,0,0,101);
Insert into MISSIONS (ID,EXERCISE,TITLE,REFER,COMMENTS,CREATEDATE,STARTDATE,DUEDATE,UPDATEDATE,UPDATEDUSER,STATUS,TYP,TOTALCOST,TOTALSCHEDULEDCOST,COUNTSCHEDULEDDAYS,VERSION,ANNUALBUDGET_ID) values (189,'2002','Mission : 12084_2002','12084_2002','Mission : 12084_2002',to_timestamp('18/05/09 00:00:00,000000000','DD/MM/RR HH24:MI:SS,FF'),null,null,null,null,'PENDING','REVISION',0,0,0,0,103);
Insert into MISSIONS (ID,EXERCISE,TITLE,REFER,COMMENTS,CREATEDATE,STARTDATE,DUEDATE,UPDATEDATE,UPDATEDUSER,STATUS,TYP,TOTALCOST,TOTALSCHEDULEDCOST,COUNTSCHEDULEDDAYS,VERSION,ANNUALBUDGET_ID) values (190,'2003','Mission : 12084_2003','12084_2003','Mission : 12084_2003',to_timestamp('18/05/09 00:00:00,000000000','DD/MM/RR HH24:MI:SS,FF'),null,null,null,null,'PENDING','REVISION',0,0,0,0,110);
Insert into MISSIONS (ID,EXERCISE,TITLE,REFER,COMMENTS,CREATEDATE,STARTDATE,DUEDATE,UPDATEDATE,UPDATEDUSER,STATUS,TYP,TOTALCOST,TOTALSCHEDULEDCOST,COUNTSCHEDULEDDAYS,VERSION,ANNUALBUDGET_ID) values (191,'2003','Mission : 12084_2003','12084_2003','Mission : 12084_2003',to_timestamp('18/05/09 00:00:00,000000000','DD/MM/RR HH24:MI:SS,FF'),null,null,null,null,'PENDING','REVISION',0,0,0,0,113);
Insert into MISSIONS (ID,EXERCISE,TITLE,REFER,COMMENTS,CREATEDATE,STARTDATE,DUEDATE,UPDATEDATE,UPDATEDUSER,STATUS,TYP,TOTALCOST,TOTALSCHEDULEDCOST,COUNTSCHEDULEDDAYS,VERSION,ANNUALBUDGET_ID) values (192,'2004','Mission : 12084_2004','12084_2004','Mission : 12084_2004',to_timestamp('18/05/09 00:00:00,000000000','DD/MM/RR HH24:MI:SS,FF'),null,null,null,null,'PENDING','REVISION',0,0,0,0,116);
Insert into MISSIONS (ID,EXERCISE,TITLE,REFER,COMMENTS,CREATEDATE,STARTDATE,DUEDATE,UPDATEDATE,UPDATEDUSER,STATUS,TYP,TOTALCOST,TOTALSCHEDULEDCOST,COUNTSCHEDULEDDAYS,VERSION,ANNUALBUDGET_ID) values (193,'2004','Mission : 12084_2004','12084_2004','Mission : 12084_2004',to_timestamp('18/05/09 00:00:00,000000000','DD/MM/RR HH24:MI:SS,FF'),null,null,null,null,'PENDING','REVISION',0,0,0,0,120);
Insert into MISSIONS (ID,EXERCISE,TITLE,REFER,COMMENTS,CREATEDATE,STARTDATE,DUEDATE,UPDATEDATE,UPDATEDUSER,STATUS,TYP,TOTALCOST,TOTALSCHEDULEDCOST,COUNTSCHEDULEDDAYS,VERSION,ANNUALBUDGET_ID) values (194,'2005','Mission : 12084_2005','12084_2005','Mission : 12084_2005',to_timestamp('18/05/09 00:00:00,000000000','DD/MM/RR HH24:MI:SS,FF'),null,null,null,null,'PENDING','REVISION',0,0,0,0,123);
Insert into MISSIONS (ID,EXERCISE,TITLE,REFER,COMMENTS,CREATEDATE,STARTDATE,DUEDATE,UPDATEDATE,UPDATEDUSER,STATUS,TYP,TOTALCOST,TOTALSCHEDULEDCOST,COUNTSCHEDULEDDAYS,VERSION,ANNUALBUDGET_ID) values (195,'2005','Mission : 12084_2005','12084_2005','Mission : 12084_2005',to_timestamp('18/05/09 00:00:00,000000000','DD/MM/RR HH24:MI:SS,FF'),null,null,null,null,'PENDING','REVISION',0,0,0,0,127);
Insert into MISSIONS (ID,EXERCISE,TITLE,REFER,COMMENTS,CREATEDATE,STARTDATE,DUEDATE,UPDATEDATE,UPDATEDUSER,STATUS,TYP,TOTALCOST,TOTALSCHEDULEDCOST,COUNTSCHEDULEDDAYS,VERSION,ANNUALBUDGET_ID) values (196,'2006','Mission : 12084_2006','12084_2006','Mission : 12084_2006',to_timestamp('18/05/09 00:00:00,000000000','DD/MM/RR HH24:MI:SS,FF'),null,null,null,null,'PENDING','REVISION',0,0,0,0,129);
Insert into MISSIONS (ID,EXERCISE,TITLE,REFER,COMMENTS,CREATEDATE,STARTDATE,DUEDATE,UPDATEDATE,UPDATEDUSER,STATUS,TYP,TOTALCOST,TOTALSCHEDULEDCOST,COUNTSCHEDULEDDAYS,VERSION,ANNUALBUDGET_ID) values (197,'2006','Mission : 12084_2006','12084_2006','Mission : 12084_2006',to_timestamp('18/05/09 00:00:00,000000000','DD/MM/RR HH24:MI:SS,FF'),null,null,null,null,'PENDING','REVISION',0,0,0,0,131);
Insert into MISSIONS (ID,EXERCISE,TITLE,REFER,COMMENTS,CREATEDATE,STARTDATE,DUEDATE,UPDATEDATE,UPDATEDUSER,STATUS,TYP,TOTALCOST,TOTALSCHEDULEDCOST,COUNTSCHEDULEDDAYS,VERSION,ANNUALBUDGET_ID) values (198,'2007','Mission : 12084_2007','12084_2007','Mission : 12084_2007',to_timestamp('18/05/09 00:00:00,000000000','DD/MM/RR HH24:MI:SS,FF'),null,null,null,null,'PENDING','REVISION',0,0,0,0,137);
Insert into MISSIONS (ID,EXERCISE,TITLE,REFER,COMMENTS,CREATEDATE,STARTDATE,DUEDATE,UPDATEDATE,UPDATEDUSER,STATUS,TYP,TOTALCOST,TOTALSCHEDULEDCOST,COUNTSCHEDULEDDAYS,VERSION,ANNUALBUDGET_ID) values (199,'2007','Mission : 12084_2007','12084_2007','Mission : 12084_2007',to_timestamp('18/05/09 00:00:00,000000000','DD/MM/RR HH24:MI:SS,FF'),null,null,null,null,'PENDING','REVISION',0,0,0,0,138);
Insert into MISSIONS (ID,EXERCISE,TITLE,REFER,COMMENTS,CREATEDATE,STARTDATE,DUEDATE,UPDATEDATE,UPDATEDUSER,STATUS,TYP,TOTALCOST,TOTALSCHEDULEDCOST,COUNTSCHEDULEDDAYS,VERSION,ANNUALBUDGET_ID) values (200,'2008','Mission : 12084_2008','12084_2008','Mission : 12084_2008',to_timestamp('18/05/09 00:00:00,000000000','DD/MM/RR HH24:MI:SS,FF'),null,null,null,null,'PENDING','REVISION',0,0,0,0,144);
Insert into MISSIONS (ID,EXERCISE,TITLE,REFER,COMMENTS,CREATEDATE,STARTDATE,DUEDATE,UPDATEDATE,UPDATEDUSER,STATUS,TYP,TOTALCOST,TOTALSCHEDULEDCOST,COUNTSCHEDULEDDAYS,VERSION,ANNUALBUDGET_ID) values (201,'2008','Mission : 12084_2008','12084_2008','Mission : 12084_2008',to_timestamp('18/05/09 00:00:00,000000000','DD/MM/RR HH24:MI:SS,FF'),null,null,null,null,'PENDING','REVISION',0,0,0,0,145);
Insert into MISSIONS (ID,EXERCISE,TITLE,REFER,COMMENTS,CREATEDATE,STARTDATE,DUEDATE,UPDATEDATE,UPDATEDUSER,STATUS,TYP,TOTALCOST,TOTALSCHEDULEDCOST,COUNTSCHEDULEDDAYS,VERSION,ANNUALBUDGET_ID) values (202,'2009','Mission : 12084_2009','12084_2009','Mission : 12084_2009',to_timestamp('18/05/09 00:00:00,000000000','DD/MM/RR HH24:MI:SS,FF'),null,null,null,null,'PENDING','REVISION',0,0,0,0,150);
Insert into MISSIONS (ID,EXERCISE,TITLE,REFER,COMMENTS,CREATEDATE,STARTDATE,DUEDATE,UPDATEDATE,UPDATEDUSER,STATUS,TYP,TOTALCOST,TOTALSCHEDULEDCOST,COUNTSCHEDULEDDAYS,VERSION,ANNUALBUDGET_ID) values (203,'2009','Mission : 12084_2009','12084_2009','Mission : 12084_2009',to_timestamp('18/05/09 00:00:00,000000000','DD/MM/RR HH24:MI:SS,FF'),null,null,null,null,'PENDING','REVISION',0,0,0,0,151);
Insert into MISSIONS (ID,EXERCISE,TITLE,REFER,COMMENTS,CREATEDATE,STARTDATE,DUEDATE,UPDATEDATE,UPDATEDUSER,STATUS,TYP,TOTALCOST,TOTALSCHEDULEDCOST,COUNTSCHEDULEDDAYS,VERSION,ANNUALBUDGET_ID) values (204,'1998','Mission : 16000_1998','16000_1998','Mission : 16000_1998',to_timestamp('18/05/09 00:00:00,000000000','DD/MM/RR HH24:MI:SS,FF'),null,null,null,null,'PENDING','REVISION',0,0,0,0,77);
Insert into MISSIONS (ID,EXERCISE,TITLE,REFER,COMMENTS,CREATEDATE,STARTDATE,DUEDATE,UPDATEDATE,UPDATEDUSER,STATUS,TYP,TOTALCOST,TOTALSCHEDULEDCOST,COUNTSCHEDULEDDAYS,VERSION,ANNUALBUDGET_ID) values (205,'1999','Mission : 16000_1999','16000_1999','Mission : 16000_1999',to_timestamp('18/05/09 00:00:00,000000000','DD/MM/RR HH24:MI:SS,FF'),null,null,null,null,'PENDING','REVISION',0,0,0,0,83);
Insert into MISSIONS (ID,EXERCISE,TITLE,REFER,COMMENTS,CREATEDATE,STARTDATE,DUEDATE,UPDATEDATE,UPDATEDUSER,STATUS,TYP,TOTALCOST,TOTALSCHEDULEDCOST,COUNTSCHEDULEDDAYS,VERSION,ANNUALBUDGET_ID) values (206,'2000','Mission : 16000_2000','16000_2000','Mission : 16000_2000',to_timestamp('18/05/09 00:00:00,000000000','DD/MM/RR HH24:MI:SS,FF'),null,null,null,null,'PENDING','REVISION',0,0,0,0,88);
Insert into MISSIONS (ID,EXERCISE,TITLE,REFER,COMMENTS,CREATEDATE,STARTDATE,DUEDATE,UPDATEDATE,UPDATEDUSER,STATUS,TYP,TOTALCOST,TOTALSCHEDULEDCOST,COUNTSCHEDULEDDAYS,VERSION,ANNUALBUDGET_ID) values (207,'2001','Mission : 16000_2001','16000_2001','Mission : 16000_2001',to_timestamp('18/05/09 00:00:00,000000000','DD/MM/RR HH24:MI:SS,FF'),null,null,null,null,'PENDING','REVISION',0,0,0,0,94);
Insert into MISSIONS (ID,EXERCISE,TITLE,REFER,COMMENTS,CREATEDATE,STARTDATE,DUEDATE,UPDATEDATE,UPDATEDUSER,STATUS,TYP,TOTALCOST,TOTALSCHEDULEDCOST,COUNTSCHEDULEDDAYS,VERSION,ANNUALBUDGET_ID) values (208,'2002','Mission : 16000_2002','16000_2002','Mission : 16000_2002',to_timestamp('18/05/09 00:00:00,000000000','DD/MM/RR HH24:MI:SS,FF'),null,null,null,null,'PENDING','REVISION',0,0,0,0,102);
Insert into MISSIONS (ID,EXERCISE,TITLE,REFER,COMMENTS,CREATEDATE,STARTDATE,DUEDATE,UPDATEDATE,UPDATEDUSER,STATUS,TYP,TOTALCOST,TOTALSCHEDULEDCOST,COUNTSCHEDULEDDAYS,VERSION,ANNUALBUDGET_ID) values (209,'2003','Mission : 16000_2003','16000_2003','Mission : 16000_2003',to_timestamp('18/05/09 00:00:00,000000000','DD/MM/RR HH24:MI:SS,FF'),null,null,null,null,'PENDING','REVISION',0,0,0,0,108);
Insert into MISSIONS (ID,EXERCISE,TITLE,REFER,COMMENTS,CREATEDATE,STARTDATE,DUEDATE,UPDATEDATE,UPDATEDUSER,STATUS,TYP,TOTALCOST,TOTALSCHEDULEDCOST,COUNTSCHEDULEDDAYS,VERSION,ANNUALBUDGET_ID) values (210,'2004','Mission : 16000_2004','16000_2004','Mission : 16000_2004',to_timestamp('18/05/09 00:00:00,000000000','DD/MM/RR HH24:MI:SS,FF'),null,null,null,null,'PENDING','REVISION',0,0,0,0,117);
Insert into MISSIONS (ID,EXERCISE,TITLE,REFER,COMMENTS,CREATEDATE,STARTDATE,DUEDATE,UPDATEDATE,UPDATEDUSER,STATUS,TYP,TOTALCOST,TOTALSCHEDULEDCOST,COUNTSCHEDULEDDAYS,VERSION,ANNUALBUDGET_ID) values (211,'2005','Mission : 16000_2005','16000_2005','Mission : 16000_2005',to_timestamp('18/05/09 00:00:00,000000000','DD/MM/RR HH24:MI:SS,FF'),null,null,null,null,'PENDING','REVISION',0,0,0,0,126);
Insert into MISSIONS (ID,EXERCISE,TITLE,REFER,COMMENTS,CREATEDATE,STARTDATE,DUEDATE,UPDATEDATE,UPDATEDUSER,STATUS,TYP,TOTALCOST,TOTALSCHEDULEDCOST,COUNTSCHEDULEDDAYS,VERSION,ANNUALBUDGET_ID) values (212,'2006','Mission : 16000_2006','16000_2006','Mission : 16000_2006',to_timestamp('18/05/09 00:00:00,000000000','DD/MM/RR HH24:MI:SS,FF'),null,null,null,null,'PENDING','REVISION',0,0,0,0,132);
Insert into MISSIONS (ID,EXERCISE,TITLE,REFER,COMMENTS,CREATEDATE,STARTDATE,DUEDATE,UPDATEDATE,UPDATEDUSER,STATUS,TYP,TOTALCOST,TOTALSCHEDULEDCOST,COUNTSCHEDULEDDAYS,VERSION,ANNUALBUDGET_ID) values (213,'2007','Mission : 16000_2007','16000_2007','Mission : 16000_2007',to_timestamp('18/05/09 00:00:00,000000000','DD/MM/RR HH24:MI:SS,FF'),null,null,null,null,'PENDING','REVISION',0,0,0,0,141);
Insert into MISSIONS (ID,EXERCISE,TITLE,REFER,COMMENTS,CREATEDATE,STARTDATE,DUEDATE,UPDATEDATE,UPDATEDUSER,STATUS,TYP,TOTALCOST,TOTALSCHEDULEDCOST,COUNTSCHEDULEDDAYS,VERSION,ANNUALBUDGET_ID) values (214,'2008','Mission : 16000_2008','16000_2008','Mission : 16000_2008',to_timestamp('18/05/09 00:00:00,000000000','DD/MM/RR HH24:MI:SS,FF'),null,null,null,null,'PENDING','REVISION',0,0,0,0,146);
Insert into MISSIONS (ID,EXERCISE,TITLE,REFER,COMMENTS,CREATEDATE,STARTDATE,DUEDATE,UPDATEDATE,UPDATEDUSER,STATUS,TYP,TOTALCOST,TOTALSCHEDULEDCOST,COUNTSCHEDULEDDAYS,VERSION,ANNUALBUDGET_ID) values (215,'2009','Mission : 16000_2009','16000_2009','Mission : 16000_2009',to_timestamp('18/05/09 00:00:00,000000000','DD/MM/RR HH24:MI:SS,FF'),null,null,null,null,'PENDING','REVISION',0,0,0,0,152);
Insert into MISSIONS (ID,EXERCISE,TITLE,REFER,COMMENTS,CREATEDATE,STARTDATE,DUEDATE,UPDATEDATE,UPDATEDUSER,STATUS,TYP,TOTALCOST,TOTALSCHEDULEDCOST,COUNTSCHEDULEDDAYS,VERSION,ANNUALBUDGET_ID) values (216,'1998','Mission : 82633_1998','82633_1998','Mission : 82633_1998',to_timestamp('18/05/09 00:00:00,000000000','DD/MM/RR HH24:MI:SS,FF'),null,null,null,null,'PENDING','REVISION',0,0,0,0,78);
Insert into MISSIONS (ID,EXERCISE,TITLE,REFER,COMMENTS,CREATEDATE,STARTDATE,DUEDATE,UPDATEDATE,UPDATEDUSER,STATUS,TYP,TOTALCOST,TOTALSCHEDULEDCOST,COUNTSCHEDULEDDAYS,VERSION,ANNUALBUDGET_ID) values (217,'1999','Mission : 82633_1999','82633_1999','Mission : 82633_1999',to_timestamp('18/05/09 00:00:00,000000000','DD/MM/RR HH24:MI:SS,FF'),null,null,null,null,'PENDING','REVISION',0,0,0,0,85);
Insert into MISSIONS (ID,EXERCISE,TITLE,REFER,COMMENTS,CREATEDATE,STARTDATE,DUEDATE,UPDATEDATE,UPDATEDUSER,STATUS,TYP,TOTALCOST,TOTALSCHEDULEDCOST,COUNTSCHEDULEDDAYS,VERSION,ANNUALBUDGET_ID) values (218,'2000','Mission : 82633_2000','82633_2000','Mission : 82633_2000',to_timestamp('18/05/09 00:00:00,000000000','DD/MM/RR HH24:MI:SS,FF'),null,null,null,null,'PENDING','REVISION',0,0,0,0,90);
Insert into MISSIONS (ID,EXERCISE,TITLE,REFER,COMMENTS,CREATEDATE,STARTDATE,DUEDATE,UPDATEDATE,UPDATEDUSER,STATUS,TYP,TOTALCOST,TOTALSCHEDULEDCOST,COUNTSCHEDULEDDAYS,VERSION,ANNUALBUDGET_ID) values (219,'2001','Mission : 82633_2001','82633_2001','Mission : 82633_2001',to_timestamp('18/05/09 00:00:00,000000000','DD/MM/RR HH24:MI:SS,FF'),null,null,null,null,'PENDING','REVISION',0,0,0,0,96);
Insert into MISSIONS (ID,EXERCISE,TITLE,REFER,COMMENTS,CREATEDATE,STARTDATE,DUEDATE,UPDATEDATE,UPDATEDUSER,STATUS,TYP,TOTALCOST,TOTALSCHEDULEDCOST,COUNTSCHEDULEDDAYS,VERSION,ANNUALBUDGET_ID) values (220,'2002','Mission : 82633_2002','82633_2002','Mission : 82633_2002',to_timestamp('18/05/09 00:00:00,000000000','DD/MM/RR HH24:MI:SS,FF'),null,null,null,null,'PENDING','REVISION',0,0,0,0,105);
Insert into MISSIONS (ID,EXERCISE,TITLE,REFER,COMMENTS,CREATEDATE,STARTDATE,DUEDATE,UPDATEDATE,UPDATEDUSER,STATUS,TYP,TOTALCOST,TOTALSCHEDULEDCOST,COUNTSCHEDULEDDAYS,VERSION,ANNUALBUDGET_ID) values (221,'2003','Mission : 82633_2003','82633_2003','Mission : 82633_2003',to_timestamp('18/05/09 00:00:00,000000000','DD/MM/RR HH24:MI:SS,FF'),null,null,null,null,'PENDING','REVISION',0,0,0,0,109);
Insert into MISSIONS (ID,EXERCISE,TITLE,REFER,COMMENTS,CREATEDATE,STARTDATE,DUEDATE,UPDATEDATE,UPDATEDUSER,STATUS,TYP,TOTALCOST,TOTALSCHEDULEDCOST,COUNTSCHEDULEDDAYS,VERSION,ANNUALBUDGET_ID) values (222,'2004','Mission : 82633_2004','82633_2004','Mission : 82633_2004',to_timestamp('18/05/09 00:00:00,000000000','DD/MM/RR HH24:MI:SS,FF'),null,null,null,null,'PENDING','REVISION',0,0,0,0,119);
Insert into MISSIONS (ID,EXERCISE,TITLE,REFER,COMMENTS,CREATEDATE,STARTDATE,DUEDATE,UPDATEDATE,UPDATEDUSER,STATUS,TYP,TOTALCOST,TOTALSCHEDULEDCOST,COUNTSCHEDULEDDAYS,VERSION,ANNUALBUDGET_ID) values (223,'2005','Mission : 82633_2005','82633_2005','Mission : 82633_2005',to_timestamp('18/05/09 00:00:00,000000000','DD/MM/RR HH24:MI:SS,FF'),null,null,null,null,'PENDING','REVISION',0,0,0,0,125);
Insert into MISSIONS (ID,EXERCISE,TITLE,REFER,COMMENTS,CREATEDATE,STARTDATE,DUEDATE,UPDATEDATE,UPDATEDUSER,STATUS,TYP,TOTALCOST,TOTALSCHEDULEDCOST,COUNTSCHEDULEDDAYS,VERSION,ANNUALBUDGET_ID) values (224,'2006','Mission : 82633_2006','82633_2006','Mission : 82633_2006',to_timestamp('18/05/09 00:00:00,000000000','DD/MM/RR HH24:MI:SS,FF'),null,null,null,null,'PENDING','REVISION',0,0,0,0,134);
Insert into MISSIONS (ID,EXERCISE,TITLE,REFER,COMMENTS,CREATEDATE,STARTDATE,DUEDATE,UPDATEDATE,UPDATEDUSER,STATUS,TYP,TOTALCOST,TOTALSCHEDULEDCOST,COUNTSCHEDULEDDAYS,VERSION,ANNUALBUDGET_ID) values (225,'2007','Mission : 82633_2007','82633_2007','Mission : 82633_2007',to_timestamp('18/05/09 00:00:00,000000000','DD/MM/RR HH24:MI:SS,FF'),null,null,null,null,'PENDING','REVISION',0,0,0,0,136);
Insert into MISSIONS (ID,EXERCISE,TITLE,REFER,COMMENTS,CREATEDATE,STARTDATE,DUEDATE,UPDATEDATE,UPDATEDUSER,STATUS,TYP,TOTALCOST,TOTALSCHEDULEDCOST,COUNTSCHEDULEDDAYS,VERSION,ANNUALBUDGET_ID) values (226,'2008','Mission : 82633_2008','82633_2008','Mission : 82633_2008',to_timestamp('18/05/09 00:00:00,000000000','DD/MM/RR HH24:MI:SS,FF'),null,null,null,null,'PENDING','REVISION',0,0,0,0,143);
Insert into MISSIONS (ID,EXERCISE,TITLE,REFER,COMMENTS,CREATEDATE,STARTDATE,DUEDATE,UPDATEDATE,UPDATEDUSER,STATUS,TYP,TOTALCOST,TOTALSCHEDULEDCOST,COUNTSCHEDULEDDAYS,VERSION,ANNUALBUDGET_ID) values (227,'2009','Mission : 82633_2009','82633_2009','Mission : 82633_2009',to_timestamp('18/05/09 00:00:00,000000000','DD/MM/RR HH24:MI:SS,FF'),null,null,null,null,'PENDING','REVISION',0,0,0,0,154);

---------------------------------------------------
--   END DATA FOR TABLE MISSIONS
---------------------------------------------------

---------------------------------------------------
--   DATA FOR TABLE PROFILES
--   FILTER = none used
---------------------------------------------------
REM INSERTING into PROFILES
Insert into PROFILES (ID,VERSION,NAME,FROMDATE,TODATE,ACTIVE) values (1,0,'SENIOR_MANAGER',to_timestamp('18/05/09 10:20:49,000000000','DD/MM/RR HH24:MI:SS,FF'),to_timestamp('18/05/09 10:20:49,000000000','DD/MM/RR HH24:MI:SS,FF'),1);
Insert into PROFILES (ID,VERSION,NAME,FROMDATE,TODATE,ACTIVE) values (2,0,'DIRECTOR',to_timestamp('18/05/09 10:20:50,000000000','DD/MM/RR HH24:MI:SS,FF'),to_timestamp('18/05/09 10:20:50,000000000','DD/MM/RR HH24:MI:SS,FF'),1);
Insert into PROFILES (ID,VERSION,NAME,FROMDATE,TODATE,ACTIVE) values (3,0,'ASSISTANTS',to_timestamp('18/05/09 10:20:50,000000000','DD/MM/RR HH24:MI:SS,FF'),to_timestamp('18/05/09 10:20:50,000000000','DD/MM/RR HH24:MI:SS,FF'),1);
Insert into PROFILES (ID,VERSION,NAME,FROMDATE,TODATE,ACTIVE) values (4,0,'PARTNER',to_timestamp('18/05/09 10:20:50,000000000','DD/MM/RR HH24:MI:SS,FF'),to_timestamp('18/05/09 10:20:50,000000000','DD/MM/RR HH24:MI:SS,FF'),1);
Insert into PROFILES (ID,VERSION,NAME,FROMDATE,TODATE,ACTIVE) values (5,0,'MGMT_PARTNER',to_timestamp('18/05/09 10:20:50,000000000','DD/MM/RR HH24:MI:SS,FF'),to_timestamp('18/05/09 10:20:50,000000000','DD/MM/RR HH24:MI:SS,FF'),1);
Insert into PROFILES (ID,VERSION,NAME,FROMDATE,TODATE,ACTIVE) values (6,0,'SECRETAIRE',to_timestamp('18/05/09 10:20:50,000000000','DD/MM/RR HH24:MI:SS,FF'),to_timestamp('18/05/09 10:20:50,000000000','DD/MM/RR HH24:MI:SS,FF'),1);
Insert into PROFILES (ID,VERSION,NAME,FROMDATE,TODATE,ACTIVE) values (7,0,'MANAGER',to_timestamp('18/05/09 10:20:50,000000000','DD/MM/RR HH24:MI:SS,FF'),to_timestamp('18/05/09 10:20:50,000000000','DD/MM/RR HH24:MI:SS,FF'),1);
Insert into PROFILES (ID,VERSION,NAME,FROMDATE,TODATE,ACTIVE) values (8,0,'ASSISTANT_MANAGER',to_timestamp('18/05/09 10:20:50,000000000','DD/MM/RR HH24:MI:SS,FF'),to_timestamp('18/05/09 10:20:50,000000000','DD/MM/RR HH24:MI:SS,FF'),1);
Insert into PROFILES (ID,VERSION,NAME,FROMDATE,TODATE,ACTIVE) values (9,0,'SENIOR_MANAGER',to_timestamp('18/05/09 10:20:50,000000000','DD/MM/RR HH24:MI:SS,FF'),to_timestamp('18/05/09 10:20:50,000000000','DD/MM/RR HH24:MI:SS,FF'),1);
Insert into PROFILES (ID,VERSION,NAME,FROMDATE,TODATE,ACTIVE) values (10,0,'SENIORS',to_timestamp('18/05/09 10:20:50,000000000','DD/MM/RR HH24:MI:SS,FF'),to_timestamp('18/05/09 10:20:50,000000000','DD/MM/RR HH24:MI:SS,FF'),1);

---------------------------------------------------
--   END DATA FOR TABLE PROFILES
---------------------------------------------------

---------------------------------------------------
--   DATA FOR TABLE DOCUMENTS
--   FILTER = none used
---------------------------------------------------
REM INSERTING into DOCUMENTS

---------------------------------------------------
--   END DATA FOR TABLE DOCUMENTS
---------------------------------------------------

---------------------------------------------------
--   DATA FOR TABLE ORIGINS
--   FILTER = none used
---------------------------------------------------
REM INSERTING into ORIGINS
Insert into ORIGINS (ID,NAME,CODE) values (1,'InterFiduciaire','IF');
Insert into ORIGINS (ID,NAME,CODE) values (2,'InterAudit','IA');
Insert into ORIGINS (ID,NAME,CODE) values (3,'Atoz','AT');
Insert into ORIGINS (ID,NAME,CODE) values (4,'Fideos','FD');
Insert into ORIGINS (ID,NAME,CODE) values (5,'Bob Bernard','BB');
Insert into ORIGINS (ID,NAME,CODE) values (6,'Signes','SG');
Insert into ORIGINS (ID,NAME,CODE) values (7,'Inconnue','IC');

---------------------------------------------------
--   END DATA FOR TABLE ORIGINS
---------------------------------------------------

---------------------------------------------------
--   DATA FOR TABLE CONTACTS
--   FILTER = none used
---------------------------------------------------
REM INSERTING into CONTACTS
Insert into CONTACTS (ID,NAME,F_NAME,L_NAME,JOB,B_PHONE,B_MOBILE,B_FAX,P_PHONE,P_MOBILE,B_EMAIL,P_EMAIL,B_WEB_ADDR,ACTIVE,B_ACTIVITY,UPDATEDUSER,COMPANY,ADDRESS,CREATEDATE,UPDATEDATE,VERSION,FK_CUSTOMER) values (516,'contact1','ben','dupont','Senior engineer','+352 4410122133','+333 698177277','+352 4410122132','+333 87654599','+333 698177277','b.blocail@intrasoft.lu','bernard.blocail@wanadoo.fr','http:www>intrasoft.lu',1,'software',null,'intrasoft',null,null,null,0,653);
Insert into CONTACTS (ID,NAME,F_NAME,L_NAME,JOB,B_PHONE,B_MOBILE,B_FAX,P_PHONE,P_MOBILE,B_EMAIL,P_EMAIL,B_WEB_ADDR,ACTIVE,B_ACTIVITY,UPDATEDUSER,COMPANY,ADDRESS,CREATEDATE,UPDATEDATE,VERSION,FK_CUSTOMER) values (518,'contact1','ben','dupont','Senior engineer','+352 4410122133','+333 698177277','+352 4410122132','+333 87654599','+333 698177277','b.blocail@intrasoft.lu','bernard.blocail@wanadoo.fr','http:www>intrasoft.lu',1,'software',null,'intrasoft',null,null,null,0,651);
Insert into CONTACTS (ID,NAME,F_NAME,L_NAME,JOB,B_PHONE,B_MOBILE,B_FAX,P_PHONE,P_MOBILE,B_EMAIL,P_EMAIL,B_WEB_ADDR,ACTIVE,B_ACTIVITY,UPDATEDUSER,COMPANY,ADDRESS,CREATEDATE,UPDATEDATE,VERSION,FK_CUSTOMER) values (520,'contact1','ben','dupont','Senior engineer','+352 4410122133','+333 698177277','+352 4410122132','+333 87654599','+333 698177277','b.blocail@intrasoft.lu','bernard.blocail@wanadoo.fr','http:www>intrasoft.lu',1,'software',null,'intrasoft',null,null,null,0,654);
Insert into CONTACTS (ID,NAME,F_NAME,L_NAME,JOB,B_PHONE,B_MOBILE,B_FAX,P_PHONE,P_MOBILE,B_EMAIL,P_EMAIL,B_WEB_ADDR,ACTIVE,B_ACTIVITY,UPDATEDUSER,COMPANY,ADDRESS,CREATEDATE,UPDATEDATE,VERSION,FK_CUSTOMER) values (522,'contact1','ben','dupont','Senior engineer','+352 4410122133','+333 698177277','+352 4410122132','+333 87654599','+333 698177277','b.blocail@intrasoft.lu','bernard.blocail@wanadoo.fr','http:www>intrasoft.lu',1,'software',null,'intrasoft',null,null,null,0,652);
Insert into CONTACTS (ID,NAME,F_NAME,L_NAME,JOB,B_PHONE,B_MOBILE,B_FAX,P_PHONE,P_MOBILE,B_EMAIL,P_EMAIL,B_WEB_ADDR,ACTIVE,B_ACTIVITY,UPDATEDUSER,COMPANY,ADDRESS,CREATEDATE,UPDATEDATE,VERSION,FK_CUSTOMER) values (524,'contact1','ben','dupont','Senior engineer','+352 4410122133','+333 698177277','+352 4410122132','+333 87654599','+333 698177277','b.blocail@intrasoft.lu','bernard.blocail@wanadoo.fr','http:www>intrasoft.lu',1,'software',null,'intrasoft',null,null,null,0,655);
Insert into CONTACTS (ID,NAME,F_NAME,L_NAME,JOB,B_PHONE,B_MOBILE,B_FAX,P_PHONE,P_MOBILE,B_EMAIL,P_EMAIL,B_WEB_ADDR,ACTIVE,B_ACTIVITY,UPDATEDUSER,COMPANY,ADDRESS,CREATEDATE,UPDATEDATE,VERSION,FK_CUSTOMER) values (526,'contact1','ben','dupont','Senior engineer','+352 4410122133','+333 698177277','+352 4410122132','+333 87654599','+333 698177277','b.blocail@intrasoft.lu','bernard.blocail@wanadoo.fr','http:www>intrasoft.lu',1,'software',null,'intrasoft',null,null,null,0,650);

---------------------------------------------------
--   END DATA FOR TABLE CONTACTS
---------------------------------------------------

---------------------------------------------------
--   DATA FOR TABLE DOCUMENT_INVOICES
--   FILTER = none used
---------------------------------------------------
REM INSERTING into DOCUMENT_INVOICES

---------------------------------------------------
--   END DATA FOR TABLE DOCUMENT_INVOICES
---------------------------------------------------
--------------------------------------------------------
--  Constraints for Table ACTIVITIES
--------------------------------------------------------

  ALTER TABLE "ACTIVITIES" MODIFY ("DTYPE" NOT NULL ENABLE);
 
  ALTER TABLE "ACTIVITIES" MODIFY ("ID" NOT NULL ENABLE);
 
  ALTER TABLE "ACTIVITIES" MODIFY ("PRESTATION" NOT NULL ENABLE);
 
  ALTER TABLE "ACTIVITIES" MODIFY ("REFERENCE" NOT NULL ENABLE);
 
  ALTER TABLE "ACTIVITIES" MODIFY ("DESCRIPTION" NOT NULL ENABLE);
 
  ALTER TABLE "ACTIVITIES" MODIFY ("VERSION" NOT NULL ENABLE);
 
  ALTER TABLE "ACTIVITIES" MODIFY ("PUBLISHED" NOT NULL ENABLE);
 
  ALTER TABLE "ACTIVITIES" ADD PRIMARY KEY ("ID") ENABLE;
--------------------------------------------------------
--  Constraints for Table BANKS
--------------------------------------------------------

  ALTER TABLE "BANKS" MODIFY ("ID" NOT NULL ENABLE);
 
  ALTER TABLE "BANKS" MODIFY ("NAME" NOT NULL ENABLE);
 
  ALTER TABLE "BANKS" MODIFY ("CODE" NOT NULL ENABLE);
 
  ALTER TABLE "BANKS" MODIFY ("ACCOUNT" NOT NULL ENABLE);
 
  ALTER TABLE "BANKS" MODIFY ("ACTIVE" NOT NULL ENABLE);
 
  ALTER TABLE "BANKS" ADD PRIMARY KEY ("ID") ENABLE;
 
  ALTER TABLE "BANKS" ADD UNIQUE ("NAME") ENABLE;
 
  ALTER TABLE "BANKS" ADD UNIQUE ("CODE") ENABLE;
 
  ALTER TABLE "BANKS" ADD UNIQUE ("ACCOUNT") ENABLE;
--------------------------------------------------------
--  Constraints for Table BUDGETS
--------------------------------------------------------

  ALTER TABLE "BUDGETS" MODIFY ("ID" NOT NULL ENABLE);
 
  ALTER TABLE "BUDGETS" MODIFY ("VERSION" NOT NULL ENABLE);
 
  ALTER TABLE "BUDGETS" MODIFY ("EXP_AMOUNT" NOT NULL ENABLE);
 
  ALTER TABLE "BUDGETS" MODIFY ("FK_EXERCISE" NOT NULL ENABLE);
 
  ALTER TABLE "BUDGETS" MODIFY ("FK_CONTRACT" NOT NULL ENABLE);
 
  ALTER TABLE "BUDGETS" ADD PRIMARY KEY ("ID") ENABLE;
--------------------------------------------------------
--  Constraints for Table CONTACTS
--------------------------------------------------------

  ALTER TABLE "CONTACTS" MODIFY ("ID" NOT NULL ENABLE);
 
  ALTER TABLE "CONTACTS" MODIFY ("NAME" NOT NULL ENABLE);
 
  ALTER TABLE "CONTACTS" MODIFY ("F_NAME" NOT NULL ENABLE);
 
  ALTER TABLE "CONTACTS" MODIFY ("L_NAME" NOT NULL ENABLE);
 
  ALTER TABLE "CONTACTS" MODIFY ("P_PHONE" NOT NULL ENABLE);
 
  ALTER TABLE "CONTACTS" MODIFY ("ACTIVE" NOT NULL ENABLE);
 
  ALTER TABLE "CONTACTS" MODIFY ("COMPANY" NOT NULL ENABLE);
 
  ALTER TABLE "CONTACTS" MODIFY ("VERSION" NOT NULL ENABLE);
 
  ALTER TABLE "CONTACTS" MODIFY ("FK_CUSTOMER" NOT NULL ENABLE);
 
  ALTER TABLE "CONTACTS" ADD PRIMARY KEY ("ID") ENABLE;
--------------------------------------------------------
--  Constraints for Table CONTRACTS
--------------------------------------------------------

  ALTER TABLE "CONTRACTS" MODIFY ("ID" NOT NULL ENABLE);
 
  ALTER TABLE "CONTRACTS" MODIFY ("VAL" NOT NULL ENABLE);
 
  ALTER TABLE "CONTRACTS" MODIFY ("CUR" NOT NULL ENABLE);
 
  ALTER TABLE "CONTRACTS" MODIFY ("VERSION" NOT NULL ENABLE);
 
  ALTER TABLE "CONTRACTS" ADD PRIMARY KEY ("ID") ENABLE;
--------------------------------------------------------
--  Constraints for Table CUSTOMERS
--------------------------------------------------------

  ALTER TABLE "CUSTOMERS" MODIFY ("ID" NOT NULL ENABLE);
 
  ALTER TABLE "CUSTOMERS" MODIFY ("ACTIVE" NOT NULL ENABLE);
 
  ALTER TABLE "CUSTOMERS" MODIFY ("CODE" NOT NULL ENABLE);
 
  ALTER TABLE "CUSTOMERS" MODIFY ("VERSION" NOT NULL ENABLE);
 
  ALTER TABLE "CUSTOMERS" ADD PRIMARY KEY ("ID") ENABLE;
 
  ALTER TABLE "CUSTOMERS" ADD UNIQUE ("COMPY_NAME") ENABLE;
 
  ALTER TABLE "CUSTOMERS" ADD UNIQUE ("CODE") ENABLE;
--------------------------------------------------------
--  Constraints for Table DECLARATIONS
--------------------------------------------------------

  ALTER TABLE "DECLARATIONS" MODIFY ("ID" NOT NULL ENABLE);
 
  ALTER TABLE "DECLARATIONS" MODIFY ("DECLARATION" NOT NULL ENABLE);
 
  ALTER TABLE "DECLARATIONS" MODIFY ("PASSPORT" NOT NULL ENABLE);
 
  ALTER TABLE "DECLARATIONS" MODIFY ("ACTIVE" NOT NULL ENABLE);
 
  ALTER TABLE "DECLARATIONS" ADD PRIMARY KEY ("ID") ENABLE;
--------------------------------------------------------
--  Constraints for Table DOCS_INVOICES
--------------------------------------------------------

  ALTER TABLE "DOCS_INVOICES" MODIFY ("ID_INVOICE" NOT NULL ENABLE);
 
  ALTER TABLE "DOCS_INVOICES" MODIFY ("ID_DOCUMENT" NOT NULL ENABLE);
--------------------------------------------------------
--  Constraints for Table DOCS_MISSIONS
--------------------------------------------------------

  ALTER TABLE "DOCS_MISSIONS" MODIFY ("ID_MISSION" NOT NULL ENABLE);
 
  ALTER TABLE "DOCS_MISSIONS" MODIFY ("ID_DOCUMENT" NOT NULL ENABLE);
 
  ALTER TABLE "DOCS_MISSIONS" ADD PRIMARY KEY ("ID_MISSION", "ID_DOCUMENT") ENABLE;
--------------------------------------------------------
--  Constraints for Table DOCUMENT_INVOICES
--------------------------------------------------------

  ALTER TABLE "DOCUMENT_INVOICES" MODIFY ("DOCUMENT_ID" NOT NULL ENABLE);
 
  ALTER TABLE "DOCUMENT_INVOICES" MODIFY ("INVOICE_ID" NOT NULL ENABLE);
 
  ALTER TABLE "DOCUMENT_INVOICES" ADD PRIMARY KEY ("DOCUMENT_ID", "INVOICE_ID") ENABLE;
--------------------------------------------------------
--  Constraints for Table DOCUMENTS
--------------------------------------------------------

  ALTER TABLE "DOCUMENTS" MODIFY ("ID" NOT NULL ENABLE);
 
  ALTER TABLE "DOCUMENTS" MODIFY ("VERSION" NOT NULL ENABLE);
 
  ALTER TABLE "DOCUMENTS" ADD PRIMARY KEY ("ID") ENABLE;
--------------------------------------------------------
--  Constraints for Table EMPLOYEES
--------------------------------------------------------

  ALTER TABLE "EMPLOYEES" MODIFY ("ID" NOT NULL ENABLE);
 
  ALTER TABLE "EMPLOYEES" MODIFY ("VERSION" NOT NULL ENABLE);
 
  ALTER TABLE "EMPLOYEES" MODIFY ("PRIXVENTE" NOT NULL ENABLE);
 
  ALTER TABLE "EMPLOYEES" MODIFY ("PRIXREVIENT" NOT NULL ENABLE);
 
  ALTER TABLE "EMPLOYEES" MODIFY ("COUTHORAIRE" NOT NULL ENABLE);
 
  ALTER TABLE "EMPLOYEES" ADD PRIMARY KEY ("ID") ENABLE;
 
  ALTER TABLE "EMPLOYEES" ADD UNIQUE ("LOGIN") ENABLE;
--------------------------------------------------------
--  Constraints for Table EXERCISES
--------------------------------------------------------

  ALTER TABLE "EXERCISES" MODIFY ("ID" NOT NULL ENABLE);
 
  ALTER TABLE "EXERCISES" MODIFY ("VERSION" NOT NULL ENABLE);
 
  ALTER TABLE "EXERCISES" MODIFY ("YEAR" NOT NULL ENABLE);
 
  ALTER TABLE "EXERCISES" ADD PRIMARY KEY ("ID") ENABLE;
 
  ALTER TABLE "EXERCISES" ADD UNIQUE ("YEAR") ENABLE;
--------------------------------------------------------
--  Constraints for Table INVOICE_REMINDS
--------------------------------------------------------

  ALTER TABLE "INVOICE_REMINDS" MODIFY ("ID" NOT NULL ENABLE);
 
  ALTER TABLE "INVOICE_REMINDS" MODIFY ("VERSION" NOT NULL ENABLE);
 
  ALTER TABLE "INVOICE_REMINDS" MODIFY ("FK_FACTURE" NOT NULL ENABLE);
 
  ALTER TABLE "INVOICE_REMINDS" ADD PRIMARY KEY ("ID") ENABLE;
--------------------------------------------------------
--  Constraints for Table INVOICES
--------------------------------------------------------

  ALTER TABLE "INVOICES" MODIFY ("DTYPE" NOT NULL ENABLE);
 
  ALTER TABLE "INVOICES" MODIFY ("ID" NOT NULL ENABLE);
 
  ALTER TABLE "INVOICES" MODIFY ("VERSION" NOT NULL ENABLE);
 
  ALTER TABLE "INVOICES" MODIFY ("CURRENCY" NOT NULL ENABLE);
 
  ALTER TABLE "INVOICES" MODIFY ("YEAR" NOT NULL ENABLE);
 
  ALTER TABLE "INVOICES" MODIFY ("LIBELLE" NOT NULL ENABLE);
 
  ALTER TABLE "INVOICES" MODIFY ("AMOUNT" NOT NULL ENABLE);
 
  ALTER TABLE "INVOICES" MODIFY ("REFERENCE" NOT NULL ENABLE);
 
  ALTER TABLE "INVOICES" ADD PRIMARY KEY ("ID") ENABLE;
 
  ALTER TABLE "INVOICES" ADD UNIQUE ("REFERENCE") ENABLE;
--------------------------------------------------------
--  Constraints for Table MESSAGE
--------------------------------------------------------

  ALTER TABLE "MESSAGE" MODIFY ("ID" NOT NULL ENABLE);
 
  ALTER TABLE "MESSAGE" ADD PRIMARY KEY ("ID") ENABLE;
--------------------------------------------------------
--  Constraints for Table MISSION_COSTS
--------------------------------------------------------

  ALTER TABLE "MISSION_COSTS" MODIFY ("ID" NOT NULL ENABLE);
 
  ALTER TABLE "MISSION_COSTS" MODIFY ("VERSION" NOT NULL ENABLE);
 
  ALTER TABLE "MISSION_COSTS" MODIFY ("AMOUNT" NOT NULL ENABLE);
 
  ALTER TABLE "MISSION_COSTS" MODIFY ("CURRENCY" NOT NULL ENABLE);
 
  ALTER TABLE "MISSION_COSTS" ADD PRIMARY KEY ("ID") ENABLE;
--------------------------------------------------------
--  Constraints for Table MISSIONS
--------------------------------------------------------

  ALTER TABLE "MISSIONS" MODIFY ("ID" NOT NULL ENABLE);
 
  ALTER TABLE "MISSIONS" MODIFY ("REFER" NOT NULL ENABLE);
 
  ALTER TABLE "MISSIONS" MODIFY ("COMMENTS" NOT NULL ENABLE);
 
  ALTER TABLE "MISSIONS" MODIFY ("CREATEDATE" NOT NULL ENABLE);
 
  ALTER TABLE "MISSIONS" MODIFY ("TYP" NOT NULL ENABLE);
 
  ALTER TABLE "MISSIONS" MODIFY ("COUNTSCHEDULEDDAYS" NOT NULL ENABLE);
 
  ALTER TABLE "MISSIONS" MODIFY ("VERSION" NOT NULL ENABLE);
 
  ALTER TABLE "MISSIONS" ADD PRIMARY KEY ("ID") ENABLE;
--------------------------------------------------------
--  Constraints for Table ORIGINS
--------------------------------------------------------

  ALTER TABLE "ORIGINS" MODIFY ("ID" NOT NULL ENABLE);
 
  ALTER TABLE "ORIGINS" MODIFY ("NAME" NOT NULL ENABLE);
 
  ALTER TABLE "ORIGINS" MODIFY ("CODE" NOT NULL ENABLE);
 
  ALTER TABLE "ORIGINS" ADD PRIMARY KEY ("ID") ENABLE;
 
  ALTER TABLE "ORIGINS" ADD UNIQUE ("CODE") ENABLE;
--------------------------------------------------------
--  Constraints for Table PAYMENTS
--------------------------------------------------------

  ALTER TABLE "PAYMENTS" MODIFY ("ID" NOT NULL ENABLE);
 
  ALTER TABLE "PAYMENTS" MODIFY ("CODE" NOT NULL ENABLE);
 
  ALTER TABLE "PAYMENTS" MODIFY ("REFERENCE" NOT NULL ENABLE);
 
  ALTER TABLE "PAYMENTS" MODIFY ("CUSTOMERNAME" NOT NULL ENABLE);
 
  ALTER TABLE "PAYMENTS" MODIFY ("AMOUNT" NOT NULL ENABLE);
 
  ALTER TABLE "PAYMENTS" MODIFY ("CURRENCY" NOT NULL ENABLE);
 
  ALTER TABLE "PAYMENTS" MODIFY ("PAYMENTDATE" NOT NULL ENABLE);
 
  ALTER TABLE "PAYMENTS" MODIFY ("VERSION" NOT NULL ENABLE);
 
  ALTER TABLE "PAYMENTS" MODIFY ("FK_FACTURE" NOT NULL ENABLE);
 
  ALTER TABLE "PAYMENTS" ADD PRIMARY KEY ("ID") ENABLE;
 
  ALTER TABLE "PAYMENTS" ADD UNIQUE ("CODE") ENABLE;
 
  ALTER TABLE "PAYMENTS" ADD UNIQUE ("REFERENCE") ENABLE;
 
  ALTER TABLE "PAYMENTS" ADD UNIQUE ("AMOUNT") ENABLE;
 
  ALTER TABLE "PAYMENTS" ADD UNIQUE ("PAYMENTDATE") ENABLE;
--------------------------------------------------------
--  Constraints for Table PROFILES
--------------------------------------------------------

  ALTER TABLE "PROFILES" MODIFY ("ID" NOT NULL ENABLE);
 
  ALTER TABLE "PROFILES" MODIFY ("VERSION" NOT NULL ENABLE);
 
  ALTER TABLE "PROFILES" MODIFY ("ACTIVE" NOT NULL ENABLE);
 
  ALTER TABLE "PROFILES" ADD PRIMARY KEY ("ID") ENABLE;
--------------------------------------------------------
--  Constraints for Table TASKS
--------------------------------------------------------

  ALTER TABLE "TASKS" MODIFY ("ID" NOT NULL ENABLE);
 
  ALTER TABLE "TASKS" MODIFY ("CHARGEABLE" NOT NULL ENABLE);
 
  ALTER TABLE "TASKS" MODIFY ("VERSION" NOT NULL ENABLE);
 
  ALTER TABLE "TASKS" ADD PRIMARY KEY ("ID") ENABLE;
--------------------------------------------------------
--  Constraints for Table TIMESHEET_CELLS
--------------------------------------------------------

  ALTER TABLE "TIMESHEET_CELLS" MODIFY ("ID" NOT NULL ENABLE);
 
  ALTER TABLE "TIMESHEET_CELLS" MODIFY ("VERSION" NOT NULL ENABLE);
 
  ALTER TABLE "TIMESHEET_CELLS" MODIFY ("VALUE" NOT NULL ENABLE);
 
  ALTER TABLE "TIMESHEET_CELLS" MODIFY ("FK_ROW" NOT NULL ENABLE);
 
  ALTER TABLE "TIMESHEET_CELLS" ADD PRIMARY KEY ("ID") ENABLE;
--------------------------------------------------------
--  Constraints for Table TIMESHEET_ROWS
--------------------------------------------------------

  ALTER TABLE "TIMESHEET_ROWS" MODIFY ("ID" NOT NULL ENABLE);
 
  ALTER TABLE "TIMESHEET_ROWS" MODIFY ("VERSION" NOT NULL ENABLE);
 
  ALTER TABLE "TIMESHEET_ROWS" MODIFY ("TOTALOFHOURS" NOT NULL ENABLE);
 
  ALTER TABLE "TIMESHEET_ROWS" MODIFY ("YEAR" NOT NULL ENABLE);
 
  ALTER TABLE "TIMESHEET_ROWS" MODIFY ("MONTH" NOT NULL ENABLE);
 
  ALTER TABLE "TIMESHEET_ROWS" MODIFY ("FK_ACTIVITY" NOT NULL ENABLE);
 
  ALTER TABLE "TIMESHEET_ROWS" MODIFY ("FK_TIMESHEET" NOT NULL ENABLE);
 
  ALTER TABLE "TIMESHEET_ROWS" ADD PRIMARY KEY ("ID") ENABLE;
--------------------------------------------------------
--  Constraints for Table TIMESHEETS
--------------------------------------------------------

  ALTER TABLE "TIMESHEETS" MODIFY ("ID" NOT NULL ENABLE);
 
  ALTER TABLE "TIMESHEETS" MODIFY ("VERSION" NOT NULL ENABLE);
 
  ALTER TABLE "TIMESHEETS" MODIFY ("USERID" NOT NULL ENABLE);
 
  ALTER TABLE "TIMESHEETS" MODIFY ("CREATEDATE" NOT NULL ENABLE);
 
  ALTER TABLE "TIMESHEETS" MODIFY ("WEEKNUMBER" NOT NULL ENABLE);
 
  ALTER TABLE "TIMESHEETS" MODIFY ("FK_EMPLOYEE" NOT NULL ENABLE);
 
  ALTER TABLE "TIMESHEETS" ADD PRIMARY KEY ("ID") ENABLE;
--------------------------------------------------------
--  Constraints for Table TRAININGS
--------------------------------------------------------

  ALTER TABLE "TRAININGS" MODIFY ("ID" NOT NULL ENABLE);
 
  ALTER TABLE "TRAININGS" MODIFY ("TITLE" NOT NULL ENABLE);
 
  ALTER TABLE "TRAININGS" MODIFY ("DESCRIPTION" NOT NULL ENABLE);
 
  ALTER TABLE "TRAININGS" MODIFY ("STARTDATE" NOT NULL ENABLE);
 
  ALTER TABLE "TRAININGS" MODIFY ("ENDDATE" NOT NULL ENABLE);
 
  ALTER TABLE "TRAININGS" MODIFY ("COMPANYNAME" NOT NULL ENABLE);
 
  ALTER TABLE "TRAININGS" ADD PRIMARY KEY ("ID") ENABLE;
--------------------------------------------------------
--  Constraints for Table WORKDONE_PER_DAY
--------------------------------------------------------

  ALTER TABLE "WORKDONE_PER_DAY" MODIFY ("ID" NOT NULL ENABLE);
 
  ALTER TABLE "WORKDONE_PER_DAY" MODIFY ("SPENTHOURS" NOT NULL ENABLE);
 
  ALTER TABLE "WORKDONE_PER_DAY" MODIFY ("TASK" NOT NULL ENABLE);
 
  ALTER TABLE "WORKDONE_PER_DAY" ADD PRIMARY KEY ("ID") ENABLE;
--------------------------------------------------------
--  DDL for Index SYS_C0013906
--------------------------------------------------------

  CREATE UNIQUE INDEX "SYS_C0013906" ON "ACTIVITIES" ("ID") 
  ;
--------------------------------------------------------
--  DDL for Index SYS_C0013912
--------------------------------------------------------

  CREATE UNIQUE INDEX "SYS_C0013912" ON "BANKS" ("ID") 
  ;
--------------------------------------------------------
--  DDL for Index SYS_C0013913
--------------------------------------------------------

  CREATE UNIQUE INDEX "SYS_C0013913" ON "BANKS" ("NAME") 
  ;
--------------------------------------------------------
--  DDL for Index SYS_C0013914
--------------------------------------------------------

  CREATE UNIQUE INDEX "SYS_C0013914" ON "BANKS" ("CODE") 
  ;
--------------------------------------------------------
--  DDL for Index SYS_C0013915
--------------------------------------------------------

  CREATE UNIQUE INDEX "SYS_C0013915" ON "BANKS" ("ACCOUNT") 
  ;
--------------------------------------------------------
--  DDL for Index SYS_C0013921
--------------------------------------------------------

  CREATE UNIQUE INDEX "SYS_C0013921" ON "BUDGETS" ("ID") 
  ;
--------------------------------------------------------
--  DDL for Index SYS_C0013931
--------------------------------------------------------

  CREATE UNIQUE INDEX "SYS_C0013931" ON "CONTACTS" ("ID") 
  ;
--------------------------------------------------------
--  DDL for Index SYS_C0013936
--------------------------------------------------------

  CREATE UNIQUE INDEX "SYS_C0013936" ON "CONTRACTS" ("ID") 
  ;
--------------------------------------------------------
--  DDL for Index SYS_C0013941
--------------------------------------------------------

  CREATE UNIQUE INDEX "SYS_C0013941" ON "CUSTOMERS" ("ID") 
  ;
--------------------------------------------------------
--  DDL for Index SYS_C0013942
--------------------------------------------------------

  CREATE UNIQUE INDEX "SYS_C0013942" ON "CUSTOMERS" ("COMPY_NAME") 
  ;
--------------------------------------------------------
--  DDL for Index SYS_C0013943
--------------------------------------------------------

  CREATE UNIQUE INDEX "SYS_C0013943" ON "CUSTOMERS" ("CODE") 
  ;
--------------------------------------------------------
--  DDL for Index SYS_C0013948
--------------------------------------------------------

  CREATE UNIQUE INDEX "SYS_C0013948" ON "DECLARATIONS" ("ID") 
  ;
--------------------------------------------------------
--  DDL for Index SYS_C0013953
--------------------------------------------------------

  CREATE UNIQUE INDEX "SYS_C0013953" ON "DOCS_MISSIONS" ("ID_MISSION", "ID_DOCUMENT") 
  ;
--------------------------------------------------------
--  DDL for Index SYS_C009904
--------------------------------------------------------

  CREATE UNIQUE INDEX "SYS_C009904" ON "DOCUMENT_INVOICES" ("DOCUMENT_ID", "INVOICE_ID") 
  ;
--------------------------------------------------------
--  DDL for Index SYS_C0013956
--------------------------------------------------------

  CREATE UNIQUE INDEX "SYS_C0013956" ON "DOCUMENTS" ("ID") 
  ;
--------------------------------------------------------
--  DDL for Index SYS_C0013962
--------------------------------------------------------

  CREATE UNIQUE INDEX "SYS_C0013962" ON "EMPLOYEES" ("ID") 
  ;
--------------------------------------------------------
--  DDL for Index SYS_C0013963
--------------------------------------------------------

  CREATE UNIQUE INDEX "SYS_C0013963" ON "EMPLOYEES" ("LOGIN") 
  ;
--------------------------------------------------------
--  DDL for Index SYS_C0013967
--------------------------------------------------------

  CREATE UNIQUE INDEX "SYS_C0013967" ON "EXERCISES" ("ID") 
  ;
--------------------------------------------------------
--  DDL for Index SYS_C0013968
--------------------------------------------------------

  CREATE UNIQUE INDEX "SYS_C0013968" ON "EXERCISES" ("YEAR") 
  ;
--------------------------------------------------------
--  DDL for Index SYS_C0013982
--------------------------------------------------------

  CREATE UNIQUE INDEX "SYS_C0013982" ON "INVOICE_REMINDS" ("ID") 
  ;
--------------------------------------------------------
--  DDL for Index SYS_C0013977
--------------------------------------------------------

  CREATE UNIQUE INDEX "SYS_C0013977" ON "INVOICES" ("ID") 
  ;
--------------------------------------------------------
--  DDL for Index SYS_C0013978
--------------------------------------------------------

  CREATE UNIQUE INDEX "SYS_C0013978" ON "INVOICES" ("REFERENCE") 
  ;
--------------------------------------------------------
--  DDL for Index SYS_C0013984
--------------------------------------------------------

  CREATE UNIQUE INDEX "SYS_C0013984" ON "MESSAGE" ("ID") 
  ;
--------------------------------------------------------
--  DDL for Index SYS_C0013997
--------------------------------------------------------

  CREATE UNIQUE INDEX "SYS_C0013997" ON "MISSION_COSTS" ("ID") 
  ;
--------------------------------------------------------
--  DDL for Index SYS_C0013992
--------------------------------------------------------

  CREATE UNIQUE INDEX "SYS_C0013992" ON "MISSIONS" ("ID") 
  ;
--------------------------------------------------------
--  DDL for Index SYS_C0014001
--------------------------------------------------------

  CREATE UNIQUE INDEX "SYS_C0014001" ON "ORIGINS" ("ID") 
  ;
--------------------------------------------------------
--  DDL for Index SYS_C0014002
--------------------------------------------------------

  CREATE UNIQUE INDEX "SYS_C0014002" ON "ORIGINS" ("CODE") 
  ;
--------------------------------------------------------
--  DDL for Index SYS_C0014012
--------------------------------------------------------

  CREATE UNIQUE INDEX "SYS_C0014012" ON "PAYMENTS" ("ID") 
  ;
--------------------------------------------------------
--  DDL for Index SYS_C0014013
--------------------------------------------------------

  CREATE UNIQUE INDEX "SYS_C0014013" ON "PAYMENTS" ("CODE") 
  ;
--------------------------------------------------------
--  DDL for Index SYS_C0014014
--------------------------------------------------------

  CREATE UNIQUE INDEX "SYS_C0014014" ON "PAYMENTS" ("REFERENCE") 
  ;
--------------------------------------------------------
--  DDL for Index SYS_C0014015
--------------------------------------------------------

  CREATE UNIQUE INDEX "SYS_C0014015" ON "PAYMENTS" ("AMOUNT") 
  ;
--------------------------------------------------------
--  DDL for Index SYS_C0014016
--------------------------------------------------------

  CREATE UNIQUE INDEX "SYS_C0014016" ON "PAYMENTS" ("PAYMENTDATE") 
  ;
--------------------------------------------------------
--  DDL for Index SYS_C0014020
--------------------------------------------------------

  CREATE UNIQUE INDEX "SYS_C0014020" ON "PROFILES" ("ID") 
  ;
--------------------------------------------------------
--  DDL for Index SYS_C0014024
--------------------------------------------------------

  CREATE UNIQUE INDEX "SYS_C0014024" ON "TASKS" ("ID") 
  ;
--------------------------------------------------------
--  DDL for Index SYS_C0014036
--------------------------------------------------------

  CREATE UNIQUE INDEX "SYS_C0014036" ON "TIMESHEET_CELLS" ("ID") 
  ;
--------------------------------------------------------
--  DDL for Index SYS_C0014044
--------------------------------------------------------

  CREATE UNIQUE INDEX "SYS_C0014044" ON "TIMESHEET_ROWS" ("ID") 
  ;
--------------------------------------------------------
--  DDL for Index SYS_C0014031
--------------------------------------------------------

  CREATE UNIQUE INDEX "SYS_C0014031" ON "TIMESHEETS" ("ID") 
  ;
--------------------------------------------------------
--  DDL for Index SYS_C0014051
--------------------------------------------------------

  CREATE UNIQUE INDEX "SYS_C0014051" ON "TRAININGS" ("ID") 
  ;
--------------------------------------------------------
--  DDL for Index SYS_C0014055
--------------------------------------------------------

  CREATE UNIQUE INDEX "SYS_C0014055" ON "WORKDONE_PER_DAY" ("ID") 
  ;
--------------------------------------------------------
--  Ref Constraints for Table ACTIVITIES
--------------------------------------------------------

  ALTER TABLE "ACTIVITIES" ADD CONSTRAINT "FK970527ED6C6C9F11" FOREIGN KEY ("FK_TASK")
	  REFERENCES "TASKS" ("ID") ENABLE;
 
  ALTER TABLE "ACTIVITIES" ADD CONSTRAINT "FK970527ED8B5ED24D" FOREIGN KEY ("MISSION_ID")
	  REFERENCES "MISSIONS" ("ID") ENABLE;
 
  ALTER TABLE "ACTIVITIES" ADD CONSTRAINT "FK970527EDCA8067A5" FOREIGN KEY ("FK_PROFILE")
	  REFERENCES "PROFILES" ("ID") ENABLE;
 
  ALTER TABLE "ACTIVITIES" ADD CONSTRAINT "FK970527EDD76EA5E3" FOREIGN KEY ("FK_EMPLOYEE")
	  REFERENCES "EMPLOYEES" ("ID") ENABLE;

--------------------------------------------------------
--  Ref Constraints for Table BUDGETS
--------------------------------------------------------

  ALTER TABLE "BUDGETS" ADD CONSTRAINT "FK3846C5AE294B3B2E" FOREIGN KEY ("FK_MANAGER")
	  REFERENCES "EMPLOYEES" ("ID") ENABLE;
 
  ALTER TABLE "BUDGETS" ADD CONSTRAINT "FK3846C5AE3E4ADC37" FOREIGN KEY ("FK_EXERCISE")
	  REFERENCES "EXERCISES" ("ID") ENABLE;
 
  ALTER TABLE "BUDGETS" ADD CONSTRAINT "FK3846C5AE592FAAB" FOREIGN KEY ("FK_CONTRACT")
	  REFERENCES "CONTRACTS" ("ID") ENABLE;
--------------------------------------------------------
--  Ref Constraints for Table CONTACTS
--------------------------------------------------------

  ALTER TABLE "CONTACTS" ADD CONSTRAINT "FKCD35053916BD843" FOREIGN KEY ("FK_CUSTOMER")
	  REFERENCES "CUSTOMERS" ("ID") ENABLE;
--------------------------------------------------------
--  Ref Constraints for Table CONTRACTS
--------------------------------------------------------

  ALTER TABLE "CONTRACTS" ADD CONSTRAINT "FK8E852181916BD843" FOREIGN KEY ("FK_CUSTOMER")
	  REFERENCES "CUSTOMERS" ("ID") ENABLE;
--------------------------------------------------------
--  Ref Constraints for Table CUSTOMERS
--------------------------------------------------------

  ALTER TABLE "CUSTOMERS" ADD CONSTRAINT "FK6268C35294B3B2E" FOREIGN KEY ("FK_MANAGER")
	  REFERENCES "EMPLOYEES" ("ID") ENABLE;
 
  ALTER TABLE "CUSTOMERS" ADD CONSTRAINT "FK6268C35CD847372" FOREIGN KEY ("FK_ASSOCIE")
	  REFERENCES "EMPLOYEES" ("ID") ENABLE;
 
  ALTER TABLE "CUSTOMERS" ADD CONSTRAINT "FK6268C35F486AC93" FOREIGN KEY ("FK_ORIGIN")
	  REFERENCES "ORIGINS" ("ID") ENABLE;

--------------------------------------------------------
--  Ref Constraints for Table DOCS_INVOICES
--------------------------------------------------------

  ALTER TABLE "DOCS_INVOICES" ADD CONSTRAINT "FK40477C6AC08E7B27" FOREIGN KEY ("ID_DOCUMENT")
	  REFERENCES "DOCUMENTS" ("ID") ENABLE;
 
  ALTER TABLE "DOCS_INVOICES" ADD CONSTRAINT "FK40477C6AE4504B49" FOREIGN KEY ("ID_INVOICE")
	  REFERENCES "INVOICES" ("ID") ENABLE;
--------------------------------------------------------
--  Ref Constraints for Table DOCS_MISSIONS
--------------------------------------------------------

  ALTER TABLE "DOCS_MISSIONS" ADD CONSTRAINT "FKD26709EB7A20C807" FOREIGN KEY ("ID_MISSION")
	  REFERENCES "MISSIONS" ("ID") ENABLE;
 
  ALTER TABLE "DOCS_MISSIONS" ADD CONSTRAINT "FKD26709EBC08E7B27" FOREIGN KEY ("ID_DOCUMENT")
	  REFERENCES "DOCUMENTS" ("ID") ENABLE;

--------------------------------------------------------
--  Ref Constraints for Table DOCUMENTS
--------------------------------------------------------

  ALTER TABLE "DOCUMENTS" ADD CONSTRAINT "FKDE5562982368FFAE" FOREIGN KEY ("OWNER")
	  REFERENCES "EMPLOYEES" ("ID") ENABLE;
--------------------------------------------------------
--  Ref Constraints for Table EMPLOYEES
--------------------------------------------------------

  ALTER TABLE "EMPLOYEES" ADD CONSTRAINT "FK4351FF65A24E0AD9" FOREIGN KEY ("FK_POSITION")
	  REFERENCES "PROFILES" ("ID") ENABLE;

--------------------------------------------------------
--  Ref Constraints for Table INVOICE_REMINDS
--------------------------------------------------------

  ALTER TABLE "INVOICE_REMINDS" ADD CONSTRAINT "FK4448E4BC5F680542" FOREIGN KEY ("FK_FACTURE")
	  REFERENCES "INVOICES" ("ID") ENABLE;
--------------------------------------------------------
--  Ref Constraints for Table INVOICES
--------------------------------------------------------

  ALTER TABLE "INVOICES" ADD CONSTRAINT "FK549812E61B8C81A0" FOREIGN KEY ("PROJECT_ID")
	  REFERENCES "MISSIONS" ("ID") ENABLE;
--------------------------------------------------------
--  Ref Constraints for Table MESSAGE
--------------------------------------------------------

  ALTER TABLE "MESSAGE" ADD CONSTRAINT "FK63B68BE723AB9A5A" FOREIGN KEY ("TO_ID")
	  REFERENCES "EMPLOYEES" ("ID") ENABLE;
 
  ALTER TABLE "MESSAGE" ADD CONSTRAINT "FK63B68BE758B0CEA" FOREIGN KEY ("PARENT_ID")
	  REFERENCES "MESSAGE" ("ID") ENABLE;
 
  ALTER TABLE "MESSAGE" ADD CONSTRAINT "FK63B68BE78B5ED24D" FOREIGN KEY ("MISSION_ID")
	  REFERENCES "MISSIONS" ("ID") ENABLE;
 
  ALTER TABLE "MESSAGE" ADD CONSTRAINT "FK63B68BE7F9A84ECB" FOREIGN KEY ("FROM_ID")
	  REFERENCES "EMPLOYEES" ("ID") ENABLE;
--------------------------------------------------------
--  Ref Constraints for Table MISSION_COSTS
--------------------------------------------------------

  ALTER TABLE "MISSION_COSTS" ADD CONSTRAINT "FK831F01938036AB22" FOREIGN KEY ("OWNER_ID")
	  REFERENCES "EMPLOYEES" ("ID") ENABLE;
 
  ALTER TABLE "MISSION_COSTS" ADD CONSTRAINT "FK831F01938B5ED24D" FOREIGN KEY ("MISSION_ID")
	  REFERENCES "MISSIONS" ("ID") ENABLE;
--------------------------------------------------------
--  Ref Constraints for Table MISSIONS
--------------------------------------------------------

  ALTER TABLE "MISSIONS" ADD CONSTRAINT "FKE6B7A0679BED1B27" FOREIGN KEY ("ANNUALBUDGET_ID")
	  REFERENCES "BUDGETS" ("ID") ENABLE;

--------------------------------------------------------
--  Ref Constraints for Table PAYMENTS
--------------------------------------------------------

  ALTER TABLE "PAYMENTS" ADD CONSTRAINT "FK810FFF2D5F680542" FOREIGN KEY ("FK_FACTURE")
	  REFERENCES "INVOICES" ("ID") ENABLE;


--------------------------------------------------------
--  Ref Constraints for Table TIMESHEET_CELLS
--------------------------------------------------------

  ALTER TABLE "TIMESHEET_CELLS" ADD CONSTRAINT "FKA6F12B44472A6CF5" FOREIGN KEY ("FK_ROW")
	  REFERENCES "TIMESHEET_ROWS" ("ID") ENABLE;
--------------------------------------------------------
--  Ref Constraints for Table TIMESHEET_ROWS
--------------------------------------------------------

  ALTER TABLE "TIMESHEET_ROWS" ADD CONSTRAINT "FK4FBC2B6683C0BEA5" FOREIGN KEY ("FK_ACTIVITY")
	  REFERENCES "ACTIVITIES" ("ID") ENABLE;
 
  ALTER TABLE "TIMESHEET_ROWS" ADD CONSTRAINT "FK4FBC2B66E279BDBD" FOREIGN KEY ("FK_TIMESHEET")
	  REFERENCES "TIMESHEETS" ("ID") ENABLE;
--------------------------------------------------------
--  Ref Constraints for Table TIMESHEETS
--------------------------------------------------------

  ALTER TABLE "TIMESHEETS" ADD CONSTRAINT "FK821E8001D76EA5E3" FOREIGN KEY ("FK_EMPLOYEE")
	  REFERENCES "EMPLOYEES" ("ID") ENABLE;
--------------------------------------------------------
--  Ref Constraints for Table TRAININGS
--------------------------------------------------------

  ALTER TABLE "TRAININGS" ADD CONSTRAINT "FKDC0922B960E76277" FOREIGN KEY ("BENEFICIAIRE_ID")
	  REFERENCES "EMPLOYEES" ("ID") ENABLE;
--------------------------------------------------------
--  Ref Constraints for Table WORKDONE_PER_DAY
--------------------------------------------------------

  ALTER TABLE "WORKDONE_PER_DAY" ADD CONSTRAINT "FK8E3B730E121AA627" FOREIGN KEY ("INTERVENTION_ID")
	  REFERENCES "ACTIVITIES" ("ID") ENABLE;
 
  ALTER TABLE "WORKDONE_PER_DAY" ADD CONSTRAINT "FK8E3B730E9CDFBFD7" FOREIGN KEY ("TASK")
	  REFERENCES "TASKS" ("ID") ENABLE;
