<?xml version="1.0" encoding="UTF-8"?>
<!DOCTYPE sql-map
    PUBLIC "-//iBATIS.com//DTD SQL Map 1.0//EN"
    "http://www.ibatis.com/dtd/sql-map.dtd">

<sql-map name="Account">

  <result-map name="result" class="org.springframework.samples.jpetstore.domain.Account">
    <property name="username" column="userid" columnIndex="1"/>
    <property name="email" column="email" columnIndex="2"/>
    <property name="firstName" column="firstname" columnIndex="3"/>
    <property name="lastName" column="lastname" columnIndex="4"/>
    <property name="status" column="status" columnIndex="5"/>
    <property name="address1" column="addr1" columnIndex="6"/>
    <property name="address2" column="addr2" columnIndex="7"/>
    <property name="city" column="city" columnIndex="8"/>
    <property name="state" column="state" columnIndex="9"/>
    <property name="zip" column="zip" columnIndex="10"/>
    <property name="country" column="country" columnIndex="11"/>
    <property name="phone" column="phone" columnIndex="12"/>
    <property name="languagePreference" column="langpref" columnIndex="13"/>
    <property name="favouriteCategoryId" column="favcategory" columnIndex="14"/>
    <property name="listOption" column="mylistopt" columnIndex="15"/>
    <property name="bannerOption" column="banneropt" columnIndex="16"/>
    <property name="bannerName" column="bannername" columnIndex="17"/>
  </result-map>

  <mapped-statement name="getAccountByUsername" result-map="result">
    select
          signon.username as userid,
          account.email,
          account.firstname,
          account.lastname,
          account.status,
          account.addr1,
          account.addr2,
          account.city,
          account.state,
          account.zip,
          account.country,
          account.phone,
          profile.langpref,
          profile.favcategory,
          profile.mylistopt,
          profile.banneropt,
          bannerdata.bannername
    from account, profile, signon, bannerdata
    where account.userid = #value#
      and signon.username = account.userid
      and profile.userid = account.userid
      and profile.favcategory = bannerdata.favcategory
  </mapped-statement>

  <mapped-statement name="getAccountByUsernameAndPassword" result-map="result">
    select
      signon.username as userid,
      account.email,
      account.firstname,
      account.lastname,
      account.status,
      account.addr1,
      account.addr2,
      account.city,
      account.state,
      account.zip,
      account.country,
      account.phone,
      profile.langpref,
      profile.favcategory,
      profile.mylistopt,
      profile.banneropt,
      bannerdata.bannername
    from account, profile, signon, bannerdata
    where account.userid = #username#
      and signon.password = #password#
      and signon.username = account.userid
      and profile.userid = account.userid
      and profile.favcategory = bannerdata.favcategory
  </mapped-statement>

  <mapped-statement name="getUsernameList" result-class="java.lang.String">
    select username as value from signon
  </mapped-statement>

  <mapped-statement name="updateAccount">
    update account set email = #email#, firstname = #firstName#, lastname = #lastName#, status = #status#, addr1 = #address1#, addr2 = #address2:varchar#, city = #city#, state = #state#, zip = #zip#, country = #country#, phone = #phone# where userid = #username#
  </mapped-statement>

  <mapped-statement name="insertAccount">
    insert into account (email, firstname, lastname, status, addr1, addr2, city, state, zip, country, phone, userid) values (#email#, #firstName#, #lastName#, #status#, #address1#, #address2:varchar#, #city#, #state#, #zip#, #country#, #phone#, #username#)
  </mapped-statement>

  <mapped-statement name="updateProfile">
    update profile set langpref = #languagePreference#, favcategory = #favouriteCategoryId#, mylistopt = #listOptionAsInt#, banneropt = #bannerOptionAsInt# where userid = #username#
  </mapped-statement>

  <mapped-statement name="insertProfile">
    insert into profile (langpref, favcategory, mylistopt, banneropt, userid) values (#languagePreference#, #favouriteCategoryId#, #listOptionAsInt#, #bannerOptionAsInt#, #username#)
  </mapped-statement>

  <mapped-statement name="updateSignon">
    update signon set password = #password# where username = #username#
  </mapped-statement>

  <mapped-statement name="insertSignon">
    insert into signon (password,username) values (#password#,#username#)
  </mapped-statement>

</sql-map>
