<?xml version="1.0" encoding="UTF-8"?>
<!DOCTYPE sql-map
    PUBLIC "-//iBATIS.com//DTD SQL Map 1.0//EN"
    "http://www.ibatis.com/dtd/sql-map.dtd">

<sql-map name="Category">

  <cache-model name="oneDayCategory" reference-type="WEAK">
    <flush-interval hours="24"/>
  </cache-model>

  <result-map name="result" class="org.springframework.samples.jpetstore.domain.Category">
    <property name="categoryId" column="catid" columnIndex="1"/>
    <property name="name" column="name" columnIndex="2"/>
    <property name="description" column="descn" columnIndex="3"/>
  </result-map>

  <mapped-statement name="getCategory" result-map="result">
    select catid, name, descn from category where catid = #value#
  </mapped-statement>

  <mapped-statement name="getCategoryList" result-map="result">
    select catid, name, descn from category
  </mapped-statement>

</sql-map>
