<?xml version="1.0"?>
<!DOCTYPE hibernate-mapping PUBLIC
    "-//Hibernate/Hibernate Mapping DTD 3.0//EN"
    "http://hibernate.sourceforge.net/hibernate-mapping-3.0.dtd">

<hibernate-mapping>

    <class name="org.springframework.prospring.ticket.domain.PriceStructure" table="Price_Structure">
        
        <id name="id" type="long">
            <column name="id"/>
            <generator class="identity"/>
        </id>

        <property name="name" type="string">
            <column name="name"/>
        </property>

        <set name="priceBands">
            <key column="Price_Structure_id"/>
            <one-to-many class="org.springframework.prospring.ticket.domain.PriceBand"/>
        </set>

    </class>

</hibernate-mapping>