<?xml version="1.0"?>
<!DOCTYPE hibernate-mapping PUBLIC
    "-//Hibernate/Hibernate Mapping DTD 3.0//EN"
    "http://hibernate.sourceforge.net/hibernate-mapping-3.0.dtd">

<hibernate-mapping>

    <class name="org.springframework.prospring.ticket.domain.SeatClass" table="Seat_Class" lazy="false">
        
        <id name="id" type="long">
            <column name="id"/>
            <generator class="identity"/>
        </id>

        <property name="code" type="string">
            <column name="code"/>
        </property>

        <property name="description" type="string">
            <column name="description"/>
        </property>

    </class>

</hibernate-mapping>