<?xml version="1.0"?>
<!DOCTYPE hibernate-mapping PUBLIC
    "-//Hibernate/Hibernate Mapping DTD 3.0//EN"
    "http://hibernate.sourceforge.net/hibernate-mapping-3.0.dtd">

<hibernate-mapping>

    <class name="org.springframework.prospring.ticket.domain.Seat" table="Seat">

        <cache usage="read-only"/>

        <id name="id" type="long">
            <column name="id"/>
            <generator class="identity"/>
        </id>

        <property name="name" type="string">
            <column name="name"/>
        </property>

        <many-to-one name="leftSide"
                     column="left_Seat_id"
                     cascade="none"
                     outer-join="false"
                     foreign-key="fk_left_Seat"
                     not-null="false"/>

        <many-to-one name="rightSide"
                     column="right_Seat_id"
                     cascade="none"
                     outer-join="false"
                     foreign-key="fk_right_Seat"
                     not-null="false"/>

    </class>

</hibernate-mapping>