<?xml version="1.0"?>
<!DOCTYPE hibernate-mapping PUBLIC
    "-//Hibernate/Hibernate Mapping DTD 3.0//EN"
    "http://hibernate.sourceforge.net/hibernate-mapping-3.0.dtd">

<hibernate-mapping>

    <class name="org.springframework.prospring.ticket.domain.Show" table="Shows" lazy="false">

        <cache usage="read-only"/>

        <id name="id" type="long">
            <column name="id"/>
            <generator class="identity"/>
        </id>

        <property name="name" type="string">
            <column name="name"/>
        </property>

        <many-to-one name="seatingPlan"
                     lazy="false"
                     unique="true"
                     column="Seating_Plan_id"
                     class="org.springframework.prospring.ticket.domain.SeatingPlan"/>

        <set name="performances" inverse="true" lazy="false">
            <key column="Show_id"/>
            <one-to-many class="org.springframework.prospring.ticket.domain.Performance"/>
        </set>

    </class>

</hibernate-mapping>