<?xml version="1.0" encoding="UTF-8"?>
<project>
  <pomVersion>3</pomVersion>
  <artifactId>null</artifactId>
  <name>Acegi DNS Management Tool</name>
  <groupId>acegidns</groupId>
  <currentVersion>0.0.1-SNAPSHOT</currentVersion>
  <package>com.acegitech.dns</package>
  <description>Acegi DNS assists manage an access control list secured domain name system server</description>
  <shortDescription>Manages a myDns database</shortDescription>
  <url>http://www.acegi.com.au/</url>
  <developers>
    <developer>
      <name>Ben Alex</name>
      <id>benalex</id>
      <email>benalex at users.sourceforge.net</email>
    </developer>
  </developers>
  <dependencies>
    <dependency>
      <groupId>aopalliance</groupId>
      <artifactId>aopalliance</artifactId>
      <version>1.0</version>
      <type>jar</type>
      <url>http://aopalliance.sourceforge.net</url>
      <properties>
        <war.bundle>true</war.bundle>
      </properties>
    </dependency>
    <dependency>
      <groupId>commons-logging</groupId>
      <artifactId>commons-logging</artifactId>
      <version>1.0</version>
      <type>jar</type>
      <url>http://jakarta.apache.org/commons</url>
      <properties>
        <war.bundle>true</war.bundle>
      </properties>
    </dependency>
    <dependency>
      <groupId>oro</groupId>
      <artifactId>oro</artifactId>
      <version>2.0.7</version>
      <type>jar</type>
      <url>http://jakarta.apache.org/oro/</url>
      <properties>
        <war.bundle>true</war.bundle>
      </properties>
    </dependency>
    <dependency>
      <groupId>hsqldb</groupId>
      <artifactId>hsqldb</artifactId>
      <version>1.7.2-rc6c</version>
      <type>jar</type>
      <url>http://hsqldb.sourceforge.net/</url>
      <properties>
        <war.bundle>true</war.bundle>
      </properties>
    </dependency>
    <!-- maven plugins -->
    <dependency>
      <groupId>junit</groupId>
      <artifactId>junit</artifactId>
      <version>3.8.1</version>
      <type>jar</type>
    </dependency>
    <dependency>
      <groupId>commons-lang</groupId>
      <artifactId>commons-lang</artifactId>
      <version>2.0</version>
      <type>jar</type>
      <properties>
        <war.bundle>true</war.bundle>
      </properties>
    </dependency>
    <dependency>
      <groupId>commons-collections</groupId>
      <artifactId>commons-collections</artifactId>
      <version>3.0</version>
      <type>jar</type>
      <properties>
        <war.bundle>true</war.bundle>
      </properties>
    </dependency>
    <dependency>
      <groupId>commons-codec</groupId>
      <artifactId>commons-codec</artifactId>
      <version>1.2</version>
      <type>jar</type>
      <properties>
        <war.bundle>true</war.bundle>
      </properties>
    </dependency>
    <dependency>
      <groupId>log4j</groupId>
      <artifactId>log4j</artifactId>
      <version>1.2.8</version>
      <type>jar</type>
    </dependency>
    <dependency>
      <groupId>acegisecurity</groupId>
      <artifactId>acegi-security</artifactId>
      <version>0.7-SNAPSHOT</version>
      <type>jar</type>
      <url>http://acegisecurity.sourceforge.net</url>
      <properties>
        <war.bundle>true</war.bundle>
      </properties>
    </dependency>
    <dependency>
      <groupId>springframework</groupId>
      <artifactId>spring-core</artifactId>
      <version>1.1.2</version>
      <type>jar</type>
      <url>http://www.springframework.org</url>
      <properties>
        <war.bundle>true</war.bundle>
      </properties>
    </dependency>
    <dependency>
      <groupId>springframework</groupId>
      <artifactId>spring-dao</artifactId>
      <version>1.1.2</version>
      <type>jar</type>
      <url>http://www.springframework.org</url>
      <properties>
        <war.bundle>true</war.bundle>
      </properties>
    </dependency>
    <dependency>
      <groupId>springframework</groupId>
      <artifactId>spring-orm</artifactId>
      <version>1.1.2</version>
      <type>jar</type>
      <url>http://www.springframework.org</url>
      <properties>
        <war.bundle>true</war.bundle>
      </properties>
    </dependency>
    <dependency>
      <groupId>springframework</groupId>
      <artifactId>spring-context</artifactId>
      <version>1.1.2</version>
      <type>jar</type>
      <url>http://www.springframework.org</url>
      <properties>
        <war.bundle>true</war.bundle>
      </properties>
    </dependency>
    <dependency>
      <groupId>springframework</groupId>
      <artifactId>spring-aop</artifactId>
      <version>1.1.2</version>
      <type>jar</type>
      <url>http://www.springframework.org</url>
      <properties>
        <war.bundle>true</war.bundle>
      </properties>
    </dependency>
    <dependency>
      <groupId>springframework</groupId>
      <artifactId>spring-web</artifactId>
      <version>1.1.2</version>
      <type>jar</type>
      <url>http://www.springframework.org</url>
      <properties>
        <war.bundle>true</war.bundle>
      </properties>
    </dependency>
    <dependency>
      <groupId>springframework</groupId>
      <artifactId>spring-mock</artifactId>
      <version>1.1.2</version>
      <type>jar</type>
      <url>http://www.springframework.org</url>
    </dependency>
    <dependency>
      <groupId>maven-plugins</groupId>
      <artifactId>maven-findbugs-plugin</artifactId>
      <version>0.8.4</version>
      <type>plugin</type>
    </dependency>
    <dependency>
      <groupId>statcvs</groupId>
      <artifactId>maven-statcvs-plugin</artifactId>
      <version>2.5</version>
      <type>plugin</type>
    </dependency>
  </dependencies>
  <build>
    <sourceDirectory>${basedir}/src/main/java</sourceDirectory>
    <unitTestSourceDirectory>${basedir}/src/test/java</unitTestSourceDirectory>
    <unitTest>
      <includes>
        <include>**/*Tests.java</include>
      </includes>
      <resources>
        <resource>
          <directory>${basedir}/src/test/resources</directory>
          <includes>
            <include>**/**</include>
          </includes>
          <excludes>
            <exclude>**/*.java</exclude>
          </excludes>
          <filtering>false</filtering>
        </resource>
      </resources>
    </unitTest>
    <resources>
      <resource>
        <directory>${basedir}/src/main/resources</directory>
        <includes>
          <include>**/**</include>
        </includes>
        <filtering>false</filtering>
      </resource>
    </resources>
  </build>
  <reports>
    <report>maven-changelog-plugin</report>
    <report>maven-developer-activity-plugin</report>
    <report>maven-file-activity-plugin</report>
    <report>maven-checkstyle-plugin</report>
    <report>maven-javadoc-plugin</report>
    <report>maven-jdepend-plugin</report>
    <report>maven-junit-report-plugin</report>
    <report>maven-jxr-plugin</report>
    <report>maven-license-plugin</report>
    <report>maven-pmd-plugin</report>
    <report>maven-simian-plugin</report>
    <report>maven-tasklist-plugin</report>
    <report>maven-faq-plugin</report>
    <report>maven-clover-plugin</report>
    <report>maven-findbugs-plugin</report>
    <report>maven-statcvs-plugin</report>
  </reports>
  <properties />
</project>

